Requirement already satisfied: datasets<4,>=3 in /home/georgev/.conda/envs/tinybird/lib/python3.13/site-packages (from -r /home/georgev/TinyBird/requirements.txt (line 1)) (3.6.0)
Requirement already satisfied: hdbscan in /home/georgev/.conda/envs/tinybird/lib/python3.13/site-packages (from -r /home/georgev/TinyBird/requirements.txt (line 2)) (0.8.39)
Requirement already satisfied: huggingface-hub in /home/georgev/.conda/envs/tinybird/lib/python3.13/site-packages (from -r /home/georgev/TinyBird/requirements.txt (line 3)) (0.35.1)
Requirement already satisfied: librosa in /home/georgev/.conda/envs/tinybird/lib/python3.13/site-packages (from -r /home/georgev/TinyBird/requirements.txt (line 4)) (0.11.0)
Requirement already satisfied: matplotlib in /home/georgev/.conda/envs/tinybird/lib/python3.13/site-packages (from -r /home/georgev/TinyBird/requirements.txt (line 5)) (3.10.6)
Requirement already satisfied: numpy in /home/georgev/.conda/envs/tinybird/lib/python3.13/site-packages (from -r /home/georgev/TinyBird/requirements.txt (line 6)) (2.3.3)
Requirement already satisfied: psutil in /home/georgev/.conda/envs/tinybird/lib/python3.13/site-packages (from -r /home/georgev/TinyBird/requirements.txt (line 7)) (7.1.0)
Requirement already satisfied: scikit-learn in /home/georgev/.conda/envs/tinybird/lib/python3.13/site-packages (from -r /home/georgev/TinyBird/requirements.txt (line 8)) (1.7.2)
Requirement already satisfied: scipy in /home/georgev/.conda/envs/tinybird/lib/python3.13/site-packages (from -r /home/georgev/TinyBird/requirements.txt (line 9)) (1.16.2)
Requirement already satisfied: tqdm in /home/georgev/.conda/envs/tinybird/lib/python3.13/site-packages (from -r /home/georgev/TinyBird/requirements.txt (line 10)) (4.67.1)
Requirement already satisfied: umap-learn in /home/georgev/.conda/envs/tinybird/lib/python3.13/site-packages (from -r /home/georgev/TinyBird/requirements.txt (line 11)) (0.5.11)
Requirement already satisfied: wandb in /home/georgev/.conda/envs/tinybird/lib/python3.13/site-packages (from -r /home/georgev/TinyBird/requirements.txt (line 12)) (0.24.0)
Requirement already satisfied: filelock in /home/georgev/.conda/envs/tinybird/lib/python3.13/site-packages (from datasets<4,>=3->-r /home/georgev/TinyBird/requirements.txt (line 1)) (3.13.1)
Requirement already satisfied: pyarrow>=15.0.0 in /home/georgev/.conda/envs/tinybird/lib/python3.13/site-packages (from datasets<4,>=3->-r /home/georgev/TinyBird/requirements.txt (line 1)) (21.0.0)
Requirement already satisfied: dill<0.3.9,>=0.3.0 in /home/georgev/.conda/envs/tinybird/lib/python3.13/site-packages (from datasets<4,>=3->-r /home/georgev/TinyBird/requirements.txt (line 1)) (0.3.8)
Requirement already satisfied: pandas in /home/georgev/.conda/envs/tinybird/lib/python3.13/site-packages (from datasets<4,>=3->-r /home/georgev/TinyBird/requirements.txt (line 1)) (2.3.3)
Requirement already satisfied: requests>=2.32.2 in /home/georgev/.conda/envs/tinybird/lib/python3.13/site-packages (from datasets<4,>=3->-r /home/georgev/TinyBird/requirements.txt (line 1)) (2.32.5)
Requirement already satisfied: xxhash in /home/georgev/.conda/envs/tinybird/lib/python3.13/site-packages (from datasets<4,>=3->-r /home/georgev/TinyBird/requirements.txt (line 1)) (3.6.0)
Requirement already satisfied: multiprocess<0.70.17 in /home/georgev/.conda/envs/tinybird/lib/python3.13/site-packages (from datasets<4,>=3->-r /home/georgev/TinyBird/requirements.txt (line 1)) (0.70.16)
Requirement already satisfied: fsspec<=2025.3.0,>=2023.1.0 in /home/georgev/.conda/envs/tinybird/lib/python3.13/site-packages (from fsspec[http]<=2025.3.0,>=2023.1.0->datasets<4,>=3->-r /home/georgev/TinyBird/requirements.txt (line 1)) (2024.6.1)
Requirement already satisfied: packaging in /home/georgev/.conda/envs/tinybird/lib/python3.13/site-packages (from datasets<4,>=3->-r /home/georgev/TinyBird/requirements.txt (line 1)) (25.0)
Requirement already satisfied: pyyaml>=5.1 in /home/georgev/.conda/envs/tinybird/lib/python3.13/site-packages (from datasets<4,>=3->-r /home/georgev/TinyBird/requirements.txt (line 1)) (6.0.3)
Requirement already satisfied: aiohttp!=4.0.0a0,!=4.0.0a1 in /home/georgev/.conda/envs/tinybird/lib/python3.13/site-packages (from fsspec[http]<=2025.3.0,>=2023.1.0->datasets<4,>=3->-r /home/georgev/TinyBird/requirements.txt (line 1)) (3.13.0)
Requirement already satisfied: joblib>=1.0 in /home/georgev/.conda/envs/tinybird/lib/python3.13/site-packages (from hdbscan->-r /home/georgev/TinyBird/requirements.txt (line 2)) (1.5.2)
Requirement already satisfied: hf-xet<2.0.0,>=1.1.3 in /home/georgev/.conda/envs/tinybird/lib/python3.13/site-packages (from huggingface-hub->-r /home/georgev/TinyBird/requirements.txt (line 3)) (1.1.10)
Requirement already satisfied: typing-extensions>=3.7.4.3 in /home/georgev/.conda/envs/tinybird/lib/python3.13/site-packages (from huggingface-hub->-r /home/georgev/TinyBird/requirements.txt (line 3)) (4.15.0)
Requirement already satisfied: audioread>=2.1.9 in /home/georgev/.conda/envs/tinybird/lib/python3.13/site-packages (from librosa->-r /home/georgev/TinyBird/requirements.txt (line 4)) (3.0.1)
Requirement already satisfied: numba>=0.51.0 in /home/georgev/.conda/envs/tinybird/lib/python3.13/site-packages (from librosa->-r /home/georgev/TinyBird/requirements.txt (line 4)) (0.62.1)
Requirement already satisfied: decorator>=4.3.0 in /home/georgev/.conda/envs/tinybird/lib/python3.13/site-packages (from librosa->-r /home/georgev/TinyBird/requirements.txt (line 4)) (5.2.1)
Requirement already satisfied: soundfile>=0.12.1 in /home/georgev/.conda/envs/tinybird/lib/python3.13/site-packages (from librosa->-r /home/georgev/TinyBird/requirements.txt (line 4)) (0.13.1)
Requirement already satisfied: pooch>=1.1 in /home/georgev/.conda/envs/tinybird/lib/python3.13/site-packages (from librosa->-r /home/georgev/TinyBird/requirements.txt (line 4)) (1.8.2)
Requirement already satisfied: soxr>=0.3.2 in /home/georgev/.conda/envs/tinybird/lib/python3.13/site-packages (from librosa->-r /home/georgev/TinyBird/requirements.txt (line 4)) (1.0.0)
Requirement already satisfied: lazy_loader>=0.1 in /home/georgev/.conda/envs/tinybird/lib/python3.13/site-packages (from librosa->-r /home/georgev/TinyBird/requirements.txt (line 4)) (0.4)
Requirement already satisfied: msgpack>=1.0 in /home/georgev/.conda/envs/tinybird/lib/python3.13/site-packages (from librosa->-r /home/georgev/TinyBird/requirements.txt (line 4)) (1.1.1)
Requirement already satisfied: standard-aifc in /home/georgev/.conda/envs/tinybird/lib/python3.13/site-packages (from librosa->-r /home/georgev/TinyBird/requirements.txt (line 4)) (3.13.0)
Requirement already satisfied: standard-sunau in /home/georgev/.conda/envs/tinybird/lib/python3.13/site-packages (from librosa->-r /home/georgev/TinyBird/requirements.txt (line 4)) (3.13.0)
Requirement already satisfied: contourpy>=1.0.1 in /home/georgev/.conda/envs/tinybird/lib/python3.13/site-packages (from matplotlib->-r /home/georgev/TinyBird/requirements.txt (line 5)) (1.3.3)
Requirement already satisfied: cycler>=0.10 in /home/georgev/.conda/envs/tinybird/lib/python3.13/site-packages (from matplotlib->-r /home/georgev/TinyBird/requirements.txt (line 5)) (0.12.1)
Requirement already satisfied: fonttools>=4.22.0 in /home/georgev/.conda/envs/tinybird/lib/python3.13/site-packages (from matplotlib->-r /home/georgev/TinyBird/requirements.txt (line 5)) (4.60.1)
Requirement already satisfied: kiwisolver>=1.3.1 in /home/georgev/.conda/envs/tinybird/lib/python3.13/site-packages (from matplotlib->-r /home/georgev/TinyBird/requirements.txt (line 5)) (1.4.9)
Requirement already satisfied: pillow>=8 in /home/georgev/.conda/envs/tinybird/lib/python3.13/site-packages (from matplotlib->-r /home/georgev/TinyBird/requirements.txt (line 5)) (11.3.0)
Requirement already satisfied: pyparsing>=2.3.1 in /home/georgev/.conda/envs/tinybird/lib/python3.13/site-packages (from matplotlib->-r /home/georgev/TinyBird/requirements.txt (line 5)) (3.2.5)
Requirement already satisfied: python-dateutil>=2.7 in /home/georgev/.conda/envs/tinybird/lib/python3.13/site-packages (from matplotlib->-r /home/georgev/TinyBird/requirements.txt (line 5)) (2.9.0.post0)
Requirement already satisfied: threadpoolctl>=3.1.0 in /home/georgev/.conda/envs/tinybird/lib/python3.13/site-packages (from scikit-learn->-r /home/georgev/TinyBird/requirements.txt (line 8)) (3.6.0)
Requirement already satisfied: pynndescent>=0.5 in /home/georgev/.conda/envs/tinybird/lib/python3.13/site-packages (from umap-learn->-r /home/georgev/TinyBird/requirements.txt (line 11)) (0.6.0)
Requirement already satisfied: click>=8.0.1 in /home/georgev/.conda/envs/tinybird/lib/python3.13/site-packages (from wandb->-r /home/georgev/TinyBird/requirements.txt (line 12)) (8.3.1)
Requirement already satisfied: gitpython!=3.1.29,>=1.0.0 in /home/georgev/.conda/envs/tinybird/lib/python3.13/site-packages (from wandb->-r /home/georgev/TinyBird/requirements.txt (line 12)) (3.1.46)
Requirement already satisfied: platformdirs in /home/georgev/.conda/envs/tinybird/lib/python3.13/site-packages (from wandb->-r /home/georgev/TinyBird/requirements.txt (line 12)) (4.4.0)
Requirement already satisfied: protobuf!=4.21.0,!=5.28.0,<7,>=3.19.0 in /home/georgev/.conda/envs/tinybird/lib/python3.13/site-packages (from wandb->-r /home/georgev/TinyBird/requirements.txt (line 12)) (6.33.4)
Requirement already satisfied: pydantic<3 in /home/georgev/.conda/envs/tinybird/lib/python3.13/site-packages (from wandb->-r /home/georgev/TinyBird/requirements.txt (line 12)) (2.12.5)
Requirement already satisfied: sentry-sdk>=2.0.0 in /home/georgev/.conda/envs/tinybird/lib/python3.13/site-packages (from wandb->-r /home/georgev/TinyBird/requirements.txt (line 12)) (2.49.0)
Requirement already satisfied: annotated-types>=0.6.0 in /home/georgev/.conda/envs/tinybird/lib/python3.13/site-packages (from pydantic<3->wandb->-r /home/georgev/TinyBird/requirements.txt (line 12)) (0.7.0)
Requirement already satisfied: pydantic-core==2.41.5 in /home/georgev/.conda/envs/tinybird/lib/python3.13/site-packages (from pydantic<3->wandb->-r /home/georgev/TinyBird/requirements.txt (line 12)) (2.41.5)
Requirement already satisfied: typing-inspection>=0.4.2 in /home/georgev/.conda/envs/tinybird/lib/python3.13/site-packages (from pydantic<3->wandb->-r /home/georgev/TinyBird/requirements.txt (line 12)) (0.4.2)
Requirement already satisfied: charset_normalizer<4,>=2 in /home/georgev/.conda/envs/tinybird/lib/python3.13/site-packages (from requests>=2.32.2->datasets<4,>=3->-r /home/georgev/TinyBird/requirements.txt (line 1)) (3.4.3)
Requirement already satisfied: idna<4,>=2.5 in /home/georgev/.conda/envs/tinybird/lib/python3.13/site-packages (from requests>=2.32.2->datasets<4,>=3->-r /home/georgev/TinyBird/requirements.txt (line 1)) (3.10)
Requirement already satisfied: urllib3<3,>=1.21.1 in /home/georgev/.conda/envs/tinybird/lib/python3.13/site-packages (from requests>=2.32.2->datasets<4,>=3->-r /home/georgev/TinyBird/requirements.txt (line 1)) (2.5.0)
Requirement already satisfied: certifi>=2017.4.17 in /home/georgev/.conda/envs/tinybird/lib/python3.13/site-packages (from requests>=2.32.2->datasets<4,>=3->-r /home/georgev/TinyBird/requirements.txt (line 1)) (2025.10.5)
Requirement already satisfied: aiohappyeyeballs>=2.5.0 in /home/georgev/.conda/envs/tinybird/lib/python3.13/site-packages (from aiohttp!=4.0.0a0,!=4.0.0a1->fsspec[http]<=2025.3.0,>=2023.1.0->datasets<4,>=3->-r /home/georgev/TinyBird/requirements.txt (line 1)) (2.6.1)
Requirement already satisfied: aiosignal>=1.4.0 in /home/georgev/.conda/envs/tinybird/lib/python3.13/site-packages (from aiohttp!=4.0.0a0,!=4.0.0a1->fsspec[http]<=2025.3.0,>=2023.1.0->datasets<4,>=3->-r /home/georgev/TinyBird/requirements.txt (line 1)) (1.4.0)
Requirement already satisfied: attrs>=17.3.0 in /home/georgev/.conda/envs/tinybird/lib/python3.13/site-packages (from aiohttp!=4.0.0a0,!=4.0.0a1->fsspec[http]<=2025.3.0,>=2023.1.0->datasets<4,>=3->-r /home/georgev/TinyBird/requirements.txt (line 1)) (25.4.0)
Requirement already satisfied: frozenlist>=1.1.1 in /home/georgev/.conda/envs/tinybird/lib/python3.13/site-packages (from aiohttp!=4.0.0a0,!=4.0.0a1->fsspec[http]<=2025.3.0,>=2023.1.0->datasets<4,>=3->-r /home/georgev/TinyBird/requirements.txt (line 1)) (1.7.0)
Requirement already satisfied: multidict<7.0,>=4.5 in /home/georgev/.conda/envs/tinybird/lib/python3.13/site-packages (from aiohttp!=4.0.0a0,!=4.0.0a1->fsspec[http]<=2025.3.0,>=2023.1.0->datasets<4,>=3->-r /home/georgev/TinyBird/requirements.txt (line 1)) (6.6.3)
Requirement already satisfied: propcache>=0.2.0 in /home/georgev/.conda/envs/tinybird/lib/python3.13/site-packages (from aiohttp!=4.0.0a0,!=4.0.0a1->fsspec[http]<=2025.3.0,>=2023.1.0->datasets<4,>=3->-r /home/georgev/TinyBird/requirements.txt (line 1)) (0.3.1)
Requirement already satisfied: yarl<2.0,>=1.17.0 in /home/georgev/.conda/envs/tinybird/lib/python3.13/site-packages (from aiohttp!=4.0.0a0,!=4.0.0a1->fsspec[http]<=2025.3.0,>=2023.1.0->datasets<4,>=3->-r /home/georgev/TinyBird/requirements.txt (line 1)) (1.20.1)
Requirement already satisfied: gitdb<5,>=4.0.1 in /home/georgev/.conda/envs/tinybird/lib/python3.13/site-packages (from gitpython!=3.1.29,>=1.0.0->wandb->-r /home/georgev/TinyBird/requirements.txt (line 12)) (4.0.12)
Requirement already satisfied: smmap<6,>=3.0.1 in /home/georgev/.conda/envs/tinybird/lib/python3.13/site-packages (from gitdb<5,>=4.0.1->gitpython!=3.1.29,>=1.0.0->wandb->-r /home/georgev/TinyBird/requirements.txt (line 12)) (5.0.2)
Requirement already satisfied: llvmlite<0.46,>=0.45.0dev0 in /home/georgev/.conda/envs/tinybird/lib/python3.13/site-packages (from numba>=0.51.0->librosa->-r /home/georgev/TinyBird/requirements.txt (line 4)) (0.45.0)
Requirement already satisfied: six>=1.5 in /home/georgev/.conda/envs/tinybird/lib/python3.13/site-packages (from python-dateutil>=2.7->matplotlib->-r /home/georgev/TinyBird/requirements.txt (line 5)) (1.17.0)
Requirement already satisfied: cffi>=1.0 in /home/georgev/.conda/envs/tinybird/lib/python3.13/site-packages (from soundfile>=0.12.1->librosa->-r /home/georgev/TinyBird/requirements.txt (line 4)) (2.0.0)
Requirement already satisfied: pycparser in /home/georgev/.conda/envs/tinybird/lib/python3.13/site-packages (from cffi>=1.0->soundfile>=0.12.1->librosa->-r /home/georgev/TinyBird/requirements.txt (line 4)) (2.22)
Requirement already satisfied: pytz>=2020.1 in /home/georgev/.conda/envs/tinybird/lib/python3.13/site-packages (from pandas->datasets<4,>=3->-r /home/georgev/TinyBird/requirements.txt (line 1)) (2025.2)
Requirement already satisfied: tzdata>=2022.7 in /home/georgev/.conda/envs/tinybird/lib/python3.13/site-packages (from pandas->datasets<4,>=3->-r /home/georgev/TinyBird/requirements.txt (line 1)) (2025.2)
Requirement already satisfied: standard-chunk in /home/georgev/.conda/envs/tinybird/lib/python3.13/site-packages (from standard-aifc->librosa->-r /home/georgev/TinyBird/requirements.txt (line 4)) (3.13.0)
Requirement already satisfied: audioop-lts in /home/georgev/.conda/envs/tinybird/lib/python3.13/site-packages (from standard-aifc->librosa->-r /home/georgev/TinyBird/requirements.txt (line 4)) (0.2.2)
Using device: cuda
Initialized new model
============================================================
MODEL PARAMETER COUNT
============================================================
Encoder parameters:    11,089,536
Decoder parameters:    988,544
Total parameters:      12,078,080
============================================================
Training from step 0 to 500000
Step 0 (0.0%): Train Loss = 1.890987, Val Loss = 1.821979, Gnorm = 4.316937, Samples = 256, LR = 6.00e-07, Steps/sec = 0.00, Samples/sec = 0.0
Step 500 (0.1%): Train Loss = 0.193652, Val Loss = 0.155484, Gnorm = 0.741536, Samples = 128256, LR = 1.51e-04, Steps/sec = 1.41, Samples/sec = 360.9
Step 1000 (0.2%): Train Loss = 0.138213, Val Loss = 0.108389, Gnorm = 0.169082, Samples = 256256, LR = 3.00e-04, Steps/sec = 1.37, Samples/sec = 351.1
Step 1500 (0.3%): Train Loss = 0.110482, Val Loss = 0.111718, Gnorm = 0.178301, Samples = 384256, LR = 3.00e-04, Steps/sec = 1.23, Samples/sec = 315.7
Step 2000 (0.4%): Train Loss = 0.105677, Val Loss = 0.095783, Gnorm = 0.280838, Samples = 512256, LR = 3.00e-04, Steps/sec = 1.39, Samples/sec = 356.4
Step 2500 (0.5%): Train Loss = 0.098671, Val Loss = 0.115477, Gnorm = 0.227633, Samples = 640256, LR = 3.00e-04, Steps/sec = 1.23, Samples/sec = 315.5
Step 3000 (0.6%): Train Loss = 0.098679, Val Loss = 0.094599, Gnorm = 0.236739, Samples = 768256, LR = 3.00e-04, Steps/sec = 1.38, Samples/sec = 352.8
Step 3500 (0.7%): Train Loss = 0.087470, Val Loss = 0.093410, Gnorm = 0.149696, Samples = 896256, LR = 3.00e-04, Steps/sec = 1.31, Samples/sec = 334.2
Step 4000 (0.8%): Train Loss = 0.084271, Val Loss = 0.080234, Gnorm = 0.240181, Samples = 1024256, LR = 3.00e-04, Steps/sec = 1.36, Samples/sec = 349.0
Step 4500 (0.9%): Train Loss = 0.073629, Val Loss = 0.079502, Gnorm = 0.211664, Samples = 1152256, LR = 3.00e-04, Steps/sec = 1.22, Samples/sec = 311.5
Step 5000 (1.0%): Train Loss = 0.077207, Val Loss = 0.073393, Gnorm = 0.177673, Samples = 1280256, LR = 3.00e-04, Steps/sec = 1.42, Samples/sec = 363.5
Step 5500 (1.1%): Train Loss = 0.069643, Val Loss = 0.068045, Gnorm = 0.163439, Samples = 1408256, LR = 3.00e-04, Steps/sec = 1.20, Samples/sec = 308.0
Step 6000 (1.2%): Train Loss = 0.066937, Val Loss = 0.068812, Gnorm = 0.153000, Samples = 1536256, LR = 3.00e-04, Steps/sec = 1.38, Samples/sec = 353.0
Step 6500 (1.3%): Train Loss = 0.068111, Val Loss = 0.064037, Gnorm = 0.314534, Samples = 1664256, LR = 3.00e-04, Steps/sec = 1.27, Samples/sec = 326.3
Step 7000 (1.4%): Train Loss = 0.063124, Val Loss = 0.061435, Gnorm = 0.100333, Samples = 1792256, LR = 3.00e-04, Steps/sec = 1.39, Samples/sec = 354.7
Step 7500 (1.5%): Train Loss = 0.069187, Val Loss = 0.066232, Gnorm = 0.185902, Samples = 1920256, LR = 3.00e-04, Steps/sec = 1.17, Samples/sec = 299.5
Step 8000 (1.6%): Train Loss = 0.066477, Val Loss = 0.058139, Gnorm = 0.095023, Samples = 2048256, LR = 3.00e-04, Steps/sec = 1.43, Samples/sec = 365.1
Step 8500 (1.7%): Train Loss = 0.076476, Val Loss = 0.062746, Gnorm = 0.232111, Samples = 2176256, LR = 3.00e-04, Steps/sec = 1.25, Samples/sec = 318.9
Step 9000 (1.8%): Train Loss = 0.065518, Val Loss = 0.068441, Gnorm = 0.122000, Samples = 2304256, LR = 3.00e-04, Steps/sec = 1.27, Samples/sec = 326.1
Step 9500 (1.9%): Train Loss = 0.062316, Val Loss = 0.062659, Gnorm = 0.151400, Samples = 2432256, LR = 3.00e-04, Steps/sec = 1.20, Samples/sec = 306.6
Step 10000 (2.0%): Train Loss = 0.062488, Val Loss = 0.060424, Gnorm = 0.143018, Samples = 2560256, LR = 3.00e-04, Steps/sec = 1.39, Samples/sec = 355.9
Step 10500 (2.1%): Train Loss = 0.062926, Val Loss = 0.055066, Gnorm = 0.110173, Samples = 2688256, LR = 3.00e-04, Steps/sec = 1.25, Samples/sec = 319.0
Step 11000 (2.2%): Train Loss = 0.065679, Val Loss = 0.056513, Gnorm = 0.162052, Samples = 2816256, LR = 3.00e-04, Steps/sec = 1.38, Samples/sec = 354.2
Step 11500 (2.3%): Train Loss = 0.064813, Val Loss = 0.057578, Gnorm = 0.194091, Samples = 2944256, LR = 3.00e-04, Steps/sec = 1.33, Samples/sec = 340.5
Step 12000 (2.4%): Train Loss = 0.062873, Val Loss = 0.063812, Gnorm = 0.104759, Samples = 3072256, LR = 3.00e-04, Steps/sec = 1.38, Samples/sec = 353.4
Step 12500 (2.5%): Train Loss = 0.060201, Val Loss = 0.064103, Gnorm = 0.162448, Samples = 3200256, LR = 3.00e-04, Steps/sec = 1.32, Samples/sec = 337.4
Step 13000 (2.6%): Train Loss = 0.062490, Val Loss = 0.057951, Gnorm = 0.138545, Samples = 3328256, LR = 3.00e-04, Steps/sec = 1.35, Samples/sec = 345.2
Step 13500 (2.7%): Train Loss = 0.059196, Val Loss = 0.060890, Gnorm = 0.101057, Samples = 3456256, LR = 3.00e-04, Steps/sec = 1.39, Samples/sec = 355.3
Step 14000 (2.8%): Train Loss = 0.060414, Val Loss = 0.057623, Gnorm = 0.108037, Samples = 3584256, LR = 3.00e-04, Steps/sec = 1.31, Samples/sec = 334.4
Step 14500 (2.9%): Train Loss = 0.061477, Val Loss = 0.056694, Gnorm = 0.093373, Samples = 3712256, LR = 2.99e-04, Steps/sec = 1.36, Samples/sec = 348.2
Step 15000 (3.0%): Train Loss = 0.056999, Val Loss = 0.056925, Gnorm = 0.063735, Samples = 3840256, LR = 2.99e-04, Steps/sec = 1.37, Samples/sec = 350.9
Step 15500 (3.1%): Train Loss = 0.058542, Val Loss = 0.053803, Gnorm = 0.127262, Samples = 3968256, LR = 2.99e-04, Steps/sec = 1.34, Samples/sec = 343.1
Step 16000 (3.2%): Train Loss = 0.061038, Val Loss = 0.051306, Gnorm = 0.085439, Samples = 4096256, LR = 2.99e-04, Steps/sec = 1.33, Samples/sec = 339.9
Step 16500 (3.3%): Train Loss = 0.054505, Val Loss = 0.050479, Gnorm = 0.118153, Samples = 4224256, LR = 2.99e-04, Steps/sec = 1.38, Samples/sec = 353.1
Step 17000 (3.4%): Train Loss = 0.053902, Val Loss = 0.050735, Gnorm = 0.128314, Samples = 4352256, LR = 2.99e-04, Steps/sec = 1.31, Samples/sec = 336.4
Step 17500 (3.5%): Train Loss = 0.058660, Val Loss = 0.052363, Gnorm = 0.093827, Samples = 4480256, LR = 2.99e-04, Steps/sec = 1.31, Samples/sec = 336.1
Step 18000 (3.6%): Train Loss = 0.060965, Val Loss = 0.057049, Gnorm = 0.141533, Samples = 4608256, LR = 2.99e-04, Steps/sec = 1.24, Samples/sec = 317.5
Step 18500 (3.7%): Train Loss = 0.060823, Val Loss = 0.060951, Gnorm = 0.187705, Samples = 4736256, LR = 2.99e-04, Steps/sec = 1.31, Samples/sec = 335.3
Step 19000 (3.8%): Train Loss = 0.054986, Val Loss = 0.054631, Gnorm = 0.069204, Samples = 4864256, LR = 2.99e-04, Steps/sec = 1.33, Samples/sec = 341.2
Step 19500 (3.9%): Train Loss = 0.061455, Val Loss = 0.052977, Gnorm = 0.119381, Samples = 4992256, LR = 2.99e-04, Steps/sec = 1.32, Samples/sec = 336.9
Step 20000 (4.0%): Train Loss = 0.056006, Val Loss = 0.053024, Gnorm = 0.078596, Samples = 5120256, LR = 2.99e-04, Steps/sec = 1.27, Samples/sec = 326.3
Step 20500 (4.1%): Train Loss = 0.053100, Val Loss = 0.055627, Gnorm = 0.083153, Samples = 5248256, LR = 2.99e-04, Steps/sec = 1.35, Samples/sec = 344.6
Step 21000 (4.2%): Train Loss = 0.051063, Val Loss = 0.061262, Gnorm = 0.068978, Samples = 5376256, LR = 2.99e-04, Steps/sec = 1.37, Samples/sec = 349.5
Step 21500 (4.3%): Train Loss = 0.054805, Val Loss = 0.054708, Gnorm = 0.058885, Samples = 5504256, LR = 2.99e-04, Steps/sec = 1.39, Samples/sec = 355.1
Step 22000 (4.4%): Train Loss = 0.053944, Val Loss = 0.056403, Gnorm = 0.183670, Samples = 5632256, LR = 2.99e-04, Steps/sec = 1.37, Samples/sec = 350.8
Step 22500 (4.5%): Train Loss = 0.052684, Val Loss = 0.052400, Gnorm = 0.044611, Samples = 5760256, LR = 2.99e-04, Steps/sec = 1.30, Samples/sec = 332.7
Step 23000 (4.6%): Train Loss = 0.053701, Val Loss = 0.057747, Gnorm = 0.123695, Samples = 5888256, LR = 2.99e-04, Steps/sec = 1.34, Samples/sec = 343.6
Step 23500 (4.7%): Train Loss = 0.051105, Val Loss = 0.048995, Gnorm = 0.112692, Samples = 6016256, LR = 2.99e-04, Steps/sec = 1.30, Samples/sec = 333.9
Step 24000 (4.8%): Train Loss = 0.050080, Val Loss = 0.052056, Gnorm = 0.049387, Samples = 6144256, LR = 2.98e-04, Steps/sec = 1.36, Samples/sec = 347.7
Step 24500 (4.9%): Train Loss = 0.060140, Val Loss = 0.053819, Gnorm = 0.069408, Samples = 6272256, LR = 2.98e-04, Steps/sec = 1.31, Samples/sec = 335.0
Step 25000 (5.0%): Train Loss = 0.056885, Val Loss = 0.052262, Gnorm = 0.062932, Samples = 6400256, LR = 2.98e-04, Steps/sec = 1.40, Samples/sec = 357.2
Step 25500 (5.1%): Train Loss = 0.053981, Val Loss = 0.060872, Gnorm = 0.079213, Samples = 6528256, LR = 2.98e-04, Steps/sec = 1.23, Samples/sec = 314.7
Step 26000 (5.2%): Train Loss = 0.059118, Val Loss = 0.047217, Gnorm = 0.088549, Samples = 6656256, LR = 2.98e-04, Steps/sec = 1.33, Samples/sec = 340.5
Step 26500 (5.3%): Train Loss = 0.056230, Val Loss = 0.045067, Gnorm = 0.068175, Samples = 6784256, LR = 2.98e-04, Steps/sec = 1.19, Samples/sec = 304.9
Step 27000 (5.4%): Train Loss = 0.053842, Val Loss = 0.051757, Gnorm = 0.139802, Samples = 6912256, LR = 2.98e-04, Steps/sec = 1.25, Samples/sec = 318.9
Step 27500 (5.5%): Train Loss = 0.053590, Val Loss = 0.056249, Gnorm = 0.054375, Samples = 7040256, LR = 2.98e-04, Steps/sec = 1.23, Samples/sec = 313.8
Step 28000 (5.6%): Train Loss = 0.058466, Val Loss = 0.052947, Gnorm = 0.072641, Samples = 7168256, LR = 2.98e-04, Steps/sec = 1.35, Samples/sec = 345.0
Step 28500 (5.7%): Train Loss = 0.051613, Val Loss = 0.048716, Gnorm = 0.161255, Samples = 7296256, LR = 2.98e-04, Steps/sec = 1.22, Samples/sec = 311.5
Step 29000 (5.8%): Train Loss = 0.048666, Val Loss = 0.052297, Gnorm = 0.090519, Samples = 7424256, LR = 2.98e-04, Steps/sec = 1.27, Samples/sec = 325.9
Step 29500 (5.9%): Train Loss = 0.056714, Val Loss = 0.056663, Gnorm = 0.070981, Samples = 7552256, LR = 2.98e-04, Steps/sec = 1.21, Samples/sec = 308.7
Step 30000 (6.0%): Train Loss = 0.053962, Val Loss = 0.054113, Gnorm = 0.053594, Samples = 7680256, LR = 2.98e-04, Steps/sec = 1.29, Samples/sec = 330.7
Step 30500 (6.1%): Train Loss = 0.054241, Val Loss = 0.060040, Gnorm = 0.063444, Samples = 7808256, LR = 2.98e-04, Steps/sec = 1.23, Samples/sec = 313.9
Step 31000 (6.2%): Train Loss = 0.056824, Val Loss = 0.055237, Gnorm = 0.143470, Samples = 7936256, LR = 2.97e-04, Steps/sec = 1.36, Samples/sec = 349.2
Step 31500 (6.3%): Train Loss = 0.053709, Val Loss = 0.050207, Gnorm = 0.086611, Samples = 8064256, LR = 2.97e-04, Steps/sec = 1.26, Samples/sec = 321.8
Step 32000 (6.4%): Train Loss = 0.054836, Val Loss = 0.058899, Gnorm = 0.100396, Samples = 8192256, LR = 2.97e-04, Steps/sec = 1.36, Samples/sec = 348.9
Step 32500 (6.5%): Train Loss = 0.048917, Val Loss = 0.048419, Gnorm = 0.068698, Samples = 8320256, LR = 2.97e-04, Steps/sec = 1.21, Samples/sec = 310.4
Step 33000 (6.6%): Train Loss = 0.051062, Val Loss = 0.047883, Gnorm = 0.064751, Samples = 8448256, LR = 2.97e-04, Steps/sec = 1.34, Samples/sec = 342.0
Step 33500 (6.7%): Train Loss = 0.053821, Val Loss = 0.053434, Gnorm = 0.117894, Samples = 8576256, LR = 2.97e-04, Steps/sec = 1.26, Samples/sec = 323.6
Step 34000 (6.8%): Train Loss = 0.047003, Val Loss = 0.045846, Gnorm = 0.074338, Samples = 8704256, LR = 2.97e-04, Steps/sec = 1.35, Samples/sec = 346.6
Step 34500 (6.9%): Train Loss = 0.054109, Val Loss = 0.049887, Gnorm = 0.082276, Samples = 8832256, LR = 2.97e-04, Steps/sec = 1.32, Samples/sec = 338.2
Step 35000 (7.0%): Train Loss = 0.056905, Val Loss = 0.052064, Gnorm = 0.079783, Samples = 8960256, LR = 2.97e-04, Steps/sec = 1.37, Samples/sec = 351.5
Step 35500 (7.1%): Train Loss = 0.046643, Val Loss = 0.044204, Gnorm = 0.107358, Samples = 9088256, LR = 2.97e-04, Steps/sec = 1.19, Samples/sec = 305.5
Step 36000 (7.2%): Train Loss = 0.048952, Val Loss = 0.050599, Gnorm = 0.070046, Samples = 9216256, LR = 2.96e-04, Steps/sec = 1.19, Samples/sec = 303.8
Step 36500 (7.3%): Train Loss = 0.048659, Val Loss = 0.060852, Gnorm = 0.052957, Samples = 9344256, LR = 2.96e-04, Steps/sec = 1.45, Samples/sec = 370.9
Step 37000 (7.4%): Train Loss = 0.054140, Val Loss = 0.046432, Gnorm = 0.052281, Samples = 9472256, LR = 2.96e-04, Steps/sec = 1.28, Samples/sec = 328.8
Step 37500 (7.5%): Train Loss = 0.048963, Val Loss = 0.057151, Gnorm = 0.059885, Samples = 9600256, LR = 2.96e-04, Steps/sec = 1.35, Samples/sec = 344.4
Step 38000 (7.6%): Train Loss = 0.052494, Val Loss = 0.051323, Gnorm = 0.068407, Samples = 9728256, LR = 2.96e-04, Steps/sec = 1.31, Samples/sec = 335.1
Step 38500 (7.7%): Train Loss = 0.050847, Val Loss = 0.049820, Gnorm = 0.059349, Samples = 9856256, LR = 2.96e-04, Steps/sec = 1.32, Samples/sec = 336.9
Step 39000 (7.8%): Train Loss = 0.049908, Val Loss = 0.052696, Gnorm = 0.062847, Samples = 9984256, LR = 2.96e-04, Steps/sec = 1.30, Samples/sec = 332.0
Step 39500 (7.9%): Train Loss = 0.048967, Val Loss = 0.052588, Gnorm = 0.066679, Samples = 10112256, LR = 2.96e-04, Steps/sec = 1.33, Samples/sec = 341.4
Step 40000 (8.0%): Train Loss = 0.054381, Val Loss = 0.054468, Gnorm = 0.057930, Samples = 10240256, LR = 2.96e-04, Steps/sec = 1.29, Samples/sec = 330.8
Step 40500 (8.1%): Train Loss = 0.058643, Val Loss = 0.053186, Gnorm = 0.100274, Samples = 10368256, LR = 2.96e-04, Steps/sec = 1.36, Samples/sec = 348.0
Step 41000 (8.2%): Train Loss = 0.051417, Val Loss = 0.050898, Gnorm = 0.048724, Samples = 10496256, LR = 2.95e-04, Steps/sec = 1.28, Samples/sec = 327.4
Step 41500 (8.3%): Train Loss = 0.052818, Val Loss = 0.047857, Gnorm = 0.051411, Samples = 10624256, LR = 2.95e-04, Steps/sec = 1.33, Samples/sec = 339.9
Step 42000 (8.4%): Train Loss = 0.063263, Val Loss = 0.054121, Gnorm = 0.135779, Samples = 10752256, LR = 2.95e-04, Steps/sec = 1.26, Samples/sec = 323.6
Step 42500 (8.5%): Train Loss = 0.047627, Val Loss = 0.044669, Gnorm = 0.071126, Samples = 10880256, LR = 2.95e-04, Steps/sec = 1.32, Samples/sec = 337.3
Step 43000 (8.6%): Train Loss = 0.052184, Val Loss = 0.049614, Gnorm = 0.064503, Samples = 11008256, LR = 2.95e-04, Steps/sec = 1.32, Samples/sec = 338.4
Step 43500 (8.7%): Train Loss = 0.048817, Val Loss = 0.050497, Gnorm = 0.098067, Samples = 11136256, LR = 2.95e-04, Steps/sec = 1.35, Samples/sec = 344.6
Step 44000 (8.8%): Train Loss = 0.046264, Val Loss = 0.043225, Gnorm = 0.069566, Samples = 11264256, LR = 2.95e-04, Steps/sec = 1.28, Samples/sec = 328.1
Step 44500 (8.9%): Train Loss = 0.050507, Val Loss = 0.043830, Gnorm = 0.093616, Samples = 11392256, LR = 2.95e-04, Steps/sec = 1.32, Samples/sec = 337.9
Step 45000 (9.0%): Train Loss = 0.051824, Val Loss = 0.050043, Gnorm = 0.107370, Samples = 11520256, LR = 2.94e-04, Steps/sec = 1.15, Samples/sec = 294.0
Step 45500 (9.1%): Train Loss = 0.053127, Val Loss = 0.047809, Gnorm = 0.080105, Samples = 11648256, LR = 2.94e-04, Steps/sec = 1.38, Samples/sec = 354.0
Step 46000 (9.2%): Train Loss = 0.047903, Val Loss = 0.046094, Gnorm = 0.150886, Samples = 11776256, LR = 2.94e-04, Steps/sec = 1.32, Samples/sec = 339.1
Step 46500 (9.3%): Train Loss = 0.048182, Val Loss = 0.047362, Gnorm = 0.085735, Samples = 11904256, LR = 2.94e-04, Steps/sec = 1.27, Samples/sec = 326.0
Step 47000 (9.4%): Train Loss = 0.051734, Val Loss = 0.056024, Gnorm = 0.093018, Samples = 12032256, LR = 2.94e-04, Steps/sec = 1.28, Samples/sec = 327.1
Step 47500 (9.5%): Train Loss = 0.056771, Val Loss = 0.049936, Gnorm = 0.089182, Samples = 12160256, LR = 2.94e-04, Steps/sec = 1.32, Samples/sec = 338.2
Step 48000 (9.6%): Train Loss = 0.051259, Val Loss = 0.056447, Gnorm = 0.077153, Samples = 12288256, LR = 2.94e-04, Steps/sec = 1.35, Samples/sec = 344.9
Step 48500 (9.7%): Train Loss = 0.048880, Val Loss = 0.054798, Gnorm = 0.216870, Samples = 12416256, LR = 2.94e-04, Steps/sec = 1.27, Samples/sec = 324.1
Step 49000 (9.8%): Train Loss = 0.051379, Val Loss = 0.054097, Gnorm = 0.096208, Samples = 12544256, LR = 2.93e-04, Steps/sec = 1.34, Samples/sec = 343.6
Step 49500 (9.9%): Train Loss = 0.049896, Val Loss = 0.046886, Gnorm = 0.145708, Samples = 12672256, LR = 2.93e-04, Steps/sec = 1.24, Samples/sec = 318.0
Step 50000 (10.0%): Train Loss = 0.045931, Val Loss = 0.048350, Gnorm = 0.105721, Samples = 12800256, LR = 2.93e-04, Steps/sec = 1.40, Samples/sec = 358.2
Step 50500 (10.1%): Train Loss = 0.054610, Val Loss = 0.049017, Gnorm = 0.064504, Samples = 12928256, LR = 2.93e-04, Steps/sec = 1.25, Samples/sec = 319.5
Step 51000 (10.2%): Train Loss = 0.049211, Val Loss = 0.046902, Gnorm = 0.099105, Samples = 13056256, LR = 2.93e-04, Steps/sec = 1.37, Samples/sec = 351.3
Step 51500 (10.3%): Train Loss = 0.050275, Val Loss = 0.044941, Gnorm = 0.065605, Samples = 13184256, LR = 2.93e-04, Steps/sec = 1.27, Samples/sec = 326.2
Step 52000 (10.4%): Train Loss = 0.051426, Val Loss = 0.052157, Gnorm = 0.069465, Samples = 13312256, LR = 2.93e-04, Steps/sec = 1.41, Samples/sec = 361.6
Step 52500 (10.5%): Train Loss = 0.044215, Val Loss = 0.047439, Gnorm = 0.065643, Samples = 13440256, LR = 2.92e-04, Steps/sec = 1.24, Samples/sec = 317.3
Step 53000 (10.6%): Train Loss = 0.051967, Val Loss = 0.044160, Gnorm = 0.060862, Samples = 13568256, LR = 2.92e-04, Steps/sec = 1.40, Samples/sec = 357.4
Step 53500 (10.7%): Train Loss = 0.051891, Val Loss = 0.046288, Gnorm = 0.076252, Samples = 13696256, LR = 2.92e-04, Steps/sec = 1.24, Samples/sec = 316.4
Step 54000 (10.8%): Train Loss = 0.054844, Val Loss = 0.054536, Gnorm = 0.122243, Samples = 13824256, LR = 2.92e-04, Steps/sec = 1.30, Samples/sec = 331.6
Step 54500 (10.9%): Train Loss = 0.046397, Val Loss = 0.049165, Gnorm = 0.162279, Samples = 13952256, LR = 2.92e-04, Steps/sec = 1.40, Samples/sec = 359.6
Step 55000 (11.0%): Train Loss = 0.053421, Val Loss = 0.051868, Gnorm = 0.106643, Samples = 14080256, LR = 2.92e-04, Steps/sec = 1.43, Samples/sec = 365.3
Step 55500 (11.1%): Train Loss = 0.051363, Val Loss = 0.045269, Gnorm = 0.101167, Samples = 14208256, LR = 2.92e-04, Steps/sec = 1.23, Samples/sec = 314.0
Step 56000 (11.2%): Train Loss = 0.056684, Val Loss = 0.047817, Gnorm = 0.124778, Samples = 14336256, LR = 2.91e-04, Steps/sec = 1.31, Samples/sec = 334.9
Step 56500 (11.3%): Train Loss = 0.045998, Val Loss = 0.051257, Gnorm = 0.106734, Samples = 14464256, LR = 2.91e-04, Steps/sec = 1.25, Samples/sec = 321.1
Step 57000 (11.4%): Train Loss = 0.047876, Val Loss = 0.051078, Gnorm = 0.181884, Samples = 14592256, LR = 2.91e-04, Steps/sec = 1.36, Samples/sec = 348.8
Step 57500 (11.5%): Train Loss = 0.047325, Val Loss = 0.053253, Gnorm = 0.082403, Samples = 14720256, LR = 2.91e-04, Steps/sec = 1.22, Samples/sec = 313.5
Step 58000 (11.6%): Train Loss = 0.053377, Val Loss = 0.054599, Gnorm = 0.068682, Samples = 14848256, LR = 2.91e-04, Steps/sec = 1.33, Samples/sec = 341.2
Step 58500 (11.7%): Train Loss = 0.046531, Val Loss = 0.046151, Gnorm = 0.096058, Samples = 14976256, LR = 2.91e-04, Steps/sec = 1.25, Samples/sec = 319.3
Step 59000 (11.8%): Train Loss = 0.045787, Val Loss = 0.051568, Gnorm = 0.048679, Samples = 15104256, LR = 2.90e-04, Steps/sec = 1.32, Samples/sec = 338.0
Step 59500 (11.9%): Train Loss = 0.046209, Val Loss = 0.047358, Gnorm = 0.079031, Samples = 15232256, LR = 2.90e-04, Steps/sec = 1.30, Samples/sec = 333.2
Step 60000 (12.0%): Train Loss = 0.063382, Val Loss = 0.047425, Gnorm = 0.087513, Samples = 15360256, LR = 2.90e-04, Steps/sec = 1.36, Samples/sec = 347.8
Step 60500 (12.1%): Train Loss = 0.052437, Val Loss = 0.046677, Gnorm = 0.080147, Samples = 15488256, LR = 2.90e-04, Steps/sec = 1.30, Samples/sec = 332.0
Step 61000 (12.2%): Train Loss = 0.044788, Val Loss = 0.043280, Gnorm = 0.052594, Samples = 15616256, LR = 2.90e-04, Steps/sec = 1.22, Samples/sec = 313.2
Step 61500 (12.3%): Train Loss = 0.050599, Val Loss = 0.043938, Gnorm = 0.078188, Samples = 15744256, LR = 2.90e-04, Steps/sec = 1.30, Samples/sec = 333.0
Step 62000 (12.4%): Train Loss = 0.051991, Val Loss = 0.050980, Gnorm = 0.068795, Samples = 15872256, LR = 2.89e-04, Steps/sec = 1.25, Samples/sec = 320.3
Step 62500 (12.5%): Train Loss = 0.048629, Val Loss = 0.043127, Gnorm = 0.135202, Samples = 16000256, LR = 2.89e-04, Steps/sec = 1.32, Samples/sec = 338.4
Step 63000 (12.6%): Train Loss = 0.065811, Val Loss = 0.051151, Gnorm = 0.140383, Samples = 16128256, LR = 2.89e-04, Steps/sec = 1.05, Samples/sec = 269.1
Step 63500 (12.7%): Train Loss = 0.047980, Val Loss = 0.048995, Gnorm = 0.072990, Samples = 16256256, LR = 2.89e-04, Steps/sec = 1.34, Samples/sec = 343.6
Step 64000 (12.8%): Train Loss = 0.046518, Val Loss = 0.051436, Gnorm = 0.046012, Samples = 16384256, LR = 2.89e-04, Steps/sec = 1.27, Samples/sec = 326.3
Step 64500 (12.9%): Train Loss = 0.048927, Val Loss = 0.049771, Gnorm = 0.085613, Samples = 16512256, LR = 2.89e-04, Steps/sec = 1.39, Samples/sec = 355.4
Step 65000 (13.0%): Train Loss = 0.050587, Val Loss = 0.049565, Gnorm = 0.122352, Samples = 16640256, LR = 2.88e-04, Steps/sec = 1.37, Samples/sec = 351.8
Step 65500 (13.1%): Train Loss = 0.055260, Val Loss = 0.055305, Gnorm = 0.769388, Samples = 16768256, LR = 2.88e-04, Steps/sec = 1.35, Samples/sec = 344.7
Step 66000 (13.2%): Train Loss = 0.056616, Val Loss = 0.054135, Gnorm = 0.098315, Samples = 16896256, LR = 2.88e-04, Steps/sec = 1.31, Samples/sec = 336.5
Step 66500 (13.3%): Train Loss = 0.046174, Val Loss = 0.065790, Gnorm = 0.101607, Samples = 17024256, LR = 2.88e-04, Steps/sec = 1.35, Samples/sec = 345.5
Step 67000 (13.4%): Train Loss = 0.050559, Val Loss = 0.047079, Gnorm = 0.080120, Samples = 17152256, LR = 2.88e-04, Steps/sec = 1.29, Samples/sec = 330.1
Step 67500 (13.5%): Train Loss = 0.056803, Val Loss = 0.050803, Gnorm = 0.116857, Samples = 17280256, LR = 2.87e-04, Steps/sec = 1.33, Samples/sec = 339.9
Step 68000 (13.6%): Train Loss = 0.048683, Val Loss = 0.050029, Gnorm = 0.085936, Samples = 17408256, LR = 2.87e-04, Steps/sec = 1.34, Samples/sec = 343.6
Step 68500 (13.7%): Train Loss = 0.046907, Val Loss = 0.044744, Gnorm = 0.086541, Samples = 17536256, LR = 2.87e-04, Steps/sec = 1.32, Samples/sec = 337.5
Step 69000 (13.8%): Train Loss = 0.050205, Val Loss = 0.047739, Gnorm = 0.115506, Samples = 17664256, LR = 2.87e-04, Steps/sec = 1.27, Samples/sec = 326.1
Step 69500 (13.9%): Train Loss = 0.047478, Val Loss = 0.048046, Gnorm = 0.049588, Samples = 17792256, LR = 2.87e-04, Steps/sec = 1.37, Samples/sec = 350.2
Step 70000 (14.0%): Train Loss = 0.045165, Val Loss = 0.045075, Gnorm = 0.057874, Samples = 17920256, LR = 2.87e-04, Steps/sec = 1.27, Samples/sec = 326.0
Step 70500 (14.1%): Train Loss = 0.056640, Val Loss = 0.050267, Gnorm = 0.149005, Samples = 18048256, LR = 2.86e-04, Steps/sec = 1.33, Samples/sec = 339.5
Step 71000 (14.2%): Train Loss = 0.053817, Val Loss = 0.047678, Gnorm = 0.120539, Samples = 18176256, LR = 2.86e-04, Steps/sec = 1.34, Samples/sec = 343.6
Step 71500 (14.3%): Train Loss = 0.045246, Val Loss = 0.044366, Gnorm = 0.045144, Samples = 18304256, LR = 2.86e-04, Steps/sec = 1.31, Samples/sec = 335.1
Step 72000 (14.4%): Train Loss = 0.045247, Val Loss = 0.053428, Gnorm = 0.059714, Samples = 18432256, LR = 2.86e-04, Steps/sec = 1.20, Samples/sec = 306.1
Step 72500 (14.5%): Train Loss = 0.049004, Val Loss = 0.048424, Gnorm = 0.065615, Samples = 18560256, LR = 2.86e-04, Steps/sec = 1.40, Samples/sec = 357.8
Step 73000 (14.6%): Train Loss = 0.048968, Val Loss = 0.044611, Gnorm = 0.114994, Samples = 18688256, LR = 2.85e-04, Steps/sec = 1.38, Samples/sec = 352.7
Step 73500 (14.7%): Train Loss = 0.049221, Val Loss = 0.049199, Gnorm = 0.124301, Samples = 18816256, LR = 2.85e-04, Steps/sec = 1.30, Samples/sec = 333.6
Step 74000 (14.8%): Train Loss = 0.046808, Val Loss = 0.046163, Gnorm = 0.108602, Samples = 18944256, LR = 2.85e-04, Steps/sec = 1.40, Samples/sec = 358.3
Step 74500 (14.9%): Train Loss = 0.046754, Val Loss = 0.049542, Gnorm = 0.081897, Samples = 19072256, LR = 2.85e-04, Steps/sec = 1.24, Samples/sec = 317.9
Step 75000 (15.0%): Train Loss = 0.044402, Val Loss = 0.043799, Gnorm = 0.059560, Samples = 19200256, LR = 2.85e-04, Steps/sec = 1.38, Samples/sec = 352.5
Step 75500 (15.1%): Train Loss = 0.046873, Val Loss = 0.049837, Gnorm = 0.084159, Samples = 19328256, LR = 2.84e-04, Steps/sec = 1.29, Samples/sec = 329.3
Step 76000 (15.2%): Train Loss = 0.050137, Val Loss = 0.048756, Gnorm = 0.178894, Samples = 19456256, LR = 2.84e-04, Steps/sec = 1.39, Samples/sec = 356.0
Step 76500 (15.3%): Train Loss = 0.044899, Val Loss = 0.046583, Gnorm = 0.070215, Samples = 19584256, LR = 2.84e-04, Steps/sec = 1.27, Samples/sec = 325.6
Step 77000 (15.4%): Train Loss = 0.050389, Val Loss = 0.047072, Gnorm = 0.115543, Samples = 19712256, LR = 2.84e-04, Steps/sec = 1.41, Samples/sec = 360.4
Step 77500 (15.5%): Train Loss = 0.046186, Val Loss = 0.046258, Gnorm = 0.087526, Samples = 19840256, LR = 2.84e-04, Steps/sec = 1.22, Samples/sec = 313.6
Step 78000 (15.6%): Train Loss = 0.046098, Val Loss = 0.044791, Gnorm = 0.143966, Samples = 19968256, LR = 2.83e-04, Steps/sec = 1.34, Samples/sec = 344.1
Step 78500 (15.7%): Train Loss = 0.045520, Val Loss = 0.047775, Gnorm = 0.103976, Samples = 20096256, LR = 2.83e-04, Steps/sec = 1.24, Samples/sec = 318.2
Step 79000 (15.8%): Train Loss = 0.046275, Val Loss = 0.041457, Gnorm = 0.088198, Samples = 20224256, LR = 2.83e-04, Steps/sec = 1.40, Samples/sec = 359.3
Step 79500 (15.9%): Train Loss = 0.055862, Val Loss = 0.051926, Gnorm = 0.081000, Samples = 20352256, LR = 2.83e-04, Steps/sec = 1.30, Samples/sec = 331.6
Step 80000 (16.0%): Train Loss = 0.043210, Val Loss = 0.046628, Gnorm = 0.126563, Samples = 20480256, LR = 2.82e-04, Steps/sec = 1.43, Samples/sec = 365.8
Step 80500 (16.1%): Train Loss = 0.045785, Val Loss = 0.041625, Gnorm = 0.067809, Samples = 20608256, LR = 2.82e-04, Steps/sec = 1.28, Samples/sec = 326.9
Step 81000 (16.2%): Train Loss = 0.043861, Val Loss = 0.048068, Gnorm = 0.086131, Samples = 20736256, LR = 2.82e-04, Steps/sec = 1.27, Samples/sec = 324.4
Step 81500 (16.3%): Train Loss = 0.047395, Val Loss = 0.050767, Gnorm = 0.258936, Samples = 20864256, LR = 2.82e-04, Steps/sec = 1.38, Samples/sec = 354.1
Step 82000 (16.4%): Train Loss = 0.053784, Val Loss = 0.046765, Gnorm = 0.155547, Samples = 20992256, LR = 2.82e-04, Steps/sec = 1.40, Samples/sec = 358.6
Step 82500 (16.5%): Train Loss = 0.045943, Val Loss = 0.045898, Gnorm = 0.120077, Samples = 21120256, LR = 2.81e-04, Steps/sec = 1.27, Samples/sec = 324.3
Step 83000 (16.6%): Train Loss = 0.047360, Val Loss = 0.046461, Gnorm = 0.048514, Samples = 21248256, LR = 2.81e-04, Steps/sec = 1.43, Samples/sec = 365.1
Step 83500 (16.7%): Train Loss = 0.048887, Val Loss = 0.050221, Gnorm = 0.103777, Samples = 21376256, LR = 2.81e-04, Steps/sec = 1.28, Samples/sec = 328.8
Step 84000 (16.8%): Train Loss = 0.045970, Val Loss = 0.052146, Gnorm = 0.116247, Samples = 21504256, LR = 2.81e-04, Steps/sec = 1.35, Samples/sec = 345.7
Step 84500 (16.9%): Train Loss = 0.055755, Val Loss = 0.047301, Gnorm = 0.105665, Samples = 21632256, LR = 2.80e-04, Steps/sec = 1.42, Samples/sec = 363.9
Step 85000 (17.0%): Train Loss = 0.048290, Val Loss = 0.048116, Gnorm = 0.116840, Samples = 21760256, LR = 2.80e-04, Steps/sec = 1.28, Samples/sec = 329.0
Step 85500 (17.1%): Train Loss = 0.048966, Val Loss = 0.052105, Gnorm = 0.143422, Samples = 21888256, LR = 2.80e-04, Steps/sec = 1.42, Samples/sec = 362.7
Step 86000 (17.2%): Train Loss = 0.049657, Val Loss = 0.047783, Gnorm = 0.079616, Samples = 22016256, LR = 2.80e-04, Steps/sec = 1.27, Samples/sec = 324.9
Step 86500 (17.3%): Train Loss = 0.056818, Val Loss = 0.042544, Gnorm = 0.132396, Samples = 22144256, LR = 2.79e-04, Steps/sec = 1.42, Samples/sec = 363.5
Step 87000 (17.4%): Train Loss = 0.049447, Val Loss = 0.047758, Gnorm = 0.135114, Samples = 22272256, LR = 2.79e-04, Steps/sec = 1.30, Samples/sec = 333.9
Step 87500 (17.5%): Train Loss = 0.048198, Val Loss = 0.044792, Gnorm = 0.129908, Samples = 22400256, LR = 2.79e-04, Steps/sec = 1.43, Samples/sec = 365.2
Step 88000 (17.6%): Train Loss = 0.045707, Val Loss = 0.044818, Gnorm = 0.135952, Samples = 22528256, LR = 2.79e-04, Steps/sec = 1.26, Samples/sec = 321.6
Step 88500 (17.7%): Train Loss = 0.042375, Val Loss = 0.047736, Gnorm = 0.098856, Samples = 22656256, LR = 2.79e-04, Steps/sec = 1.42, Samples/sec = 364.7
Step 89000 (17.8%): Train Loss = 0.044550, Val Loss = 0.045587, Gnorm = 0.108196, Samples = 22784256, LR = 2.78e-04, Steps/sec = 1.27, Samples/sec = 325.6
Step 89500 (17.9%): Train Loss = 0.048276, Val Loss = 0.044839, Gnorm = 0.091523, Samples = 22912256, LR = 2.78e-04, Steps/sec = 1.35, Samples/sec = 346.8
Step 90000 (18.0%): Train Loss = 0.046448, Val Loss = 0.059435, Gnorm = 0.101972, Samples = 23040256, LR = 2.78e-04, Steps/sec = 1.17, Samples/sec = 299.1
Step 90500 (18.1%): Train Loss = 0.044917, Val Loss = 0.051879, Gnorm = 0.114176, Samples = 23168256, LR = 2.78e-04, Steps/sec = 1.55, Samples/sec = 396.4
Step 91000 (18.2%): Train Loss = 0.054906, Val Loss = 0.048512, Gnorm = 0.052481, Samples = 23296256, LR = 2.77e-04, Steps/sec = 1.26, Samples/sec = 321.6
Step 91500 (18.3%): Train Loss = 0.051688, Val Loss = 0.047527, Gnorm = 0.140906, Samples = 23424256, LR = 2.77e-04, Steps/sec = 1.37, Samples/sec = 351.5
Step 92000 (18.4%): Train Loss = 0.046482, Val Loss = 0.041855, Gnorm = 0.070374, Samples = 23552256, LR = 2.77e-04, Steps/sec = 1.28, Samples/sec = 327.4
Step 92500 (18.5%): Train Loss = 0.045257, Val Loss = 0.049594, Gnorm = 0.174747, Samples = 23680256, LR = 2.77e-04, Steps/sec = 1.39, Samples/sec = 355.2
Step 93000 (18.6%): Train Loss = 0.045649, Val Loss = 0.044796, Gnorm = 0.107261, Samples = 23808256, LR = 2.76e-04, Steps/sec = 1.30, Samples/sec = 331.9
Step 93500 (18.7%): Train Loss = 0.042391, Val Loss = 0.068557, Gnorm = 0.093301, Samples = 23936256, LR = 2.76e-04, Steps/sec = 1.41, Samples/sec = 359.8
Step 94000 (18.8%): Train Loss = 0.047992, Val Loss = 0.044430, Gnorm = 0.251326, Samples = 24064256, LR = 2.76e-04, Steps/sec = 1.23, Samples/sec = 314.8
Step 94500 (18.9%): Train Loss = 0.048165, Val Loss = 0.053769, Gnorm = 0.219082, Samples = 24192256, LR = 2.76e-04, Steps/sec = 1.33, Samples/sec = 339.5
Step 95000 (19.0%): Train Loss = 0.049223, Val Loss = 0.048739, Gnorm = 0.077539, Samples = 24320256, LR = 2.75e-04, Steps/sec = 1.27, Samples/sec = 325.8
Step 95500 (19.1%): Train Loss = 0.047883, Val Loss = 0.045353, Gnorm = 0.122754, Samples = 24448256, LR = 2.75e-04, Steps/sec = 1.32, Samples/sec = 339.1
Step 96000 (19.2%): Train Loss = 0.042563, Val Loss = 0.043413, Gnorm = 0.180392, Samples = 24576256, LR = 2.75e-04, Steps/sec = 1.35, Samples/sec = 346.7
Step 96500 (19.3%): Train Loss = 0.047261, Val Loss = 0.049765, Gnorm = 0.113496, Samples = 24704256, LR = 2.75e-04, Steps/sec = 1.29, Samples/sec = 330.9
Step 97000 (19.4%): Train Loss = 0.048904, Val Loss = 0.048954, Gnorm = 0.045832, Samples = 24832256, LR = 2.74e-04, Steps/sec = 1.27, Samples/sec = 324.6
Step 97500 (19.5%): Train Loss = 0.048999, Val Loss = 0.047973, Gnorm = 0.120351, Samples = 24960256, LR = 2.74e-04, Steps/sec = 1.27, Samples/sec = 325.7
Step 98000 (19.6%): Train Loss = 0.047068, Val Loss = 0.041238, Gnorm = 0.105659, Samples = 25088256, LR = 2.74e-04, Steps/sec = 1.16, Samples/sec = 296.8
Step 98500 (19.7%): Train Loss = 0.046130, Val Loss = 0.040051, Gnorm = 0.101313, Samples = 25216256, LR = 2.74e-04, Steps/sec = 1.16, Samples/sec = 297.0
Step 99000 (19.8%): Train Loss = 0.050690, Val Loss = 0.044042, Gnorm = 0.110283, Samples = 25344256, LR = 2.73e-04, Steps/sec = 1.04, Samples/sec = 265.6
Step 99500 (19.9%): Train Loss = 0.042000, Val Loss = 0.051288, Gnorm = 0.093725, Samples = 25472256, LR = 2.73e-04, Steps/sec = 1.26, Samples/sec = 322.7
Step 100000 (20.0%): Train Loss = 0.045147, Val Loss = 0.046216, Gnorm = 0.134278, Samples = 25600256, LR = 2.73e-04, Steps/sec = 1.23, Samples/sec = 313.7
Step 100500 (20.1%): Train Loss = 0.050137, Val Loss = 0.052416, Gnorm = 0.149793, Samples = 25728256, LR = 2.72e-04, Steps/sec = 1.20, Samples/sec = 307.3
Step 101000 (20.2%): Train Loss = 0.045710, Val Loss = 0.039553, Gnorm = 0.078910, Samples = 25856256, LR = 2.72e-04, Steps/sec = 1.22, Samples/sec = 313.1
Step 101500 (20.3%): Train Loss = 0.045816, Val Loss = 0.053358, Gnorm = 0.101696, Samples = 25984256, LR = 2.72e-04, Steps/sec = 1.22, Samples/sec = 311.4
Step 102000 (20.4%): Train Loss = 0.046468, Val Loss = 0.048142, Gnorm = 0.073553, Samples = 26112256, LR = 2.72e-04, Steps/sec = 1.33, Samples/sec = 340.1
Step 102500 (20.5%): Train Loss = 0.045351, Val Loss = 0.049842, Gnorm = 0.123641, Samples = 26240256, LR = 2.71e-04, Steps/sec = 1.23, Samples/sec = 316.1
Step 103000 (20.6%): Train Loss = 0.048136, Val Loss = 0.050304, Gnorm = 0.092621, Samples = 26368256, LR = 2.71e-04, Steps/sec = 1.22, Samples/sec = 311.3
Step 103500 (20.7%): Train Loss = 0.050604, Val Loss = 0.045163, Gnorm = 0.209452, Samples = 26496256, LR = 2.71e-04, Steps/sec = 1.20, Samples/sec = 306.8
Step 104000 (20.8%): Train Loss = 0.050131, Val Loss = 0.051839, Gnorm = 0.098688, Samples = 26624256, LR = 2.71e-04, Steps/sec = 1.28, Samples/sec = 326.9
Step 104500 (20.9%): Train Loss = 0.044305, Val Loss = 0.047198, Gnorm = 0.075744, Samples = 26752256, LR = 2.70e-04, Steps/sec = 1.29, Samples/sec = 330.8
Step 105000 (21.0%): Train Loss = 0.047286, Val Loss = 0.049348, Gnorm = 0.106747, Samples = 26880256, LR = 2.70e-04, Steps/sec = 1.25, Samples/sec = 319.2
Step 105500 (21.1%): Train Loss = 0.042650, Val Loss = 0.046113, Gnorm = 0.102413, Samples = 27008256, LR = 2.70e-04, Steps/sec = 1.34, Samples/sec = 344.1
Step 106000 (21.2%): Train Loss = 0.060413, Val Loss = 0.046761, Gnorm = 0.216199, Samples = 27136256, LR = 2.69e-04, Steps/sec = 1.30, Samples/sec = 331.9
Step 106500 (21.3%): Train Loss = 0.049135, Val Loss = 0.046655, Gnorm = 0.073601, Samples = 27264256, LR = 2.69e-04, Steps/sec = 1.35, Samples/sec = 345.6
Step 107000 (21.4%): Train Loss = 0.044174, Val Loss = 0.043238, Gnorm = 0.096954, Samples = 27392256, LR = 2.69e-04, Steps/sec = 1.28, Samples/sec = 328.0
Step 107500 (21.5%): Train Loss = 0.043901, Val Loss = 0.039914, Gnorm = 0.099823, Samples = 27520256, LR = 2.69e-04, Steps/sec = 1.39, Samples/sec = 354.7
Step 108000 (21.6%): Train Loss = 0.053720, Val Loss = 0.045656, Gnorm = 0.246222, Samples = 27648256, LR = 2.68e-04, Steps/sec = 1.14, Samples/sec = 292.9
Step 108500 (21.7%): Train Loss = 0.043022, Val Loss = 0.048165, Gnorm = 0.087771, Samples = 27776256, LR = 2.68e-04, Steps/sec = 1.50, Samples/sec = 383.8
Step 109000 (21.8%): Train Loss = 0.046009, Val Loss = 0.041676, Gnorm = 0.119988, Samples = 27904256, LR = 2.68e-04, Steps/sec = 1.25, Samples/sec = 319.8
Step 109500 (21.9%): Train Loss = 0.043451, Val Loss = 0.043494, Gnorm = 0.106819, Samples = 28032256, LR = 2.67e-04, Steps/sec = 1.36, Samples/sec = 348.1
Step 110000 (22.0%): Train Loss = 0.048346, Val Loss = 0.046795, Gnorm = 0.145006, Samples = 28160256, LR = 2.67e-04, Steps/sec = 1.21, Samples/sec = 309.5
Step 110500 (22.1%): Train Loss = 0.041222, Val Loss = 0.050452, Gnorm = 0.130187, Samples = 28288256, LR = 2.67e-04, Steps/sec = 1.34, Samples/sec = 343.9
Step 111000 (22.2%): Train Loss = 0.046379, Val Loss = 0.042565, Gnorm = 0.083019, Samples = 28416256, LR = 2.67e-04, Steps/sec = 1.08, Samples/sec = 277.3
Step 111500 (22.3%): Train Loss = 0.043246, Val Loss = 0.046174, Gnorm = 0.136226, Samples = 28544256, LR = 2.66e-04, Steps/sec = 0.95, Samples/sec = 244.1
Step 112000 (22.4%): Train Loss = 0.049285, Val Loss = 0.043586, Gnorm = 0.107003, Samples = 28672256, LR = 2.66e-04, Steps/sec = 0.79, Samples/sec = 202.4
Step 112500 (22.5%): Train Loss = 0.050710, Val Loss = 0.047809, Gnorm = 0.127949, Samples = 28800256, LR = 2.66e-04, Steps/sec = 0.49, Samples/sec = 126.6
Step 113000 (22.6%): Train Loss = 0.045934, Val Loss = 0.051176, Gnorm = 0.094450, Samples = 28928256, LR = 2.65e-04, Steps/sec = 0.54, Samples/sec = 137.6
Step 113500 (22.7%): Train Loss = 0.047293, Val Loss = 0.045235, Gnorm = 0.148150, Samples = 29056256, LR = 2.65e-04, Steps/sec = 0.50, Samples/sec = 127.2
Step 114000 (22.8%): Train Loss = 0.047263, Val Loss = 0.045658, Gnorm = 0.128327, Samples = 29184256, LR = 2.65e-04, Steps/sec = 0.55, Samples/sec = 140.2
Step 114500 (22.9%): Train Loss = 0.045629, Val Loss = 0.040748, Gnorm = 0.097110, Samples = 29312256, LR = 2.65e-04, Steps/sec = 0.46, Samples/sec = 118.5
Step 115000 (23.0%): Train Loss = 0.047994, Val Loss = 0.043724, Gnorm = 0.197679, Samples = 29440256, LR = 2.64e-04, Steps/sec = 0.55, Samples/sec = 140.0
Step 115500 (23.1%): Train Loss = 0.045220, Val Loss = 0.042758, Gnorm = 0.069716, Samples = 29568256, LR = 2.64e-04, Steps/sec = 0.50, Samples/sec = 127.0
Step 116000 (23.2%): Train Loss = 0.046949, Val Loss = 0.044343, Gnorm = 0.114844, Samples = 29696256, LR = 2.64e-04, Steps/sec = 0.24, Samples/sec = 62.6
Step 116500 (23.3%): Train Loss = 0.062121, Val Loss = 0.044919, Gnorm = 0.472871, Samples = 29824256, LR = 2.63e-04, Steps/sec = 0.61, Samples/sec = 155.4
Step 117000 (23.4%): Train Loss = 0.046215, Val Loss = 0.046852, Gnorm = 0.135112, Samples = 29952256, LR = 2.63e-04, Steps/sec = 0.49, Samples/sec = 125.1
Step 117500 (23.5%): Train Loss = 0.047787, Val Loss = 0.051924, Gnorm = 0.262469, Samples = 30080256, LR = 2.63e-04, Steps/sec = 0.63, Samples/sec = 161.3
Step 118000 (23.6%): Train Loss = 0.046556, Val Loss = 0.047071, Gnorm = 0.062166, Samples = 30208256, LR = 2.62e-04, Steps/sec = 0.61, Samples/sec = 157.3
Step 118500 (23.7%): Train Loss = 0.046985, Val Loss = 0.052922, Gnorm = 0.124493, Samples = 30336256, LR = 2.62e-04, Steps/sec = 0.90, Samples/sec = 229.3
Step 119000 (23.8%): Train Loss = 0.047851, Val Loss = 0.043102, Gnorm = 0.120154, Samples = 30464256, LR = 2.62e-04, Steps/sec = 0.92, Samples/sec = 235.4
Step 119500 (23.9%): Train Loss = 0.048311, Val Loss = 0.048243, Gnorm = 0.214353, Samples = 30592256, LR = 2.61e-04, Steps/sec = 0.90, Samples/sec = 231.1
Step 120000 (24.0%): Train Loss = 0.042460, Val Loss = 0.042725, Gnorm = 0.103150, Samples = 30720256, LR = 2.61e-04, Steps/sec = 0.95, Samples/sec = 242.4
Step 120500 (24.1%): Train Loss = 0.042405, Val Loss = 0.047580, Gnorm = 0.126129, Samples = 30848256, LR = 2.61e-04, Steps/sec = 0.88, Samples/sec = 224.9
Step 121000 (24.2%): Train Loss = 0.043076, Val Loss = 0.043693, Gnorm = 0.089739, Samples = 30976256, LR = 2.61e-04, Steps/sec = 0.94, Samples/sec = 240.2
Step 121500 (24.3%): Train Loss = 0.047738, Val Loss = 0.059949, Gnorm = 0.098529, Samples = 31104256, LR = 2.60e-04, Steps/sec = 0.77, Samples/sec = 196.7
Step 122000 (24.4%): Train Loss = 0.051173, Val Loss = 0.048766, Gnorm = 0.096700, Samples = 31232256, LR = 2.60e-04, Steps/sec = 0.53, Samples/sec = 136.9
Step 122500 (24.5%): Train Loss = 0.050407, Val Loss = 0.041234, Gnorm = 0.101185, Samples = 31360256, LR = 2.60e-04, Steps/sec = 0.51, Samples/sec = 129.5
Step 123000 (24.6%): Train Loss = 0.044895, Val Loss = 0.048086, Gnorm = 0.088906, Samples = 31488256, LR = 2.59e-04, Steps/sec = 0.25, Samples/sec = 63.8
Step 123500 (24.7%): Train Loss = 0.048229, Val Loss = 0.046677, Gnorm = 0.160911, Samples = 31616256, LR = 2.59e-04, Steps/sec = 0.49, Samples/sec = 125.9
Step 124000 (24.8%): Train Loss = 0.043668, Val Loss = 0.042125, Gnorm = 0.188697, Samples = 31744256, LR = 2.59e-04, Steps/sec = 0.66, Samples/sec = 169.3
Step 124500 (24.9%): Train Loss = 0.049949, Val Loss = 0.048077, Gnorm = 0.219162, Samples = 31872256, LR = 2.58e-04, Steps/sec = 0.67, Samples/sec = 170.8
Step 125000 (25.0%): Train Loss = 0.047045, Val Loss = 0.043189, Gnorm = 0.074706, Samples = 32000256, LR = 2.58e-04, Steps/sec = 0.69, Samples/sec = 177.1
Step 125500 (25.1%): Train Loss = 0.049421, Val Loss = 0.039816, Gnorm = 0.156984, Samples = 32128256, LR = 2.58e-04, Steps/sec = 0.68, Samples/sec = 173.3
Step 126000 (25.2%): Train Loss = 0.042701, Val Loss = 0.046037, Gnorm = 0.109496, Samples = 32256256, LR = 2.57e-04, Steps/sec = 0.87, Samples/sec = 222.3
Step 126500 (25.3%): Train Loss = 0.045838, Val Loss = 0.048279, Gnorm = 0.169497, Samples = 32384256, LR = 2.57e-04, Steps/sec = 1.14, Samples/sec = 291.8
Step 127000 (25.4%): Train Loss = 0.040396, Val Loss = 0.041705, Gnorm = 0.096084, Samples = 32512256, LR = 2.57e-04, Steps/sec = 1.06, Samples/sec = 270.1
Step 127500 (25.5%): Train Loss = 0.047906, Val Loss = 0.045928, Gnorm = 0.349510, Samples = 32640256, LR = 2.56e-04, Steps/sec = 1.02, Samples/sec = 261.2
Step 128000 (25.6%): Train Loss = 0.043014, Val Loss = 0.038686, Gnorm = 0.074569, Samples = 32768256, LR = 2.56e-04, Steps/sec = 1.14, Samples/sec = 290.7
Step 128500 (25.7%): Train Loss = 0.044709, Val Loss = 0.048304, Gnorm = 0.112196, Samples = 32896256, LR = 2.56e-04, Steps/sec = 0.99, Samples/sec = 253.4
Step 129000 (25.8%): Train Loss = 0.042134, Val Loss = 0.048940, Gnorm = 0.139061, Samples = 33024256, LR = 2.55e-04, Steps/sec = 1.10, Samples/sec = 282.8
Step 129500 (25.9%): Train Loss = 0.046577, Val Loss = 0.051764, Gnorm = 0.092170, Samples = 33152256, LR = 2.55e-04, Steps/sec = 1.07, Samples/sec = 274.3
Step 130000 (26.0%): Train Loss = 0.044724, Val Loss = 0.042799, Gnorm = 0.198876, Samples = 33280256, LR = 2.55e-04, Steps/sec = 1.12, Samples/sec = 286.8
Step 130500 (26.1%): Train Loss = 0.043438, Val Loss = 0.043665, Gnorm = 0.104588, Samples = 33408256, LR = 2.54e-04, Steps/sec = 1.21, Samples/sec = 310.2
Step 131000 (26.2%): Train Loss = 0.045211, Val Loss = 0.045728, Gnorm = 0.171874, Samples = 33536256, LR = 2.54e-04, Steps/sec = 1.29, Samples/sec = 331.2
Step 131500 (26.3%): Train Loss = 0.040405, Val Loss = 0.046017, Gnorm = 0.088121, Samples = 33664256, LR = 2.54e-04, Steps/sec = 0.37, Samples/sec = 94.9
Step 132000 (26.4%): Train Loss = 0.046054, Val Loss = 0.045845, Gnorm = 0.105289, Samples = 33792256, LR = 2.53e-04, Steps/sec = 1.23, Samples/sec = 314.8
Step 132500 (26.5%): Train Loss = 0.043375, Val Loss = 0.044297, Gnorm = 0.080828, Samples = 33920256, LR = 2.53e-04, Steps/sec = 1.37, Samples/sec = 350.6
Step 133000 (26.6%): Train Loss = 0.041085, Val Loss = 0.040731, Gnorm = 0.135151, Samples = 34048256, LR = 2.53e-04, Steps/sec = 1.28, Samples/sec = 328.1
Step 133500 (26.7%): Train Loss = 0.045808, Val Loss = 0.047560, Gnorm = 0.225313, Samples = 34176256, LR = 2.52e-04, Steps/sec = 1.35, Samples/sec = 344.5
Step 134000 (26.8%): Train Loss = 0.046696, Val Loss = 0.038162, Gnorm = 0.131046, Samples = 34304256, LR = 2.52e-04, Steps/sec = 1.25, Samples/sec = 319.6
Step 134500 (26.9%): Train Loss = 0.042884, Val Loss = 0.040606, Gnorm = 0.161656, Samples = 34432256, LR = 2.52e-04, Steps/sec = 1.40, Samples/sec = 359.3
Step 135000 (27.0%): Train Loss = 0.045916, Val Loss = 0.049735, Gnorm = 0.106584, Samples = 34560256, LR = 2.51e-04, Steps/sec = 1.14, Samples/sec = 291.5
Step 135500 (27.1%): Train Loss = 0.062337, Val Loss = 0.046781, Gnorm = 0.458060, Samples = 34688256, LR = 2.51e-04, Steps/sec = 1.50, Samples/sec = 384.1
Step 136000 (27.2%): Train Loss = 0.044079, Val Loss = 0.045872, Gnorm = 0.118936, Samples = 34816256, LR = 2.51e-04, Steps/sec = 1.24, Samples/sec = 317.9
Step 136500 (27.3%): Train Loss = 0.047410, Val Loss = 0.043713, Gnorm = 0.142926, Samples = 34944256, LR = 2.50e-04, Steps/sec = 1.37, Samples/sec = 351.9
Step 137000 (27.4%): Train Loss = 0.044028, Val Loss = 0.041350, Gnorm = 0.182200, Samples = 35072256, LR = 2.50e-04, Steps/sec = 1.25, Samples/sec = 321.0
Step 137500 (27.5%): Train Loss = 0.048006, Val Loss = 0.050439, Gnorm = 0.081344, Samples = 35200256, LR = 2.50e-04, Steps/sec = 1.38, Samples/sec = 354.3
Step 138000 (27.6%): Train Loss = 0.049482, Val Loss = 0.047778, Gnorm = 0.132092, Samples = 35328256, LR = 2.49e-04, Steps/sec = 1.24, Samples/sec = 316.2
Step 138500 (27.7%): Train Loss = 0.045360, Val Loss = 0.045965, Gnorm = 0.244657, Samples = 35456256, LR = 2.49e-04, Steps/sec = 1.41, Samples/sec = 359.8
Step 139000 (27.8%): Train Loss = 0.049210, Val Loss = 0.044293, Gnorm = 0.161639, Samples = 35584256, LR = 2.49e-04, Steps/sec = 1.26, Samples/sec = 321.7
Step 139500 (27.9%): Train Loss = 0.041118, Val Loss = 0.042603, Gnorm = 0.083037, Samples = 35712256, LR = 2.48e-04, Steps/sec = 1.28, Samples/sec = 327.9
Step 140000 (28.0%): Train Loss = 0.044422, Val Loss = 0.041418, Gnorm = 0.077353, Samples = 35840256, LR = 2.48e-04, Steps/sec = 1.27, Samples/sec = 325.1
Step 140500 (28.1%): Train Loss = 0.042959, Val Loss = 0.037697, Gnorm = 0.133900, Samples = 35968256, LR = 2.48e-04, Steps/sec = 1.41, Samples/sec = 359.7
Step 141000 (28.2%): Train Loss = 0.042104, Val Loss = 0.045201, Gnorm = 0.080339, Samples = 36096256, LR = 2.47e-04, Steps/sec = 1.26, Samples/sec = 322.4
Step 141500 (28.3%): Train Loss = 0.041290, Val Loss = 0.045606, Gnorm = 0.249562, Samples = 36224256, LR = 2.47e-04, Steps/sec = 1.39, Samples/sec = 355.0
Step 142000 (28.4%): Train Loss = 0.041303, Val Loss = 0.040907, Gnorm = 0.145444, Samples = 36352256, LR = 2.47e-04, Steps/sec = 1.25, Samples/sec = 321.1
Step 142500 (28.5%): Train Loss = 0.048528, Val Loss = 0.043594, Gnorm = 0.170099, Samples = 36480256, LR = 2.46e-04, Steps/sec = 1.32, Samples/sec = 337.8
Step 143000 (28.6%): Train Loss = 0.046895, Val Loss = 0.037930, Gnorm = 0.264281, Samples = 36608256, LR = 2.46e-04, Steps/sec = 1.25, Samples/sec = 321.2
Step 143500 (28.7%): Train Loss = 0.047478, Val Loss = 0.038697, Gnorm = 0.143846, Samples = 36736256, LR = 2.45e-04, Steps/sec = 1.39, Samples/sec = 356.7
Step 144000 (28.8%): Train Loss = 0.045083, Val Loss = 0.043989, Gnorm = 0.121162, Samples = 36864256, LR = 2.45e-04, Steps/sec = 0.36, Samples/sec = 93.3
Step 144500 (28.9%): Train Loss = 0.048510, Val Loss = 0.042128, Gnorm = 0.091128, Samples = 36992256, LR = 2.45e-04, Steps/sec = 1.34, Samples/sec = 342.9
Step 145000 (29.0%): Train Loss = 0.046236, Val Loss = 0.042056, Gnorm = 0.112103, Samples = 37120256, LR = 2.44e-04, Steps/sec = 1.37, Samples/sec = 349.6
Step 145500 (29.1%): Train Loss = 0.042703, Val Loss = 0.045895, Gnorm = 0.123997, Samples = 37248256, LR = 2.44e-04, Steps/sec = 1.27, Samples/sec = 325.7
Step 146000 (29.2%): Train Loss = 0.040110, Val Loss = 0.037057, Gnorm = 0.133753, Samples = 37376256, LR = 2.44e-04, Steps/sec = 1.29, Samples/sec = 330.6
Step 146500 (29.3%): Train Loss = 0.043220, Val Loss = 0.049400, Gnorm = 0.134142, Samples = 37504256, LR = 2.43e-04, Steps/sec = 1.32, Samples/sec = 336.9
Step 147000 (29.4%): Train Loss = 0.043095, Val Loss = 0.051318, Gnorm = 0.152562, Samples = 37632256, LR = 2.43e-04, Steps/sec = 1.33, Samples/sec = 340.9
Step 147500 (29.5%): Train Loss = 0.037865, Val Loss = 0.047517, Gnorm = 0.181823, Samples = 37760256, LR = 2.43e-04, Steps/sec = 1.27, Samples/sec = 326.2
Step 148000 (29.6%): Train Loss = 0.053104, Val Loss = 0.040528, Gnorm = 0.097022, Samples = 37888256, LR = 2.42e-04, Steps/sec = 1.36, Samples/sec = 347.3
Step 148500 (29.7%): Train Loss = 0.045068, Val Loss = 0.048812, Gnorm = 0.182678, Samples = 38016256, LR = 2.42e-04, Steps/sec = 1.26, Samples/sec = 321.6
Step 149000 (29.8%): Train Loss = 0.041348, Val Loss = 0.047496, Gnorm = 0.163731, Samples = 38144256, LR = 2.41e-04, Steps/sec = 1.33, Samples/sec = 341.7
Step 149500 (29.9%): Train Loss = 0.047690, Val Loss = 0.043522, Gnorm = 0.288053, Samples = 38272256, LR = 2.41e-04, Steps/sec = 1.34, Samples/sec = 343.7
Step 150000 (30.0%): Train Loss = 0.050785, Val Loss = 0.040496, Gnorm = 0.112300, Samples = 38400256, LR = 2.41e-04, Steps/sec = 1.35, Samples/sec = 346.9
Step 150500 (30.1%): Train Loss = 0.045784, Val Loss = 0.046381, Gnorm = 0.146840, Samples = 38528256, LR = 2.40e-04, Steps/sec = 1.33, Samples/sec = 340.2
Step 151000 (30.2%): Train Loss = 0.052589, Val Loss = 0.039441, Gnorm = 0.136539, Samples = 38656256, LR = 2.40e-04, Steps/sec = 1.30, Samples/sec = 333.3
Step 151500 (30.3%): Train Loss = 0.054070, Val Loss = 0.046160, Gnorm = 0.175118, Samples = 38784256, LR = 2.40e-04, Steps/sec = 1.30, Samples/sec = 333.5
Step 152000 (30.4%): Train Loss = 0.044891, Val Loss = 0.039678, Gnorm = 0.216323, Samples = 38912256, LR = 2.39e-04, Steps/sec = 1.28, Samples/sec = 327.1
Step 152500 (30.5%): Train Loss = 0.042478, Val Loss = 0.038592, Gnorm = 0.152053, Samples = 39040256, LR = 2.39e-04, Steps/sec = 1.32, Samples/sec = 337.7
Step 153000 (30.6%): Train Loss = 0.045575, Val Loss = 0.042676, Gnorm = 0.392406, Samples = 39168256, LR = 2.39e-04, Steps/sec = 1.22, Samples/sec = 312.4
Step 153500 (30.7%): Train Loss = 0.045623, Val Loss = 0.041405, Gnorm = 0.119108, Samples = 39296256, LR = 2.38e-04, Steps/sec = 1.37, Samples/sec = 351.4
Step 154000 (30.8%): Train Loss = 0.043387, Val Loss = 0.042287, Gnorm = 0.221963, Samples = 39424256, LR = 2.38e-04, Steps/sec = 1.36, Samples/sec = 348.2
Step 154500 (30.9%): Train Loss = 0.050577, Val Loss = 0.042759, Gnorm = 0.323493, Samples = 39552256, LR = 2.37e-04, Steps/sec = 1.32, Samples/sec = 338.0
Step 155000 (31.0%): Train Loss = 0.048731, Val Loss = 0.042158, Gnorm = 0.130543, Samples = 39680256, LR = 2.37e-04, Steps/sec = 1.35, Samples/sec = 346.6
Step 155500 (31.1%): Train Loss = 0.044567, Val Loss = 0.043508, Gnorm = 0.190600, Samples = 39808256, LR = 2.37e-04, Steps/sec = 1.39, Samples/sec = 354.8
Step 156000 (31.2%): Train Loss = 0.042678, Val Loss = 0.046695, Gnorm = 0.127001, Samples = 39936256, LR = 2.36e-04, Steps/sec = 1.29, Samples/sec = 330.6
Step 156500 (31.3%): Train Loss = 0.043415, Val Loss = 0.053116, Gnorm = 0.105078, Samples = 40064256, LR = 2.36e-04, Steps/sec = 1.43, Samples/sec = 365.5
Step 157000 (31.4%): Train Loss = 0.041596, Val Loss = 0.039460, Gnorm = 0.113993, Samples = 40192256, LR = 2.36e-04, Steps/sec = 0.37, Samples/sec = 93.8
Step 157500 (31.5%): Train Loss = 0.042986, Val Loss = 0.039893, Gnorm = 0.338198, Samples = 40320256, LR = 2.35e-04, Steps/sec = 1.35, Samples/sec = 345.7
Step 158000 (31.6%): Train Loss = 0.041658, Val Loss = 0.052521, Gnorm = 0.268407, Samples = 40448256, LR = 2.35e-04, Steps/sec = 1.26, Samples/sec = 322.2
Step 158500 (31.7%): Train Loss = 0.054193, Val Loss = 0.040320, Gnorm = 0.158303, Samples = 40576256, LR = 2.34e-04, Steps/sec = 1.37, Samples/sec = 352.0
Step 159000 (31.8%): Train Loss = 0.044805, Val Loss = 0.046507, Gnorm = 0.143053, Samples = 40704256, LR = 2.34e-04, Steps/sec = 1.23, Samples/sec = 314.1
Step 159500 (31.9%): Train Loss = 0.040049, Val Loss = 0.047235, Gnorm = 0.106025, Samples = 40832256, LR = 2.34e-04, Steps/sec = 1.41, Samples/sec = 360.1
Step 160000 (32.0%): Train Loss = 0.044540, Val Loss = 0.047369, Gnorm = 0.079837, Samples = 40960256, LR = 2.33e-04, Steps/sec = 1.20, Samples/sec = 306.6
Step 160500 (32.1%): Train Loss = 0.042074, Val Loss = 0.042674, Gnorm = 0.184364, Samples = 41088256, LR = 2.33e-04, Steps/sec = 1.37, Samples/sec = 351.6
Step 161000 (32.2%): Train Loss = 0.041249, Val Loss = 0.041417, Gnorm = 0.125769, Samples = 41216256, LR = 2.32e-04, Steps/sec = 1.24, Samples/sec = 318.5
Step 161500 (32.3%): Train Loss = 0.041649, Val Loss = 0.038759, Gnorm = 0.174802, Samples = 41344256, LR = 2.32e-04, Steps/sec = 1.36, Samples/sec = 348.6
Step 162000 (32.4%): Train Loss = 0.049376, Val Loss = 0.047319, Gnorm = 0.189300, Samples = 41472256, LR = 2.32e-04, Steps/sec = 1.15, Samples/sec = 293.4
Step 162500 (32.5%): Train Loss = 0.038303, Val Loss = 0.047188, Gnorm = 0.081172, Samples = 41600256, LR = 2.31e-04, Steps/sec = 1.50, Samples/sec = 383.3
Step 163000 (32.6%): Train Loss = 0.045513, Val Loss = 0.044081, Gnorm = 0.300447, Samples = 41728256, LR = 2.31e-04, Steps/sec = 1.25, Samples/sec = 319.2
Step 163500 (32.7%): Train Loss = 0.042808, Val Loss = 0.050120, Gnorm = 0.193699, Samples = 41856256, LR = 2.31e-04, Steps/sec = 1.35, Samples/sec = 346.6
Step 164000 (32.8%): Train Loss = 0.052880, Val Loss = 0.043049, Gnorm = 0.144230, Samples = 41984256, LR = 2.30e-04, Steps/sec = 1.25, Samples/sec = 319.7
Step 164500 (32.9%): Train Loss = 0.047387, Val Loss = 0.042265, Gnorm = 0.200675, Samples = 42112256, LR = 2.30e-04, Steps/sec = 1.33, Samples/sec = 339.9
Step 165000 (33.0%): Train Loss = 0.047115, Val Loss = 0.049729, Gnorm = 0.169517, Samples = 42240256, LR = 2.29e-04, Steps/sec = 1.18, Samples/sec = 302.8
Step 165500 (33.1%): Train Loss = 0.044924, Val Loss = 0.044439, Gnorm = 0.149478, Samples = 42368256, LR = 2.29e-04, Steps/sec = 1.38, Samples/sec = 352.7
Step 166000 (33.2%): Train Loss = 0.044625, Val Loss = 0.046335, Gnorm = 0.215899, Samples = 42496256, LR = 2.29e-04, Steps/sec = 1.24, Samples/sec = 318.5
Step 166500 (33.3%): Train Loss = 0.040563, Val Loss = 0.046803, Gnorm = 0.139924, Samples = 42624256, LR = 2.28e-04, Steps/sec = 1.35, Samples/sec = 346.8
Step 167000 (33.4%): Train Loss = 0.049647, Val Loss = 0.042676, Gnorm = 0.211466, Samples = 42752256, LR = 2.28e-04, Steps/sec = 1.24, Samples/sec = 316.3
Step 167500 (33.5%): Train Loss = 0.044264, Val Loss = 0.038569, Gnorm = 0.073474, Samples = 42880256, LR = 2.27e-04, Steps/sec = 1.43, Samples/sec = 365.6
Step 168000 (33.6%): Train Loss = 0.045019, Val Loss = 0.040965, Gnorm = 0.118946, Samples = 43008256, LR = 2.27e-04, Steps/sec = 1.45, Samples/sec = 370.1
Step 168500 (33.7%): Train Loss = 0.044073, Val Loss = 0.035468, Gnorm = 0.133429, Samples = 43136256, LR = 2.27e-04, Steps/sec = 1.34, Samples/sec = 342.0
Step 169000 (33.8%): Train Loss = 0.039487, Val Loss = 0.040614, Gnorm = 0.105127, Samples = 43264256, LR = 2.26e-04, Steps/sec = 1.45, Samples/sec = 370.7
Step 169500 (33.9%): Train Loss = 0.046362, Val Loss = 0.046891, Gnorm = 0.180539, Samples = 43392256, LR = 2.26e-04, Steps/sec = 1.28, Samples/sec = 326.7
Step 170000 (34.0%): Train Loss = 0.048585, Val Loss = 0.046951, Gnorm = 0.112478, Samples = 43520256, LR = 2.25e-04, Steps/sec = 0.37, Samples/sec = 95.7
Step 170500 (34.1%): Train Loss = 0.049402, Val Loss = 0.038687, Gnorm = 0.237649, Samples = 43648256, LR = 2.25e-04, Steps/sec = 1.17, Samples/sec = 298.5
Step 171000 (34.2%): Train Loss = 0.042511, Val Loss = 0.050577, Gnorm = 0.128747, Samples = 43776256, LR = 2.25e-04, Steps/sec = 1.24, Samples/sec = 316.3
Step 171500 (34.3%): Train Loss = 0.040057, Val Loss = 0.046366, Gnorm = 0.101920, Samples = 43904256, LR = 2.24e-04, Steps/sec = 1.08, Samples/sec = 276.2
Step 172000 (34.4%): Train Loss = 0.045873, Val Loss = 0.042185, Gnorm = 0.114271, Samples = 44032256, LR = 2.24e-04, Steps/sec = 1.31, Samples/sec = 335.2
Step 172500 (34.5%): Train Loss = 0.052558, Val Loss = 0.039337, Gnorm = 0.208817, Samples = 44160256, LR = 2.23e-04, Steps/sec = 1.22, Samples/sec = 313.6
Step 173000 (34.6%): Train Loss = 0.044784, Val Loss = 0.043526, Gnorm = 0.130431, Samples = 44288256, LR = 2.23e-04, Steps/sec = 1.40, Samples/sec = 357.6
Step 173500 (34.7%): Train Loss = 0.042463, Val Loss = 0.042046, Gnorm = 0.122096, Samples = 44416256, LR = 2.23e-04, Steps/sec = 1.28, Samples/sec = 326.7
Step 174000 (34.8%): Train Loss = 0.041068, Val Loss = 0.039615, Gnorm = 0.123378, Samples = 44544256, LR = 2.22e-04, Steps/sec = 1.38, Samples/sec = 353.4
Step 174500 (34.9%): Train Loss = 0.042212, Val Loss = 0.044261, Gnorm = 0.118078, Samples = 44672256, LR = 2.22e-04, Steps/sec = 1.21, Samples/sec = 310.1
Step 175000 (35.0%): Train Loss = 0.042654, Val Loss = 0.038610, Gnorm = 0.088993, Samples = 44800256, LR = 2.21e-04, Steps/sec = 1.32, Samples/sec = 337.4
Step 175500 (35.1%): Train Loss = 0.042806, Val Loss = 0.042213, Gnorm = 0.171303, Samples = 44928256, LR = 2.21e-04, Steps/sec = 1.20, Samples/sec = 307.1
Step 176000 (35.2%): Train Loss = 0.045855, Val Loss = 0.043547, Gnorm = 0.146041, Samples = 45056256, LR = 2.21e-04, Steps/sec = 1.37, Samples/sec = 351.1
Step 176500 (35.3%): Train Loss = 0.041344, Val Loss = 0.043596, Gnorm = 0.194976, Samples = 45184256, LR = 2.20e-04, Steps/sec = 1.20, Samples/sec = 308.2
Step 177000 (35.4%): Train Loss = 0.041030, Val Loss = 0.056253, Gnorm = 0.108343, Samples = 45312256, LR = 2.20e-04, Steps/sec = 1.33, Samples/sec = 340.9
Step 177500 (35.5%): Train Loss = 0.040036, Val Loss = 0.045798, Gnorm = 0.116580, Samples = 45440256, LR = 2.19e-04, Steps/sec = 1.18, Samples/sec = 302.8
Step 178000 (35.6%): Train Loss = 0.044832, Val Loss = 0.045143, Gnorm = 0.127857, Samples = 45568256, LR = 2.19e-04, Steps/sec = 1.28, Samples/sec = 328.2
Step 178500 (35.7%): Train Loss = 0.041098, Val Loss = 0.046116, Gnorm = 0.138559, Samples = 45696256, LR = 2.18e-04, Steps/sec = 1.24, Samples/sec = 317.2
Step 179000 (35.8%): Train Loss = 0.046245, Val Loss = 0.040656, Gnorm = 0.115518, Samples = 45824256, LR = 2.18e-04, Steps/sec = 1.22, Samples/sec = 312.1
Step 179500 (35.9%): Train Loss = 0.038354, Val Loss = 0.040929, Gnorm = 0.261964, Samples = 45952256, LR = 2.18e-04, Steps/sec = 1.23, Samples/sec = 316.0
Step 180000 (36.0%): Train Loss = 0.041416, Val Loss = 0.044484, Gnorm = 0.237292, Samples = 46080256, LR = 2.17e-04, Steps/sec = 1.11, Samples/sec = 283.4
Step 180500 (36.1%): Train Loss = 0.045816, Val Loss = 0.048850, Gnorm = 0.182689, Samples = 46208256, LR = 2.17e-04, Steps/sec = 1.15, Samples/sec = 294.3
Step 181000 (36.2%): Train Loss = 0.042447, Val Loss = 0.046972, Gnorm = 0.087958, Samples = 46336256, LR = 2.16e-04, Steps/sec = 1.11, Samples/sec = 283.7
Step 181500 (36.3%): Train Loss = 0.039974, Val Loss = 0.040689, Gnorm = 0.157083, Samples = 46464256, LR = 2.16e-04, Steps/sec = 1.12, Samples/sec = 286.5
Step 182000 (36.4%): Train Loss = 0.039590, Val Loss = 0.048402, Gnorm = 0.156032, Samples = 46592256, LR = 2.16e-04, Steps/sec = 0.37, Samples/sec = 94.6
Step 182500 (36.5%): Train Loss = 0.040178, Val Loss = 0.045944, Gnorm = 0.138917, Samples = 46720256, LR = 2.15e-04, Steps/sec = 1.17, Samples/sec = 300.0
Step 183000 (36.6%): Train Loss = 0.040745, Val Loss = 0.044502, Gnorm = 0.312140, Samples = 46848256, LR = 2.15e-04, Steps/sec = 1.04, Samples/sec = 266.8
Step 183500 (36.7%): Train Loss = 0.046545, Val Loss = 0.049412, Gnorm = 0.293191, Samples = 46976256, LR = 2.14e-04, Steps/sec = 1.11, Samples/sec = 283.3
Step 184000 (36.8%): Train Loss = 0.041350, Val Loss = 0.041570, Gnorm = 0.176144, Samples = 47104256, LR = 2.14e-04, Steps/sec = 1.17, Samples/sec = 299.6
Step 184500 (36.9%): Train Loss = 0.040435, Val Loss = 0.042924, Gnorm = 0.196484, Samples = 47232256, LR = 2.14e-04, Steps/sec = 1.21, Samples/sec = 310.8
Step 185000 (37.0%): Train Loss = 0.044374, Val Loss = 0.040995, Gnorm = 0.143659, Samples = 47360256, LR = 2.13e-04, Steps/sec = 1.19, Samples/sec = 303.8
Step 185500 (37.1%): Train Loss = 0.039848, Val Loss = 0.044273, Gnorm = 0.123332, Samples = 47488256, LR = 2.13e-04, Steps/sec = 1.23, Samples/sec = 316.1
Step 186000 (37.2%): Train Loss = 0.038587, Val Loss = 0.045685, Gnorm = 0.176487, Samples = 47616256, LR = 2.12e-04, Steps/sec = 1.19, Samples/sec = 305.6
Step 186500 (37.3%): Train Loss = 0.038820, Val Loss = 0.046449, Gnorm = 0.175110, Samples = 47744256, LR = 2.12e-04, Steps/sec = 1.20, Samples/sec = 308.2
Step 187000 (37.4%): Train Loss = 0.042775, Val Loss = 0.046484, Gnorm = 0.111752, Samples = 47872256, LR = 2.11e-04, Steps/sec = 1.24, Samples/sec = 318.2
Step 187500 (37.5%): Train Loss = 0.041682, Val Loss = 0.044583, Gnorm = 0.129936, Samples = 48000256, LR = 2.11e-04, Steps/sec = 1.20, Samples/sec = 308.1
Step 188000 (37.6%): Train Loss = 0.047284, Val Loss = 0.037565, Gnorm = 0.128054, Samples = 48128256, LR = 2.11e-04, Steps/sec = 1.19, Samples/sec = 305.8
Step 188500 (37.7%): Train Loss = 0.040890, Val Loss = 0.036680, Gnorm = 0.201066, Samples = 48256256, LR = 2.10e-04, Steps/sec = 1.20, Samples/sec = 307.5
Step 189000 (37.8%): Train Loss = 0.041815, Val Loss = 0.046211, Gnorm = 0.126260, Samples = 48384256, LR = 2.10e-04, Steps/sec = 1.19, Samples/sec = 305.2
Step 189500 (37.9%): Train Loss = 0.043489, Val Loss = 0.037455, Gnorm = 0.198373, Samples = 48512256, LR = 2.09e-04, Steps/sec = 1.15, Samples/sec = 293.9
Step 190000 (38.0%): Train Loss = 0.044856, Val Loss = 0.042038, Gnorm = 0.268440, Samples = 48640256, LR = 2.09e-04, Steps/sec = 1.26, Samples/sec = 322.4
Step 190500 (38.1%): Train Loss = 0.042349, Val Loss = 0.040613, Gnorm = 0.152027, Samples = 48768256, LR = 2.08e-04, Steps/sec = 1.16, Samples/sec = 297.4
Step 191000 (38.2%): Train Loss = 0.048186, Val Loss = 0.043505, Gnorm = 0.133937, Samples = 48896256, LR = 2.08e-04, Steps/sec = 1.33, Samples/sec = 339.4
Step 191500 (38.3%): Train Loss = 0.046791, Val Loss = 0.039503, Gnorm = 0.111189, Samples = 49024256, LR = 2.08e-04, Steps/sec = 1.13, Samples/sec = 289.2
Step 192000 (38.4%): Train Loss = 0.048218, Val Loss = 0.038936, Gnorm = 0.541763, Samples = 49152256, LR = 2.07e-04, Steps/sec = 1.27, Samples/sec = 324.5
Step 192500 (38.5%): Train Loss = 0.045720, Val Loss = 0.042393, Gnorm = 0.116462, Samples = 49280256, LR = 2.07e-04, Steps/sec = 1.17, Samples/sec = 300.2
Step 193000 (38.6%): Train Loss = 0.046462, Val Loss = 0.039236, Gnorm = 0.234426, Samples = 49408256, LR = 2.06e-04, Steps/sec = 1.18, Samples/sec = 302.3
Step 193500 (38.7%): Train Loss = 0.050396, Val Loss = 0.040825, Gnorm = 0.180072, Samples = 49536256, LR = 2.06e-04, Steps/sec = 1.09, Samples/sec = 278.4
Step 194000 (38.8%): Train Loss = 0.046143, Val Loss = 0.044000, Gnorm = 0.135527, Samples = 49664256, LR = 2.05e-04, Steps/sec = 0.43, Samples/sec = 111.1
Step 194500 (38.9%): Train Loss = 0.036425, Val Loss = 0.044456, Gnorm = 0.136211, Samples = 49792256, LR = 2.05e-04, Steps/sec = 1.16, Samples/sec = 297.8
Step 195000 (39.0%): Train Loss = 0.044599, Val Loss = 0.038615, Gnorm = 0.227948, Samples = 49920256, LR = 2.05e-04, Steps/sec = 1.19, Samples/sec = 304.1
Step 195500 (39.1%): Train Loss = 0.043695, Val Loss = 0.039546, Gnorm = 0.181434, Samples = 50048256, LR = 2.04e-04, Steps/sec = 0.81, Samples/sec = 207.0
Step 196000 (39.2%): Train Loss = 0.040949, Val Loss = 0.041853, Gnorm = 0.116262, Samples = 50176256, LR = 2.04e-04, Steps/sec = 1.18, Samples/sec = 301.4
Step 196500 (39.3%): Train Loss = 0.048478, Val Loss = 0.043167, Gnorm = 0.151379, Samples = 50304256, LR = 2.03e-04, Steps/sec = 1.15, Samples/sec = 294.8
Step 197000 (39.4%): Train Loss = 0.043736, Val Loss = 0.042013, Gnorm = 0.124053, Samples = 50432256, LR = 2.03e-04, Steps/sec = 0.86, Samples/sec = 220.5
Step 197500 (39.5%): Train Loss = 0.036680, Val Loss = 0.038671, Gnorm = 0.106790, Samples = 50560256, LR = 2.02e-04, Steps/sec = 1.02, Samples/sec = 261.0
Step 198000 (39.6%): Train Loss = 0.040793, Val Loss = 0.047821, Gnorm = 0.197563, Samples = 50688256, LR = 2.02e-04, Steps/sec = 1.12, Samples/sec = 286.8
Step 198500 (39.7%): Train Loss = 0.049340, Val Loss = 0.044154, Gnorm = 0.385668, Samples = 50816256, LR = 2.02e-04, Steps/sec = 1.19, Samples/sec = 304.5
Step 199000 (39.8%): Train Loss = 0.041168, Val Loss = 0.047000, Gnorm = 0.129757, Samples = 50944256, LR = 2.01e-04, Steps/sec = 1.29, Samples/sec = 329.8
Step 199500 (39.9%): Train Loss = 0.043459, Val Loss = 0.040450, Gnorm = 0.090916, Samples = 51072256, LR = 2.01e-04, Steps/sec = 1.15, Samples/sec = 293.6
Step 200000 (40.0%): Train Loss = 0.044927, Val Loss = 0.043765, Gnorm = 0.167312, Samples = 51200256, LR = 2.00e-04, Steps/sec = 1.23, Samples/sec = 315.6
Step 200500 (40.1%): Train Loss = 0.045400, Val Loss = 0.050687, Gnorm = 0.233331, Samples = 51328256, LR = 2.00e-04, Steps/sec = 1.07, Samples/sec = 272.9
Step 201000 (40.2%): Train Loss = 0.044130, Val Loss = 0.039732, Gnorm = 0.078301, Samples = 51456256, LR = 1.99e-04, Steps/sec = 1.23, Samples/sec = 313.9
Step 201500 (40.3%): Train Loss = 0.038737, Val Loss = 0.051396, Gnorm = 0.148568, Samples = 51584256, LR = 1.99e-04, Steps/sec = 1.21, Samples/sec = 310.8
Step 202000 (40.4%): Train Loss = 0.044794, Val Loss = 0.043862, Gnorm = 0.105858, Samples = 51712256, LR = 1.99e-04, Steps/sec = 1.36, Samples/sec = 349.1
Step 202500 (40.5%): Train Loss = 0.037997, Val Loss = 0.041802, Gnorm = 0.211311, Samples = 51840256, LR = 1.98e-04, Steps/sec = 1.27, Samples/sec = 325.1
Step 203000 (40.6%): Train Loss = 0.042092, Val Loss = 0.046169, Gnorm = 0.290717, Samples = 51968256, LR = 1.98e-04, Steps/sec = 1.33, Samples/sec = 340.8
Step 203500 (40.7%): Train Loss = 0.039313, Val Loss = 0.036363, Gnorm = 0.104026, Samples = 52096256, LR = 1.97e-04, Steps/sec = 1.38, Samples/sec = 352.4
Step 204000 (40.8%): Train Loss = 0.045014, Val Loss = 0.039541, Gnorm = 0.108521, Samples = 52224256, LR = 1.97e-04, Steps/sec = 1.21, Samples/sec = 310.3
Step 204500 (40.9%): Train Loss = 0.047821, Val Loss = 0.042692, Gnorm = 0.108538, Samples = 52352256, LR = 1.96e-04, Steps/sec = 1.29, Samples/sec = 330.6
Step 205000 (41.0%): Train Loss = 0.042133, Val Loss = 0.041109, Gnorm = 0.113976, Samples = 52480256, LR = 1.96e-04, Steps/sec = 1.21, Samples/sec = 309.2
Step 205500 (41.1%): Train Loss = 0.036353, Val Loss = 0.038268, Gnorm = 0.265958, Samples = 52608256, LR = 1.96e-04, Steps/sec = 0.46, Samples/sec = 117.0
Step 206000 (41.2%): Train Loss = 0.036497, Val Loss = 0.035566, Gnorm = 0.217657, Samples = 52736256, LR = 1.95e-04, Steps/sec = 1.32, Samples/sec = 339.2
Step 206500 (41.3%): Train Loss = 0.041458, Val Loss = 0.037048, Gnorm = 0.094707, Samples = 52864256, LR = 1.95e-04, Steps/sec = 1.36, Samples/sec = 348.3
Step 207000 (41.4%): Train Loss = 0.045055, Val Loss = 0.048847, Gnorm = 0.237460, Samples = 52992256, LR = 1.94e-04, Steps/sec = 1.06, Samples/sec = 271.5
Step 207500 (41.5%): Train Loss = 0.041196, Val Loss = 0.047616, Gnorm = 0.134776, Samples = 53120256, LR = 1.94e-04, Steps/sec = 1.28, Samples/sec = 328.4
Step 208000 (41.6%): Train Loss = 0.043576, Val Loss = 0.048081, Gnorm = 0.193955, Samples = 53248256, LR = 1.93e-04, Steps/sec = 1.33, Samples/sec = 339.3
Step 208500 (41.7%): Train Loss = 0.038406, Val Loss = 0.036571, Gnorm = 0.080479, Samples = 53376256, LR = 1.93e-04, Steps/sec = 1.41, Samples/sec = 361.5
Step 209000 (41.8%): Train Loss = 0.043552, Val Loss = 0.047945, Gnorm = 0.131214, Samples = 53504256, LR = 1.92e-04, Steps/sec = 1.29, Samples/sec = 329.3
Step 209500 (41.9%): Train Loss = 0.039983, Val Loss = 0.041963, Gnorm = 0.059868, Samples = 53632256, LR = 1.92e-04, Steps/sec = 1.15, Samples/sec = 294.7
Step 210000 (42.0%): Train Loss = 0.041610, Val Loss = 0.039673, Gnorm = 0.179157, Samples = 53760256, LR = 1.92e-04, Steps/sec = 1.27, Samples/sec = 325.7
Step 210500 (42.1%): Train Loss = 0.042840, Val Loss = 0.043437, Gnorm = 0.168262, Samples = 53888256, LR = 1.91e-04, Steps/sec = 1.36, Samples/sec = 347.6
Step 211000 (42.2%): Train Loss = 0.041684, Val Loss = 0.041644, Gnorm = 0.126079, Samples = 54016256, LR = 1.91e-04, Steps/sec = 1.37, Samples/sec = 350.8
Step 211500 (42.3%): Train Loss = 0.042438, Val Loss = 0.035748, Gnorm = 0.251846, Samples = 54144256, LR = 1.90e-04, Steps/sec = 1.37, Samples/sec = 350.8
Step 212000 (42.4%): Train Loss = 0.044479, Val Loss = 0.043616, Gnorm = 0.174049, Samples = 54272256, LR = 1.90e-04, Steps/sec = 1.36, Samples/sec = 349.3
Step 212500 (42.5%): Train Loss = 0.042199, Val Loss = 0.037668, Gnorm = 0.217374, Samples = 54400256, LR = 1.89e-04, Steps/sec = 1.28, Samples/sec = 328.6
Step 213000 (42.6%): Train Loss = 0.039688, Val Loss = 0.044798, Gnorm = 0.111193, Samples = 54528256, LR = 1.89e-04, Steps/sec = 1.30, Samples/sec = 331.9
Step 213500 (42.7%): Train Loss = 0.055079, Val Loss = 0.039169, Gnorm = 0.192091, Samples = 54656256, LR = 1.88e-04, Steps/sec = 1.20, Samples/sec = 307.6
Step 214000 (42.8%): Train Loss = 0.041381, Val Loss = 0.044253, Gnorm = 0.169479, Samples = 54784256, LR = 1.88e-04, Steps/sec = 1.29, Samples/sec = 330.5
Step 214500 (42.9%): Train Loss = 0.043751, Val Loss = 0.043769, Gnorm = 0.092508, Samples = 54912256, LR = 1.88e-04, Steps/sec = 1.36, Samples/sec = 348.1
Step 215000 (43.0%): Train Loss = 0.038816, Val Loss = 0.044475, Gnorm = 0.330386, Samples = 55040256, LR = 1.87e-04, Steps/sec = 1.41, Samples/sec = 361.4
Step 215500 (43.1%): Train Loss = 0.038971, Val Loss = 0.039666, Gnorm = 0.134850, Samples = 55168256, LR = 1.87e-04, Steps/sec = 1.23, Samples/sec = 315.2
Step 216000 (43.2%): Train Loss = 0.043394, Val Loss = 0.044332, Gnorm = 0.137714, Samples = 55296256, LR = 1.86e-04, Steps/sec = 1.24, Samples/sec = 318.6
Step 216500 (43.3%): Train Loss = 0.046057, Val Loss = 0.043961, Gnorm = 0.085361, Samples = 55424256, LR = 1.86e-04, Steps/sec = 1.45, Samples/sec = 370.9
Step 217000 (43.4%): Train Loss = 0.042971, Val Loss = 0.039091, Gnorm = 0.113043, Samples = 55552256, LR = 1.85e-04, Steps/sec = 1.30, Samples/sec = 333.5
Step 217500 (43.5%): Train Loss = 0.043105, Val Loss = 0.039116, Gnorm = 0.116625, Samples = 55680256, LR = 1.85e-04, Steps/sec = 1.27, Samples/sec = 324.2
Step 218000 (43.6%): Train Loss = 0.042839, Val Loss = 0.043298, Gnorm = 0.144902, Samples = 55808256, LR = 1.84e-04, Steps/sec = 1.34, Samples/sec = 341.8
Step 218500 (43.7%): Train Loss = 0.041517, Val Loss = 0.052108, Gnorm = 0.144425, Samples = 55936256, LR = 1.84e-04, Steps/sec = 1.25, Samples/sec = 320.5
Step 219000 (43.8%): Train Loss = 0.048334, Val Loss = 0.046344, Gnorm = 0.072396, Samples = 56064256, LR = 1.84e-04, Steps/sec = 0.46, Samples/sec = 118.4
Step 219500 (43.9%): Train Loss = 0.044544, Val Loss = 0.054951, Gnorm = 0.166351, Samples = 56192256, LR = 1.83e-04, Steps/sec = 1.24, Samples/sec = 317.1
Step 220000 (44.0%): Train Loss = 0.045602, Val Loss = 0.041543, Gnorm = 0.111998, Samples = 56320256, LR = 1.83e-04, Steps/sec = 1.36, Samples/sec = 348.2
Step 220500 (44.1%): Train Loss = 0.038064, Val Loss = 0.045701, Gnorm = 0.237711, Samples = 56448256, LR = 1.82e-04, Steps/sec = 1.03, Samples/sec = 262.5
Step 221000 (44.2%): Train Loss = 0.043167, Val Loss = 0.040696, Gnorm = 0.180175, Samples = 56576256, LR = 1.82e-04, Steps/sec = 1.36, Samples/sec = 348.4
Step 221500 (44.3%): Train Loss = 0.040133, Val Loss = 0.044132, Gnorm = 0.085105, Samples = 56704256, LR = 1.81e-04, Steps/sec = 1.23, Samples/sec = 314.3
Step 222000 (44.4%): Train Loss = 0.042452, Val Loss = 0.036366, Gnorm = 0.120063, Samples = 56832256, LR = 1.81e-04, Steps/sec = 1.30, Samples/sec = 331.7
Step 222500 (44.5%): Train Loss = 0.043649, Val Loss = 0.049442, Gnorm = 0.300426, Samples = 56960256, LR = 1.80e-04, Steps/sec = 1.08, Samples/sec = 275.5
Step 223000 (44.6%): Train Loss = 0.040018, Val Loss = 0.038521, Gnorm = 0.185819, Samples = 57088256, LR = 1.80e-04, Steps/sec = 1.28, Samples/sec = 328.1
Step 223500 (44.7%): Train Loss = 0.041314, Val Loss = 0.045983, Gnorm = 0.182979, Samples = 57216256, LR = 1.80e-04, Steps/sec = 1.21, Samples/sec = 310.1
Step 224000 (44.8%): Train Loss = 0.043516, Val Loss = 0.043775, Gnorm = 0.324149, Samples = 57344256, LR = 1.79e-04, Steps/sec = 1.37, Samples/sec = 350.5
Step 224500 (44.9%): Train Loss = 0.041419, Val Loss = 0.034074, Gnorm = 0.177741, Samples = 57472256, LR = 1.79e-04, Steps/sec = 1.23, Samples/sec = 315.7
Step 225000 (45.0%): Train Loss = 0.040509, Val Loss = 0.040042, Gnorm = 0.165936, Samples = 57600256, LR = 1.78e-04, Steps/sec = 1.20, Samples/sec = 306.4
Step 225500 (45.1%): Train Loss = 0.040583, Val Loss = 0.038546, Gnorm = 0.164988, Samples = 57728256, LR = 1.78e-04, Steps/sec = 1.31, Samples/sec = 336.4
Step 226000 (45.2%): Train Loss = 0.043236, Val Loss = 0.041792, Gnorm = 0.151092, Samples = 57856256, LR = 1.77e-04, Steps/sec = 1.23, Samples/sec = 315.4
Step 226500 (45.3%): Train Loss = 0.042689, Val Loss = 0.037568, Gnorm = 0.366020, Samples = 57984256, LR = 1.77e-04, Steps/sec = 1.18, Samples/sec = 301.6
Step 227000 (45.4%): Train Loss = 0.043983, Val Loss = 0.043046, Gnorm = 0.311758, Samples = 58112256, LR = 1.76e-04, Steps/sec = 1.37, Samples/sec = 350.5
Step 227500 (45.5%): Train Loss = 0.036598, Val Loss = 0.043918, Gnorm = 0.174208, Samples = 58240256, LR = 1.76e-04, Steps/sec = 1.33, Samples/sec = 341.2
Step 228000 (45.6%): Train Loss = 0.040537, Val Loss = 0.039620, Gnorm = 0.354215, Samples = 58368256, LR = 1.75e-04, Steps/sec = 1.27, Samples/sec = 324.6
Step 228500 (45.7%): Train Loss = 0.044162, Val Loss = 0.040170, Gnorm = 0.255441, Samples = 58496256, LR = 1.75e-04, Steps/sec = 1.35, Samples/sec = 345.6
Step 229000 (45.8%): Train Loss = 0.043856, Val Loss = 0.040667, Gnorm = 0.120624, Samples = 58624256, LR = 1.75e-04, Steps/sec = 1.27, Samples/sec = 325.0
Step 229500 (45.9%): Train Loss = 0.040697, Val Loss = 0.039594, Gnorm = 0.217061, Samples = 58752256, LR = 1.74e-04, Steps/sec = 1.41, Samples/sec = 360.6
Step 230000 (46.0%): Train Loss = 0.035664, Val Loss = 0.042773, Gnorm = 0.143673, Samples = 58880256, LR = 1.74e-04, Steps/sec = 1.24, Samples/sec = 318.5
Step 230500 (46.1%): Train Loss = 0.040916, Val Loss = 0.043947, Gnorm = 0.310715, Samples = 59008256, LR = 1.73e-04, Steps/sec = 1.31, Samples/sec = 334.3
Step 231000 (46.2%): Train Loss = 0.045385, Val Loss = 0.039273, Gnorm = 0.113179, Samples = 59136256, LR = 1.73e-04, Steps/sec = 1.25, Samples/sec = 320.3
Step 231500 (46.3%): Train Loss = 0.037777, Val Loss = 0.038825, Gnorm = 0.127141, Samples = 59264256, LR = 1.72e-04, Steps/sec = 0.47, Samples/sec = 119.3
Step 232000 (46.4%): Train Loss = 0.040895, Val Loss = 0.038337, Gnorm = 0.125457, Samples = 59392256, LR = 1.72e-04, Steps/sec = 1.26, Samples/sec = 323.6
Step 232500 (46.5%): Train Loss = 0.043492, Val Loss = 0.038080, Gnorm = 0.117800, Samples = 59520256, LR = 1.71e-04, Steps/sec = 1.40, Samples/sec = 359.2
Step 233000 (46.6%): Train Loss = 0.041871, Val Loss = 0.041166, Gnorm = 0.165841, Samples = 59648256, LR = 1.71e-04, Steps/sec = 1.15, Samples/sec = 293.2
Step 233500 (46.7%): Train Loss = 0.041864, Val Loss = 0.045391, Gnorm = 0.151616, Samples = 59776256, LR = 1.70e-04, Steps/sec = 1.24, Samples/sec = 316.8
Step 234000 (46.8%): Train Loss = 0.040393, Val Loss = 0.039592, Gnorm = 0.189037, Samples = 59904256, LR = 1.70e-04, Steps/sec = 1.18, Samples/sec = 300.9
Step 234500 (46.9%): Train Loss = 0.045900, Val Loss = 0.048033, Gnorm = 0.114871, Samples = 60032256, LR = 1.70e-04, Steps/sec = 1.50, Samples/sec = 384.7
Step 235000 (47.0%): Train Loss = 0.038563, Val Loss = 0.042566, Gnorm = 0.127356, Samples = 60160256, LR = 1.69e-04, Steps/sec = 1.15, Samples/sec = 295.3
Step 235500 (47.1%): Train Loss = 0.037335, Val Loss = 0.037183, Gnorm = 0.258709, Samples = 60288256, LR = 1.69e-04, Steps/sec = 1.29, Samples/sec = 329.7
Step 236000 (47.2%): Train Loss = 0.041333, Val Loss = 0.037380, Gnorm = 0.283983, Samples = 60416256, LR = 1.68e-04, Steps/sec = 1.32, Samples/sec = 337.6
Step 236500 (47.3%): Train Loss = 0.042529, Val Loss = 0.045814, Gnorm = 0.128805, Samples = 60544256, LR = 1.68e-04, Steps/sec = 1.33, Samples/sec = 340.4
Step 237000 (47.4%): Train Loss = 0.033807, Val Loss = 0.040194, Gnorm = 0.145737, Samples = 60672256, LR = 1.67e-04, Steps/sec = 1.34, Samples/sec = 343.2
Step 237500 (47.5%): Train Loss = 0.038034, Val Loss = 0.041819, Gnorm = 0.197546, Samples = 60800256, LR = 1.67e-04, Steps/sec = 1.34, Samples/sec = 342.3
Step 238000 (47.6%): Train Loss = 0.039975, Val Loss = 0.044169, Gnorm = 0.179792, Samples = 60928256, LR = 1.66e-04, Steps/sec = 1.36, Samples/sec = 348.1
Step 238500 (47.7%): Train Loss = 0.036892, Val Loss = 0.037141, Gnorm = 0.100191, Samples = 61056256, LR = 1.66e-04, Steps/sec = 1.31, Samples/sec = 336.2
Step 239000 (47.8%): Train Loss = 0.040876, Val Loss = 0.040493, Gnorm = 0.145052, Samples = 61184256, LR = 1.65e-04, Steps/sec = 1.34, Samples/sec = 343.8
Step 239500 (47.9%): Train Loss = 0.047507, Val Loss = 0.035399, Gnorm = 0.382241, Samples = 61312256, LR = 1.65e-04, Steps/sec = 1.15, Samples/sec = 295.0
Step 240000 (48.0%): Train Loss = 0.039924, Val Loss = 0.035996, Gnorm = 0.172828, Samples = 61440256, LR = 1.65e-04, Steps/sec = 1.41, Samples/sec = 360.1
Step 240500 (48.1%): Train Loss = 0.045166, Val Loss = 0.038785, Gnorm = 0.363502, Samples = 61568256, LR = 1.64e-04, Steps/sec = 1.32, Samples/sec = 337.1
Step 241000 (48.2%): Train Loss = 0.048936, Val Loss = 0.044251, Gnorm = 0.163016, Samples = 61696256, LR = 1.64e-04, Steps/sec = 1.44, Samples/sec = 367.4
Step 241500 (48.3%): Train Loss = 0.045976, Val Loss = 0.041562, Gnorm = 0.204897, Samples = 61824256, LR = 1.63e-04, Steps/sec = 1.28, Samples/sec = 328.3
Step 242000 (48.4%): Train Loss = 0.046527, Val Loss = 0.038986, Gnorm = 0.108711, Samples = 61952256, LR = 1.63e-04, Steps/sec = 1.43, Samples/sec = 365.1
Step 242500 (48.5%): Train Loss = 0.040083, Val Loss = 0.033616, Gnorm = 0.219082, Samples = 62080256, LR = 1.62e-04, Steps/sec = 1.27, Samples/sec = 326.0
Step 243000 (48.6%): Train Loss = 0.040679, Val Loss = 0.045894, Gnorm = 0.195341, Samples = 62208256, LR = 1.62e-04, Steps/sec = 1.17, Samples/sec = 299.6
Step 243500 (48.7%): Train Loss = 0.041016, Val Loss = 0.040212, Gnorm = 0.136799, Samples = 62336256, LR = 1.61e-04, Steps/sec = 1.38, Samples/sec = 353.8
Step 244000 (48.8%): Train Loss = 0.040002, Val Loss = 0.040868, Gnorm = 0.119859, Samples = 62464256, LR = 1.61e-04, Steps/sec = 1.36, Samples/sec = 348.8
Step 244500 (48.9%): Train Loss = 0.036399, Val Loss = 0.044508, Gnorm = 0.252634, Samples = 62592256, LR = 1.60e-04, Steps/sec = 1.25, Samples/sec = 320.8
Step 245000 (49.0%): Train Loss = 0.046109, Val Loss = 0.038120, Gnorm = 0.253981, Samples = 62720256, LR = 1.60e-04, Steps/sec = 0.47, Samples/sec = 119.8
Step 245500 (49.1%): Train Loss = 0.042446, Val Loss = 0.041283, Gnorm = 0.138891, Samples = 62848256, LR = 1.60e-04, Steps/sec = 1.28, Samples/sec = 328.5
Step 246000 (49.2%): Train Loss = 0.041197, Val Loss = 0.045676, Gnorm = 0.137916, Samples = 62976256, LR = 1.59e-04, Steps/sec = 1.37, Samples/sec = 350.6
Step 246500 (49.3%): Train Loss = 0.035862, Val Loss = 0.045136, Gnorm = 0.082238, Samples = 63104256, LR = 1.59e-04, Steps/sec = 1.08, Samples/sec = 277.1
Step 247000 (49.4%): Train Loss = 0.038026, Val Loss = 0.034862, Gnorm = 0.189780, Samples = 63232256, LR = 1.58e-04, Steps/sec = 1.39, Samples/sec = 357.1
Step 247500 (49.5%): Train Loss = 0.036375, Val Loss = 0.038891, Gnorm = 0.126016, Samples = 63360256, LR = 1.58e-04, Steps/sec = 1.29, Samples/sec = 330.8
Step 248000 (49.6%): Train Loss = 0.049510, Val Loss = 0.045027, Gnorm = 0.153135, Samples = 63488256, LR = 1.57e-04, Steps/sec = 1.34, Samples/sec = 342.1
Step 248500 (49.7%): Train Loss = 0.047021, Val Loss = 0.047073, Gnorm = 0.266053, Samples = 63616256, LR = 1.57e-04, Steps/sec = 1.14, Samples/sec = 292.3
Step 249000 (49.8%): Train Loss = 0.039438, Val Loss = 0.042469, Gnorm = 0.103931, Samples = 63744256, LR = 1.56e-04, Steps/sec = 1.41, Samples/sec = 360.6
Step 249500 (49.9%): Train Loss = 0.043281, Val Loss = 0.040691, Gnorm = 0.199782, Samples = 63872256, LR = 1.56e-04, Steps/sec = 1.28, Samples/sec = 327.9
Step 250000 (50.0%): Train Loss = 0.043070, Val Loss = 0.039614, Gnorm = 0.470296, Samples = 64000256, LR = 1.55e-04, Steps/sec = 1.42, Samples/sec = 364.1
Step 250500 (50.1%): Train Loss = 0.038807, Val Loss = 0.043087, Gnorm = 0.095856, Samples = 64128256, LR = 1.55e-04, Steps/sec = 1.28, Samples/sec = 328.1
Step 251000 (50.2%): Train Loss = 0.042928, Val Loss = 0.035530, Gnorm = 0.131420, Samples = 64256256, LR = 1.55e-04, Steps/sec = 1.44, Samples/sec = 369.8
Step 251500 (50.3%): Train Loss = 0.044320, Val Loss = 0.038511, Gnorm = 0.135235, Samples = 64384256, LR = 1.54e-04, Steps/sec = 1.45, Samples/sec = 370.7
Step 252000 (50.4%): Train Loss = 0.039629, Val Loss = 0.035229, Gnorm = 0.178154, Samples = 64512256, LR = 1.54e-04, Steps/sec = 1.11, Samples/sec = 283.0
Step 252500 (50.5%): Train Loss = 0.041989, Val Loss = 0.039111, Gnorm = 0.116464, Samples = 64640256, LR = 1.53e-04, Steps/sec = 1.42, Samples/sec = 364.6
Step 253000 (50.6%): Train Loss = 0.043434, Val Loss = 0.037512, Gnorm = 0.122619, Samples = 64768256, LR = 1.53e-04, Steps/sec = 1.18, Samples/sec = 301.5
Step 253500 (50.7%): Train Loss = 0.041254, Val Loss = 0.045886, Gnorm = 0.197485, Samples = 64896256, LR = 1.52e-04, Steps/sec = 1.47, Samples/sec = 375.8
Step 254000 (50.8%): Train Loss = 0.048735, Val Loss = 0.037657, Gnorm = 0.161425, Samples = 65024256, LR = 1.52e-04, Steps/sec = 1.28, Samples/sec = 328.6
Step 254500 (50.9%): Train Loss = 0.037628, Val Loss = 0.046833, Gnorm = 0.108842, Samples = 65152256, LR = 1.51e-04, Steps/sec = 1.39, Samples/sec = 355.6
Step 255000 (51.0%): Train Loss = 0.041201, Val Loss = 0.038505, Gnorm = 0.122364, Samples = 65280256, LR = 1.51e-04, Steps/sec = 1.31, Samples/sec = 335.6
Step 255500 (51.1%): Train Loss = 0.036944, Val Loss = 0.046359, Gnorm = 0.162830, Samples = 65408256, LR = 1.50e-04, Steps/sec = 1.45, Samples/sec = 370.3
Step 256000 (51.2%): Train Loss = 0.037702, Val Loss = 0.041279, Gnorm = 0.207540, Samples = 65536256, LR = 1.50e-04, Steps/sec = 1.30, Samples/sec = 331.7
Step 256500 (51.3%): Train Loss = 0.037757, Val Loss = 0.039627, Gnorm = 0.124597, Samples = 65664256, LR = 1.50e-04, Steps/sec = 1.34, Samples/sec = 343.2
Step 257000 (51.4%): Train Loss = 0.043329, Val Loss = 0.042168, Gnorm = 0.103491, Samples = 65792256, LR = 1.49e-04, Steps/sec = 1.18, Samples/sec = 301.3
Step 257500 (51.5%): Train Loss = 0.038644, Val Loss = 0.040583, Gnorm = 0.203867, Samples = 65920256, LR = 1.49e-04, Steps/sec = 1.41, Samples/sec = 360.4
Step 258000 (51.6%): Train Loss = 0.046247, Val Loss = 0.041900, Gnorm = 0.259893, Samples = 66048256, LR = 1.48e-04, Steps/sec = 0.46, Samples/sec = 117.8
Step 258500 (51.7%): Train Loss = 0.040168, Val Loss = 0.037837, Gnorm = 0.222754, Samples = 66176256, LR = 1.48e-04, Steps/sec = 1.47, Samples/sec = 375.6
Step 259000 (51.8%): Train Loss = 0.039551, Val Loss = 0.042424, Gnorm = 0.221811, Samples = 66304256, LR = 1.47e-04, Steps/sec = 1.27, Samples/sec = 326.1
Step 259500 (51.9%): Train Loss = 0.043848, Val Loss = 0.040531, Gnorm = 0.143239, Samples = 66432256, LR = 1.47e-04, Steps/sec = 1.21, Samples/sec = 310.7
Step 260000 (52.0%): Train Loss = 0.036050, Val Loss = 0.037142, Gnorm = 0.111345, Samples = 66560256, LR = 1.46e-04, Steps/sec = 1.18, Samples/sec = 301.9
Step 260500 (52.1%): Train Loss = 0.046305, Val Loss = 0.040251, Gnorm = 0.206530, Samples = 66688256, LR = 1.46e-04, Steps/sec = 1.41, Samples/sec = 361.5
Step 261000 (52.2%): Train Loss = 0.037898, Val Loss = 0.039814, Gnorm = 0.157639, Samples = 66816256, LR = 1.45e-04, Steps/sec = 1.17, Samples/sec = 300.2
Step 261500 (52.3%): Train Loss = 0.037240, Val Loss = 0.047873, Gnorm = 0.252421, Samples = 66944256, LR = 1.45e-04, Steps/sec = 1.41, Samples/sec = 360.2
Step 262000 (52.4%): Train Loss = 0.042762, Val Loss = 0.037860, Gnorm = 0.432633, Samples = 67072256, LR = 1.45e-04, Steps/sec = 1.17, Samples/sec = 300.1
Step 262500 (52.5%): Train Loss = 0.041501, Val Loss = 0.043254, Gnorm = 0.212590, Samples = 67200256, LR = 1.44e-04, Steps/sec = 1.44, Samples/sec = 368.6
Step 263000 (52.6%): Train Loss = 0.040874, Val Loss = 0.039197, Gnorm = 0.096465, Samples = 67328256, LR = 1.44e-04, Steps/sec = 1.35, Samples/sec = 344.7
Step 263500 (52.7%): Train Loss = 0.036027, Val Loss = 0.044585, Gnorm = 0.099885, Samples = 67456256, LR = 1.43e-04, Steps/sec = 1.33, Samples/sec = 341.6
Step 264000 (52.8%): Train Loss = 0.040768, Val Loss = 0.044852, Gnorm = 0.362083, Samples = 67584256, LR = 1.43e-04, Steps/sec = 1.37, Samples/sec = 351.2
Step 264500 (52.9%): Train Loss = 0.037224, Val Loss = 0.044716, Gnorm = 0.090863, Samples = 67712256, LR = 1.42e-04, Steps/sec = 1.41, Samples/sec = 361.4
Step 265000 (53.0%): Train Loss = 0.037121, Val Loss = 0.040657, Gnorm = 0.130875, Samples = 67840256, LR = 1.42e-04, Steps/sec = 1.33, Samples/sec = 340.6
Step 265500 (53.1%): Train Loss = 0.044633, Val Loss = 0.040711, Gnorm = 0.210829, Samples = 67968256, LR = 1.41e-04, Steps/sec = 1.29, Samples/sec = 330.5
Step 266000 (53.2%): Train Loss = 0.041190, Val Loss = 0.036281, Gnorm = 0.225400, Samples = 68096256, LR = 1.41e-04, Steps/sec = 1.25, Samples/sec = 320.8
Step 266500 (53.3%): Train Loss = 0.040843, Val Loss = 0.032512, Gnorm = 0.150093, Samples = 68224256, LR = 1.40e-04, Steps/sec = 1.28, Samples/sec = 327.5
Step 267000 (53.4%): Train Loss = 0.044925, Val Loss = 0.039168, Gnorm = 0.305608, Samples = 68352256, LR = 1.40e-04, Steps/sec = 1.42, Samples/sec = 363.0
Step 267500 (53.5%): Train Loss = 0.037711, Val Loss = 0.038493, Gnorm = 0.140937, Samples = 68480256, LR = 1.40e-04, Steps/sec = 1.37, Samples/sec = 349.8
Step 268000 (53.6%): Train Loss = 0.040960, Val Loss = 0.034664, Gnorm = 0.140361, Samples = 68608256, LR = 1.39e-04, Steps/sec = 1.34, Samples/sec = 341.9
Step 268500 (53.7%): Train Loss = 0.044201, Val Loss = 0.038115, Gnorm = 0.087733, Samples = 68736256, LR = 1.39e-04, Steps/sec = 1.37, Samples/sec = 350.6
Step 269000 (53.8%): Train Loss = 0.039710, Val Loss = 0.038252, Gnorm = 0.127015, Samples = 68864256, LR = 1.38e-04, Steps/sec = 1.36, Samples/sec = 347.0
Step 269500 (53.9%): Train Loss = 0.044755, Val Loss = 0.037653, Gnorm = 0.212904, Samples = 68992256, LR = 1.38e-04, Steps/sec = 1.24, Samples/sec = 318.1
Step 270000 (54.0%): Train Loss = 0.043553, Val Loss = 0.040352, Gnorm = 0.272606, Samples = 69120256, LR = 1.37e-04, Steps/sec = 1.20, Samples/sec = 307.8
Step 270500 (54.1%): Train Loss = 0.047415, Val Loss = 0.049814, Gnorm = 0.150388, Samples = 69248256, LR = 1.37e-04, Steps/sec = 1.36, Samples/sec = 348.0
Step 271000 (54.2%): Train Loss = 0.041620, Val Loss = 0.038534, Gnorm = 0.247167, Samples = 69376256, LR = 1.36e-04, Steps/sec = 1.30, Samples/sec = 333.3
Step 271500 (54.3%): Train Loss = 0.040306, Val Loss = 0.042207, Gnorm = 0.267303, Samples = 69504256, LR = 1.36e-04, Steps/sec = 0.46, Samples/sec = 117.9
Step 272000 (54.4%): Train Loss = 0.038393, Val Loss = 0.033977, Gnorm = 0.157089, Samples = 69632256, LR = 1.35e-04, Steps/sec = 1.36, Samples/sec = 347.7
Step 272500 (54.5%): Train Loss = 0.038904, Val Loss = 0.044202, Gnorm = 0.277990, Samples = 69760256, LR = 1.35e-04, Steps/sec = 1.38, Samples/sec = 354.1
Step 273000 (54.6%): Train Loss = 0.040571, Val Loss = 0.047301, Gnorm = 0.206359, Samples = 69888256, LR = 1.35e-04, Steps/sec = 1.05, Samples/sec = 269.3
Step 273500 (54.7%): Train Loss = 0.033127, Val Loss = 0.044897, Gnorm = 0.104167, Samples = 70016256, LR = 1.34e-04, Steps/sec = 1.35, Samples/sec = 346.8
Step 274000 (54.8%): Train Loss = 0.038973, Val Loss = 0.042518, Gnorm = 0.112554, Samples = 70144256, LR = 1.34e-04, Steps/sec = 1.30, Samples/sec = 332.0
Step 274500 (54.9%): Train Loss = 0.041992, Val Loss = 0.041627, Gnorm = 0.100492, Samples = 70272256, LR = 1.33e-04, Steps/sec = 1.38, Samples/sec = 354.5
Step 275000 (55.0%): Train Loss = 0.046946, Val Loss = 0.041594, Gnorm = 0.142920, Samples = 70400256, LR = 1.33e-04, Steps/sec = 1.12, Samples/sec = 287.5
Step 275500 (55.1%): Train Loss = 0.037845, Val Loss = 0.037500, Gnorm = 0.088572, Samples = 70528256, LR = 1.32e-04, Steps/sec = 1.31, Samples/sec = 336.2
Step 276000 (55.2%): Train Loss = 0.040942, Val Loss = 0.043410, Gnorm = 0.294086, Samples = 70656256, LR = 1.32e-04, Steps/sec = 1.17, Samples/sec = 300.6
Step 276500 (55.3%): Train Loss = 0.042125, Val Loss = 0.040347, Gnorm = 0.386134, Samples = 70784256, LR = 1.31e-04, Steps/sec = 1.35, Samples/sec = 346.8
Step 277000 (55.4%): Train Loss = 0.040131, Val Loss = 0.036379, Gnorm = 0.200284, Samples = 70912256, LR = 1.31e-04, Steps/sec = 1.27, Samples/sec = 324.6
Step 277500 (55.5%): Train Loss = 0.039507, Val Loss = 0.040000, Gnorm = 0.114298, Samples = 71040256, LR = 1.30e-04, Steps/sec = 1.39, Samples/sec = 356.9
Step 278000 (55.6%): Train Loss = 0.045341, Val Loss = 0.056518, Gnorm = 0.156132, Samples = 71168256, LR = 1.30e-04, Steps/sec = 1.18, Samples/sec = 302.8
Step 278500 (55.7%): Train Loss = 0.038989, Val Loss = 0.041473, Gnorm = 0.087686, Samples = 71296256, LR = 1.30e-04, Steps/sec = 1.32, Samples/sec = 339.0
Step 279000 (55.8%): Train Loss = 0.040748, Val Loss = 0.035194, Gnorm = 0.178107, Samples = 71424256, LR = 1.29e-04, Steps/sec = 1.04, Samples/sec = 265.2
Step 279500 (55.9%): Train Loss = 0.040264, Val Loss = 0.052552, Gnorm = 0.202236, Samples = 71552256, LR = 1.29e-04, Steps/sec = 1.47, Samples/sec = 375.0
Step 280000 (56.0%): Train Loss = 0.036230, Val Loss = 0.044690, Gnorm = 0.221098, Samples = 71680256, LR = 1.28e-04, Steps/sec = 1.43, Samples/sec = 366.6
Step 280500 (56.1%): Train Loss = 0.036846, Val Loss = 0.038630, Gnorm = 0.107201, Samples = 71808256, LR = 1.28e-04, Steps/sec = 1.62, Samples/sec = 413.6
Step 281000 (56.2%): Train Loss = 0.042521, Val Loss = 0.041324, Gnorm = 0.112771, Samples = 71936256, LR = 1.27e-04, Steps/sec = 1.41, Samples/sec = 360.6
Step 281500 (56.3%): Train Loss = 0.041354, Val Loss = 0.044148, Gnorm = 0.181089, Samples = 72064256, LR = 1.27e-04, Steps/sec = 1.65, Samples/sec = 423.5
Step 282000 (56.4%): Train Loss = 0.040600, Val Loss = 0.038690, Gnorm = 0.182469, Samples = 72192256, LR = 1.26e-04, Steps/sec = 1.17, Samples/sec = 299.5
Step 282500 (56.5%): Train Loss = 0.039943, Val Loss = 0.040828, Gnorm = 0.189796, Samples = 72320256, LR = 1.26e-04, Steps/sec = 1.59, Samples/sec = 406.6
Step 283000 (56.6%): Train Loss = 0.041095, Val Loss = 0.042593, Gnorm = 0.210242, Samples = 72448256, LR = 1.26e-04, Steps/sec = 1.39, Samples/sec = 354.6
Step 283500 (56.7%): Train Loss = 0.040185, Val Loss = 0.035254, Gnorm = 0.191533, Samples = 72576256, LR = 1.25e-04, Steps/sec = 1.54, Samples/sec = 394.9
Step 284000 (56.8%): Train Loss = 0.040873, Val Loss = 0.039906, Gnorm = 0.142530, Samples = 72704256, LR = 1.25e-04, Steps/sec = 1.38, Samples/sec = 353.3
Step 284500 (56.9%): Train Loss = 0.040295, Val Loss = 0.037053, Gnorm = 0.148905, Samples = 72832256, LR = 1.24e-04, Steps/sec = 1.58, Samples/sec = 405.4
Step 285000 (57.0%): Train Loss = 0.039062, Val Loss = 0.042459, Gnorm = 0.173201, Samples = 72960256, LR = 1.24e-04, Steps/sec = 0.48, Samples/sec = 122.5
Step 285500 (57.1%): Train Loss = 0.048156, Val Loss = 0.041267, Gnorm = 0.098493, Samples = 73088256, LR = 1.23e-04, Steps/sec = 1.65, Samples/sec = 422.2
Step 286000 (57.2%): Train Loss = 0.037289, Val Loss = 0.037461, Gnorm = 0.169434, Samples = 73216256, LR = 1.23e-04, Steps/sec = 1.54, Samples/sec = 393.1
Step 286500 (57.3%): Train Loss = 0.047551, Val Loss = 0.041237, Gnorm = 0.145348, Samples = 73344256, LR = 1.22e-04, Steps/sec = 1.47, Samples/sec = 375.5
Step 287000 (57.4%): Train Loss = 0.043207, Val Loss = 0.038079, Gnorm = 0.178124, Samples = 73472256, LR = 1.22e-04, Steps/sec = 1.42, Samples/sec = 363.5
Step 287500 (57.5%): Train Loss = 0.042990, Val Loss = 0.036500, Gnorm = 0.116999, Samples = 73600256, LR = 1.22e-04, Steps/sec = 1.57, Samples/sec = 401.9
Step 288000 (57.6%): Train Loss = 0.040050, Val Loss = 0.049423, Gnorm = 0.125747, Samples = 73728256, LR = 1.21e-04, Steps/sec = 1.39, Samples/sec = 356.9
Step 288500 (57.7%): Train Loss = 0.039187, Val Loss = 0.041730, Gnorm = 0.124649, Samples = 73856256, LR = 1.21e-04, Steps/sec = 1.67, Samples/sec = 426.8
Step 289000 (57.8%): Train Loss = 0.040844, Val Loss = 0.040388, Gnorm = 0.193664, Samples = 73984256, LR = 1.20e-04, Steps/sec = 1.40, Samples/sec = 359.1
Step 289500 (57.9%): Train Loss = 0.035439, Val Loss = 0.039903, Gnorm = 0.117230, Samples = 74112256, LR = 1.20e-04, Steps/sec = 1.48, Samples/sec = 378.6
Step 290000 (58.0%): Train Loss = 0.042032, Val Loss = 0.035734, Gnorm = 0.121002, Samples = 74240256, LR = 1.19e-04, Steps/sec = 1.60, Samples/sec = 409.5
Step 290500 (58.1%): Train Loss = 0.039786, Val Loss = 0.038756, Gnorm = 0.187720, Samples = 74368256, LR = 1.19e-04, Steps/sec = 1.58, Samples/sec = 404.9
Step 291000 (58.2%): Train Loss = 0.037458, Val Loss = 0.041675, Gnorm = 0.114233, Samples = 74496256, LR = 1.18e-04, Steps/sec = 1.55, Samples/sec = 395.9
Step 291500 (58.3%): Train Loss = 0.041190, Val Loss = 0.047016, Gnorm = 0.339707, Samples = 74624256, LR = 1.18e-04, Steps/sec = 1.43, Samples/sec = 366.5
Step 292000 (58.4%): Train Loss = 0.038884, Val Loss = 0.044480, Gnorm = 0.127288, Samples = 74752256, LR = 1.18e-04, Steps/sec = 1.55, Samples/sec = 397.5
Step 292500 (58.5%): Train Loss = 0.044501, Val Loss = 0.039861, Gnorm = 0.139470, Samples = 74880256, LR = 1.17e-04, Steps/sec = 1.51, Samples/sec = 387.8
Step 293000 (58.6%): Train Loss = 0.041311, Val Loss = 0.044535, Gnorm = 0.172218, Samples = 75008256, LR = 1.17e-04, Steps/sec = 1.52, Samples/sec = 388.3
Step 293500 (58.7%): Train Loss = 0.044167, Val Loss = 0.040476, Gnorm = 0.343663, Samples = 75136256, LR = 1.16e-04, Steps/sec = 1.52, Samples/sec = 390.2
Step 294000 (58.8%): Train Loss = 0.040096, Val Loss = 0.040856, Gnorm = 0.182624, Samples = 75264256, LR = 1.16e-04, Steps/sec = 1.44, Samples/sec = 369.6
Step 294500 (58.9%): Train Loss = 0.042354, Val Loss = 0.037860, Gnorm = 0.146380, Samples = 75392256, LR = 1.15e-04, Steps/sec = 1.47, Samples/sec = 377.5
Step 295000 (59.0%): Train Loss = 0.039340, Val Loss = 0.043827, Gnorm = 0.156330, Samples = 75520256, LR = 1.15e-04, Steps/sec = 1.62, Samples/sec = 415.6
Step 295500 (59.1%): Train Loss = 0.039034, Val Loss = 0.037128, Gnorm = 0.194376, Samples = 75648256, LR = 1.14e-04, Steps/sec = 1.58, Samples/sec = 405.7
Step 296000 (59.2%): Train Loss = 0.046722, Val Loss = 0.037117, Gnorm = 0.095655, Samples = 75776256, LR = 1.14e-04, Steps/sec = 1.58, Samples/sec = 404.9
Step 296500 (59.3%): Train Loss = 0.039962, Val Loss = 0.037429, Gnorm = 0.196895, Samples = 75904256, LR = 1.14e-04, Steps/sec = 1.55, Samples/sec = 396.3
Step 297000 (59.4%): Train Loss = 0.038772, Val Loss = 0.040024, Gnorm = 0.105635, Samples = 76032256, LR = 1.13e-04, Steps/sec = 1.49, Samples/sec = 382.0
Step 297500 (59.5%): Train Loss = 0.041226, Val Loss = 0.038469, Gnorm = 0.197657, Samples = 76160256, LR = 1.13e-04, Steps/sec = 1.75, Samples/sec = 448.9
Step 298000 (59.6%): Train Loss = 0.040042, Val Loss = 0.039021, Gnorm = 0.154987, Samples = 76288256, LR = 1.12e-04, Steps/sec = 1.49, Samples/sec = 381.1
Step 298500 (59.7%): Train Loss = 0.037556, Val Loss = 0.042547, Gnorm = 0.156690, Samples = 76416256, LR = 1.12e-04, Steps/sec = 1.55, Samples/sec = 396.5
Step 299000 (59.8%): Train Loss = 0.040711, Val Loss = 0.042742, Gnorm = 0.084180, Samples = 76544256, LR = 1.11e-04, Steps/sec = 1.47, Samples/sec = 376.1
Step 299500 (59.9%): Train Loss = 0.038860, Val Loss = 0.042680, Gnorm = 0.152307, Samples = 76672256, LR = 1.11e-04, Steps/sec = 1.60, Samples/sec = 408.5
Step 300000 (60.0%): Train Loss = 0.047281, Val Loss = 0.042594, Gnorm = 0.151247, Samples = 76800256, LR = 1.11e-04, Steps/sec = 1.49, Samples/sec = 382.1
Step 300500 (60.1%): Train Loss = 0.037360, Val Loss = 0.036082, Gnorm = 0.138410, Samples = 76928256, LR = 1.10e-04, Steps/sec = 0.57, Samples/sec = 144.7
Step 301000 (60.2%): Train Loss = 0.038340, Val Loss = 0.036934, Gnorm = 0.242433, Samples = 77056256, LR = 1.10e-04, Steps/sec = 1.48, Samples/sec = 378.5
Step 301500 (60.3%): Train Loss = 0.040520, Val Loss = 0.036901, Gnorm = 0.159958, Samples = 77184256, LR = 1.09e-04, Steps/sec = 1.63, Samples/sec = 417.3
Step 302000 (60.4%): Train Loss = 0.038862, Val Loss = 0.040127, Gnorm = 0.206124, Samples = 77312256, LR = 1.09e-04, Steps/sec = 1.47, Samples/sec = 377.0
Step 302500 (60.5%): Train Loss = 0.037145, Val Loss = 0.042203, Gnorm = 0.153052, Samples = 77440256, LR = 1.08e-04, Steps/sec = 1.39, Samples/sec = 354.6
Step 303000 (60.6%): Train Loss = 0.040516, Val Loss = 0.040983, Gnorm = 0.131064, Samples = 77568256, LR = 1.08e-04, Steps/sec = 1.48, Samples/sec = 378.6
Step 303500 (60.7%): Train Loss = 0.043928, Val Loss = 0.037179, Gnorm = 0.115693, Samples = 77696256, LR = 1.08e-04, Steps/sec = 1.68, Samples/sec = 429.2
Step 304000 (60.8%): Train Loss = 0.041361, Val Loss = 0.042695, Gnorm = 0.304288, Samples = 77824256, LR = 1.07e-04, Steps/sec = 1.54, Samples/sec = 394.4
Step 304500 (60.9%): Train Loss = 0.037501, Val Loss = 0.041723, Gnorm = 0.167540, Samples = 77952256, LR = 1.07e-04, Steps/sec = 1.64, Samples/sec = 419.6
Step 305000 (61.0%): Train Loss = 0.046069, Val Loss = 0.049755, Gnorm = 0.310984, Samples = 78080256, LR = 1.06e-04, Steps/sec = 1.34, Samples/sec = 342.3
Step 305500 (61.1%): Train Loss = 0.039234, Val Loss = 0.042315, Gnorm = 0.158502, Samples = 78208256, LR = 1.06e-04, Steps/sec = 1.52, Samples/sec = 389.1
Step 306000 (61.2%): Train Loss = 0.037148, Val Loss = 0.037062, Gnorm = 0.192852, Samples = 78336256, LR = 1.05e-04, Steps/sec = 1.28, Samples/sec = 327.2
Step 306500 (61.3%): Train Loss = 0.033934, Val Loss = 0.037695, Gnorm = 0.144700, Samples = 78464256, LR = 1.05e-04, Steps/sec = 1.71, Samples/sec = 437.7
Step 307000 (61.4%): Train Loss = 0.045134, Val Loss = 0.036359, Gnorm = 0.432133, Samples = 78592256, LR = 1.05e-04, Steps/sec = 1.44, Samples/sec = 369.8
Step 307500 (61.5%): Train Loss = 0.042388, Val Loss = 0.038145, Gnorm = 0.223580, Samples = 78720256, LR = 1.04e-04, Steps/sec = 1.54, Samples/sec = 394.5
Step 308000 (61.6%): Train Loss = 0.042923, Val Loss = 0.041476, Gnorm = 0.169230, Samples = 78848256, LR = 1.04e-04, Steps/sec = 1.44, Samples/sec = 369.2
Step 308500 (61.7%): Train Loss = 0.041957, Val Loss = 0.037651, Gnorm = 0.163232, Samples = 78976256, LR = 1.03e-04, Steps/sec = 1.49, Samples/sec = 382.0
Step 309000 (61.8%): Train Loss = 0.040061, Val Loss = 0.047247, Gnorm = 0.334859, Samples = 79104256, LR = 1.03e-04, Steps/sec = 1.28, Samples/sec = 326.5
Step 309500 (61.9%): Train Loss = 0.045468, Val Loss = 0.038552, Gnorm = 0.134581, Samples = 79232256, LR = 1.02e-04, Steps/sec = 1.40, Samples/sec = 357.1
Step 310000 (62.0%): Train Loss = 0.037425, Val Loss = 0.040660, Gnorm = 0.136047, Samples = 79360256, LR = 1.02e-04, Steps/sec = 1.41, Samples/sec = 361.0
Step 310500 (62.1%): Train Loss = 0.035075, Val Loss = 0.041536, Gnorm = 0.136865, Samples = 79488256, LR = 1.02e-04, Steps/sec = 1.55, Samples/sec = 396.8
Step 311000 (62.2%): Train Loss = 0.039721, Val Loss = 0.046887, Gnorm = 0.152461, Samples = 79616256, LR = 1.01e-04, Steps/sec = 1.55, Samples/sec = 395.6
Step 311500 (62.3%): Train Loss = 0.039039, Val Loss = 0.035085, Gnorm = 0.176049, Samples = 79744256, LR = 1.01e-04, Steps/sec = 1.48, Samples/sec = 378.3
Step 312000 (62.4%): Train Loss = 0.040686, Val Loss = 0.040063, Gnorm = 0.183720, Samples = 79872256, LR = 1.00e-04, Steps/sec = 1.58, Samples/sec = 403.3
Step 312500 (62.5%): Train Loss = 0.039465, Val Loss = 0.038135, Gnorm = 0.171370, Samples = 80000256, LR = 9.98e-05, Steps/sec = 1.49, Samples/sec = 381.1
Step 313000 (62.6%): Train Loss = 0.038270, Val Loss = 0.037827, Gnorm = 0.253363, Samples = 80128256, LR = 9.94e-05, Steps/sec = 1.34, Samples/sec = 343.3
Step 313500 (62.7%): Train Loss = 0.040579, Val Loss = 0.039186, Gnorm = 0.107206, Samples = 80256256, LR = 9.90e-05, Steps/sec = 1.28, Samples/sec = 327.0
Step 314000 (62.8%): Train Loss = 0.037984, Val Loss = 0.043458, Gnorm = 0.140786, Samples = 80384256, LR = 9.86e-05, Steps/sec = 1.52, Samples/sec = 388.8
Step 314500 (62.9%): Train Loss = 0.034950, Val Loss = 0.030839, Gnorm = 0.253154, Samples = 80512256, LR = 9.81e-05, Steps/sec = 1.40, Samples/sec = 357.5
Step 315000 (63.0%): Train Loss = 0.039464, Val Loss = 0.041702, Gnorm = 0.133010, Samples = 80640256, LR = 9.77e-05, Steps/sec = 1.39, Samples/sec = 355.5
Step 315500 (63.1%): Train Loss = 0.038153, Val Loss = 0.057730, Gnorm = 0.151568, Samples = 80768256, LR = 9.73e-05, Steps/sec = 0.57, Samples/sec = 146.2
Step 316000 (63.2%): Train Loss = 0.042968, Val Loss = 0.031827, Gnorm = 0.133010, Samples = 80896256, LR = 9.69e-05, Steps/sec = 1.52, Samples/sec = 390.1
Step 316500 (63.3%): Train Loss = 0.043212, Val Loss = 0.034348, Gnorm = 0.266202, Samples = 81024256, LR = 9.65e-05, Steps/sec = 1.46, Samples/sec = 373.4
Step 317000 (63.4%): Train Loss = 0.039416, Val Loss = 0.041132, Gnorm = 0.181765, Samples = 81152256, LR = 9.60e-05, Steps/sec = 1.43, Samples/sec = 366.4
Step 317500 (63.5%): Train Loss = 0.044007, Val Loss = 0.039449, Gnorm = 0.221986, Samples = 81280256, LR = 9.56e-05, Steps/sec = 1.22, Samples/sec = 312.7
Step 318000 (63.6%): Train Loss = 0.041716, Val Loss = 0.046352, Gnorm = 0.174864, Samples = 81408256, LR = 9.52e-05, Steps/sec = 1.51, Samples/sec = 385.4
Step 318500 (63.7%): Train Loss = 0.039617, Val Loss = 0.039864, Gnorm = 0.420976, Samples = 81536256, LR = 9.48e-05, Steps/sec = 1.49, Samples/sec = 382.4
Step 319000 (63.8%): Train Loss = 0.037207, Val Loss = 0.043821, Gnorm = 0.238969, Samples = 81664256, LR = 9.44e-05, Steps/sec = 1.50, Samples/sec = 384.0
Step 319500 (63.9%): Train Loss = 0.038644, Val Loss = 0.050465, Gnorm = 0.178048, Samples = 81792256, LR = 9.40e-05, Steps/sec = 1.31, Samples/sec = 334.8
Step 320000 (64.0%): Train Loss = 0.040217, Val Loss = 0.042206, Gnorm = 0.191185, Samples = 81920256, LR = 9.36e-05, Steps/sec = 1.43, Samples/sec = 366.1
Step 320500 (64.1%): Train Loss = 0.035204, Val Loss = 0.037487, Gnorm = 0.152036, Samples = 82048256, LR = 9.31e-05, Steps/sec = 1.49, Samples/sec = 380.2
Step 321000 (64.2%): Train Loss = 0.043441, Val Loss = 0.042264, Gnorm = 0.155113, Samples = 82176256, LR = 9.27e-05, Steps/sec = 1.49, Samples/sec = 382.3
Step 321500 (64.3%): Train Loss = 0.038999, Val Loss = 0.039071, Gnorm = 0.291979, Samples = 82304256, LR = 9.23e-05, Steps/sec = 1.49, Samples/sec = 381.4
Step 322000 (64.4%): Train Loss = 0.039485, Val Loss = 0.048226, Gnorm = 0.144662, Samples = 82432256, LR = 9.19e-05, Steps/sec = 1.50, Samples/sec = 383.4
Step 322500 (64.5%): Train Loss = 0.043113, Val Loss = 0.042291, Gnorm = 0.109596, Samples = 82560256, LR = 9.15e-05, Steps/sec = 1.56, Samples/sec = 400.6
Step 323000 (64.6%): Train Loss = 0.045287, Val Loss = 0.036415, Gnorm = 0.310775, Samples = 82688256, LR = 9.11e-05, Steps/sec = 1.44, Samples/sec = 368.6
Step 323500 (64.7%): Train Loss = 0.039938, Val Loss = 0.034691, Gnorm = 0.284981, Samples = 82816256, LR = 9.07e-05, Steps/sec = 1.56, Samples/sec = 399.1
Step 324000 (64.8%): Train Loss = 0.041391, Val Loss = 0.039673, Gnorm = 0.178942, Samples = 82944256, LR = 9.03e-05, Steps/sec = 1.24, Samples/sec = 316.5
Step 324500 (64.9%): Train Loss = 0.044165, Val Loss = 0.034662, Gnorm = 0.149101, Samples = 83072256, LR = 8.99e-05, Steps/sec = 1.67, Samples/sec = 427.4
Step 325000 (65.0%): Train Loss = 0.037704, Val Loss = 0.040981, Gnorm = 0.198330, Samples = 83200256, LR = 8.95e-05, Steps/sec = 1.37, Samples/sec = 351.4
Step 325500 (65.1%): Train Loss = 0.034424, Val Loss = 0.036891, Gnorm = 0.102410, Samples = 83328256, LR = 8.90e-05, Steps/sec = 1.60, Samples/sec = 410.0
Step 326000 (65.2%): Train Loss = 0.041416, Val Loss = 0.045524, Gnorm = 0.207411, Samples = 83456256, LR = 8.86e-05, Steps/sec = 1.39, Samples/sec = 355.0
Step 326500 (65.3%): Train Loss = 0.045177, Val Loss = 0.038622, Gnorm = 0.174717, Samples = 83584256, LR = 8.82e-05, Steps/sec = 1.52, Samples/sec = 389.5
Step 327000 (65.4%): Train Loss = 0.038467, Val Loss = 0.038103, Gnorm = 0.233794, Samples = 83712256, LR = 8.78e-05, Steps/sec = 1.47, Samples/sec = 376.7
Step 327500 (65.5%): Train Loss = 0.038952, Val Loss = 0.043772, Gnorm = 0.084612, Samples = 83840256, LR = 8.74e-05, Steps/sec = 1.55, Samples/sec = 395.8
Step 328000 (65.6%): Train Loss = 0.035380, Val Loss = 0.037546, Gnorm = 0.231104, Samples = 83968256, LR = 8.70e-05, Steps/sec = 1.19, Samples/sec = 304.7
Step 328500 (65.7%): Train Loss = 0.034697, Val Loss = 0.038514, Gnorm = 0.162208, Samples = 84096256, LR = 8.66e-05, Steps/sec = 1.49, Samples/sec = 381.5
Step 329000 (65.8%): Train Loss = 0.039382, Val Loss = 0.034425, Gnorm = 0.134674, Samples = 84224256, LR = 8.62e-05, Steps/sec = 1.39, Samples/sec = 356.4
Step 329500 (65.9%): Train Loss = 0.035001, Val Loss = 0.042612, Gnorm = 0.145715, Samples = 84352256, LR = 8.58e-05, Steps/sec = 1.54, Samples/sec = 393.3
Step 330000 (66.0%): Train Loss = 0.044442, Val Loss = 0.034296, Gnorm = 0.155339, Samples = 84480256, LR = 8.54e-05, Steps/sec = 1.40, Samples/sec = 359.2
Step 330500 (66.1%): Train Loss = 0.042014, Val Loss = 0.035917, Gnorm = 0.100640, Samples = 84608256, LR = 8.50e-05, Steps/sec = 0.56, Samples/sec = 143.6
Step 331000 (66.2%): Train Loss = 0.043573, Val Loss = 0.039303, Gnorm = 0.225522, Samples = 84736256, LR = 8.46e-05, Steps/sec = 1.43, Samples/sec = 365.0
Step 331500 (66.3%): Train Loss = 0.036332, Val Loss = 0.043118, Gnorm = 0.209923, Samples = 84864256, LR = 8.42e-05, Steps/sec = 1.56, Samples/sec = 398.5
Step 332000 (66.4%): Train Loss = 0.045171, Val Loss = 0.047284, Gnorm = 0.205033, Samples = 84992256, LR = 8.38e-05, Steps/sec = 1.34, Samples/sec = 343.8
Step 332500 (66.5%): Train Loss = 0.034609, Val Loss = 0.034652, Gnorm = 0.095807, Samples = 85120256, LR = 8.34e-05, Steps/sec = 1.35, Samples/sec = 344.8
Step 333000 (66.6%): Train Loss = 0.039900, Val Loss = 0.040091, Gnorm = 0.263424, Samples = 85248256, LR = 8.30e-05, Steps/sec = 1.30, Samples/sec = 332.6
Step 333500 (66.7%): Train Loss = 0.034359, Val Loss = 0.038322, Gnorm = 0.162754, Samples = 85376256, LR = 8.26e-05, Steps/sec = 1.66, Samples/sec = 424.9
Step 334000 (66.8%): Train Loss = 0.039297, Val Loss = 0.043255, Gnorm = 0.242793, Samples = 85504256, LR = 8.22e-05, Steps/sec = 1.43, Samples/sec = 366.0
Step 334500 (66.9%): Train Loss = 0.051196, Val Loss = 0.037804, Gnorm = 0.200810, Samples = 85632256, LR = 8.18e-05, Steps/sec = 1.39, Samples/sec = 356.8
Step 335000 (67.0%): Train Loss = 0.037146, Val Loss = 0.041351, Gnorm = 0.085420, Samples = 85760256, LR = 8.14e-05, Steps/sec = 1.49, Samples/sec = 382.5
Step 335500 (67.1%): Train Loss = 0.034680, Val Loss = 0.037143, Gnorm = 0.267457, Samples = 85888256, LR = 8.11e-05, Steps/sec = 1.36, Samples/sec = 348.0
Step 336000 (67.2%): Train Loss = 0.047121, Val Loss = 0.041944, Gnorm = 0.321478, Samples = 86016256, LR = 8.07e-05, Steps/sec = 1.57, Samples/sec = 400.7
Step 336500 (67.3%): Train Loss = 0.034397, Val Loss = 0.043890, Gnorm = 0.274377, Samples = 86144256, LR = 8.03e-05, Steps/sec = 1.38, Samples/sec = 352.9
Step 337000 (67.4%): Train Loss = 0.038318, Val Loss = 0.043436, Gnorm = 0.105020, Samples = 86272256, LR = 7.99e-05, Steps/sec = 1.49, Samples/sec = 381.6
Step 337500 (67.5%): Train Loss = 0.043692, Val Loss = 0.037808, Gnorm = 0.156031, Samples = 86400256, LR = 7.95e-05, Steps/sec = 1.34, Samples/sec = 344.1
Step 338000 (67.6%): Train Loss = 0.036564, Val Loss = 0.037685, Gnorm = 0.207768, Samples = 86528256, LR = 7.91e-05, Steps/sec = 1.46, Samples/sec = 373.6
Step 338500 (67.7%): Train Loss = 0.043207, Val Loss = 0.035856, Gnorm = 0.181607, Samples = 86656256, LR = 7.87e-05, Steps/sec = 1.31, Samples/sec = 334.2
Step 339000 (67.8%): Train Loss = 0.040946, Val Loss = 0.037429, Gnorm = 0.156757, Samples = 86784256, LR = 7.83e-05, Steps/sec = 1.40, Samples/sec = 357.4
Step 339500 (67.9%): Train Loss = 0.037226, Val Loss = 0.042192, Gnorm = 0.114721, Samples = 86912256, LR = 7.79e-05, Steps/sec = 1.30, Samples/sec = 333.0
Step 340000 (68.0%): Train Loss = 0.044789, Val Loss = 0.041499, Gnorm = 0.205807, Samples = 87040256, LR = 7.76e-05, Steps/sec = 1.51, Samples/sec = 385.8
Step 340500 (68.1%): Train Loss = 0.041677, Val Loss = 0.045712, Gnorm = 0.128907, Samples = 87168256, LR = 7.72e-05, Steps/sec = 1.32, Samples/sec = 336.9
Step 341000 (68.2%): Train Loss = 0.036255, Val Loss = 0.035458, Gnorm = 0.180965, Samples = 87296256, LR = 7.68e-05, Steps/sec = 1.47, Samples/sec = 376.2
Step 341500 (68.3%): Train Loss = 0.041111, Val Loss = 0.034134, Gnorm = 0.164243, Samples = 87424256, LR = 7.64e-05, Steps/sec = 1.30, Samples/sec = 333.8
Step 342000 (68.4%): Train Loss = 0.036620, Val Loss = 0.036385, Gnorm = 0.204108, Samples = 87552256, LR = 7.60e-05, Steps/sec = 1.39, Samples/sec = 355.2
Step 342500 (68.5%): Train Loss = 0.037815, Val Loss = 0.049196, Gnorm = 0.163190, Samples = 87680256, LR = 7.56e-05, Steps/sec = 1.17, Samples/sec = 299.3
Step 343000 (68.6%): Train Loss = 0.038592, Val Loss = 0.038130, Gnorm = 0.128002, Samples = 87808256, LR = 7.52e-05, Steps/sec = 1.49, Samples/sec = 380.3
Step 343500 (68.7%): Train Loss = 0.038233, Val Loss = 0.034745, Gnorm = 0.208125, Samples = 87936256, LR = 7.49e-05, Steps/sec = 1.32, Samples/sec = 337.9
Step 344000 (68.8%): Train Loss = 0.047346, Val Loss = 0.037271, Gnorm = 0.170411, Samples = 88064256, LR = 7.45e-05, Steps/sec = 1.52, Samples/sec = 389.4
Step 344500 (68.9%): Train Loss = 0.042894, Val Loss = 0.047832, Gnorm = 0.157426, Samples = 88192256, LR = 7.41e-05, Steps/sec = 1.36, Samples/sec = 348.1
Step 345000 (69.0%): Train Loss = 0.031728, Val Loss = 0.039338, Gnorm = 0.264834, Samples = 88320256, LR = 7.37e-05, Steps/sec = 0.55, Samples/sec = 140.9
Step 345500 (69.1%): Train Loss = 0.038700, Val Loss = 0.043951, Gnorm = 0.299463, Samples = 88448256, LR = 7.34e-05, Steps/sec = 1.41, Samples/sec = 359.8
Step 346000 (69.2%): Train Loss = 0.037160, Val Loss = 0.036791, Gnorm = 0.269997, Samples = 88576256, LR = 7.30e-05, Steps/sec = 1.50, Samples/sec = 384.8
Step 346500 (69.3%): Train Loss = 0.033944, Val Loss = 0.039193, Gnorm = 0.233048, Samples = 88704256, LR = 7.26e-05, Steps/sec = 1.26, Samples/sec = 323.8
Step 347000 (69.4%): Train Loss = 0.036859, Val Loss = 0.045402, Gnorm = 0.239404, Samples = 88832256, LR = 7.22e-05, Steps/sec = 1.30, Samples/sec = 332.8
Step 347500 (69.5%): Train Loss = 0.038778, Val Loss = 0.031404, Gnorm = 0.200183, Samples = 88960256, LR = 7.19e-05, Steps/sec = 1.60, Samples/sec = 408.3
Step 348000 (69.6%): Train Loss = 0.041701, Val Loss = 0.035666, Gnorm = 0.438630, Samples = 89088256, LR = 7.15e-05, Steps/sec = 1.55, Samples/sec = 395.8
Step 348500 (69.7%): Train Loss = 0.038677, Val Loss = 0.036574, Gnorm = 0.123290, Samples = 89216256, LR = 7.11e-05, Steps/sec = 1.52, Samples/sec = 388.6
Step 349000 (69.8%): Train Loss = 0.036600, Val Loss = 0.034502, Gnorm = 0.138607, Samples = 89344256, LR = 7.07e-05, Steps/sec = 1.32, Samples/sec = 337.2
Step 349500 (69.9%): Train Loss = 0.038834, Val Loss = 0.035950, Gnorm = 0.129563, Samples = 89472256, LR = 7.04e-05, Steps/sec = 1.41, Samples/sec = 361.9
Step 350000 (70.0%): Train Loss = 0.040691, Val Loss = 0.033276, Gnorm = 0.288250, Samples = 89600256, LR = 7.00e-05, Steps/sec = 1.55, Samples/sec = 396.2
Step 350500 (70.1%): Train Loss = 0.040442, Val Loss = 0.032046, Gnorm = 0.191380, Samples = 89728256, LR = 6.96e-05, Steps/sec = 1.57, Samples/sec = 402.6
Step 351000 (70.2%): Train Loss = 0.038842, Val Loss = 0.042428, Gnorm = 0.300595, Samples = 89856256, LR = 6.93e-05, Steps/sec = 1.41, Samples/sec = 359.9
Step 351500 (70.3%): Train Loss = 0.039878, Val Loss = 0.041068, Gnorm = 0.238653, Samples = 89984256, LR = 6.89e-05, Steps/sec = 1.54, Samples/sec = 394.5
Step 352000 (70.4%): Train Loss = 0.039273, Val Loss = 0.046153, Gnorm = 0.147251, Samples = 90112256, LR = 6.85e-05, Steps/sec = 1.58, Samples/sec = 403.3
Step 352500 (70.5%): Train Loss = 0.038227, Val Loss = 0.037887, Gnorm = 0.231777, Samples = 90240256, LR = 6.82e-05, Steps/sec = 1.58, Samples/sec = 404.6
Step 353000 (70.6%): Train Loss = 0.034165, Val Loss = 0.038550, Gnorm = 0.258404, Samples = 90368256, LR = 6.78e-05, Steps/sec = 1.46, Samples/sec = 373.5
Step 353500 (70.7%): Train Loss = 0.036850, Val Loss = 0.042651, Gnorm = 0.157996, Samples = 90496256, LR = 6.74e-05, Steps/sec = 1.42, Samples/sec = 362.6
Step 354000 (70.8%): Train Loss = 0.043337, Val Loss = 0.040548, Gnorm = 0.244728, Samples = 90624256, LR = 6.71e-05, Steps/sec = 1.51, Samples/sec = 386.4
Step 354500 (70.9%): Train Loss = 0.037053, Val Loss = 0.039656, Gnorm = 0.141238, Samples = 90752256, LR = 6.67e-05, Steps/sec = 1.56, Samples/sec = 399.9
Step 355000 (71.0%): Train Loss = 0.038086, Val Loss = 0.042114, Gnorm = 0.118036, Samples = 90880256, LR = 6.63e-05, Steps/sec = 1.57, Samples/sec = 400.8
Step 355500 (71.1%): Train Loss = 0.036317, Val Loss = 0.040145, Gnorm = 0.261574, Samples = 91008256, LR = 6.60e-05, Steps/sec = 1.49, Samples/sec = 380.2
Step 356000 (71.2%): Train Loss = 0.040081, Val Loss = 0.040830, Gnorm = 0.241427, Samples = 91136256, LR = 6.56e-05, Steps/sec = 1.59, Samples/sec = 406.2
Step 356500 (71.3%): Train Loss = 0.040898, Val Loss = 0.034738, Gnorm = 0.101183, Samples = 91264256, LR = 6.53e-05, Steps/sec = 1.52, Samples/sec = 389.6
Step 357000 (71.4%): Train Loss = 0.034124, Val Loss = 0.038510, Gnorm = 0.115828, Samples = 91392256, LR = 6.49e-05, Steps/sec = 1.55, Samples/sec = 397.1
Step 357500 (71.5%): Train Loss = 0.039756, Val Loss = 0.036539, Gnorm = 0.184033, Samples = 91520256, LR = 6.45e-05, Steps/sec = 1.31, Samples/sec = 336.3
Step 358000 (71.6%): Train Loss = 0.045216, Val Loss = 0.039313, Gnorm = 0.233866, Samples = 91648256, LR = 6.42e-05, Steps/sec = 1.56, Samples/sec = 399.3
Step 358500 (71.7%): Train Loss = 0.037574, Val Loss = 0.042656, Gnorm = 0.231875, Samples = 91776256, LR = 6.38e-05, Steps/sec = 1.48, Samples/sec = 379.1
Step 359000 (71.8%): Train Loss = 0.036757, Val Loss = 0.036486, Gnorm = 0.191597, Samples = 91904256, LR = 6.35e-05, Steps/sec = 1.56, Samples/sec = 399.8
Step 359500 (71.9%): Train Loss = 0.043733, Val Loss = 0.034832, Gnorm = 0.204123, Samples = 92032256, LR = 6.31e-05, Steps/sec = 1.48, Samples/sec = 380.1
Step 360000 (72.0%): Train Loss = 0.043298, Val Loss = 0.039567, Gnorm = 0.144038, Samples = 92160256, LR = 6.28e-05, Steps/sec = 0.55, Samples/sec = 142.0
Step 360500 (72.1%): Train Loss = 0.041376, Val Loss = 0.035047, Gnorm = 0.127831, Samples = 92288256, LR = 6.24e-05, Steps/sec = 1.54, Samples/sec = 394.2
Step 361000 (72.2%): Train Loss = 0.037606, Val Loss = 0.038145, Gnorm = 0.252076, Samples = 92416256, LR = 6.21e-05, Steps/sec = 1.65, Samples/sec = 421.6
Step 361500 (72.3%): Train Loss = 0.035516, Val Loss = 0.042968, Gnorm = 0.147487, Samples = 92544256, LR = 6.17e-05, Steps/sec = 1.48, Samples/sec = 378.1
Step 362000 (72.4%): Train Loss = 0.041926, Val Loss = 0.034778, Gnorm = 0.140088, Samples = 92672256, LR = 6.14e-05, Steps/sec = 1.33, Samples/sec = 341.7
Step 362500 (72.5%): Train Loss = 0.036452, Val Loss = 0.042882, Gnorm = 0.152366, Samples = 92800256, LR = 6.10e-05, Steps/sec = 1.45, Samples/sec = 371.8
Step 363000 (72.6%): Train Loss = 0.037721, Val Loss = 0.047572, Gnorm = 0.193707, Samples = 92928256, LR = 6.07e-05, Steps/sec = 1.66, Samples/sec = 424.3
Step 363500 (72.7%): Train Loss = 0.039237, Val Loss = 0.039376, Gnorm = 0.137839, Samples = 93056256, LR = 6.03e-05, Steps/sec = 1.50, Samples/sec = 383.9
Step 364000 (72.8%): Train Loss = 0.041120, Val Loss = 0.036129, Gnorm = 0.371947, Samples = 93184256, LR = 6.00e-05, Steps/sec = 1.58, Samples/sec = 403.3
Step 364500 (72.9%): Train Loss = 0.038187, Val Loss = 0.037414, Gnorm = 0.094180, Samples = 93312256, LR = 5.96e-05, Steps/sec = 1.26, Samples/sec = 322.9
Step 365000 (73.0%): Train Loss = 0.038297, Val Loss = 0.041065, Gnorm = 0.135475, Samples = 93440256, LR = 5.93e-05, Steps/sec = 1.59, Samples/sec = 407.2
Step 365500 (73.1%): Train Loss = 0.038608, Val Loss = 0.044479, Gnorm = 0.131743, Samples = 93568256, LR = 5.90e-05, Steps/sec = 1.51, Samples/sec = 385.4
Step 366000 (73.2%): Train Loss = 0.035435, Val Loss = 0.040414, Gnorm = 0.173487, Samples = 93696256, LR = 5.86e-05, Steps/sec = 1.55, Samples/sec = 395.7
Step 366500 (73.3%): Train Loss = 0.034043, Val Loss = 0.035206, Gnorm = 0.333314, Samples = 93824256, LR = 5.83e-05, Steps/sec = 1.52, Samples/sec = 388.4
Step 367000 (73.4%): Train Loss = 0.038000, Val Loss = 0.042217, Gnorm = 0.113061, Samples = 93952256, LR = 5.79e-05, Steps/sec = 1.60, Samples/sec = 410.8
Step 367500 (73.5%): Train Loss = 0.036828, Val Loss = 0.039076, Gnorm = 0.140704, Samples = 94080256, LR = 5.76e-05, Steps/sec = 1.52, Samples/sec = 390.0
Step 368000 (73.6%): Train Loss = 0.035181, Val Loss = 0.035642, Gnorm = 0.442559, Samples = 94208256, LR = 5.73e-05, Steps/sec = 1.65, Samples/sec = 423.2
Step 368500 (73.7%): Train Loss = 0.040952, Val Loss = 0.036057, Gnorm = 0.149418, Samples = 94336256, LR = 5.69e-05, Steps/sec = 1.46, Samples/sec = 373.3
Step 369000 (73.8%): Train Loss = 0.041566, Val Loss = 0.041002, Gnorm = 0.202920, Samples = 94464256, LR = 5.66e-05, Steps/sec = 1.40, Samples/sec = 357.7
Step 369500 (73.9%): Train Loss = 0.039994, Val Loss = 0.039481, Gnorm = 0.279489, Samples = 94592256, LR = 5.62e-05, Steps/sec = 1.57, Samples/sec = 401.3
Step 370000 (74.0%): Train Loss = 0.041070, Val Loss = 0.038670, Gnorm = 0.170863, Samples = 94720256, LR = 5.59e-05, Steps/sec = 1.55, Samples/sec = 396.3
Step 370500 (74.1%): Train Loss = 0.040013, Val Loss = 0.039902, Gnorm = 0.291084, Samples = 94848256, LR = 5.56e-05, Steps/sec = 1.62, Samples/sec = 414.5
Step 371000 (74.2%): Train Loss = 0.036426, Val Loss = 0.036562, Gnorm = 0.109160, Samples = 94976256, LR = 5.52e-05, Steps/sec = 1.50, Samples/sec = 382.9
Step 371500 (74.3%): Train Loss = 0.037791, Val Loss = 0.041587, Gnorm = 0.139029, Samples = 95104256, LR = 5.49e-05, Steps/sec = 1.52, Samples/sec = 389.2
Step 372000 (74.4%): Train Loss = 0.039240, Val Loss = 0.041971, Gnorm = 0.244160, Samples = 95232256, LR = 5.46e-05, Steps/sec = 1.56, Samples/sec = 399.2
Step 372500 (74.5%): Train Loss = 0.041322, Val Loss = 0.044795, Gnorm = 0.332264, Samples = 95360256, LR = 5.43e-05, Steps/sec = 1.58, Samples/sec = 404.2
Step 373000 (74.6%): Train Loss = 0.038104, Val Loss = 0.038801, Gnorm = 0.224022, Samples = 95488256, LR = 5.39e-05, Steps/sec = 1.32, Samples/sec = 338.4
Step 373500 (74.7%): Train Loss = 0.039935, Val Loss = 0.034478, Gnorm = 0.210275, Samples = 95616256, LR = 5.36e-05, Steps/sec = 1.54, Samples/sec = 395.2
Step 374000 (74.8%): Train Loss = 0.039352, Val Loss = 0.039318, Gnorm = 0.125190, Samples = 95744256, LR = 5.33e-05, Steps/sec = 1.52, Samples/sec = 390.0
Step 374500 (74.9%): Train Loss = 0.041778, Val Loss = 0.039635, Gnorm = 0.180970, Samples = 95872256, LR = 5.30e-05, Steps/sec = 1.53, Samples/sec = 390.5
Step 375000 (75.0%): Train Loss = 0.033615, Val Loss = 0.040501, Gnorm = 0.123403, Samples = 96000256, LR = 5.26e-05, Steps/sec = 1.58, Samples/sec = 404.6
Step 375500 (75.1%): Train Loss = 0.038869, Val Loss = 0.041885, Gnorm = 0.097162, Samples = 96128256, LR = 5.23e-05, Steps/sec = 0.57, Samples/sec = 145.1
Step 376000 (75.2%): Train Loss = 0.044024, Val Loss = 0.040109, Gnorm = 0.236027, Samples = 96256256, LR = 5.20e-05, Steps/sec = 1.52, Samples/sec = 390.3
Step 376500 (75.3%): Train Loss = 0.038021, Val Loss = 0.043758, Gnorm = 0.189179, Samples = 96384256, LR = 5.17e-05, Steps/sec = 1.58, Samples/sec = 403.2
Step 377000 (75.4%): Train Loss = 0.040906, Val Loss = 0.040126, Gnorm = 0.197159, Samples = 96512256, LR = 5.13e-05, Steps/sec = 1.55, Samples/sec = 397.4
Step 377500 (75.5%): Train Loss = 0.040910, Val Loss = 0.040594, Gnorm = 0.136799, Samples = 96640256, LR = 5.10e-05, Steps/sec = 1.37, Samples/sec = 351.5
Step 378000 (75.6%): Train Loss = 0.037428, Val Loss = 0.041897, Gnorm = 0.252401, Samples = 96768256, LR = 5.07e-05, Steps/sec = 1.32, Samples/sec = 338.3
Step 378500 (75.7%): Train Loss = 0.039982, Val Loss = 0.039165, Gnorm = 0.141842, Samples = 96896256, LR = 5.04e-05, Steps/sec = 1.71, Samples/sec = 438.5
Step 379000 (75.8%): Train Loss = 0.039540, Val Loss = 0.040571, Gnorm = 0.146000, Samples = 97024256, LR = 5.01e-05, Steps/sec = 1.55, Samples/sec = 395.7
Step 379500 (75.9%): Train Loss = 0.039883, Val Loss = 0.038557, Gnorm = 0.160818, Samples = 97152256, LR = 4.98e-05, Steps/sec = 1.53, Samples/sec = 391.6
Step 380000 (76.0%): Train Loss = 0.047973, Val Loss = 0.037444, Gnorm = 0.286415, Samples = 97280256, LR = 4.94e-05, Steps/sec = 1.29, Samples/sec = 330.4
Step 380500 (76.1%): Train Loss = 0.058043, Val Loss = 0.033940, Gnorm = 0.502859, Samples = 97408256, LR = 4.91e-05, Steps/sec = 1.49, Samples/sec = 380.5
Step 381000 (76.2%): Train Loss = 0.037336, Val Loss = 0.037762, Gnorm = 0.202436, Samples = 97536256, LR = 4.88e-05, Steps/sec = 1.58, Samples/sec = 405.1
Step 381500 (76.3%): Train Loss = 0.040381, Val Loss = 0.040716, Gnorm = 0.233587, Samples = 97664256, LR = 4.85e-05, Steps/sec = 1.53, Samples/sec = 390.6
Step 382000 (76.4%): Train Loss = 0.040407, Val Loss = 0.040555, Gnorm = 0.150884, Samples = 97792256, LR = 4.82e-05, Steps/sec = 1.63, Samples/sec = 417.3
Step 382500 (76.5%): Train Loss = 0.038304, Val Loss = 0.036176, Gnorm = 0.129010, Samples = 97920256, LR = 4.79e-05, Steps/sec = 1.46, Samples/sec = 374.1
Step 383000 (76.6%): Train Loss = 0.040792, Val Loss = 0.045129, Gnorm = 0.153369, Samples = 98048256, LR = 4.76e-05, Steps/sec = 1.68, Samples/sec = 430.5
Step 383500 (76.7%): Train Loss = 0.035469, Val Loss = 0.040559, Gnorm = 0.142705, Samples = 98176256, LR = 4.73e-05, Steps/sec = 1.51, Samples/sec = 387.6
Step 384000 (76.8%): Train Loss = 0.039611, Val Loss = 0.030164, Gnorm = 0.248566, Samples = 98304256, LR = 4.70e-05, Steps/sec = 1.58, Samples/sec = 405.5
Step 384500 (76.9%): Train Loss = 0.035699, Val Loss = 0.033585, Gnorm = 0.148103, Samples = 98432256, LR = 4.67e-05, Steps/sec = 1.39, Samples/sec = 355.8
Step 385000 (77.0%): Train Loss = 0.032999, Val Loss = 0.041340, Gnorm = 0.117829, Samples = 98560256, LR = 4.64e-05, Steps/sec = 1.56, Samples/sec = 400.2
Step 385500 (77.1%): Train Loss = 0.040095, Val Loss = 0.032723, Gnorm = 0.239050, Samples = 98688256, LR = 4.61e-05, Steps/sec = 1.45, Samples/sec = 371.7
Step 386000 (77.2%): Train Loss = 0.040321, Val Loss = 0.035445, Gnorm = 0.169970, Samples = 98816256, LR = 4.58e-05, Steps/sec = 1.64, Samples/sec = 420.8
Step 386500 (77.3%): Train Loss = 0.039930, Val Loss = 0.039086, Gnorm = 0.219697, Samples = 98944256, LR = 4.55e-05, Steps/sec = 1.42, Samples/sec = 364.6
Step 387000 (77.4%): Train Loss = 0.032625, Val Loss = 0.041865, Gnorm = 0.117880, Samples = 99072256, LR = 4.52e-05, Steps/sec = 1.47, Samples/sec = 377.4
Step 387500 (77.5%): Train Loss = 0.038298, Val Loss = 0.034362, Gnorm = 0.248217, Samples = 99200256, LR = 4.49e-05, Steps/sec = 1.68, Samples/sec = 431.2
Step 388000 (77.6%): Train Loss = 0.046269, Val Loss = 0.043820, Gnorm = 0.192399, Samples = 99328256, LR = 4.46e-05, Steps/sec = 1.58, Samples/sec = 404.7
Step 388500 (77.7%): Train Loss = 0.034006, Val Loss = 0.039051, Gnorm = 0.258290, Samples = 99456256, LR = 4.43e-05, Steps/sec = 1.30, Samples/sec = 331.9
Step 389000 (77.8%): Train Loss = 0.042785, Val Loss = 0.046503, Gnorm = 0.131031, Samples = 99584256, LR = 4.40e-05, Steps/sec = 1.58, Samples/sec = 403.7
Step 389500 (77.9%): Train Loss = 0.040729, Val Loss = 0.037118, Gnorm = 0.141181, Samples = 99712256, LR = 4.37e-05, Steps/sec = 1.50, Samples/sec = 383.8
Step 390000 (78.0%): Train Loss = 0.034198, Val Loss = 0.038802, Gnorm = 0.253425, Samples = 99840256, LR = 4.34e-05, Steps/sec = 1.57, Samples/sec = 402.8
Step 390500 (78.1%): Train Loss = 0.035898, Val Loss = 0.040104, Gnorm = 0.125411, Samples = 99968256, LR = 4.31e-05, Steps/sec = 1.53, Samples/sec = 391.2
Step 391000 (78.2%): Train Loss = 0.041707, Val Loss = 0.034730, Gnorm = 0.237170, Samples = 100096256, LR = 4.28e-05, Steps/sec = 1.33, Samples/sec = 340.6
Step 391500 (78.3%): Train Loss = 0.039845, Val Loss = 0.040068, Gnorm = 0.183037, Samples = 100224256, LR = 4.25e-05, Steps/sec = 0.60, Samples/sec = 153.0
Step 392000 (78.4%): Train Loss = 0.043076, Val Loss = 0.043325, Gnorm = 0.168866, Samples = 100352256, LR = 4.22e-05, Steps/sec = 1.68, Samples/sec = 429.4
Step 392500 (78.5%): Train Loss = 0.037919, Val Loss = 0.037612, Gnorm = 0.156270, Samples = 100480256, LR = 4.20e-05, Steps/sec = 1.49, Samples/sec = 380.9
Step 393000 (78.6%): Train Loss = 0.034798, Val Loss = 0.034172, Gnorm = 0.237669, Samples = 100608256, LR = 4.17e-05, Steps/sec = 1.45, Samples/sec = 371.6
Step 393500 (78.7%): Train Loss = 0.037987, Val Loss = 0.035606, Gnorm = 0.135517, Samples = 100736256, LR = 4.14e-05, Steps/sec = 1.41, Samples/sec = 360.4
Step 394000 (78.8%): Train Loss = 0.040639, Val Loss = 0.035444, Gnorm = 0.106527, Samples = 100864256, LR = 4.11e-05, Steps/sec = 1.59, Samples/sec = 406.3
Step 394500 (78.9%): Train Loss = 0.049485, Val Loss = 0.044466, Gnorm = 0.175553, Samples = 100992256, LR = 4.08e-05, Steps/sec = 1.57, Samples/sec = 401.5
Step 395000 (79.0%): Train Loss = 0.037020, Val Loss = 0.041308, Gnorm = 0.135373, Samples = 101120256, LR = 4.05e-05, Steps/sec = 1.49, Samples/sec = 382.2
Step 395500 (79.1%): Train Loss = 0.040629, Val Loss = 0.040098, Gnorm = 0.179438, Samples = 101248256, LR = 4.03e-05, Steps/sec = 1.39, Samples/sec = 355.5
Step 396000 (79.2%): Train Loss = 0.034882, Val Loss = 0.041832, Gnorm = 0.212886, Samples = 101376256, LR = 4.00e-05, Steps/sec = 1.29, Samples/sec = 331.0
Step 396500 (79.3%): Train Loss = 0.038959, Val Loss = 0.039968, Gnorm = 0.112156, Samples = 101504256, LR = 3.97e-05, Steps/sec = 1.73, Samples/sec = 442.9
Step 397000 (79.4%): Train Loss = 0.040682, Val Loss = 0.038444, Gnorm = 0.256066, Samples = 101632256, LR = 3.94e-05, Steps/sec = 1.50, Samples/sec = 384.0
Step 397500 (79.5%): Train Loss = 0.036787, Val Loss = 0.039160, Gnorm = 0.155820, Samples = 101760256, LR = 3.92e-05, Steps/sec = 1.54, Samples/sec = 393.5
Step 398000 (79.6%): Train Loss = 0.038980, Val Loss = 0.036415, Gnorm = 0.311637, Samples = 101888256, LR = 3.89e-05, Steps/sec = 1.55, Samples/sec = 396.7
Step 398500 (79.7%): Train Loss = 0.038690, Val Loss = 0.038170, Gnorm = 0.104619, Samples = 102016256, LR = 3.86e-05, Steps/sec = 1.55, Samples/sec = 395.5
Step 399000 (79.8%): Train Loss = 0.043141, Val Loss = 0.041421, Gnorm = 0.166014, Samples = 102144256, LR = 3.83e-05, Steps/sec = 1.52, Samples/sec = 389.4
Step 399500 (79.9%): Train Loss = 0.038216, Val Loss = 0.046954, Gnorm = 0.207804, Samples = 102272256, LR = 3.81e-05, Steps/sec = 1.57, Samples/sec = 401.0
Step 400000 (80.0%): Train Loss = 0.037851, Val Loss = 0.036952, Gnorm = 0.203389, Samples = 102400256, LR = 3.78e-05, Steps/sec = 1.51, Samples/sec = 385.9
Step 400500 (80.1%): Train Loss = 0.043923, Val Loss = 0.044628, Gnorm = 0.136307, Samples = 102528256, LR = 3.75e-05, Steps/sec = 1.47, Samples/sec = 377.3
Step 401000 (80.2%): Train Loss = 0.039308, Val Loss = 0.038502, Gnorm = 0.093588, Samples = 102656256, LR = 3.73e-05, Steps/sec = 1.53, Samples/sec = 390.8
Step 401500 (80.3%): Train Loss = 0.047084, Val Loss = 0.034124, Gnorm = 0.160050, Samples = 102784256, LR = 3.70e-05, Steps/sec = 1.60, Samples/sec = 409.2
Step 402000 (80.4%): Train Loss = 0.033697, Val Loss = 0.035451, Gnorm = 0.187597, Samples = 102912256, LR = 3.67e-05, Steps/sec = 1.51, Samples/sec = 385.3
Step 402500 (80.5%): Train Loss = 0.037567, Val Loss = 0.038543, Gnorm = 0.194986, Samples = 103040256, LR = 3.65e-05, Steps/sec = 1.63, Samples/sec = 416.7
Step 403000 (80.6%): Train Loss = 0.032420, Val Loss = 0.044009, Gnorm = 0.158633, Samples = 103168256, LR = 3.62e-05, Steps/sec = 1.50, Samples/sec = 383.4
Step 403500 (80.7%): Train Loss = 0.043671, Val Loss = 0.043193, Gnorm = 0.241241, Samples = 103296256, LR = 3.59e-05, Steps/sec = 1.58, Samples/sec = 403.9
Step 404000 (80.8%): Train Loss = 0.032926, Val Loss = 0.035925, Gnorm = 0.176188, Samples = 103424256, LR = 3.57e-05, Steps/sec = 1.34, Samples/sec = 344.1
Step 404500 (80.9%): Train Loss = 0.037004, Val Loss = 0.034807, Gnorm = 0.206029, Samples = 103552256, LR = 3.54e-05, Steps/sec = 1.47, Samples/sec = 376.3
Step 405000 (81.0%): Train Loss = 0.039509, Val Loss = 0.042504, Gnorm = 0.185196, Samples = 103680256, LR = 3.52e-05, Steps/sec = 1.41, Samples/sec = 360.7
Step 405500 (81.1%): Train Loss = 0.039479, Val Loss = 0.043567, Gnorm = 0.213640, Samples = 103808256, LR = 3.49e-05, Steps/sec = 1.66, Samples/sec = 423.7
Step 406000 (81.2%): Train Loss = 0.037605, Val Loss = 0.039970, Gnorm = 0.146703, Samples = 103936256, LR = 3.47e-05, Steps/sec = 1.62, Samples/sec = 414.8
Step 406500 (81.3%): Train Loss = 0.035620, Val Loss = 0.037974, Gnorm = 0.151156, Samples = 104064256, LR = 3.44e-05, Steps/sec = 1.39, Samples/sec = 356.1
Step 407000 (81.4%): Train Loss = 0.044255, Val Loss = 0.039211, Gnorm = 0.152125, Samples = 104192256, LR = 3.42e-05, Steps/sec = 0.59, Samples/sec = 150.0
Step 407500 (81.5%): Train Loss = 0.039965, Val Loss = 0.033867, Gnorm = 0.148248, Samples = 104320256, LR = 3.39e-05, Steps/sec = 1.55, Samples/sec = 395.6
Step 408000 (81.6%): Train Loss = 0.033754, Val Loss = 0.038763, Gnorm = 0.080980, Samples = 104448256, LR = 3.36e-05, Steps/sec = 1.60, Samples/sec = 410.9
Step 408500 (81.7%): Train Loss = 0.038062, Val Loss = 0.034227, Gnorm = 0.120256, Samples = 104576256, LR = 3.34e-05, Steps/sec = 1.39, Samples/sec = 356.2
Step 409000 (81.8%): Train Loss = 0.042258, Val Loss = 0.038440, Gnorm = 0.264415, Samples = 104704256, LR = 3.32e-05, Steps/sec = 1.45, Samples/sec = 371.4
Step 409500 (81.9%): Train Loss = 0.038632, Val Loss = 0.043156, Gnorm = 0.145651, Samples = 104832256, LR = 3.29e-05, Steps/sec = 1.46, Samples/sec = 374.5
Step 410000 (82.0%): Train Loss = 0.039318, Val Loss = 0.035974, Gnorm = 0.131521, Samples = 104960256, LR = 3.27e-05, Steps/sec = 1.65, Samples/sec = 422.7
Step 410500 (82.1%): Train Loss = 0.042211, Val Loss = 0.042495, Gnorm = 0.136395, Samples = 105088256, LR = 3.24e-05, Steps/sec = 1.50, Samples/sec = 384.2
[1;34mwandb[0m: 
[1;34mwandb[0m: 🚀 View run [33mxcm_voronoi_mask_no_normalize_128h_1w[0m at: [34mhttps://wandb.ai/georgevenven-university-of-oregon/tinybird/runs/lyfonwsb[0m
[1;34mwandb[0m: Find logs at: [1;35mwandb/run-20260120_154623-lyfonwsb/logs[0m
