Requirement already satisfied: datasets<4,>=3 in /home/georgev/.conda/envs/tinybird/lib/python3.13/site-packages (from -r /home/georgev/TinyBird/requirements.txt (line 1)) (3.6.0)
Requirement already satisfied: hdbscan in /home/georgev/.conda/envs/tinybird/lib/python3.13/site-packages (from -r /home/georgev/TinyBird/requirements.txt (line 2)) (0.8.39)
Requirement already satisfied: huggingface-hub in /home/georgev/.conda/envs/tinybird/lib/python3.13/site-packages (from -r /home/georgev/TinyBird/requirements.txt (line 3)) (0.35.1)
Requirement already satisfied: librosa in /home/georgev/.conda/envs/tinybird/lib/python3.13/site-packages (from -r /home/georgev/TinyBird/requirements.txt (line 4)) (0.11.0)
Requirement already satisfied: matplotlib in /home/georgev/.conda/envs/tinybird/lib/python3.13/site-packages (from -r /home/georgev/TinyBird/requirements.txt (line 5)) (3.10.6)
Requirement already satisfied: numpy in /home/georgev/.conda/envs/tinybird/lib/python3.13/site-packages (from -r /home/georgev/TinyBird/requirements.txt (line 6)) (2.3.3)
Requirement already satisfied: psutil in /home/georgev/.conda/envs/tinybird/lib/python3.13/site-packages (from -r /home/georgev/TinyBird/requirements.txt (line 7)) (7.1.0)
Requirement already satisfied: scikit-learn in /home/georgev/.conda/envs/tinybird/lib/python3.13/site-packages (from -r /home/georgev/TinyBird/requirements.txt (line 8)) (1.7.2)
Requirement already satisfied: scipy in /home/georgev/.conda/envs/tinybird/lib/python3.13/site-packages (from -r /home/georgev/TinyBird/requirements.txt (line 9)) (1.16.2)
Requirement already satisfied: tqdm in /home/georgev/.conda/envs/tinybird/lib/python3.13/site-packages (from -r /home/georgev/TinyBird/requirements.txt (line 10)) (4.67.1)
Requirement already satisfied: umap-learn in /home/georgev/.conda/envs/tinybird/lib/python3.13/site-packages (from -r /home/georgev/TinyBird/requirements.txt (line 11)) (0.5.11)
Requirement already satisfied: wandb in /home/georgev/.conda/envs/tinybird/lib/python3.13/site-packages (from -r /home/georgev/TinyBird/requirements.txt (line 12)) (0.24.0)
Requirement already satisfied: filelock in /home/georgev/.conda/envs/tinybird/lib/python3.13/site-packages (from datasets<4,>=3->-r /home/georgev/TinyBird/requirements.txt (line 1)) (3.13.1)
Requirement already satisfied: pyarrow>=15.0.0 in /home/georgev/.conda/envs/tinybird/lib/python3.13/site-packages (from datasets<4,>=3->-r /home/georgev/TinyBird/requirements.txt (line 1)) (21.0.0)
Requirement already satisfied: dill<0.3.9,>=0.3.0 in /home/georgev/.conda/envs/tinybird/lib/python3.13/site-packages (from datasets<4,>=3->-r /home/georgev/TinyBird/requirements.txt (line 1)) (0.3.8)
Requirement already satisfied: pandas in /home/georgev/.conda/envs/tinybird/lib/python3.13/site-packages (from datasets<4,>=3->-r /home/georgev/TinyBird/requirements.txt (line 1)) (2.3.3)
Requirement already satisfied: requests>=2.32.2 in /home/georgev/.conda/envs/tinybird/lib/python3.13/site-packages (from datasets<4,>=3->-r /home/georgev/TinyBird/requirements.txt (line 1)) (2.32.5)
Requirement already satisfied: xxhash in /home/georgev/.conda/envs/tinybird/lib/python3.13/site-packages (from datasets<4,>=3->-r /home/georgev/TinyBird/requirements.txt (line 1)) (3.6.0)
Requirement already satisfied: multiprocess<0.70.17 in /home/georgev/.conda/envs/tinybird/lib/python3.13/site-packages (from datasets<4,>=3->-r /home/georgev/TinyBird/requirements.txt (line 1)) (0.70.16)
Requirement already satisfied: fsspec<=2025.3.0,>=2023.1.0 in /home/georgev/.conda/envs/tinybird/lib/python3.13/site-packages (from fsspec[http]<=2025.3.0,>=2023.1.0->datasets<4,>=3->-r /home/georgev/TinyBird/requirements.txt (line 1)) (2024.6.1)
Requirement already satisfied: packaging in /home/georgev/.conda/envs/tinybird/lib/python3.13/site-packages (from datasets<4,>=3->-r /home/georgev/TinyBird/requirements.txt (line 1)) (25.0)
Requirement already satisfied: pyyaml>=5.1 in /home/georgev/.conda/envs/tinybird/lib/python3.13/site-packages (from datasets<4,>=3->-r /home/georgev/TinyBird/requirements.txt (line 1)) (6.0.3)
Requirement already satisfied: aiohttp!=4.0.0a0,!=4.0.0a1 in /home/georgev/.conda/envs/tinybird/lib/python3.13/site-packages (from fsspec[http]<=2025.3.0,>=2023.1.0->datasets<4,>=3->-r /home/georgev/TinyBird/requirements.txt (line 1)) (3.13.0)
Requirement already satisfied: joblib>=1.0 in /home/georgev/.conda/envs/tinybird/lib/python3.13/site-packages (from hdbscan->-r /home/georgev/TinyBird/requirements.txt (line 2)) (1.5.2)
Requirement already satisfied: hf-xet<2.0.0,>=1.1.3 in /home/georgev/.conda/envs/tinybird/lib/python3.13/site-packages (from huggingface-hub->-r /home/georgev/TinyBird/requirements.txt (line 3)) (1.1.10)
Requirement already satisfied: typing-extensions>=3.7.4.3 in /home/georgev/.conda/envs/tinybird/lib/python3.13/site-packages (from huggingface-hub->-r /home/georgev/TinyBird/requirements.txt (line 3)) (4.15.0)
Requirement already satisfied: audioread>=2.1.9 in /home/georgev/.conda/envs/tinybird/lib/python3.13/site-packages (from librosa->-r /home/georgev/TinyBird/requirements.txt (line 4)) (3.0.1)
Requirement already satisfied: numba>=0.51.0 in /home/georgev/.conda/envs/tinybird/lib/python3.13/site-packages (from librosa->-r /home/georgev/TinyBird/requirements.txt (line 4)) (0.62.1)
Requirement already satisfied: decorator>=4.3.0 in /home/georgev/.conda/envs/tinybird/lib/python3.13/site-packages (from librosa->-r /home/georgev/TinyBird/requirements.txt (line 4)) (5.2.1)
Requirement already satisfied: soundfile>=0.12.1 in /home/georgev/.conda/envs/tinybird/lib/python3.13/site-packages (from librosa->-r /home/georgev/TinyBird/requirements.txt (line 4)) (0.13.1)
Requirement already satisfied: pooch>=1.1 in /home/georgev/.conda/envs/tinybird/lib/python3.13/site-packages (from librosa->-r /home/georgev/TinyBird/requirements.txt (line 4)) (1.8.2)
Requirement already satisfied: soxr>=0.3.2 in /home/georgev/.conda/envs/tinybird/lib/python3.13/site-packages (from librosa->-r /home/georgev/TinyBird/requirements.txt (line 4)) (1.0.0)
Requirement already satisfied: lazy_loader>=0.1 in /home/georgev/.conda/envs/tinybird/lib/python3.13/site-packages (from librosa->-r /home/georgev/TinyBird/requirements.txt (line 4)) (0.4)
Requirement already satisfied: msgpack>=1.0 in /home/georgev/.conda/envs/tinybird/lib/python3.13/site-packages (from librosa->-r /home/georgev/TinyBird/requirements.txt (line 4)) (1.1.1)
Requirement already satisfied: standard-aifc in /home/georgev/.conda/envs/tinybird/lib/python3.13/site-packages (from librosa->-r /home/georgev/TinyBird/requirements.txt (line 4)) (3.13.0)
Requirement already satisfied: standard-sunau in /home/georgev/.conda/envs/tinybird/lib/python3.13/site-packages (from librosa->-r /home/georgev/TinyBird/requirements.txt (line 4)) (3.13.0)
Requirement already satisfied: contourpy>=1.0.1 in /home/georgev/.conda/envs/tinybird/lib/python3.13/site-packages (from matplotlib->-r /home/georgev/TinyBird/requirements.txt (line 5)) (1.3.3)
Requirement already satisfied: cycler>=0.10 in /home/georgev/.conda/envs/tinybird/lib/python3.13/site-packages (from matplotlib->-r /home/georgev/TinyBird/requirements.txt (line 5)) (0.12.1)
Requirement already satisfied: fonttools>=4.22.0 in /home/georgev/.conda/envs/tinybird/lib/python3.13/site-packages (from matplotlib->-r /home/georgev/TinyBird/requirements.txt (line 5)) (4.60.1)
Requirement already satisfied: kiwisolver>=1.3.1 in /home/georgev/.conda/envs/tinybird/lib/python3.13/site-packages (from matplotlib->-r /home/georgev/TinyBird/requirements.txt (line 5)) (1.4.9)
Requirement already satisfied: pillow>=8 in /home/georgev/.conda/envs/tinybird/lib/python3.13/site-packages (from matplotlib->-r /home/georgev/TinyBird/requirements.txt (line 5)) (11.3.0)
Requirement already satisfied: pyparsing>=2.3.1 in /home/georgev/.conda/envs/tinybird/lib/python3.13/site-packages (from matplotlib->-r /home/georgev/TinyBird/requirements.txt (line 5)) (3.2.5)
Requirement already satisfied: python-dateutil>=2.7 in /home/georgev/.conda/envs/tinybird/lib/python3.13/site-packages (from matplotlib->-r /home/georgev/TinyBird/requirements.txt (line 5)) (2.9.0.post0)
Requirement already satisfied: threadpoolctl>=3.1.0 in /home/georgev/.conda/envs/tinybird/lib/python3.13/site-packages (from scikit-learn->-r /home/georgev/TinyBird/requirements.txt (line 8)) (3.6.0)
Requirement already satisfied: pynndescent>=0.5 in /home/georgev/.conda/envs/tinybird/lib/python3.13/site-packages (from umap-learn->-r /home/georgev/TinyBird/requirements.txt (line 11)) (0.6.0)
Requirement already satisfied: click>=8.0.1 in /home/georgev/.conda/envs/tinybird/lib/python3.13/site-packages (from wandb->-r /home/georgev/TinyBird/requirements.txt (line 12)) (8.3.1)
Requirement already satisfied: gitpython!=3.1.29,>=1.0.0 in /home/georgev/.conda/envs/tinybird/lib/python3.13/site-packages (from wandb->-r /home/georgev/TinyBird/requirements.txt (line 12)) (3.1.46)
Requirement already satisfied: platformdirs in /home/georgev/.conda/envs/tinybird/lib/python3.13/site-packages (from wandb->-r /home/georgev/TinyBird/requirements.txt (line 12)) (4.4.0)
Requirement already satisfied: protobuf!=4.21.0,!=5.28.0,<7,>=3.19.0 in /home/georgev/.conda/envs/tinybird/lib/python3.13/site-packages (from wandb->-r /home/georgev/TinyBird/requirements.txt (line 12)) (6.33.4)
Requirement already satisfied: pydantic<3 in /home/georgev/.conda/envs/tinybird/lib/python3.13/site-packages (from wandb->-r /home/georgev/TinyBird/requirements.txt (line 12)) (2.12.5)
Requirement already satisfied: sentry-sdk>=2.0.0 in /home/georgev/.conda/envs/tinybird/lib/python3.13/site-packages (from wandb->-r /home/georgev/TinyBird/requirements.txt (line 12)) (2.49.0)
Requirement already satisfied: annotated-types>=0.6.0 in /home/georgev/.conda/envs/tinybird/lib/python3.13/site-packages (from pydantic<3->wandb->-r /home/georgev/TinyBird/requirements.txt (line 12)) (0.7.0)
Requirement already satisfied: pydantic-core==2.41.5 in /home/georgev/.conda/envs/tinybird/lib/python3.13/site-packages (from pydantic<3->wandb->-r /home/georgev/TinyBird/requirements.txt (line 12)) (2.41.5)
Requirement already satisfied: typing-inspection>=0.4.2 in /home/georgev/.conda/envs/tinybird/lib/python3.13/site-packages (from pydantic<3->wandb->-r /home/georgev/TinyBird/requirements.txt (line 12)) (0.4.2)
Requirement already satisfied: charset_normalizer<4,>=2 in /home/georgev/.conda/envs/tinybird/lib/python3.13/site-packages (from requests>=2.32.2->datasets<4,>=3->-r /home/georgev/TinyBird/requirements.txt (line 1)) (3.4.3)
Requirement already satisfied: idna<4,>=2.5 in /home/georgev/.conda/envs/tinybird/lib/python3.13/site-packages (from requests>=2.32.2->datasets<4,>=3->-r /home/georgev/TinyBird/requirements.txt (line 1)) (3.10)
Requirement already satisfied: urllib3<3,>=1.21.1 in /home/georgev/.conda/envs/tinybird/lib/python3.13/site-packages (from requests>=2.32.2->datasets<4,>=3->-r /home/georgev/TinyBird/requirements.txt (line 1)) (2.5.0)
Requirement already satisfied: certifi>=2017.4.17 in /home/georgev/.conda/envs/tinybird/lib/python3.13/site-packages (from requests>=2.32.2->datasets<4,>=3->-r /home/georgev/TinyBird/requirements.txt (line 1)) (2025.10.5)
Requirement already satisfied: aiohappyeyeballs>=2.5.0 in /home/georgev/.conda/envs/tinybird/lib/python3.13/site-packages (from aiohttp!=4.0.0a0,!=4.0.0a1->fsspec[http]<=2025.3.0,>=2023.1.0->datasets<4,>=3->-r /home/georgev/TinyBird/requirements.txt (line 1)) (2.6.1)
Requirement already satisfied: aiosignal>=1.4.0 in /home/georgev/.conda/envs/tinybird/lib/python3.13/site-packages (from aiohttp!=4.0.0a0,!=4.0.0a1->fsspec[http]<=2025.3.0,>=2023.1.0->datasets<4,>=3->-r /home/georgev/TinyBird/requirements.txt (line 1)) (1.4.0)
Requirement already satisfied: attrs>=17.3.0 in /home/georgev/.conda/envs/tinybird/lib/python3.13/site-packages (from aiohttp!=4.0.0a0,!=4.0.0a1->fsspec[http]<=2025.3.0,>=2023.1.0->datasets<4,>=3->-r /home/georgev/TinyBird/requirements.txt (line 1)) (25.4.0)
Requirement already satisfied: frozenlist>=1.1.1 in /home/georgev/.conda/envs/tinybird/lib/python3.13/site-packages (from aiohttp!=4.0.0a0,!=4.0.0a1->fsspec[http]<=2025.3.0,>=2023.1.0->datasets<4,>=3->-r /home/georgev/TinyBird/requirements.txt (line 1)) (1.7.0)
Requirement already satisfied: multidict<7.0,>=4.5 in /home/georgev/.conda/envs/tinybird/lib/python3.13/site-packages (from aiohttp!=4.0.0a0,!=4.0.0a1->fsspec[http]<=2025.3.0,>=2023.1.0->datasets<4,>=3->-r /home/georgev/TinyBird/requirements.txt (line 1)) (6.6.3)
Requirement already satisfied: propcache>=0.2.0 in /home/georgev/.conda/envs/tinybird/lib/python3.13/site-packages (from aiohttp!=4.0.0a0,!=4.0.0a1->fsspec[http]<=2025.3.0,>=2023.1.0->datasets<4,>=3->-r /home/georgev/TinyBird/requirements.txt (line 1)) (0.3.1)
Requirement already satisfied: yarl<2.0,>=1.17.0 in /home/georgev/.conda/envs/tinybird/lib/python3.13/site-packages (from aiohttp!=4.0.0a0,!=4.0.0a1->fsspec[http]<=2025.3.0,>=2023.1.0->datasets<4,>=3->-r /home/georgev/TinyBird/requirements.txt (line 1)) (1.20.1)
Requirement already satisfied: gitdb<5,>=4.0.1 in /home/georgev/.conda/envs/tinybird/lib/python3.13/site-packages (from gitpython!=3.1.29,>=1.0.0->wandb->-r /home/georgev/TinyBird/requirements.txt (line 12)) (4.0.12)
Requirement already satisfied: smmap<6,>=3.0.1 in /home/georgev/.conda/envs/tinybird/lib/python3.13/site-packages (from gitdb<5,>=4.0.1->gitpython!=3.1.29,>=1.0.0->wandb->-r /home/georgev/TinyBird/requirements.txt (line 12)) (5.0.2)
Requirement already satisfied: llvmlite<0.46,>=0.45.0dev0 in /home/georgev/.conda/envs/tinybird/lib/python3.13/site-packages (from numba>=0.51.0->librosa->-r /home/georgev/TinyBird/requirements.txt (line 4)) (0.45.0)
Requirement already satisfied: six>=1.5 in /home/georgev/.conda/envs/tinybird/lib/python3.13/site-packages (from python-dateutil>=2.7->matplotlib->-r /home/georgev/TinyBird/requirements.txt (line 5)) (1.17.0)
Requirement already satisfied: cffi>=1.0 in /home/georgev/.conda/envs/tinybird/lib/python3.13/site-packages (from soundfile>=0.12.1->librosa->-r /home/georgev/TinyBird/requirements.txt (line 4)) (2.0.0)
Requirement already satisfied: pycparser in /home/georgev/.conda/envs/tinybird/lib/python3.13/site-packages (from cffi>=1.0->soundfile>=0.12.1->librosa->-r /home/georgev/TinyBird/requirements.txt (line 4)) (2.22)
Requirement already satisfied: pytz>=2020.1 in /home/georgev/.conda/envs/tinybird/lib/python3.13/site-packages (from pandas->datasets<4,>=3->-r /home/georgev/TinyBird/requirements.txt (line 1)) (2025.2)
Requirement already satisfied: tzdata>=2022.7 in /home/georgev/.conda/envs/tinybird/lib/python3.13/site-packages (from pandas->datasets<4,>=3->-r /home/georgev/TinyBird/requirements.txt (line 1)) (2025.2)
Requirement already satisfied: standard-chunk in /home/georgev/.conda/envs/tinybird/lib/python3.13/site-packages (from standard-aifc->librosa->-r /home/georgev/TinyBird/requirements.txt (line 4)) (3.13.0)
Requirement already satisfied: audioop-lts in /home/georgev/.conda/envs/tinybird/lib/python3.13/site-packages (from standard-aifc->librosa->-r /home/georgev/TinyBird/requirements.txt (line 4)) (0.2.2)
Using device: cuda
Initialized new model
============================================================
MODEL PARAMETER COUNT
============================================================
Encoder parameters:    12,232,320
Decoder parameters:    970,016
Total parameters:      13,202,336
============================================================
Training from step 0 to 500000
Step 0 (0.0%): Train Loss = 1.604092, Val Loss = 1.662884, Gnorm = 5.949067, Samples = 256, LR = 6.00e-07, Steps/sec = 0.00, Samples/sec = 0.0
Step 500 (0.1%): Train Loss = 0.418908, Val Loss = 0.363710, Gnorm = 0.579619, Samples = 128256, LR = 1.51e-04, Steps/sec = 1.08, Samples/sec = 276.3
Step 1000 (0.2%): Train Loss = 0.155593, Val Loss = 0.152263, Gnorm = 1.153786, Samples = 256256, LR = 3.00e-04, Steps/sec = 1.08, Samples/sec = 276.3
Step 1500 (0.3%): Train Loss = 0.132273, Val Loss = 0.117467, Gnorm = 0.399418, Samples = 384256, LR = 3.00e-04, Steps/sec = 1.02, Samples/sec = 261.3
Step 2000 (0.4%): Train Loss = 0.111745, Val Loss = 0.090878, Gnorm = 0.325216, Samples = 512256, LR = 3.00e-04, Steps/sec = 1.09, Samples/sec = 277.8
Step 2500 (0.5%): Train Loss = 0.083522, Val Loss = 0.109148, Gnorm = 0.205814, Samples = 640256, LR = 3.00e-04, Steps/sec = 1.02, Samples/sec = 261.4
Step 3000 (0.6%): Train Loss = 0.093416, Val Loss = 0.105584, Gnorm = 0.330274, Samples = 768256, LR = 3.00e-04, Steps/sec = 1.09, Samples/sec = 278.6
Step 3500 (0.7%): Train Loss = 0.085759, Val Loss = 0.096667, Gnorm = 0.299169, Samples = 896256, LR = 3.00e-04, Steps/sec = 1.02, Samples/sec = 261.3
Step 4000 (0.8%): Train Loss = 0.087315, Val Loss = 0.081550, Gnorm = 0.260210, Samples = 1024256, LR = 3.00e-04, Steps/sec = 1.09, Samples/sec = 279.4
Step 4500 (0.9%): Train Loss = 0.087329, Val Loss = 0.093398, Gnorm = 0.197814, Samples = 1152256, LR = 3.00e-04, Steps/sec = 1.02, Samples/sec = 260.5
Step 5000 (1.0%): Train Loss = 0.081028, Val Loss = 0.082374, Gnorm = 0.372396, Samples = 1280256, LR = 3.00e-04, Steps/sec = 1.09, Samples/sec = 279.7
Step 5500 (1.1%): Train Loss = 0.088463, Val Loss = 0.072664, Gnorm = 0.264673, Samples = 1408256, LR = 3.00e-04, Steps/sec = 1.02, Samples/sec = 262.3
Step 6000 (1.2%): Train Loss = 0.082049, Val Loss = 0.072020, Gnorm = 0.415153, Samples = 1536256, LR = 3.00e-04, Steps/sec = 1.09, Samples/sec = 279.4
Step 6500 (1.3%): Train Loss = 0.086901, Val Loss = 0.075597, Gnorm = 0.282241, Samples = 1664256, LR = 3.00e-04, Steps/sec = 1.03, Samples/sec = 263.3
Step 7000 (1.4%): Train Loss = 0.075517, Val Loss = 0.070135, Gnorm = 0.269772, Samples = 1792256, LR = 3.00e-04, Steps/sec = 1.09, Samples/sec = 278.0
Step 7500 (1.5%): Train Loss = 0.073500, Val Loss = 0.075287, Gnorm = 0.319835, Samples = 1920256, LR = 3.00e-04, Steps/sec = 1.03, Samples/sec = 262.8
Step 8000 (1.6%): Train Loss = 0.078470, Val Loss = 0.066910, Gnorm = 0.270762, Samples = 2048256, LR = 3.00e-04, Steps/sec = 1.09, Samples/sec = 278.7
Step 8500 (1.7%): Train Loss = 0.075245, Val Loss = 0.061505, Gnorm = 0.236638, Samples = 2176256, LR = 3.00e-04, Steps/sec = 1.03, Samples/sec = 263.1
Step 9000 (1.8%): Train Loss = 0.072424, Val Loss = 0.075914, Gnorm = 0.221891, Samples = 2304256, LR = 3.00e-04, Steps/sec = 1.03, Samples/sec = 263.8
Step 9500 (1.9%): Train Loss = 0.075713, Val Loss = 0.069314, Gnorm = 0.490765, Samples = 2432256, LR = 3.00e-04, Steps/sec = 1.03, Samples/sec = 262.6
Step 10000 (2.0%): Train Loss = 0.083685, Val Loss = 0.071695, Gnorm = 0.535652, Samples = 2560256, LR = 3.00e-04, Steps/sec = 1.07, Samples/sec = 273.7
Step 10500 (2.1%): Train Loss = 0.067696, Val Loss = 0.062491, Gnorm = 0.354224, Samples = 2688256, LR = 3.00e-04, Steps/sec = 1.03, Samples/sec = 262.8
Step 11000 (2.2%): Train Loss = 0.064687, Val Loss = 0.061272, Gnorm = 0.295865, Samples = 2816256, LR = 3.00e-04, Steps/sec = 1.09, Samples/sec = 278.4
Step 11500 (2.3%): Train Loss = 0.069751, Val Loss = 0.075917, Gnorm = 0.275055, Samples = 2944256, LR = 3.00e-04, Steps/sec = 1.02, Samples/sec = 262.3
Step 12000 (2.4%): Train Loss = 0.073612, Val Loss = 0.065763, Gnorm = 0.352513, Samples = 3072256, LR = 3.00e-04, Steps/sec = 1.09, Samples/sec = 280.0
Step 12500 (2.5%): Train Loss = 0.067397, Val Loss = 0.068857, Gnorm = 0.335438, Samples = 3200256, LR = 3.00e-04, Steps/sec = 1.01, Samples/sec = 257.8
Step 13000 (2.6%): Train Loss = 0.070727, Val Loss = 0.066380, Gnorm = 0.278812, Samples = 3328256, LR = 3.00e-04, Steps/sec = 1.09, Samples/sec = 278.2
Step 13500 (2.7%): Train Loss = 0.064295, Val Loss = 0.075548, Gnorm = 0.229737, Samples = 3456256, LR = 3.00e-04, Steps/sec = 1.03, Samples/sec = 264.4
Step 14000 (2.8%): Train Loss = 0.062690, Val Loss = 0.063171, Gnorm = 0.149646, Samples = 3584256, LR = 3.00e-04, Steps/sec = 1.09, Samples/sec = 278.5
Step 14500 (2.9%): Train Loss = 0.058454, Val Loss = 0.060053, Gnorm = 0.169202, Samples = 3712256, LR = 2.99e-04, Steps/sec = 1.02, Samples/sec = 262.2
Step 15000 (3.0%): Train Loss = 0.065097, Val Loss = 0.060517, Gnorm = 0.304944, Samples = 3840256, LR = 2.99e-04, Steps/sec = 1.09, Samples/sec = 279.3
Step 15500 (3.1%): Train Loss = 0.068141, Val Loss = 0.060860, Gnorm = 0.150686, Samples = 3968256, LR = 2.99e-04, Steps/sec = 1.03, Samples/sec = 263.8
Step 16000 (3.2%): Train Loss = 0.059984, Val Loss = 0.061211, Gnorm = 0.461463, Samples = 4096256, LR = 2.99e-04, Steps/sec = 1.09, Samples/sec = 279.4
Step 16500 (3.3%): Train Loss = 0.061168, Val Loss = 0.060273, Gnorm = 0.119344, Samples = 4224256, LR = 2.99e-04, Steps/sec = 1.02, Samples/sec = 262.0
Step 17000 (3.4%): Train Loss = 0.065011, Val Loss = 0.056929, Gnorm = 0.197139, Samples = 4352256, LR = 2.99e-04, Steps/sec = 1.09, Samples/sec = 279.2
Step 17500 (3.5%): Train Loss = 0.065286, Val Loss = 0.054281, Gnorm = 0.205255, Samples = 4480256, LR = 2.99e-04, Steps/sec = 1.03, Samples/sec = 264.2
Step 18000 (3.6%): Train Loss = 0.062565, Val Loss = 0.060083, Gnorm = 0.114724, Samples = 4608256, LR = 2.99e-04, Steps/sec = 1.03, Samples/sec = 262.9
Step 18500 (3.7%): Train Loss = 0.063363, Val Loss = 0.060730, Gnorm = 0.389323, Samples = 4736256, LR = 2.99e-04, Steps/sec = 1.03, Samples/sec = 264.2
Step 19000 (3.8%): Train Loss = 0.062377, Val Loss = 0.059843, Gnorm = 0.144606, Samples = 4864256, LR = 2.99e-04, Steps/sec = 1.09, Samples/sec = 279.3
Step 19500 (3.9%): Train Loss = 0.062230, Val Loss = 0.055778, Gnorm = 0.151063, Samples = 4992256, LR = 2.99e-04, Steps/sec = 1.03, Samples/sec = 263.1
Step 20000 (4.0%): Train Loss = 0.059980, Val Loss = 0.053607, Gnorm = 0.155735, Samples = 5120256, LR = 2.99e-04, Steps/sec = 1.09, Samples/sec = 278.4
Step 20500 (4.1%): Train Loss = 0.063094, Val Loss = 0.063095, Gnorm = 0.161086, Samples = 5248256, LR = 2.99e-04, Steps/sec = 1.04, Samples/sec = 265.4
Step 21000 (4.2%): Train Loss = 0.058349, Val Loss = 0.060553, Gnorm = 0.101244, Samples = 5376256, LR = 2.99e-04, Steps/sec = 1.09, Samples/sec = 280.3
Step 21500 (4.3%): Train Loss = 0.061010, Val Loss = 0.063019, Gnorm = 0.118503, Samples = 5504256, LR = 2.99e-04, Steps/sec = 1.03, Samples/sec = 264.1
Step 22000 (4.4%): Train Loss = 0.061689, Val Loss = 0.061406, Gnorm = 0.148430, Samples = 5632256, LR = 2.99e-04, Steps/sec = 1.10, Samples/sec = 281.0
Step 22500 (4.5%): Train Loss = 0.062381, Val Loss = 0.064361, Gnorm = 0.180954, Samples = 5760256, LR = 2.99e-04, Steps/sec = 1.03, Samples/sec = 264.5
Step 23000 (4.6%): Train Loss = 0.059849, Val Loss = 0.061639, Gnorm = 0.164930, Samples = 5888256, LR = 2.99e-04, Steps/sec = 1.10, Samples/sec = 280.5
Step 23500 (4.7%): Train Loss = 0.060666, Val Loss = 0.057252, Gnorm = 0.284808, Samples = 6016256, LR = 2.99e-04, Steps/sec = 1.02, Samples/sec = 261.5
Step 24000 (4.8%): Train Loss = 0.058530, Val Loss = 0.056734, Gnorm = 0.140969, Samples = 6144256, LR = 2.98e-04, Steps/sec = 1.09, Samples/sec = 279.6
Step 24500 (4.9%): Train Loss = 0.061607, Val Loss = 0.057913, Gnorm = 0.238093, Samples = 6272256, LR = 2.98e-04, Steps/sec = 1.03, Samples/sec = 264.4
Step 25000 (5.0%): Train Loss = 0.060003, Val Loss = 0.055879, Gnorm = 0.108316, Samples = 6400256, LR = 2.98e-04, Steps/sec = 1.09, Samples/sec = 278.6
Step 25500 (5.1%): Train Loss = 0.059462, Val Loss = 0.058055, Gnorm = 0.150291, Samples = 6528256, LR = 2.98e-04, Steps/sec = 1.03, Samples/sec = 262.9
Step 26000 (5.2%): Train Loss = 0.055801, Val Loss = 0.052883, Gnorm = 0.092859, Samples = 6656256, LR = 2.98e-04, Steps/sec = 1.09, Samples/sec = 278.3
Step 26500 (5.3%): Train Loss = 0.059446, Val Loss = 0.052345, Gnorm = 0.189415, Samples = 6784256, LR = 2.98e-04, Steps/sec = 1.03, Samples/sec = 262.8
Step 27000 (5.4%): Train Loss = 0.058291, Val Loss = 0.056506, Gnorm = 0.139744, Samples = 6912256, LR = 2.98e-04, Steps/sec = 1.03, Samples/sec = 262.8
Step 27500 (5.5%): Train Loss = 0.059205, Val Loss = 0.059306, Gnorm = 0.203868, Samples = 7040256, LR = 2.98e-04, Steps/sec = 1.02, Samples/sec = 261.6
Step 28000 (5.6%): Train Loss = 0.056461, Val Loss = 0.051271, Gnorm = 0.118929, Samples = 7168256, LR = 2.98e-04, Steps/sec = 1.09, Samples/sec = 278.2
Step 28500 (5.7%): Train Loss = 0.063789, Val Loss = 0.055158, Gnorm = 0.184363, Samples = 7296256, LR = 2.98e-04, Steps/sec = 1.03, Samples/sec = 264.4
Step 29000 (5.8%): Train Loss = 0.056500, Val Loss = 0.052807, Gnorm = 0.216341, Samples = 7424256, LR = 2.98e-04, Steps/sec = 1.09, Samples/sec = 280.2
Step 29500 (5.9%): Train Loss = 0.059499, Val Loss = 0.058675, Gnorm = 0.273681, Samples = 7552256, LR = 2.98e-04, Steps/sec = 1.03, Samples/sec = 263.5
Step 30000 (6.0%): Train Loss = 0.055698, Val Loss = 0.055324, Gnorm = 0.139562, Samples = 7680256, LR = 2.98e-04, Steps/sec = 1.10, Samples/sec = 280.7
Step 30500 (6.1%): Train Loss = 0.055530, Val Loss = 0.057233, Gnorm = 0.104615, Samples = 7808256, LR = 2.98e-04, Steps/sec = 1.03, Samples/sec = 264.0
Step 31000 (6.2%): Train Loss = 0.054395, Val Loss = 0.055473, Gnorm = 0.159872, Samples = 7936256, LR = 2.97e-04, Steps/sec = 1.09, Samples/sec = 278.8
Step 31500 (6.3%): Train Loss = 0.053696, Val Loss = 0.055570, Gnorm = 0.117810, Samples = 8064256, LR = 2.97e-04, Steps/sec = 1.03, Samples/sec = 263.4
Step 32000 (6.4%): Train Loss = 0.056313, Val Loss = 0.059216, Gnorm = 0.192526, Samples = 8192256, LR = 2.97e-04, Steps/sec = 1.09, Samples/sec = 279.6
Step 32500 (6.5%): Train Loss = 0.057500, Val Loss = 0.055708, Gnorm = 0.133438, Samples = 8320256, LR = 2.97e-04, Steps/sec = 1.03, Samples/sec = 262.9
Step 33000 (6.6%): Train Loss = 0.054986, Val Loss = 0.053173, Gnorm = 0.112138, Samples = 8448256, LR = 2.97e-04, Steps/sec = 1.09, Samples/sec = 278.8
Step 33500 (6.7%): Train Loss = 0.055567, Val Loss = 0.053054, Gnorm = 0.189782, Samples = 8576256, LR = 2.97e-04, Steps/sec = 1.03, Samples/sec = 263.3
Step 34000 (6.8%): Train Loss = 0.053048, Val Loss = 0.051280, Gnorm = 0.179658, Samples = 8704256, LR = 2.97e-04, Steps/sec = 1.09, Samples/sec = 279.7
Step 34500 (6.9%): Train Loss = 0.054056, Val Loss = 0.056588, Gnorm = 0.194574, Samples = 8832256, LR = 2.97e-04, Steps/sec = 1.03, Samples/sec = 262.5
Step 35000 (7.0%): Train Loss = 0.055125, Val Loss = 0.050740, Gnorm = 0.133190, Samples = 8960256, LR = 2.97e-04, Steps/sec = 1.09, Samples/sec = 279.1
Step 35500 (7.1%): Train Loss = 0.054039, Val Loss = 0.047674, Gnorm = 0.108010, Samples = 9088256, LR = 2.97e-04, Steps/sec = 1.03, Samples/sec = 262.6
Step 36000 (7.2%): Train Loss = 0.054466, Val Loss = 0.053920, Gnorm = 0.169931, Samples = 9216256, LR = 2.96e-04, Steps/sec = 1.04, Samples/sec = 265.8
Step 36500 (7.3%): Train Loss = 0.055931, Val Loss = 0.056165, Gnorm = 0.141903, Samples = 9344256, LR = 2.96e-04, Steps/sec = 1.04, Samples/sec = 265.3
Step 37000 (7.4%): Train Loss = 0.053245, Val Loss = 0.054236, Gnorm = 0.156514, Samples = 9472256, LR = 2.96e-04, Steps/sec = 1.10, Samples/sec = 280.4
Step 37500 (7.5%): Train Loss = 0.053680, Val Loss = 0.050866, Gnorm = 0.091011, Samples = 9600256, LR = 2.96e-04, Steps/sec = 1.03, Samples/sec = 263.3
Step 38000 (7.6%): Train Loss = 0.052267, Val Loss = 0.051201, Gnorm = 0.146025, Samples = 9728256, LR = 2.96e-04, Steps/sec = 1.10, Samples/sec = 281.2
Step 38500 (7.7%): Train Loss = 0.055706, Val Loss = 0.055350, Gnorm = 0.214427, Samples = 9856256, LR = 2.96e-04, Steps/sec = 1.03, Samples/sec = 263.7
Step 39000 (7.8%): Train Loss = 0.054127, Val Loss = 0.057790, Gnorm = 0.093763, Samples = 9984256, LR = 2.96e-04, Steps/sec = 1.10, Samples/sec = 280.6
Step 39500 (7.9%): Train Loss = 0.051178, Val Loss = 0.055519, Gnorm = 0.104312, Samples = 10112256, LR = 2.96e-04, Steps/sec = 1.03, Samples/sec = 264.7
Step 40000 (8.0%): Train Loss = 0.054860, Val Loss = 0.050905, Gnorm = 0.215428, Samples = 10240256, LR = 2.96e-04, Steps/sec = 1.09, Samples/sec = 279.6
Step 40500 (8.1%): Train Loss = 0.053821, Val Loss = 0.049827, Gnorm = 0.258597, Samples = 10368256, LR = 2.96e-04, Steps/sec = 1.03, Samples/sec = 262.7
Step 41000 (8.2%): Train Loss = 0.049662, Val Loss = 0.055496, Gnorm = 0.130222, Samples = 10496256, LR = 2.95e-04, Steps/sec = 1.10, Samples/sec = 280.5
Step 41500 (8.3%): Train Loss = 0.053442, Val Loss = 0.048501, Gnorm = 0.179245, Samples = 10624256, LR = 2.95e-04, Steps/sec = 1.03, Samples/sec = 264.5
Step 42000 (8.4%): Train Loss = 0.053210, Val Loss = 0.052509, Gnorm = 0.174209, Samples = 10752256, LR = 2.95e-04, Steps/sec = 1.09, Samples/sec = 279.5
Step 42500 (8.5%): Train Loss = 0.053104, Val Loss = 0.049220, Gnorm = 0.147783, Samples = 10880256, LR = 2.95e-04, Steps/sec = 1.02, Samples/sec = 260.9
Step 43000 (8.6%): Train Loss = 0.053537, Val Loss = 0.050225, Gnorm = 0.221849, Samples = 11008256, LR = 2.95e-04, Steps/sec = 1.09, Samples/sec = 278.1
Step 43500 (8.7%): Train Loss = 0.050533, Val Loss = 0.053025, Gnorm = 0.122744, Samples = 11136256, LR = 2.95e-04, Steps/sec = 1.03, Samples/sec = 263.3
Step 44000 (8.8%): Train Loss = 0.052993, Val Loss = 0.052719, Gnorm = 0.146555, Samples = 11264256, LR = 2.95e-04, Steps/sec = 1.09, Samples/sec = 279.5
Step 44500 (8.9%): Train Loss = 0.053693, Val Loss = 0.044424, Gnorm = 0.151746, Samples = 11392256, LR = 2.95e-04, Steps/sec = 1.03, Samples/sec = 263.5
Step 45000 (9.0%): Train Loss = 0.050637, Val Loss = 0.052414, Gnorm = 0.095096, Samples = 11520256, LR = 2.94e-04, Steps/sec = 1.03, Samples/sec = 264.7
Step 45500 (9.1%): Train Loss = 0.055084, Val Loss = 0.053020, Gnorm = 0.088798, Samples = 11648256, LR = 2.94e-04, Steps/sec = 1.03, Samples/sec = 264.3
Step 46000 (9.2%): Train Loss = 0.050328, Val Loss = 0.050073, Gnorm = 0.100748, Samples = 11776256, LR = 2.94e-04, Steps/sec = 1.09, Samples/sec = 278.7
Step 46500 (9.3%): Train Loss = 0.050105, Val Loss = 0.049291, Gnorm = 0.096923, Samples = 11904256, LR = 2.94e-04, Steps/sec = 1.04, Samples/sec = 265.2
Step 47000 (9.4%): Train Loss = 0.048670, Val Loss = 0.048848, Gnorm = 0.104760, Samples = 12032256, LR = 2.94e-04, Steps/sec = 1.09, Samples/sec = 278.1
Step 47500 (9.5%): Train Loss = 0.048624, Val Loss = 0.050874, Gnorm = 0.123325, Samples = 12160256, LR = 2.94e-04, Steps/sec = 1.03, Samples/sec = 263.0
Step 48000 (9.6%): Train Loss = 0.047430, Val Loss = 0.047236, Gnorm = 0.098418, Samples = 12288256, LR = 2.94e-04, Steps/sec = 1.09, Samples/sec = 278.6
Step 48500 (9.7%): Train Loss = 0.050915, Val Loss = 0.049190, Gnorm = 0.186259, Samples = 12416256, LR = 2.94e-04, Steps/sec = 1.03, Samples/sec = 262.5
Step 49000 (9.8%): Train Loss = 0.047255, Val Loss = 0.049325, Gnorm = 0.093777, Samples = 12544256, LR = 2.93e-04, Steps/sec = 1.09, Samples/sec = 279.3
Step 49500 (9.9%): Train Loss = 0.053434, Val Loss = 0.049066, Gnorm = 0.221393, Samples = 12672256, LR = 2.93e-04, Steps/sec = 1.02, Samples/sec = 261.7
Step 50000 (10.0%): Train Loss = 0.049801, Val Loss = 0.051925, Gnorm = 0.139828, Samples = 12800256, LR = 2.93e-04, Steps/sec = 1.09, Samples/sec = 278.7
Step 50500 (10.1%): Train Loss = 0.050294, Val Loss = 0.048016, Gnorm = 0.092585, Samples = 12928256, LR = 2.93e-04, Steps/sec = 1.03, Samples/sec = 263.8
Step 51000 (10.2%): Train Loss = 0.051517, Val Loss = 0.046214, Gnorm = 0.134379, Samples = 13056256, LR = 2.93e-04, Steps/sec = 1.09, Samples/sec = 279.9
Step 51500 (10.3%): Train Loss = 0.054066, Val Loss = 0.047093, Gnorm = 0.201192, Samples = 13184256, LR = 2.93e-04, Steps/sec = 1.03, Samples/sec = 262.5
Step 52000 (10.4%): Train Loss = 0.045139, Val Loss = 0.049250, Gnorm = 0.072854, Samples = 13312256, LR = 2.93e-04, Steps/sec = 1.09, Samples/sec = 280.2
Step 52500 (10.5%): Train Loss = 0.048033, Val Loss = 0.048729, Gnorm = 0.087205, Samples = 13440256, LR = 2.92e-04, Steps/sec = 1.02, Samples/sec = 262.1
Step 53000 (10.6%): Train Loss = 0.046504, Val Loss = 0.042551, Gnorm = 0.094782, Samples = 13568256, LR = 2.92e-04, Steps/sec = 1.09, Samples/sec = 280.2
Step 53500 (10.7%): Train Loss = 0.050986, Val Loss = 0.042664, Gnorm = 0.100350, Samples = 13696256, LR = 2.92e-04, Steps/sec = 1.03, Samples/sec = 263.0
Step 54000 (10.8%): Train Loss = 0.048401, Val Loss = 0.047900, Gnorm = 0.090472, Samples = 13824256, LR = 2.92e-04, Steps/sec = 1.03, Samples/sec = 262.6
Step 54500 (10.9%): Train Loss = 0.046282, Val Loss = 0.052275, Gnorm = 0.069428, Samples = 13952256, LR = 2.92e-04, Steps/sec = 1.03, Samples/sec = 263.3
Step 55000 (11.0%): Train Loss = 0.044862, Val Loss = 0.043748, Gnorm = 0.102368, Samples = 14080256, LR = 2.92e-04, Steps/sec = 1.09, Samples/sec = 279.8
Step 55500 (11.1%): Train Loss = 0.050428, Val Loss = 0.046881, Gnorm = 0.099121, Samples = 14208256, LR = 2.92e-04, Steps/sec = 1.02, Samples/sec = 262.1
Step 56000 (11.2%): Train Loss = 0.044518, Val Loss = 0.044870, Gnorm = 0.052662, Samples = 14336256, LR = 2.91e-04, Steps/sec = 1.09, Samples/sec = 279.7
Step 56500 (11.3%): Train Loss = 0.046786, Val Loss = 0.046217, Gnorm = 0.097641, Samples = 14464256, LR = 2.91e-04, Steps/sec = 1.01, Samples/sec = 259.2
Step 57000 (11.4%): Train Loss = 0.046367, Val Loss = 0.048168, Gnorm = 0.096920, Samples = 14592256, LR = 2.91e-04, Steps/sec = 1.08, Samples/sec = 275.5
Step 57500 (11.5%): Train Loss = 0.050127, Val Loss = 0.049036, Gnorm = 0.061623, Samples = 14720256, LR = 2.91e-04, Steps/sec = 1.03, Samples/sec = 263.4
Step 58000 (11.6%): Train Loss = 0.048522, Val Loss = 0.046701, Gnorm = 0.188819, Samples = 14848256, LR = 2.91e-04, Steps/sec = 1.10, Samples/sec = 280.7
Step 58500 (11.7%): Train Loss = 0.047323, Val Loss = 0.042642, Gnorm = 0.086766, Samples = 14976256, LR = 2.91e-04, Steps/sec = 1.01, Samples/sec = 257.6
Step 59000 (11.8%): Train Loss = 0.045519, Val Loss = 0.045323, Gnorm = 0.056806, Samples = 15104256, LR = 2.90e-04, Steps/sec = 1.08, Samples/sec = 276.5
Step 59500 (11.9%): Train Loss = 0.047701, Val Loss = 0.047151, Gnorm = 0.168747, Samples = 15232256, LR = 2.90e-04, Steps/sec = 1.02, Samples/sec = 262.0
Step 60000 (12.0%): Train Loss = 0.047900, Val Loss = 0.043144, Gnorm = 0.068893, Samples = 15360256, LR = 2.90e-04, Steps/sec = 1.09, Samples/sec = 279.3
Step 60500 (12.1%): Train Loss = 0.048603, Val Loss = 0.045788, Gnorm = 0.093560, Samples = 15488256, LR = 2.90e-04, Steps/sec = 1.03, Samples/sec = 262.8
Step 61000 (12.2%): Train Loss = 0.040570, Val Loss = 0.044491, Gnorm = 0.084130, Samples = 15616256, LR = 2.90e-04, Steps/sec = 1.10, Samples/sec = 281.1
Step 61500 (12.3%): Train Loss = 0.046359, Val Loss = 0.047335, Gnorm = 0.219805, Samples = 15744256, LR = 2.90e-04, Steps/sec = 1.03, Samples/sec = 263.6
Step 62000 (12.4%): Train Loss = 0.039577, Val Loss = 0.041277, Gnorm = 0.064393, Samples = 15872256, LR = 2.89e-04, Steps/sec = 1.09, Samples/sec = 278.5
Step 62500 (12.5%): Train Loss = 0.045242, Val Loss = 0.040485, Gnorm = 0.181480, Samples = 16000256, LR = 2.89e-04, Steps/sec = 1.02, Samples/sec = 260.8
Step 63000 (12.6%): Train Loss = 0.045854, Val Loss = 0.045827, Gnorm = 0.066588, Samples = 16128256, LR = 2.89e-04, Steps/sec = 1.03, Samples/sec = 262.7
Step 63500 (12.7%): Train Loss = 0.043313, Val Loss = 0.046313, Gnorm = 0.061628, Samples = 16256256, LR = 2.89e-04, Steps/sec = 1.02, Samples/sec = 260.4
Step 64000 (12.8%): Train Loss = 0.042511, Val Loss = 0.046292, Gnorm = 0.067928, Samples = 16384256, LR = 2.89e-04, Steps/sec = 1.09, Samples/sec = 279.8
Step 64500 (12.9%): Train Loss = 0.047020, Val Loss = 0.043606, Gnorm = 0.133153, Samples = 16512256, LR = 2.89e-04, Steps/sec = 1.02, Samples/sec = 260.7
Step 65000 (13.0%): Train Loss = 0.048140, Val Loss = 0.042369, Gnorm = 0.125069, Samples = 16640256, LR = 2.88e-04, Steps/sec = 1.09, Samples/sec = 279.7
Step 65500 (13.1%): Train Loss = 0.044050, Val Loss = 0.043492, Gnorm = 0.107370, Samples = 16768256, LR = 2.88e-04, Steps/sec = 1.03, Samples/sec = 262.9
Step 66000 (13.2%): Train Loss = 0.044951, Val Loss = 0.043296, Gnorm = 0.110341, Samples = 16896256, LR = 2.88e-04, Steps/sec = 1.09, Samples/sec = 278.8
Step 66500 (13.3%): Train Loss = 0.044355, Val Loss = 0.046447, Gnorm = 0.090455, Samples = 17024256, LR = 2.88e-04, Steps/sec = 1.03, Samples/sec = 262.6
Step 67000 (13.4%): Train Loss = 0.042117, Val Loss = 0.046395, Gnorm = 0.077597, Samples = 17152256, LR = 2.88e-04, Steps/sec = 1.09, Samples/sec = 279.2
Step 67500 (13.5%): Train Loss = 0.041626, Val Loss = 0.045727, Gnorm = 0.143812, Samples = 17280256, LR = 2.87e-04, Steps/sec = 1.02, Samples/sec = 261.4
Step 68000 (13.6%): Train Loss = 0.046811, Val Loss = 0.044201, Gnorm = 0.131420, Samples = 17408256, LR = 2.87e-04, Steps/sec = 1.09, Samples/sec = 278.6
Step 68500 (13.7%): Train Loss = 0.044192, Val Loss = 0.041807, Gnorm = 0.156680, Samples = 17536256, LR = 2.87e-04, Steps/sec = 1.02, Samples/sec = 261.9
Step 69000 (13.8%): Train Loss = 0.044012, Val Loss = 0.044777, Gnorm = 0.149577, Samples = 17664256, LR = 2.87e-04, Steps/sec = 1.09, Samples/sec = 278.9
Step 69500 (13.9%): Train Loss = 0.042291, Val Loss = 0.046210, Gnorm = 0.182527, Samples = 17792256, LR = 2.87e-04, Steps/sec = 1.02, Samples/sec = 261.4
Step 70000 (14.0%): Train Loss = 0.042611, Val Loss = 0.040773, Gnorm = 0.078503, Samples = 17920256, LR = 2.87e-04, Steps/sec = 1.09, Samples/sec = 279.0
Step 70500 (14.1%): Train Loss = 0.042816, Val Loss = 0.043911, Gnorm = 0.066991, Samples = 18048256, LR = 2.86e-04, Steps/sec = 1.01, Samples/sec = 259.8
Step 71000 (14.2%): Train Loss = 0.041881, Val Loss = 0.044524, Gnorm = 0.109206, Samples = 18176256, LR = 2.86e-04, Steps/sec = 1.09, Samples/sec = 277.8
Step 71500 (14.3%): Train Loss = 0.045613, Val Loss = 0.041314, Gnorm = 0.076643, Samples = 18304256, LR = 2.86e-04, Steps/sec = 1.03, Samples/sec = 262.6
Step 72000 (14.4%): Train Loss = 0.044554, Val Loss = 0.042901, Gnorm = 0.064244, Samples = 18432256, LR = 2.86e-04, Steps/sec = 1.03, Samples/sec = 263.2
Step 72500 (14.5%): Train Loss = 0.039650, Val Loss = 0.043874, Gnorm = 0.113931, Samples = 18560256, LR = 2.86e-04, Steps/sec = 1.03, Samples/sec = 262.6
Step 73000 (14.6%): Train Loss = 0.041584, Val Loss = 0.043772, Gnorm = 0.112183, Samples = 18688256, LR = 2.85e-04, Steps/sec = 1.08, Samples/sec = 276.2
Step 73500 (14.7%): Train Loss = 0.045899, Val Loss = 0.042158, Gnorm = 0.101441, Samples = 18816256, LR = 2.85e-04, Steps/sec = 1.03, Samples/sec = 262.9
Step 74000 (14.8%): Train Loss = 0.041782, Val Loss = 0.044175, Gnorm = 0.136759, Samples = 18944256, LR = 2.85e-04, Steps/sec = 1.08, Samples/sec = 275.6
Step 74500 (14.9%): Train Loss = 0.042471, Val Loss = 0.043194, Gnorm = 0.066079, Samples = 19072256, LR = 2.85e-04, Steps/sec = 1.01, Samples/sec = 258.8
Step 75000 (15.0%): Train Loss = 0.043379, Val Loss = 0.041451, Gnorm = 0.069746, Samples = 19200256, LR = 2.85e-04, Steps/sec = 1.07, Samples/sec = 274.6
Step 75500 (15.1%): Train Loss = 0.043285, Val Loss = 0.044165, Gnorm = 0.087924, Samples = 19328256, LR = 2.84e-04, Steps/sec = 1.02, Samples/sec = 261.4
Step 76000 (15.2%): Train Loss = 0.044137, Val Loss = 0.043965, Gnorm = 0.084905, Samples = 19456256, LR = 2.84e-04, Steps/sec = 1.09, Samples/sec = 277.9
Step 76500 (15.3%): Train Loss = 0.042258, Val Loss = 0.043194, Gnorm = 0.100392, Samples = 19584256, LR = 2.84e-04, Steps/sec = 1.01, Samples/sec = 258.8
Step 77000 (15.4%): Train Loss = 0.044811, Val Loss = 0.044853, Gnorm = 0.117237, Samples = 19712256, LR = 2.84e-04, Steps/sec = 1.08, Samples/sec = 277.5
Step 77500 (15.5%): Train Loss = 0.042035, Val Loss = 0.040122, Gnorm = 0.061884, Samples = 19840256, LR = 2.84e-04, Steps/sec = 1.01, Samples/sec = 259.3
Step 78000 (15.6%): Train Loss = 0.044414, Val Loss = 0.044839, Gnorm = 0.122562, Samples = 19968256, LR = 2.83e-04, Steps/sec = 1.09, Samples/sec = 278.6
Step 78500 (15.7%): Train Loss = 0.042983, Val Loss = 0.042062, Gnorm = 0.151459, Samples = 20096256, LR = 2.83e-04, Steps/sec = 1.02, Samples/sec = 260.0
Step 79000 (15.8%): Train Loss = 0.042701, Val Loss = 0.040858, Gnorm = 0.134377, Samples = 20224256, LR = 2.83e-04, Steps/sec = 1.09, Samples/sec = 278.4
Step 79500 (15.9%): Train Loss = 0.044766, Val Loss = 0.042607, Gnorm = 0.082989, Samples = 20352256, LR = 2.83e-04, Steps/sec = 1.01, Samples/sec = 259.1
Step 80000 (16.0%): Train Loss = 0.041175, Val Loss = 0.037899, Gnorm = 0.119052, Samples = 20480256, LR = 2.82e-04, Steps/sec = 1.09, Samples/sec = 278.6
Step 80500 (16.1%): Train Loss = 0.042251, Val Loss = 0.039016, Gnorm = 0.086953, Samples = 20608256, LR = 2.82e-04, Steps/sec = 1.01, Samples/sec = 258.3
Step 81000 (16.2%): Train Loss = 0.042907, Val Loss = 0.045164, Gnorm = 0.099869, Samples = 20736256, LR = 2.82e-04, Steps/sec = 1.03, Samples/sec = 263.2
Step 81500 (16.3%): Train Loss = 0.041690, Val Loss = 0.043215, Gnorm = 0.063900, Samples = 20864256, LR = 2.82e-04, Steps/sec = 1.02, Samples/sec = 261.4
Step 82000 (16.4%): Train Loss = 0.044387, Val Loss = 0.041649, Gnorm = 0.083130, Samples = 20992256, LR = 2.82e-04, Steps/sec = 1.09, Samples/sec = 279.0
Step 82500 (16.5%): Train Loss = 0.043302, Val Loss = 0.041612, Gnorm = 0.117260, Samples = 21120256, LR = 2.81e-04, Steps/sec = 1.02, Samples/sec = 261.6
Step 83000 (16.6%): Train Loss = 0.039050, Val Loss = 0.046460, Gnorm = 0.143637, Samples = 21248256, LR = 2.81e-04, Steps/sec = 1.08, Samples/sec = 277.7
Step 83500 (16.7%): Train Loss = 0.040115, Val Loss = 0.040728, Gnorm = 0.074826, Samples = 21376256, LR = 2.81e-04, Steps/sec = 1.02, Samples/sec = 261.0
Step 84000 (16.8%): Train Loss = 0.042173, Val Loss = 0.042465, Gnorm = 0.219484, Samples = 21504256, LR = 2.81e-04, Steps/sec = 1.09, Samples/sec = 277.8
Step 84500 (16.9%): Train Loss = 0.040951, Val Loss = 0.038188, Gnorm = 0.166036, Samples = 21632256, LR = 2.80e-04, Steps/sec = 1.08, Samples/sec = 276.9
Step 85000 (17.0%): Train Loss = 0.044314, Val Loss = 0.040231, Gnorm = 0.149875, Samples = 21760256, LR = 2.80e-04, Steps/sec = 1.03, Samples/sec = 263.8
Step 85500 (17.1%): Train Loss = 0.040211, Val Loss = 0.038571, Gnorm = 0.225238, Samples = 21888256, LR = 2.80e-04, Steps/sec = 1.09, Samples/sec = 278.8
Step 86000 (17.2%): Train Loss = 0.039630, Val Loss = 0.039338, Gnorm = 0.124066, Samples = 22016256, LR = 2.80e-04, Steps/sec = 1.03, Samples/sec = 264.8
Step 86500 (17.3%): Train Loss = 0.043223, Val Loss = 0.039401, Gnorm = 0.094851, Samples = 22144256, LR = 2.79e-04, Steps/sec = 1.09, Samples/sec = 280.0
Step 87000 (17.4%): Train Loss = 0.041542, Val Loss = 0.041059, Gnorm = 0.072158, Samples = 22272256, LR = 2.79e-04, Steps/sec = 1.03, Samples/sec = 263.0
Step 87500 (17.5%): Train Loss = 0.042366, Val Loss = 0.042149, Gnorm = 0.091446, Samples = 22400256, LR = 2.79e-04, Steps/sec = 1.09, Samples/sec = 278.6
Step 88000 (17.6%): Train Loss = 0.041536, Val Loss = 0.039199, Gnorm = 0.133096, Samples = 22528256, LR = 2.79e-04, Steps/sec = 1.03, Samples/sec = 264.0
Step 88500 (17.7%): Train Loss = 0.039422, Val Loss = 0.040635, Gnorm = 0.100750, Samples = 22656256, LR = 2.79e-04, Steps/sec = 1.09, Samples/sec = 278.1
Step 89000 (17.8%): Train Loss = 0.042558, Val Loss = 0.035517, Gnorm = 0.071607, Samples = 22784256, LR = 2.78e-04, Steps/sec = 1.02, Samples/sec = 260.2
Step 89500 (17.9%): Train Loss = 0.040905, Val Loss = 0.036119, Gnorm = 0.111363, Samples = 22912256, LR = 2.78e-04, Steps/sec = 1.09, Samples/sec = 279.9
Step 90000 (18.0%): Train Loss = 0.039330, Val Loss = 0.039458, Gnorm = 0.107954, Samples = 23040256, LR = 2.78e-04, Steps/sec = 0.98, Samples/sec = 250.4
Step 90500 (18.1%): Train Loss = 0.041070, Val Loss = 0.041422, Gnorm = 0.169654, Samples = 23168256, LR = 2.78e-04, Steps/sec = 1.09, Samples/sec = 278.3
Step 91000 (18.2%): Train Loss = 0.041365, Val Loss = 0.039564, Gnorm = 0.061047, Samples = 23296256, LR = 2.77e-04, Steps/sec = 1.03, Samples/sec = 263.7
Step 91500 (18.3%): Train Loss = 0.041113, Val Loss = 0.037687, Gnorm = 0.146468, Samples = 23424256, LR = 2.77e-04, Steps/sec = 1.09, Samples/sec = 279.4
Step 92000 (18.4%): Train Loss = 0.038541, Val Loss = 0.039097, Gnorm = 0.089655, Samples = 23552256, LR = 2.77e-04, Steps/sec = 1.03, Samples/sec = 263.7
Step 92500 (18.5%): Train Loss = 0.037877, Val Loss = 0.041728, Gnorm = 0.061726, Samples = 23680256, LR = 2.77e-04, Steps/sec = 1.09, Samples/sec = 279.4
Step 93000 (18.6%): Train Loss = 0.041396, Val Loss = 0.043427, Gnorm = 0.083207, Samples = 23808256, LR = 2.76e-04, Steps/sec = 1.03, Samples/sec = 264.7
Step 93500 (18.7%): Train Loss = 0.041324, Val Loss = 0.040038, Gnorm = 0.152988, Samples = 23936256, LR = 2.76e-04, Steps/sec = 1.10, Samples/sec = 281.1
Step 94000 (18.8%): Train Loss = 0.041597, Val Loss = 0.039135, Gnorm = 0.083346, Samples = 24064256, LR = 2.76e-04, Steps/sec = 1.02, Samples/sec = 261.6
Step 94500 (18.9%): Train Loss = 0.039670, Val Loss = 0.039951, Gnorm = 0.104978, Samples = 24192256, LR = 2.76e-04, Steps/sec = 1.09, Samples/sec = 279.1
Step 95000 (19.0%): Train Loss = 0.040917, Val Loss = 0.039804, Gnorm = 0.248078, Samples = 24320256, LR = 2.75e-04, Steps/sec = 1.03, Samples/sec = 264.2
Step 95500 (19.1%): Train Loss = 0.039595, Val Loss = 0.037834, Gnorm = 0.058132, Samples = 24448256, LR = 2.75e-04, Steps/sec = 1.08, Samples/sec = 276.6
Step 96000 (19.2%): Train Loss = 0.037821, Val Loss = 0.038610, Gnorm = 0.183713, Samples = 24576256, LR = 2.75e-04, Steps/sec = 1.03, Samples/sec = 262.9
Step 96500 (19.3%): Train Loss = 0.041885, Val Loss = 0.037759, Gnorm = 0.100382, Samples = 24704256, LR = 2.75e-04, Steps/sec = 1.09, Samples/sec = 277.8
Step 97000 (19.4%): Train Loss = 0.040624, Val Loss = 0.037296, Gnorm = 0.172460, Samples = 24832256, LR = 2.74e-04, Steps/sec = 1.03, Samples/sec = 264.3
Step 97500 (19.5%): Train Loss = 0.037996, Val Loss = 0.038189, Gnorm = 0.079487, Samples = 24960256, LR = 2.74e-04, Steps/sec = 1.09, Samples/sec = 278.6
Step 98000 (19.6%): Train Loss = 0.039361, Val Loss = 0.035080, Gnorm = 0.181425, Samples = 25088256, LR = 2.74e-04, Steps/sec = 1.03, Samples/sec = 262.7
Step 98500 (19.7%): Train Loss = 0.039402, Val Loss = 0.032974, Gnorm = 0.090394, Samples = 25216256, LR = 2.74e-04, Steps/sec = 1.09, Samples/sec = 279.8
Step 99000 (19.8%): Train Loss = 0.039103, Val Loss = 0.038088, Gnorm = 0.094050, Samples = 25344256, LR = 2.73e-04, Steps/sec = 0.97, Samples/sec = 248.7
Step 99500 (19.9%): Train Loss = 0.040171, Val Loss = 0.039222, Gnorm = 0.087622, Samples = 25472256, LR = 2.73e-04, Steps/sec = 1.09, Samples/sec = 279.3
Step 100000 (20.0%): Train Loss = 0.038958, Val Loss = 0.033996, Gnorm = 0.142679, Samples = 25600256, LR = 2.73e-04, Steps/sec = 1.03, Samples/sec = 262.8
Step 100500 (20.1%): Train Loss = 0.039916, Val Loss = 0.035942, Gnorm = 0.227941, Samples = 25728256, LR = 2.72e-04, Steps/sec = 1.09, Samples/sec = 279.1
Step 101000 (20.2%): Train Loss = 0.039663, Val Loss = 0.037730, Gnorm = 0.071775, Samples = 25856256, LR = 2.72e-04, Steps/sec = 1.03, Samples/sec = 264.4
Step 101500 (20.3%): Train Loss = 0.042567, Val Loss = 0.039333, Gnorm = 0.178884, Samples = 25984256, LR = 2.72e-04, Steps/sec = 1.09, Samples/sec = 278.9
Step 102000 (20.4%): Train Loss = 0.040342, Val Loss = 0.038261, Gnorm = 0.122844, Samples = 26112256, LR = 2.72e-04, Steps/sec = 1.03, Samples/sec = 263.2
Step 102500 (20.5%): Train Loss = 0.037373, Val Loss = 0.036931, Gnorm = 0.236757, Samples = 26240256, LR = 2.71e-04, Steps/sec = 1.09, Samples/sec = 278.9
Step 103000 (20.6%): Train Loss = 0.040076, Val Loss = 0.035607, Gnorm = 0.152540, Samples = 26368256, LR = 2.71e-04, Steps/sec = 1.03, Samples/sec = 264.4
Step 103500 (20.7%): Train Loss = 0.037500, Val Loss = 0.039386, Gnorm = 0.099500, Samples = 26496256, LR = 2.71e-04, Steps/sec = 1.09, Samples/sec = 280.1
Step 104000 (20.8%): Train Loss = 0.037351, Val Loss = 0.037838, Gnorm = 0.128163, Samples = 26624256, LR = 2.71e-04, Steps/sec = 1.03, Samples/sec = 264.7
Step 104500 (20.9%): Train Loss = 0.041121, Val Loss = 0.038347, Gnorm = 0.078476, Samples = 26752256, LR = 2.70e-04, Steps/sec = 1.09, Samples/sec = 279.1
Step 105000 (21.0%): Train Loss = 0.035569, Val Loss = 0.036736, Gnorm = 0.180944, Samples = 26880256, LR = 2.70e-04, Steps/sec = 1.03, Samples/sec = 263.4
Step 105500 (21.1%): Train Loss = 0.037923, Val Loss = 0.034717, Gnorm = 0.069194, Samples = 27008256, LR = 2.70e-04, Steps/sec = 1.08, Samples/sec = 277.7
Step 106000 (21.2%): Train Loss = 0.041381, Val Loss = 0.039794, Gnorm = 0.191167, Samples = 27136256, LR = 2.69e-04, Steps/sec = 1.03, Samples/sec = 262.9
Step 106500 (21.3%): Train Loss = 0.036863, Val Loss = 0.037356, Gnorm = 0.152178, Samples = 27264256, LR = 2.69e-04, Steps/sec = 1.09, Samples/sec = 278.3
Step 107000 (21.4%): Train Loss = 0.037721, Val Loss = 0.035638, Gnorm = 0.076937, Samples = 27392256, LR = 2.69e-04, Steps/sec = 1.03, Samples/sec = 262.8
Step 107500 (21.5%): Train Loss = 0.037350, Val Loss = 0.036208, Gnorm = 0.189350, Samples = 27520256, LR = 2.69e-04, Steps/sec = 1.09, Samples/sec = 279.5
Step 108000 (21.6%): Train Loss = 0.039870, Val Loss = 0.034873, Gnorm = 0.073384, Samples = 27648256, LR = 2.68e-04, Steps/sec = 0.98, Samples/sec = 250.6
Step 108500 (21.7%): Train Loss = 0.035347, Val Loss = 0.041477, Gnorm = 0.085749, Samples = 27776256, LR = 2.68e-04, Steps/sec = 1.10, Samples/sec = 280.9
Step 109000 (21.8%): Train Loss = 0.036108, Val Loss = 0.037751, Gnorm = 0.106634, Samples = 27904256, LR = 2.68e-04, Steps/sec = 1.03, Samples/sec = 263.2
Step 109500 (21.9%): Train Loss = 0.038259, Val Loss = 0.035926, Gnorm = 0.154370, Samples = 28032256, LR = 2.67e-04, Steps/sec = 1.10, Samples/sec = 280.4
Step 110000 (22.0%): Train Loss = 0.043032, Val Loss = 0.038541, Gnorm = 0.129161, Samples = 28160256, LR = 2.67e-04, Steps/sec = 1.03, Samples/sec = 264.8
Step 110500 (22.1%): Train Loss = 0.038045, Val Loss = 0.038241, Gnorm = 0.223827, Samples = 28288256, LR = 2.67e-04, Steps/sec = 1.09, Samples/sec = 279.2
Step 111000 (22.2%): Train Loss = 0.036930, Val Loss = 0.039547, Gnorm = 0.142972, Samples = 28416256, LR = 2.67e-04, Steps/sec = 1.03, Samples/sec = 264.0
Step 111500 (22.3%): Train Loss = 0.043132, Val Loss = 0.040086, Gnorm = 0.119766, Samples = 28544256, LR = 2.66e-04, Steps/sec = 1.10, Samples/sec = 280.8
Step 112000 (22.4%): Train Loss = 0.038612, Val Loss = 0.036833, Gnorm = 0.124865, Samples = 28672256, LR = 2.66e-04, Steps/sec = 1.02, Samples/sec = 262.2
Step 112500 (22.5%): Train Loss = 0.037385, Val Loss = 0.039430, Gnorm = 0.170845, Samples = 28800256, LR = 2.66e-04, Steps/sec = 1.09, Samples/sec = 279.2
Step 113000 (22.6%): Train Loss = 0.036059, Val Loss = 0.040808, Gnorm = 0.148054, Samples = 28928256, LR = 2.65e-04, Steps/sec = 1.03, Samples/sec = 263.5
Step 113500 (22.7%): Train Loss = 0.039256, Val Loss = 0.036134, Gnorm = 0.102626, Samples = 29056256, LR = 2.65e-04, Steps/sec = 1.10, Samples/sec = 281.0
Step 114000 (22.8%): Train Loss = 0.037550, Val Loss = 0.037841, Gnorm = 0.071632, Samples = 29184256, LR = 2.65e-04, Steps/sec = 1.04, Samples/sec = 265.1
Step 114500 (22.9%): Train Loss = 0.039044, Val Loss = 0.033803, Gnorm = 0.101748, Samples = 29312256, LR = 2.65e-04, Steps/sec = 1.09, Samples/sec = 279.7
Step 115000 (23.0%): Train Loss = 0.038586, Val Loss = 0.037908, Gnorm = 0.157264, Samples = 29440256, LR = 2.64e-04, Steps/sec = 1.04, Samples/sec = 266.4
Step 115500 (23.1%): Train Loss = 0.037463, Val Loss = 0.036115, Gnorm = 0.277259, Samples = 29568256, LR = 2.64e-04, Steps/sec = 1.09, Samples/sec = 278.8
Step 116000 (23.2%): Train Loss = 0.034116, Val Loss = 0.037198, Gnorm = 0.125191, Samples = 29696256, LR = 2.64e-04, Steps/sec = 1.03, Samples/sec = 263.4
Step 116500 (23.3%): Train Loss = 0.039144, Val Loss = 0.033068, Gnorm = 0.122761, Samples = 29824256, LR = 2.63e-04, Steps/sec = 1.09, Samples/sec = 279.3
Step 117000 (23.4%): Train Loss = 0.035664, Val Loss = 0.034519, Gnorm = 0.143966, Samples = 29952256, LR = 2.63e-04, Steps/sec = 0.97, Samples/sec = 247.6
Step 117500 (23.5%): Train Loss = 0.035603, Val Loss = 0.035254, Gnorm = 0.180283, Samples = 30080256, LR = 2.63e-04, Steps/sec = 1.09, Samples/sec = 278.8
Step 118000 (23.6%): Train Loss = 0.038406, Val Loss = 0.035457, Gnorm = 0.108778, Samples = 30208256, LR = 2.62e-04, Steps/sec = 1.02, Samples/sec = 261.9
Step 118500 (23.7%): Train Loss = 0.038869, Val Loss = 0.034493, Gnorm = 0.138960, Samples = 30336256, LR = 2.62e-04, Steps/sec = 1.08, Samples/sec = 277.4
Step 119000 (23.8%): Train Loss = 0.038298, Val Loss = 0.038838, Gnorm = 0.149390, Samples = 30464256, LR = 2.62e-04, Steps/sec = 1.01, Samples/sec = 259.8
Step 119500 (23.9%): Train Loss = 0.036121, Val Loss = 0.035024, Gnorm = 0.097171, Samples = 30592256, LR = 2.61e-04, Steps/sec = 1.10, Samples/sec = 280.5
Step 120000 (24.0%): Train Loss = 0.035069, Val Loss = 0.035467, Gnorm = 0.089298, Samples = 30720256, LR = 2.61e-04, Steps/sec = 1.03, Samples/sec = 263.4
Step 120500 (24.1%): Train Loss = 0.035848, Val Loss = 0.037409, Gnorm = 0.172496, Samples = 30848256, LR = 2.61e-04, Steps/sec = 1.09, Samples/sec = 278.6
Step 121000 (24.2%): Train Loss = 0.038873, Val Loss = 0.034148, Gnorm = 0.164825, Samples = 30976256, LR = 2.61e-04, Steps/sec = 1.02, Samples/sec = 262.0
Step 121500 (24.3%): Train Loss = 0.038073, Val Loss = 0.035785, Gnorm = 0.354875, Samples = 31104256, LR = 2.60e-04, Steps/sec = 1.09, Samples/sec = 277.8
Step 122000 (24.4%): Train Loss = 0.035273, Val Loss = 0.038709, Gnorm = 0.142756, Samples = 31232256, LR = 2.60e-04, Steps/sec = 1.03, Samples/sec = 262.6
Step 122500 (24.5%): Train Loss = 0.036252, Val Loss = 0.036145, Gnorm = 0.079432, Samples = 31360256, LR = 2.60e-04, Steps/sec = 1.10, Samples/sec = 280.6
Step 123000 (24.6%): Train Loss = 0.039765, Val Loss = 0.033835, Gnorm = 0.074605, Samples = 31488256, LR = 2.59e-04, Steps/sec = 1.03, Samples/sec = 264.7
Step 123500 (24.7%): Train Loss = 0.039513, Val Loss = 0.037898, Gnorm = 0.150563, Samples = 31616256, LR = 2.59e-04, Steps/sec = 1.09, Samples/sec = 280.3
Step 124000 (24.8%): Train Loss = 0.038359, Val Loss = 0.034391, Gnorm = 0.079226, Samples = 31744256, LR = 2.59e-04, Steps/sec = 1.03, Samples/sec = 263.6
Step 124500 (24.9%): Train Loss = 0.039847, Val Loss = 0.037797, Gnorm = 0.084443, Samples = 31872256, LR = 2.58e-04, Steps/sec = 1.09, Samples/sec = 278.5
Step 125000 (25.0%): Train Loss = 0.035132, Val Loss = 0.033724, Gnorm = 0.112654, Samples = 32000256, LR = 2.58e-04, Steps/sec = 1.04, Samples/sec = 265.1
Step 125500 (25.1%): Train Loss = 0.034615, Val Loss = 0.034082, Gnorm = 0.122772, Samples = 32128256, LR = 2.58e-04, Steps/sec = 1.10, Samples/sec = 282.5
Step 126000 (25.2%): Train Loss = 0.037003, Val Loss = 0.037621, Gnorm = 0.153570, Samples = 32256256, LR = 2.57e-04, Steps/sec = 0.98, Samples/sec = 250.1
Step 126500 (25.3%): Train Loss = 0.040287, Val Loss = 0.038842, Gnorm = 0.203210, Samples = 32384256, LR = 2.57e-04, Steps/sec = 1.10, Samples/sec = 281.4
Step 127000 (25.4%): Train Loss = 0.036919, Val Loss = 0.035178, Gnorm = 0.080664, Samples = 32512256, LR = 2.57e-04, Steps/sec = 1.03, Samples/sec = 264.0
Step 127500 (25.5%): Train Loss = 0.034203, Val Loss = 0.033063, Gnorm = 0.155815, Samples = 32640256, LR = 2.56e-04, Steps/sec = 1.10, Samples/sec = 281.5
Step 128000 (25.6%): Train Loss = 0.035479, Val Loss = 0.038290, Gnorm = 0.094713, Samples = 32768256, LR = 2.56e-04, Steps/sec = 1.03, Samples/sec = 264.7
Step 128500 (25.7%): Train Loss = 0.034816, Val Loss = 0.040526, Gnorm = 0.119727, Samples = 32896256, LR = 2.56e-04, Steps/sec = 1.10, Samples/sec = 280.5
Step 129000 (25.8%): Train Loss = 0.036083, Val Loss = 0.036227, Gnorm = 0.169290, Samples = 33024256, LR = 2.55e-04, Steps/sec = 1.04, Samples/sec = 265.0
Step 129500 (25.9%): Train Loss = 0.034328, Val Loss = 0.035329, Gnorm = 0.171423, Samples = 33152256, LR = 2.55e-04, Steps/sec = 1.10, Samples/sec = 281.8
Step 130000 (26.0%): Train Loss = 0.036797, Val Loss = 0.036119, Gnorm = 0.219076, Samples = 33280256, LR = 2.55e-04, Steps/sec = 1.04, Samples/sec = 265.5
Step 130500 (26.1%): Train Loss = 0.037523, Val Loss = 0.036224, Gnorm = 0.106764, Samples = 33408256, LR = 2.54e-04, Steps/sec = 1.10, Samples/sec = 281.5
Step 131000 (26.2%): Train Loss = 0.036345, Val Loss = 0.036247, Gnorm = 0.114383, Samples = 33536256, LR = 2.54e-04, Steps/sec = 1.03, Samples/sec = 264.8
Step 131500 (26.3%): Train Loss = 0.042389, Val Loss = 0.037463, Gnorm = 0.099807, Samples = 33664256, LR = 2.54e-04, Steps/sec = 1.10, Samples/sec = 281.3
Step 132000 (26.4%): Train Loss = 0.036348, Val Loss = 0.037163, Gnorm = 0.057622, Samples = 33792256, LR = 2.53e-04, Steps/sec = 1.04, Samples/sec = 265.8
Step 132500 (26.5%): Train Loss = 0.037287, Val Loss = 0.034406, Gnorm = 0.061949, Samples = 33920256, LR = 2.53e-04, Steps/sec = 1.10, Samples/sec = 280.7
Step 133000 (26.6%): Train Loss = 0.040852, Val Loss = 0.032980, Gnorm = 0.197148, Samples = 34048256, LR = 2.53e-04, Steps/sec = 1.03, Samples/sec = 262.8
Step 133500 (26.7%): Train Loss = 0.036929, Val Loss = 0.036224, Gnorm = 0.059982, Samples = 34176256, LR = 2.52e-04, Steps/sec = 1.09, Samples/sec = 279.5
Step 134000 (26.8%): Train Loss = 0.036768, Val Loss = 0.030343, Gnorm = 0.096999, Samples = 34304256, LR = 2.52e-04, Steps/sec = 1.03, Samples/sec = 263.3
Step 134500 (26.9%): Train Loss = 0.034688, Val Loss = 0.032946, Gnorm = 0.167675, Samples = 34432256, LR = 2.52e-04, Steps/sec = 1.09, Samples/sec = 279.9
Step 135000 (27.0%): Train Loss = 0.033879, Val Loss = 0.037882, Gnorm = 0.094360, Samples = 34560256, LR = 2.51e-04, Steps/sec = 0.98, Samples/sec = 250.4
Step 135500 (27.1%): Train Loss = 0.037274, Val Loss = 0.041534, Gnorm = 0.221999, Samples = 34688256, LR = 2.51e-04, Steps/sec = 1.10, Samples/sec = 280.5
Step 136000 (27.2%): Train Loss = 0.035051, Val Loss = 0.035066, Gnorm = 0.245249, Samples = 34816256, LR = 2.51e-04, Steps/sec = 1.03, Samples/sec = 263.2
Step 136500 (27.3%): Train Loss = 0.036245, Val Loss = 0.036870, Gnorm = 0.211857, Samples = 34944256, LR = 2.50e-04, Steps/sec = 1.10, Samples/sec = 281.1
Step 137000 (27.4%): Train Loss = 0.036309, Val Loss = 0.034553, Gnorm = 0.075741, Samples = 35072256, LR = 2.50e-04, Steps/sec = 1.03, Samples/sec = 263.6
Step 137500 (27.5%): Train Loss = 0.035261, Val Loss = 0.036647, Gnorm = 0.145431, Samples = 35200256, LR = 2.50e-04, Steps/sec = 1.08, Samples/sec = 277.7
Step 138000 (27.6%): Train Loss = 0.039322, Val Loss = 0.036806, Gnorm = 0.175107, Samples = 35328256, LR = 2.49e-04, Steps/sec = 1.03, Samples/sec = 264.3
Step 138500 (27.7%): Train Loss = 0.037797, Val Loss = 0.039163, Gnorm = 0.071413, Samples = 35456256, LR = 2.49e-04, Steps/sec = 1.10, Samples/sec = 281.9
Step 139000 (27.8%): Train Loss = 0.037465, Val Loss = 0.037171, Gnorm = 0.242538, Samples = 35584256, LR = 2.49e-04, Steps/sec = 1.04, Samples/sec = 265.3
Step 139500 (27.9%): Train Loss = 0.034591, Val Loss = 0.033589, Gnorm = 0.124311, Samples = 35712256, LR = 2.48e-04, Steps/sec = 1.10, Samples/sec = 281.7
Step 140000 (28.0%): Train Loss = 0.033973, Val Loss = 0.036473, Gnorm = 0.097448, Samples = 35840256, LR = 2.48e-04, Steps/sec = 1.03, Samples/sec = 262.7
Step 140500 (28.1%): Train Loss = 0.035617, Val Loss = 0.035471, Gnorm = 0.144595, Samples = 35968256, LR = 2.48e-04, Steps/sec = 1.10, Samples/sec = 280.4
Step 141000 (28.2%): Train Loss = 0.036672, Val Loss = 0.033758, Gnorm = 0.227522, Samples = 36096256, LR = 2.47e-04, Steps/sec = 1.03, Samples/sec = 262.9
Step 141500 (28.3%): Train Loss = 0.038389, Val Loss = 0.035981, Gnorm = 0.137050, Samples = 36224256, LR = 2.47e-04, Steps/sec = 1.09, Samples/sec = 280.1
Step 142000 (28.4%): Train Loss = 0.037058, Val Loss = 0.036054, Gnorm = 0.213909, Samples = 36352256, LR = 2.47e-04, Steps/sec = 1.02, Samples/sec = 261.1
Step 142500 (28.5%): Train Loss = 0.038397, Val Loss = 0.036889, Gnorm = 0.136795, Samples = 36480256, LR = 2.46e-04, Steps/sec = 1.09, Samples/sec = 279.8
Step 143000 (28.6%): Train Loss = 0.039048, Val Loss = 0.036337, Gnorm = 0.258381, Samples = 36608256, LR = 2.46e-04, Steps/sec = 1.03, Samples/sec = 263.9
Step 143500 (28.7%): Train Loss = 0.033844, Val Loss = 0.031811, Gnorm = 0.220439, Samples = 36736256, LR = 2.45e-04, Steps/sec = 1.10, Samples/sec = 280.5
Step 144000 (28.8%): Train Loss = 0.039402, Val Loss = 0.037893, Gnorm = 0.143438, Samples = 36864256, LR = 2.45e-04, Steps/sec = 0.96, Samples/sec = 247.0
Step 144500 (28.9%): Train Loss = 0.036542, Val Loss = 0.034034, Gnorm = 0.158740, Samples = 36992256, LR = 2.45e-04, Steps/sec = 1.10, Samples/sec = 280.9
Step 145000 (29.0%): Train Loss = 0.040578, Val Loss = 0.033411, Gnorm = 0.282182, Samples = 37120256, LR = 2.44e-04, Steps/sec = 1.03, Samples/sec = 263.4
Step 145500 (29.1%): Train Loss = 0.034748, Val Loss = 0.032633, Gnorm = 0.137339, Samples = 37248256, LR = 2.44e-04, Steps/sec = 1.10, Samples/sec = 280.4
Step 146000 (29.2%): Train Loss = 0.035228, Val Loss = 0.035149, Gnorm = 0.309328, Samples = 37376256, LR = 2.44e-04, Steps/sec = 1.03, Samples/sec = 264.5
Step 146500 (29.3%): Train Loss = 0.034978, Val Loss = 0.033152, Gnorm = 0.109681, Samples = 37504256, LR = 2.43e-04, Steps/sec = 1.09, Samples/sec = 278.2
Step 147000 (29.4%): Train Loss = 0.039846, Val Loss = 0.034508, Gnorm = 0.268342, Samples = 37632256, LR = 2.43e-04, Steps/sec = 1.02, Samples/sec = 261.3
Step 147500 (29.5%): Train Loss = 0.034267, Val Loss = 0.036172, Gnorm = 0.109405, Samples = 37760256, LR = 2.43e-04, Steps/sec = 1.09, Samples/sec = 279.9
Step 148000 (29.6%): Train Loss = 0.037014, Val Loss = 0.034276, Gnorm = 0.184885, Samples = 37888256, LR = 2.42e-04, Steps/sec = 1.02, Samples/sec = 262.3
Step 148500 (29.7%): Train Loss = 0.037608, Val Loss = 0.034331, Gnorm = 0.107681, Samples = 38016256, LR = 2.42e-04, Steps/sec = 1.10, Samples/sec = 280.4
Step 149000 (29.8%): Train Loss = 0.035768, Val Loss = 0.037266, Gnorm = 0.129303, Samples = 38144256, LR = 2.41e-04, Steps/sec = 1.03, Samples/sec = 264.3
Step 149500 (29.9%): Train Loss = 0.034157, Val Loss = 0.032470, Gnorm = 0.202857, Samples = 38272256, LR = 2.41e-04, Steps/sec = 1.09, Samples/sec = 278.4
Step 150000 (30.0%): Train Loss = 0.053722, Val Loss = 0.056655, Gnorm = 0.240520, Samples = 38400256, LR = 2.41e-04, Steps/sec = 1.03, Samples/sec = 264.7
Step 150500 (30.1%): Train Loss = 0.040087, Val Loss = 0.039772, Gnorm = 0.184626, Samples = 38528256, LR = 2.40e-04, Steps/sec = 1.10, Samples/sec = 281.1
Step 151000 (30.2%): Train Loss = 0.037037, Val Loss = 0.036324, Gnorm = 0.127646, Samples = 38656256, LR = 2.40e-04, Steps/sec = 1.03, Samples/sec = 264.6
Step 151500 (30.3%): Train Loss = 0.038033, Val Loss = 0.038611, Gnorm = 0.098945, Samples = 38784256, LR = 2.40e-04, Steps/sec = 1.10, Samples/sec = 280.5
Step 152000 (30.4%): Train Loss = 0.037095, Val Loss = 0.033035, Gnorm = 0.080831, Samples = 38912256, LR = 2.39e-04, Steps/sec = 1.03, Samples/sec = 263.0
Step 152500 (30.5%): Train Loss = 0.038400, Val Loss = 0.031546, Gnorm = 0.071448, Samples = 39040256, LR = 2.39e-04, Steps/sec = 1.09, Samples/sec = 278.7
Step 153000 (30.6%): Train Loss = 0.038348, Val Loss = 0.036067, Gnorm = 0.072105, Samples = 39168256, LR = 2.39e-04, Steps/sec = 0.96, Samples/sec = 246.8
Step 153500 (30.7%): Train Loss = 0.038489, Val Loss = 0.034892, Gnorm = 0.162420, Samples = 39296256, LR = 2.38e-04, Steps/sec = 1.10, Samples/sec = 281.0
Step 154000 (30.8%): Train Loss = 0.037073, Val Loss = 0.032353, Gnorm = 0.109716, Samples = 39424256, LR = 2.38e-04, Steps/sec = 1.03, Samples/sec = 264.9
Step 154500 (30.9%): Train Loss = 0.036729, Val Loss = 0.033885, Gnorm = 0.085455, Samples = 39552256, LR = 2.37e-04, Steps/sec = 1.09, Samples/sec = 280.2
Step 155000 (31.0%): Train Loss = 0.034637, Val Loss = 0.033401, Gnorm = 0.109499, Samples = 39680256, LR = 2.37e-04, Steps/sec = 1.02, Samples/sec = 260.0
Step 155500 (31.1%): Train Loss = 0.036585, Val Loss = 0.034508, Gnorm = 0.324829, Samples = 39808256, LR = 2.37e-04, Steps/sec = 1.09, Samples/sec = 278.4
Step 156000 (31.2%): Train Loss = 0.037921, Val Loss = 0.031004, Gnorm = 0.109107, Samples = 39936256, LR = 2.36e-04, Steps/sec = 1.03, Samples/sec = 262.6
Step 156500 (31.3%): Train Loss = 0.036705, Val Loss = 0.035757, Gnorm = 0.086546, Samples = 40064256, LR = 2.36e-04, Steps/sec = 1.09, Samples/sec = 279.4
Step 157000 (31.4%): Train Loss = 0.039053, Val Loss = 0.034426, Gnorm = 0.138944, Samples = 40192256, LR = 2.36e-04, Steps/sec = 1.02, Samples/sec = 260.6
Step 157500 (31.5%): Train Loss = 0.035440, Val Loss = 0.032057, Gnorm = 0.091957, Samples = 40320256, LR = 2.35e-04, Steps/sec = 1.09, Samples/sec = 279.0
Step 158000 (31.6%): Train Loss = 0.034119, Val Loss = 0.035302, Gnorm = 0.163318, Samples = 40448256, LR = 2.35e-04, Steps/sec = 1.03, Samples/sec = 262.9
Step 158500 (31.7%): Train Loss = 0.038046, Val Loss = 0.034626, Gnorm = 0.097040, Samples = 40576256, LR = 2.34e-04, Steps/sec = 1.09, Samples/sec = 280.3
Step 159000 (31.8%): Train Loss = 0.034194, Val Loss = 0.039256, Gnorm = 0.103950, Samples = 40704256, LR = 2.34e-04, Steps/sec = 1.03, Samples/sec = 263.1
Step 159500 (31.9%): Train Loss = 0.035495, Val Loss = 0.032616, Gnorm = 0.215507, Samples = 40832256, LR = 2.34e-04, Steps/sec = 1.07, Samples/sec = 274.4
Step 160000 (32.0%): Train Loss = 0.036528, Val Loss = 0.035107, Gnorm = 0.215458, Samples = 40960256, LR = 2.33e-04, Steps/sec = 1.03, Samples/sec = 264.7
Step 160500 (32.1%): Train Loss = 0.036820, Val Loss = 0.037191, Gnorm = 0.089400, Samples = 41088256, LR = 2.33e-04, Steps/sec = 1.09, Samples/sec = 279.2
Step 161000 (32.2%): Train Loss = 0.035661, Val Loss = 0.033797, Gnorm = 0.242511, Samples = 41216256, LR = 2.32e-04, Steps/sec = 1.03, Samples/sec = 264.3
Step 161500 (32.3%): Train Loss = 0.032861, Val Loss = 0.029128, Gnorm = 0.216290, Samples = 41344256, LR = 2.32e-04, Steps/sec = 1.10, Samples/sec = 280.5
Step 162000 (32.4%): Train Loss = 0.032026, Val Loss = 0.036108, Gnorm = 0.217536, Samples = 41472256, LR = 2.32e-04, Steps/sec = 0.97, Samples/sec = 248.4
Step 162500 (32.5%): Train Loss = 0.036517, Val Loss = 0.037202, Gnorm = 0.089873, Samples = 41600256, LR = 2.31e-04, Steps/sec = 1.10, Samples/sec = 282.4
Step 163000 (32.6%): Train Loss = 0.036045, Val Loss = 0.033412, Gnorm = 0.168447, Samples = 41728256, LR = 2.31e-04, Steps/sec = 1.03, Samples/sec = 263.1
Step 163500 (32.7%): Train Loss = 0.034760, Val Loss = 0.030843, Gnorm = 0.128962, Samples = 41856256, LR = 2.31e-04, Steps/sec = 1.09, Samples/sec = 279.7
Step 164000 (32.8%): Train Loss = 0.033433, Val Loss = 0.033101, Gnorm = 0.211596, Samples = 41984256, LR = 2.30e-04, Steps/sec = 1.02, Samples/sec = 260.5
Step 164500 (32.9%): Train Loss = 0.039902, Val Loss = 0.032210, Gnorm = 0.109372, Samples = 42112256, LR = 2.30e-04, Steps/sec = 1.10, Samples/sec = 281.4
Step 165000 (33.0%): Train Loss = 0.036810, Val Loss = 0.034223, Gnorm = 0.112390, Samples = 42240256, LR = 2.29e-04, Steps/sec = 1.03, Samples/sec = 263.4
Step 165500 (33.1%): Train Loss = 0.037116, Val Loss = 0.036525, Gnorm = 0.112207, Samples = 42368256, LR = 2.29e-04, Steps/sec = 1.09, Samples/sec = 280.2
Step 166000 (33.2%): Train Loss = 0.037550, Val Loss = 0.033009, Gnorm = 0.183944, Samples = 42496256, LR = 2.29e-04, Steps/sec = 1.03, Samples/sec = 262.6
Step 166500 (33.3%): Train Loss = 0.037348, Val Loss = 0.032310, Gnorm = 0.130848, Samples = 42624256, LR = 2.28e-04, Steps/sec = 1.10, Samples/sec = 280.5
Step 167000 (33.4%): Train Loss = 0.034881, Val Loss = 0.033228, Gnorm = 0.083496, Samples = 42752256, LR = 2.28e-04, Steps/sec = 1.02, Samples/sec = 261.4
Step 167500 (33.5%): Train Loss = 0.037516, Val Loss = 0.034524, Gnorm = 0.149577, Samples = 42880256, LR = 2.27e-04, Steps/sec = 1.09, Samples/sec = 279.7
Step 168000 (33.6%): Train Loss = 0.035150, Val Loss = 0.033934, Gnorm = 0.204682, Samples = 43008256, LR = 2.27e-04, Steps/sec = 1.09, Samples/sec = 278.5
Step 168500 (33.7%): Train Loss = 0.038607, Val Loss = 0.032395, Gnorm = 0.191237, Samples = 43136256, LR = 2.27e-04, Steps/sec = 1.03, Samples/sec = 263.2
Step 169000 (33.8%): Train Loss = 0.033324, Val Loss = 0.034009, Gnorm = 0.134252, Samples = 43264256, LR = 2.26e-04, Steps/sec = 1.08, Samples/sec = 277.6
Step 169500 (33.9%): Train Loss = 0.037273, Val Loss = 0.033013, Gnorm = 0.173371, Samples = 43392256, LR = 2.26e-04, Steps/sec = 1.03, Samples/sec = 263.7
Step 170000 (34.0%): Train Loss = 0.036617, Val Loss = 0.032946, Gnorm = 0.141985, Samples = 43520256, LR = 2.25e-04, Steps/sec = 1.09, Samples/sec = 278.5
Step 170500 (34.1%): Train Loss = 0.038056, Val Loss = 0.033608, Gnorm = 0.246405, Samples = 43648256, LR = 2.25e-04, Steps/sec = 1.02, Samples/sec = 262.2
Step 171000 (34.2%): Train Loss = 0.032562, Val Loss = 0.034225, Gnorm = 0.101008, Samples = 43776256, LR = 2.25e-04, Steps/sec = 1.03, Samples/sec = 263.8
Step 171500 (34.3%): Train Loss = 0.033266, Val Loss = 0.035661, Gnorm = 0.118325, Samples = 43904256, LR = 2.24e-04, Steps/sec = 1.03, Samples/sec = 264.2
Step 172000 (34.4%): Train Loss = 0.033169, Val Loss = 0.033396, Gnorm = 0.202287, Samples = 44032256, LR = 2.24e-04, Steps/sec = 1.08, Samples/sec = 277.5
Step 172500 (34.5%): Train Loss = 0.034389, Val Loss = 0.034826, Gnorm = 0.198168, Samples = 44160256, LR = 2.23e-04, Steps/sec = 1.02, Samples/sec = 260.9
Step 173000 (34.6%): Train Loss = 0.033777, Val Loss = 0.035098, Gnorm = 0.107796, Samples = 44288256, LR = 2.23e-04, Steps/sec = 1.09, Samples/sec = 279.6
Step 173500 (34.7%): Train Loss = 0.034340, Val Loss = 0.032593, Gnorm = 0.103804, Samples = 44416256, LR = 2.23e-04, Steps/sec = 1.02, Samples/sec = 261.2
Step 174000 (34.8%): Train Loss = 0.033376, Val Loss = 0.031622, Gnorm = 0.074158, Samples = 44544256, LR = 2.22e-04, Steps/sec = 1.08, Samples/sec = 277.2
Step 174500 (34.9%): Train Loss = 0.033816, Val Loss = 0.035162, Gnorm = 0.154793, Samples = 44672256, LR = 2.22e-04, Steps/sec = 1.04, Samples/sec = 265.0
Step 175000 (35.0%): Train Loss = 0.032725, Val Loss = 0.035821, Gnorm = 0.147526, Samples = 44800256, LR = 2.21e-04, Steps/sec = 1.09, Samples/sec = 279.7
Step 175500 (35.1%): Train Loss = 0.038921, Val Loss = 0.034034, Gnorm = 0.446894, Samples = 44928256, LR = 2.21e-04, Steps/sec = 1.03, Samples/sec = 262.7
Step 176000 (35.2%): Train Loss = 0.038106, Val Loss = 0.036508, Gnorm = 0.157639, Samples = 45056256, LR = 2.21e-04, Steps/sec = 1.09, Samples/sec = 279.4
Step 176500 (35.3%): Train Loss = 0.032796, Val Loss = 0.032099, Gnorm = 0.074509, Samples = 45184256, LR = 2.20e-04, Steps/sec = 1.03, Samples/sec = 264.4
Step 177000 (35.4%): Train Loss = 0.036822, Val Loss = 0.032502, Gnorm = 0.109064, Samples = 45312256, LR = 2.20e-04, Steps/sec = 1.09, Samples/sec = 280.2
Step 177500 (35.5%): Train Loss = 0.032631, Val Loss = 0.032564, Gnorm = 0.149431, Samples = 45440256, LR = 2.19e-04, Steps/sec = 1.04, Samples/sec = 265.1
Step 178000 (35.6%): Train Loss = 0.033583, Val Loss = 0.036258, Gnorm = 0.250649, Samples = 45568256, LR = 2.19e-04, Steps/sec = 1.10, Samples/sec = 280.4
Step 178500 (35.7%): Train Loss = 0.036628, Val Loss = 0.030935, Gnorm = 0.152159, Samples = 45696256, LR = 2.18e-04, Steps/sec = 1.02, Samples/sec = 261.7
Step 179000 (35.8%): Train Loss = 0.035499, Val Loss = 0.031387, Gnorm = 0.105606, Samples = 45824256, LR = 2.18e-04, Steps/sec = 1.10, Samples/sec = 280.4
Step 179500 (35.9%): Train Loss = 0.032508, Val Loss = 0.031783, Gnorm = 0.158161, Samples = 45952256, LR = 2.18e-04, Steps/sec = 1.02, Samples/sec = 261.4
Step 180000 (36.0%): Train Loss = 0.037134, Val Loss = 0.035561, Gnorm = 0.088246, Samples = 46080256, LR = 2.17e-04, Steps/sec = 1.03, Samples/sec = 264.1
Step 180500 (36.1%): Train Loss = 0.032990, Val Loss = 0.032208, Gnorm = 0.111418, Samples = 46208256, LR = 2.17e-04, Steps/sec = 1.03, Samples/sec = 264.9
Step 181000 (36.2%): Train Loss = 0.035666, Val Loss = 0.033975, Gnorm = 0.180108, Samples = 46336256, LR = 2.16e-04, Steps/sec = 1.09, Samples/sec = 279.8
Step 181500 (36.3%): Train Loss = 0.033434, Val Loss = 0.031991, Gnorm = 0.091179, Samples = 46464256, LR = 2.16e-04, Steps/sec = 1.03, Samples/sec = 263.1
Step 182000 (36.4%): Train Loss = 0.035752, Val Loss = 0.031834, Gnorm = 0.235143, Samples = 46592256, LR = 2.16e-04, Steps/sec = 1.10, Samples/sec = 281.1
Step 182500 (36.5%): Train Loss = 0.034193, Val Loss = 0.034674, Gnorm = 0.083505, Samples = 46720256, LR = 2.15e-04, Steps/sec = 1.04, Samples/sec = 265.2
Step 183000 (36.6%): Train Loss = 0.035946, Val Loss = 0.029966, Gnorm = 0.117568, Samples = 46848256, LR = 2.15e-04, Steps/sec = 1.10, Samples/sec = 281.3
Step 183500 (36.7%): Train Loss = 0.034602, Val Loss = 0.040825, Gnorm = 0.200183, Samples = 46976256, LR = 2.14e-04, Steps/sec = 1.04, Samples/sec = 266.1
Step 184000 (36.8%): Train Loss = 0.035001, Val Loss = 0.033331, Gnorm = 0.131947, Samples = 47104256, LR = 2.14e-04, Steps/sec = 1.09, Samples/sec = 278.5
Step 184500 (36.9%): Train Loss = 0.035892, Val Loss = 0.031944, Gnorm = 0.208154, Samples = 47232256, LR = 2.14e-04, Steps/sec = 1.03, Samples/sec = 263.6
Step 185000 (37.0%): Train Loss = 0.031599, Val Loss = 0.030835, Gnorm = 0.135539, Samples = 47360256, LR = 2.13e-04, Steps/sec = 1.09, Samples/sec = 279.2
Step 185500 (37.1%): Train Loss = 0.034228, Val Loss = 0.031809, Gnorm = 0.069936, Samples = 47488256, LR = 2.13e-04, Steps/sec = 1.03, Samples/sec = 263.9
Step 186000 (37.2%): Train Loss = 0.032393, Val Loss = 0.035288, Gnorm = 0.264144, Samples = 47616256, LR = 2.12e-04, Steps/sec = 1.09, Samples/sec = 278.1
Step 186500 (37.3%): Train Loss = 0.036078, Val Loss = 0.034402, Gnorm = 0.144322, Samples = 47744256, LR = 2.12e-04, Steps/sec = 1.02, Samples/sec = 262.2
Step 187000 (37.4%): Train Loss = 0.034010, Val Loss = 0.036682, Gnorm = 0.297547, Samples = 47872256, LR = 2.11e-04, Steps/sec = 1.09, Samples/sec = 279.1
Step 187500 (37.5%): Train Loss = 0.034898, Val Loss = 0.031486, Gnorm = 0.103040, Samples = 48000256, LR = 2.11e-04, Steps/sec = 1.03, Samples/sec = 263.6
Step 188000 (37.6%): Train Loss = 0.034478, Val Loss = 0.036057, Gnorm = 0.115116, Samples = 48128256, LR = 2.11e-04, Steps/sec = 1.09, Samples/sec = 278.4
Step 188500 (37.7%): Train Loss = 0.036563, Val Loss = 0.030021, Gnorm = 0.155012, Samples = 48256256, LR = 2.10e-04, Steps/sec = 1.02, Samples/sec = 260.2
Step 189000 (37.8%): Train Loss = 0.033241, Val Loss = 0.035371, Gnorm = 0.125920, Samples = 48384256, LR = 2.10e-04, Steps/sec = 1.03, Samples/sec = 263.7
Step 189500 (37.9%): Train Loss = 0.035759, Val Loss = 0.035979, Gnorm = 0.255389, Samples = 48512256, LR = 2.09e-04, Steps/sec = 1.03, Samples/sec = 262.8
Step 190000 (38.0%): Train Loss = 0.031249, Val Loss = 0.033631, Gnorm = 0.310118, Samples = 48640256, LR = 2.09e-04, Steps/sec = 1.09, Samples/sec = 278.7
Step 190500 (38.1%): Train Loss = 0.038004, Val Loss = 0.034761, Gnorm = 0.137989, Samples = 48768256, LR = 2.08e-04, Steps/sec = 1.03, Samples/sec = 262.5
Step 191000 (38.2%): Train Loss = 0.034043, Val Loss = 0.032775, Gnorm = 0.104961, Samples = 48896256, LR = 2.08e-04, Steps/sec = 1.08, Samples/sec = 277.7
Step 191500 (38.3%): Train Loss = 0.035799, Val Loss = 0.037206, Gnorm = 0.249148, Samples = 49024256, LR = 2.08e-04, Steps/sec = 1.01, Samples/sec = 259.2
Step 192000 (38.4%): Train Loss = 0.032997, Val Loss = 0.037689, Gnorm = 0.134534, Samples = 49152256, LR = 2.07e-04, Steps/sec = 1.09, Samples/sec = 280.1
Step 192500 (38.5%): Train Loss = 0.033999, Val Loss = 0.037087, Gnorm = 0.133503, Samples = 49280256, LR = 2.07e-04, Steps/sec = 1.02, Samples/sec = 261.1
Step 193000 (38.6%): Train Loss = 0.040156, Val Loss = 0.035881, Gnorm = 0.222312, Samples = 49408256, LR = 2.06e-04, Steps/sec = 1.09, Samples/sec = 278.8
Step 193500 (38.7%): Train Loss = 0.032854, Val Loss = 0.037348, Gnorm = 0.222804, Samples = 49536256, LR = 2.06e-04, Steps/sec = 1.04, Samples/sec = 265.6
Step 194000 (38.8%): Train Loss = 0.032886, Val Loss = 0.033661, Gnorm = 0.099268, Samples = 49664256, LR = 2.05e-04, Steps/sec = 1.09, Samples/sec = 280.0
Step 194500 (38.9%): Train Loss = 0.032357, Val Loss = 0.031478, Gnorm = 0.107099, Samples = 49792256, LR = 2.05e-04, Steps/sec = 1.03, Samples/sec = 264.6
Step 195000 (39.0%): Train Loss = 0.034249, Val Loss = 0.034223, Gnorm = 0.194603, Samples = 49920256, LR = 2.05e-04, Steps/sec = 1.09, Samples/sec = 280.0
Step 195500 (39.1%): Train Loss = 0.037291, Val Loss = 0.031581, Gnorm = 0.125128, Samples = 50048256, LR = 2.04e-04, Steps/sec = 1.03, Samples/sec = 263.2
Step 196000 (39.2%): Train Loss = 0.034276, Val Loss = 0.033782, Gnorm = 0.284989, Samples = 50176256, LR = 2.04e-04, Steps/sec = 1.09, Samples/sec = 279.0
Step 196500 (39.3%): Train Loss = 0.034363, Val Loss = 0.036169, Gnorm = 0.146135, Samples = 50304256, LR = 2.03e-04, Steps/sec = 1.04, Samples/sec = 266.1
Step 197000 (39.4%): Train Loss = 0.032875, Val Loss = 0.029851, Gnorm = 0.078780, Samples = 50432256, LR = 2.03e-04, Steps/sec = 1.09, Samples/sec = 279.3
Step 197500 (39.5%): Train Loss = 0.033058, Val Loss = 0.033081, Gnorm = 0.121188, Samples = 50560256, LR = 2.02e-04, Steps/sec = 1.02, Samples/sec = 262.1
Step 198000 (39.6%): Train Loss = 0.032590, Val Loss = 0.035073, Gnorm = 0.096297, Samples = 50688256, LR = 2.02e-04, Steps/sec = 1.03, Samples/sec = 264.5
Step 198500 (39.7%): Train Loss = 0.035733, Val Loss = 0.034908, Gnorm = 0.306648, Samples = 50816256, LR = 2.02e-04, Steps/sec = 1.03, Samples/sec = 264.3
Step 199000 (39.8%): Train Loss = 0.036166, Val Loss = 0.032903, Gnorm = 0.249279, Samples = 50944256, LR = 2.01e-04, Steps/sec = 1.09, Samples/sec = 278.2
Step 199500 (39.9%): Train Loss = 0.035588, Val Loss = 0.031256, Gnorm = 0.263124, Samples = 51072256, LR = 2.01e-04, Steps/sec = 1.03, Samples/sec = 263.0
Step 200000 (40.0%): Train Loss = 0.033410, Val Loss = 0.033681, Gnorm = 0.379764, Samples = 51200256, LR = 2.00e-04, Steps/sec = 1.09, Samples/sec = 278.2
Step 200500 (40.1%): Train Loss = 0.039574, Val Loss = 0.036493, Gnorm = 0.455562, Samples = 51328256, LR = 2.00e-04, Steps/sec = 1.03, Samples/sec = 264.6
Step 201000 (40.2%): Train Loss = 0.031901, Val Loss = 0.034246, Gnorm = 0.246379, Samples = 51456256, LR = 1.99e-04, Steps/sec = 1.09, Samples/sec = 279.7
Step 201500 (40.3%): Train Loss = 0.032469, Val Loss = 0.031498, Gnorm = 0.104054, Samples = 51584256, LR = 1.99e-04, Steps/sec = 1.03, Samples/sec = 264.6
Step 202000 (40.4%): Train Loss = 0.032904, Val Loss = 0.032372, Gnorm = 0.290692, Samples = 51712256, LR = 1.99e-04, Steps/sec = 1.09, Samples/sec = 278.7
Step 202500 (40.5%): Train Loss = 0.034913, Val Loss = 0.036374, Gnorm = 0.130488, Samples = 51840256, LR = 1.98e-04, Steps/sec = 1.03, Samples/sec = 264.1
Step 203000 (40.6%): Train Loss = 0.036620, Val Loss = 0.032624, Gnorm = 0.103240, Samples = 51968256, LR = 1.98e-04, Steps/sec = 1.09, Samples/sec = 280.1
Step 203500 (40.7%): Train Loss = 0.034304, Val Loss = 0.033526, Gnorm = 0.157885, Samples = 52096256, LR = 1.97e-04, Steps/sec = 1.03, Samples/sec = 263.4
Step 204000 (40.8%): Train Loss = 0.048333, Val Loss = 0.052046, Gnorm = 0.167680, Samples = 52224256, LR = 1.97e-04, Steps/sec = 1.09, Samples/sec = 280.3
Step 204500 (40.9%): Train Loss = 0.041740, Val Loss = 0.040346, Gnorm = 0.096078, Samples = 52352256, LR = 1.96e-04, Steps/sec = 1.03, Samples/sec = 264.7
Step 205000 (41.0%): Train Loss = 0.036696, Val Loss = 0.035106, Gnorm = 0.165050, Samples = 52480256, LR = 1.96e-04, Steps/sec = 1.10, Samples/sec = 280.4
Step 205500 (41.1%): Train Loss = 0.032972, Val Loss = 0.032958, Gnorm = 0.047654, Samples = 52608256, LR = 1.96e-04, Steps/sec = 1.03, Samples/sec = 264.0
Step 206000 (41.2%): Train Loss = 0.035283, Val Loss = 0.033729, Gnorm = 0.079294, Samples = 52736256, LR = 1.95e-04, Steps/sec = 1.09, Samples/sec = 278.1
Step 206500 (41.3%): Train Loss = 0.033449, Val Loss = 0.030722, Gnorm = 0.129009, Samples = 52864256, LR = 1.95e-04, Steps/sec = 1.04, Samples/sec = 265.7
Step 207000 (41.4%): Train Loss = 0.036242, Val Loss = 0.033930, Gnorm = 0.093728, Samples = 52992256, LR = 1.94e-04, Steps/sec = 1.04, Samples/sec = 265.5
Step 207500 (41.5%): Train Loss = 0.032448, Val Loss = 0.035783, Gnorm = 0.088594, Samples = 53120256, LR = 1.94e-04, Steps/sec = 1.03, Samples/sec = 263.7
Step 208000 (41.6%): Train Loss = 0.035501, Val Loss = 0.030683, Gnorm = 0.214303, Samples = 53248256, LR = 1.93e-04, Steps/sec = 1.08, Samples/sec = 277.0
Step 208500 (41.7%): Train Loss = 0.031483, Val Loss = 0.032429, Gnorm = 0.200722, Samples = 53376256, LR = 1.93e-04, Steps/sec = 1.02, Samples/sec = 259.9
Step 209000 (41.8%): Train Loss = 0.033982, Val Loss = 0.031953, Gnorm = 0.077526, Samples = 53504256, LR = 1.92e-04, Steps/sec = 1.09, Samples/sec = 279.9
Step 209500 (41.9%): Train Loss = 0.032493, Val Loss = 0.035054, Gnorm = 0.181333, Samples = 53632256, LR = 1.92e-04, Steps/sec = 1.02, Samples/sec = 261.2
Step 210000 (42.0%): Train Loss = 0.032978, Val Loss = 0.032777, Gnorm = 0.176373, Samples = 53760256, LR = 1.92e-04, Steps/sec = 1.09, Samples/sec = 277.9
Step 210500 (42.1%): Train Loss = 0.035089, Val Loss = 0.031968, Gnorm = 0.235561, Samples = 53888256, LR = 1.91e-04, Steps/sec = 1.03, Samples/sec = 263.0
Step 211000 (42.2%): Train Loss = 0.035632, Val Loss = 0.033400, Gnorm = 0.110194, Samples = 54016256, LR = 1.91e-04, Steps/sec = 1.09, Samples/sec = 278.1
Step 211500 (42.3%): Train Loss = 0.031322, Val Loss = 0.032384, Gnorm = 0.133523, Samples = 54144256, LR = 1.90e-04, Steps/sec = 1.01, Samples/sec = 258.0
Step 212000 (42.4%): Train Loss = 0.031834, Val Loss = 0.032016, Gnorm = 0.078501, Samples = 54272256, LR = 1.90e-04, Steps/sec = 1.09, Samples/sec = 280.1
Step 212500 (42.5%): Train Loss = 0.034416, Val Loss = 0.029779, Gnorm = 0.145199, Samples = 54400256, LR = 1.89e-04, Steps/sec = 1.03, Samples/sec = 263.9
Step 213000 (42.6%): Train Loss = 0.036133, Val Loss = 0.032660, Gnorm = 0.161005, Samples = 54528256, LR = 1.89e-04, Steps/sec = 1.09, Samples/sec = 279.6
Step 213500 (42.7%): Train Loss = 0.032484, Val Loss = 0.033822, Gnorm = 0.079662, Samples = 54656256, LR = 1.88e-04, Steps/sec = 1.03, Samples/sec = 263.2
Step 214000 (42.8%): Train Loss = 0.033002, Val Loss = 0.030785, Gnorm = 0.221643, Samples = 54784256, LR = 1.88e-04, Steps/sec = 1.09, Samples/sec = 280.2
Step 214500 (42.9%): Train Loss = 0.033266, Val Loss = 0.035165, Gnorm = 0.259663, Samples = 54912256, LR = 1.88e-04, Steps/sec = 1.03, Samples/sec = 263.4
Step 215000 (43.0%): Train Loss = 0.031567, Val Loss = 0.032738, Gnorm = 0.179199, Samples = 55040256, LR = 1.87e-04, Steps/sec = 1.08, Samples/sec = 277.6
Step 215500 (43.1%): Train Loss = 0.031607, Val Loss = 0.027829, Gnorm = 0.074160, Samples = 55168256, LR = 1.87e-04, Steps/sec = 1.04, Samples/sec = 265.3
Step 216000 (43.2%): Train Loss = 0.035999, Val Loss = 0.031600, Gnorm = 0.287133, Samples = 55296256, LR = 1.86e-04, Steps/sec = 1.03, Samples/sec = 264.8
Step 216500 (43.3%): Train Loss = 0.038537, Val Loss = 0.041128, Gnorm = 0.116827, Samples = 55424256, LR = 1.86e-04, Steps/sec = 1.03, Samples/sec = 264.6
Step 217000 (43.4%): Train Loss = 0.032869, Val Loss = 0.036173, Gnorm = 0.071027, Samples = 55552256, LR = 1.85e-04, Steps/sec = 1.10, Samples/sec = 281.0
Step 217500 (43.5%): Train Loss = 0.036565, Val Loss = 0.032149, Gnorm = 0.193147, Samples = 55680256, LR = 1.85e-04, Steps/sec = 1.02, Samples/sec = 261.2
Step 218000 (43.6%): Train Loss = 0.036036, Val Loss = 0.032897, Gnorm = 0.100361, Samples = 55808256, LR = 1.84e-04, Steps/sec = 1.10, Samples/sec = 281.1
Step 218500 (43.7%): Train Loss = 0.037383, Val Loss = 0.031835, Gnorm = 0.096230, Samples = 55936256, LR = 1.84e-04, Steps/sec = 1.03, Samples/sec = 264.4
Step 219000 (43.8%): Train Loss = 0.035148, Val Loss = 0.031954, Gnorm = 0.079420, Samples = 56064256, LR = 1.84e-04, Steps/sec = 1.09, Samples/sec = 279.2
Step 219500 (43.9%): Train Loss = 0.034489, Val Loss = 0.032588, Gnorm = 0.167184, Samples = 56192256, LR = 1.83e-04, Steps/sec = 1.04, Samples/sec = 265.0
Step 220000 (44.0%): Train Loss = 0.032712, Val Loss = 0.037194, Gnorm = 0.138620, Samples = 56320256, LR = 1.83e-04, Steps/sec = 1.10, Samples/sec = 280.4
Step 220500 (44.1%): Train Loss = 0.032756, Val Loss = 0.032716, Gnorm = 0.145193, Samples = 56448256, LR = 1.82e-04, Steps/sec = 1.03, Samples/sec = 263.9
Step 221000 (44.2%): Train Loss = 0.032935, Val Loss = 0.033968, Gnorm = 0.158597, Samples = 56576256, LR = 1.82e-04, Steps/sec = 1.09, Samples/sec = 279.9
Step 221500 (44.3%): Train Loss = 0.034021, Val Loss = 0.035001, Gnorm = 0.242731, Samples = 56704256, LR = 1.81e-04, Steps/sec = 1.03, Samples/sec = 264.5
Step 222000 (44.4%): Train Loss = 0.034182, Val Loss = 0.032390, Gnorm = 0.129708, Samples = 56832256, LR = 1.81e-04, Steps/sec = 1.10, Samples/sec = 280.8
Step 222500 (44.5%): Train Loss = 0.033379, Val Loss = 0.033213, Gnorm = 0.143925, Samples = 56960256, LR = 1.80e-04, Steps/sec = 1.03, Samples/sec = 264.0
Step 223000 (44.6%): Train Loss = 0.031592, Val Loss = 0.030543, Gnorm = 0.063987, Samples = 57088256, LR = 1.80e-04, Steps/sec = 1.09, Samples/sec = 278.7
Step 223500 (44.7%): Train Loss = 0.032022, Val Loss = 0.033764, Gnorm = 0.088421, Samples = 57216256, LR = 1.80e-04, Steps/sec = 1.02, Samples/sec = 262.1
Step 224000 (44.8%): Train Loss = 0.032711, Val Loss = 0.030258, Gnorm = 0.084068, Samples = 57344256, LR = 1.79e-04, Steps/sec = 1.09, Samples/sec = 279.3
Step 224500 (44.9%): Train Loss = 0.033355, Val Loss = 0.030924, Gnorm = 0.254202, Samples = 57472256, LR = 1.79e-04, Steps/sec = 1.02, Samples/sec = 262.4
Step 225000 (45.0%): Train Loss = 0.034212, Val Loss = 0.036814, Gnorm = 0.179022, Samples = 57600256, LR = 1.78e-04, Steps/sec = 1.03, Samples/sec = 263.6
Step 225500 (45.1%): Train Loss = 0.033550, Val Loss = 0.034180, Gnorm = 0.135365, Samples = 57728256, LR = 1.78e-04, Steps/sec = 1.03, Samples/sec = 263.5
Step 226000 (45.2%): Train Loss = 0.031135, Val Loss = 0.031184, Gnorm = 0.143390, Samples = 57856256, LR = 1.77e-04, Steps/sec = 1.09, Samples/sec = 279.2
Step 226500 (45.3%): Train Loss = 0.032474, Val Loss = 0.032486, Gnorm = 0.112537, Samples = 57984256, LR = 1.77e-04, Steps/sec = 1.02, Samples/sec = 260.6
Step 227000 (45.4%): Train Loss = 0.032882, Val Loss = 0.036541, Gnorm = 0.127653, Samples = 58112256, LR = 1.76e-04, Steps/sec = 1.09, Samples/sec = 279.7
Step 227500 (45.5%): Train Loss = 0.034388, Val Loss = 0.034037, Gnorm = 0.116393, Samples = 58240256, LR = 1.76e-04, Steps/sec = 1.03, Samples/sec = 262.7
Step 228000 (45.6%): Train Loss = 0.036437, Val Loss = 0.032654, Gnorm = 0.201694, Samples = 58368256, LR = 1.75e-04, Steps/sec = 1.09, Samples/sec = 278.8
Step 228500 (45.7%): Train Loss = 0.034424, Val Loss = 0.036158, Gnorm = 0.295293, Samples = 58496256, LR = 1.75e-04, Steps/sec = 1.03, Samples/sec = 262.5
Step 229000 (45.8%): Train Loss = 0.032444, Val Loss = 0.030450, Gnorm = 0.272697, Samples = 58624256, LR = 1.75e-04, Steps/sec = 1.09, Samples/sec = 279.7
Step 229500 (45.9%): Train Loss = 0.032071, Val Loss = 0.034627, Gnorm = 0.243028, Samples = 58752256, LR = 1.74e-04, Steps/sec = 1.02, Samples/sec = 261.3
Step 230000 (46.0%): Train Loss = 0.030675, Val Loss = 0.036443, Gnorm = 0.112697, Samples = 58880256, LR = 1.74e-04, Steps/sec = 1.09, Samples/sec = 280.2
Step 230500 (46.1%): Train Loss = 0.030496, Val Loss = 0.033439, Gnorm = 0.098180, Samples = 59008256, LR = 1.73e-04, Steps/sec = 1.03, Samples/sec = 264.0
Step 231000 (46.2%): Train Loss = 0.034834, Val Loss = 0.032606, Gnorm = 0.149517, Samples = 59136256, LR = 1.73e-04, Steps/sec = 1.09, Samples/sec = 279.2
Step 231500 (46.3%): Train Loss = 0.036618, Val Loss = 0.032195, Gnorm = 0.209557, Samples = 59264256, LR = 1.72e-04, Steps/sec = 1.03, Samples/sec = 264.7
Step 232000 (46.4%): Train Loss = 0.034252, Val Loss = 0.031833, Gnorm = 0.143703, Samples = 59392256, LR = 1.72e-04, Steps/sec = 1.09, Samples/sec = 278.3
Step 232500 (46.5%): Train Loss = 0.030836, Val Loss = 0.037819, Gnorm = 0.089637, Samples = 59520256, LR = 1.71e-04, Steps/sec = 1.02, Samples/sec = 261.0
Step 233000 (46.6%): Train Loss = 0.032805, Val Loss = 0.031674, Gnorm = 0.214718, Samples = 59648256, LR = 1.71e-04, Steps/sec = 1.09, Samples/sec = 279.4
Step 233500 (46.7%): Train Loss = 0.034130, Val Loss = 0.030425, Gnorm = 0.380656, Samples = 59776256, LR = 1.70e-04, Steps/sec = 1.03, Samples/sec = 263.2
Step 234000 (46.8%): Train Loss = 0.033731, Val Loss = 0.031765, Gnorm = 0.233799, Samples = 59904256, LR = 1.70e-04, Steps/sec = 1.03, Samples/sec = 263.4
Step 234500 (46.9%): Train Loss = 0.034655, Val Loss = 0.030606, Gnorm = 0.155551, Samples = 60032256, LR = 1.70e-04, Steps/sec = 1.03, Samples/sec = 262.5
Step 235000 (47.0%): Train Loss = 0.033092, Val Loss = 0.033270, Gnorm = 0.160647, Samples = 60160256, LR = 1.69e-04, Steps/sec = 1.09, Samples/sec = 279.2
Step 235500 (47.1%): Train Loss = 0.033522, Val Loss = 0.033456, Gnorm = 0.232270, Samples = 60288256, LR = 1.69e-04, Steps/sec = 1.03, Samples/sec = 262.7
Step 236000 (47.2%): Train Loss = 0.034168, Val Loss = 0.033834, Gnorm = 0.248950, Samples = 60416256, LR = 1.68e-04, Steps/sec = 1.09, Samples/sec = 279.0
Step 236500 (47.3%): Train Loss = 0.032638, Val Loss = 0.029663, Gnorm = 0.196027, Samples = 60544256, LR = 1.68e-04, Steps/sec = 1.03, Samples/sec = 262.7
Step 237000 (47.4%): Train Loss = 0.031105, Val Loss = 0.032673, Gnorm = 0.136915, Samples = 60672256, LR = 1.67e-04, Steps/sec = 1.09, Samples/sec = 279.2
Step 237500 (47.5%): Train Loss = 0.034254, Val Loss = 0.033199, Gnorm = 0.126510, Samples = 60800256, LR = 1.67e-04, Steps/sec = 1.03, Samples/sec = 263.3
Step 238000 (47.6%): Train Loss = 0.032694, Val Loss = 0.029966, Gnorm = 0.222765, Samples = 60928256, LR = 1.66e-04, Steps/sec = 1.09, Samples/sec = 278.4
Step 238500 (47.7%): Train Loss = 0.035201, Val Loss = 0.033687, Gnorm = 0.163539, Samples = 61056256, LR = 1.66e-04, Steps/sec = 1.03, Samples/sec = 264.5
Step 239000 (47.8%): Train Loss = 0.035378, Val Loss = 0.036182, Gnorm = 0.169030, Samples = 61184256, LR = 1.65e-04, Steps/sec = 1.09, Samples/sec = 279.6
Step 239500 (47.9%): Train Loss = 0.033463, Val Loss = 0.033231, Gnorm = 0.241442, Samples = 61312256, LR = 1.65e-04, Steps/sec = 1.02, Samples/sec = 262.0
Step 240000 (48.0%): Train Loss = 0.034686, Val Loss = 0.029056, Gnorm = 0.228713, Samples = 61440256, LR = 1.65e-04, Steps/sec = 1.09, Samples/sec = 278.0
Step 240500 (48.1%): Train Loss = 0.032107, Val Loss = 0.034921, Gnorm = 0.121514, Samples = 61568256, LR = 1.64e-04, Steps/sec = 1.03, Samples/sec = 263.5
Step 241000 (48.2%): Train Loss = 0.032680, Val Loss = 0.033211, Gnorm = 0.066369, Samples = 61696256, LR = 1.64e-04, Steps/sec = 1.09, Samples/sec = 278.8
Step 241500 (48.3%): Train Loss = 0.032126, Val Loss = 0.034116, Gnorm = 0.172310, Samples = 61824256, LR = 1.63e-04, Steps/sec = 1.03, Samples/sec = 263.2
Step 242000 (48.4%): Train Loss = 0.033355, Val Loss = 0.031831, Gnorm = 0.109516, Samples = 61952256, LR = 1.63e-04, Steps/sec = 1.09, Samples/sec = 279.0
Step 242500 (48.5%): Train Loss = 0.032585, Val Loss = 0.031553, Gnorm = 0.554792, Samples = 62080256, LR = 1.62e-04, Steps/sec = 1.02, Samples/sec = 262.3
Step 243000 (48.6%): Train Loss = 0.033655, Val Loss = 0.029917, Gnorm = 0.200836, Samples = 62208256, LR = 1.62e-04, Steps/sec = 1.03, Samples/sec = 263.6
Step 243500 (48.7%): Train Loss = 0.034120, Val Loss = 0.033071, Gnorm = 0.211183, Samples = 62336256, LR = 1.61e-04, Steps/sec = 1.03, Samples/sec = 264.6
Step 244000 (48.8%): Train Loss = 0.034005, Val Loss = 0.036751, Gnorm = 0.110583, Samples = 62464256, LR = 1.61e-04, Steps/sec = 1.08, Samples/sec = 277.2
Step 244500 (48.9%): Train Loss = 0.031906, Val Loss = 0.032022, Gnorm = 0.091418, Samples = 62592256, LR = 1.60e-04, Steps/sec = 1.03, Samples/sec = 263.7
Step 245000 (49.0%): Train Loss = 0.033081, Val Loss = 0.032556, Gnorm = 0.131113, Samples = 62720256, LR = 1.60e-04, Steps/sec = 1.09, Samples/sec = 279.5
Step 245500 (49.1%): Train Loss = 0.033405, Val Loss = 0.034246, Gnorm = 0.161536, Samples = 62848256, LR = 1.60e-04, Steps/sec = 1.02, Samples/sec = 261.0
Step 246000 (49.2%): Train Loss = 0.032808, Val Loss = 0.032662, Gnorm = 0.149521, Samples = 62976256, LR = 1.59e-04, Steps/sec = 1.09, Samples/sec = 279.4
Step 246500 (49.3%): Train Loss = 0.035362, Val Loss = 0.032269, Gnorm = 0.118574, Samples = 63104256, LR = 1.59e-04, Steps/sec = 1.03, Samples/sec = 263.6
Step 247000 (49.4%): Train Loss = 0.034961, Val Loss = 0.034274, Gnorm = 0.247526, Samples = 63232256, LR = 1.58e-04, Steps/sec = 1.09, Samples/sec = 279.4
Step 247500 (49.5%): Train Loss = 0.031243, Val Loss = 0.030732, Gnorm = 0.093209, Samples = 63360256, LR = 1.58e-04, Steps/sec = 1.02, Samples/sec = 261.5
Step 248000 (49.6%): Train Loss = 0.033341, Val Loss = 0.036778, Gnorm = 0.214887, Samples = 63488256, LR = 1.57e-04, Steps/sec = 1.09, Samples/sec = 278.1
Step 248500 (49.7%): Train Loss = 0.034387, Val Loss = 0.034491, Gnorm = 0.194504, Samples = 63616256, LR = 1.57e-04, Steps/sec = 1.02, Samples/sec = 261.9
Step 249000 (49.8%): Train Loss = 0.033993, Val Loss = 0.033596, Gnorm = 0.134986, Samples = 63744256, LR = 1.56e-04, Steps/sec = 1.09, Samples/sec = 279.7
Step 249500 (49.9%): Train Loss = 0.034882, Val Loss = 0.031644, Gnorm = 0.102693, Samples = 63872256, LR = 1.56e-04, Steps/sec = 1.02, Samples/sec = 262.3
Step 250000 (50.0%): Train Loss = 0.034094, Val Loss = 0.032641, Gnorm = 0.179522, Samples = 64000256, LR = 1.55e-04, Steps/sec = 1.09, Samples/sec = 278.8
Step 250500 (50.1%): Train Loss = 0.033065, Val Loss = 0.031462, Gnorm = 0.116147, Samples = 64128256, LR = 1.55e-04, Steps/sec = 1.03, Samples/sec = 263.8
Step 251000 (50.2%): Train Loss = 0.032172, Val Loss = 0.031087, Gnorm = 0.206911, Samples = 64256256, LR = 1.55e-04, Steps/sec = 1.08, Samples/sec = 276.5
Step 251500 (50.3%): Train Loss = 0.032157, Val Loss = 0.029545, Gnorm = 0.117230, Samples = 64384256, LR = 1.54e-04, Steps/sec = 1.09, Samples/sec = 278.8
Step 252000 (50.4%): Train Loss = 0.031323, Val Loss = 0.034772, Gnorm = 0.179693, Samples = 64512256, LR = 1.54e-04, Steps/sec = 0.96, Samples/sec = 245.8
Step 252500 (50.5%): Train Loss = 0.029698, Val Loss = 0.032385, Gnorm = 0.116002, Samples = 64640256, LR = 1.53e-04, Steps/sec = 1.09, Samples/sec = 278.8
Step 253000 (50.6%): Train Loss = 0.032089, Val Loss = 0.032506, Gnorm = 0.162344, Samples = 64768256, LR = 1.53e-04, Steps/sec = 1.03, Samples/sec = 263.2
Step 253500 (50.7%): Train Loss = 0.036038, Val Loss = 0.031887, Gnorm = 0.141409, Samples = 64896256, LR = 1.52e-04, Steps/sec = 1.08, Samples/sec = 277.7
Step 254000 (50.8%): Train Loss = 0.031067, Val Loss = 0.033288, Gnorm = 0.158160, Samples = 65024256, LR = 1.52e-04, Steps/sec = 1.03, Samples/sec = 263.1
Step 254500 (50.9%): Train Loss = 0.033023, Val Loss = 0.033409, Gnorm = 0.243604, Samples = 65152256, LR = 1.51e-04, Steps/sec = 1.08, Samples/sec = 277.7
Step 255000 (51.0%): Train Loss = 0.033226, Val Loss = 0.034007, Gnorm = 0.137008, Samples = 65280256, LR = 1.51e-04, Steps/sec = 1.03, Samples/sec = 263.1
Step 255500 (51.1%): Train Loss = 0.030975, Val Loss = 0.033891, Gnorm = 0.192671, Samples = 65408256, LR = 1.50e-04, Steps/sec = 1.09, Samples/sec = 278.5
Step 256000 (51.2%): Train Loss = 0.033915, Val Loss = 0.031073, Gnorm = 0.156668, Samples = 65536256, LR = 1.50e-04, Steps/sec = 1.01, Samples/sec = 259.6
Step 256500 (51.3%): Train Loss = 0.033649, Val Loss = 0.034265, Gnorm = 0.107691, Samples = 65664256, LR = 1.50e-04, Steps/sec = 1.09, Samples/sec = 278.2
Step 257000 (51.4%): Train Loss = 0.032026, Val Loss = 0.032159, Gnorm = 0.102046, Samples = 65792256, LR = 1.49e-04, Steps/sec = 1.02, Samples/sec = 260.6
Step 257500 (51.5%): Train Loss = 0.031580, Val Loss = 0.030914, Gnorm = 0.243067, Samples = 65920256, LR = 1.49e-04, Steps/sec = 1.07, Samples/sec = 274.0
Step 258000 (51.6%): Train Loss = 0.036617, Val Loss = 0.031121, Gnorm = 0.198661, Samples = 66048256, LR = 1.48e-04, Steps/sec = 1.02, Samples/sec = 260.6
Step 258500 (51.7%): Train Loss = 0.033904, Val Loss = 0.029572, Gnorm = 0.092814, Samples = 66176256, LR = 1.48e-04, Steps/sec = 1.09, Samples/sec = 277.9
Step 259000 (51.8%): Train Loss = 0.034319, Val Loss = 0.031368, Gnorm = 0.261694, Samples = 66304256, LR = 1.47e-04, Steps/sec = 1.01, Samples/sec = 258.2
Step 259500 (51.9%): Train Loss = 0.030085, Val Loss = 0.032405, Gnorm = 0.132843, Samples = 66432256, LR = 1.47e-04, Steps/sec = 1.08, Samples/sec = 275.3
Step 260000 (52.0%): Train Loss = 0.032565, Val Loss = 0.031911, Gnorm = 0.164381, Samples = 66560256, LR = 1.46e-04, Steps/sec = 1.01, Samples/sec = 258.0
Step 260500 (52.1%): Train Loss = 0.034292, Val Loss = 0.031914, Gnorm = 0.226467, Samples = 66688256, LR = 1.46e-04, Steps/sec = 1.08, Samples/sec = 276.7
Step 261000 (52.2%): Train Loss = 0.034143, Val Loss = 0.033471, Gnorm = 0.098532, Samples = 66816256, LR = 1.45e-04, Steps/sec = 0.96, Samples/sec = 245.5
Step 261500 (52.3%): Train Loss = 0.031896, Val Loss = 0.035494, Gnorm = 0.209068, Samples = 66944256, LR = 1.45e-04, Steps/sec = 1.08, Samples/sec = 275.7
Step 262000 (52.4%): Train Loss = 0.031309, Val Loss = 0.032407, Gnorm = 0.140174, Samples = 67072256, LR = 1.45e-04, Steps/sec = 1.01, Samples/sec = 258.1
Step 262500 (52.5%): Train Loss = 0.033903, Val Loss = 0.030181, Gnorm = 0.157992, Samples = 67200256, LR = 1.44e-04, Steps/sec = 1.07, Samples/sec = 273.8
Step 263000 (52.6%): Train Loss = 0.034515, Val Loss = 0.035281, Gnorm = 0.117122, Samples = 67328256, LR = 1.44e-04, Steps/sec = 1.00, Samples/sec = 255.4
Step 263500 (52.7%): Train Loss = 0.033600, Val Loss = 0.037808, Gnorm = 0.113998, Samples = 67456256, LR = 1.43e-04, Steps/sec = 1.07, Samples/sec = 273.8
Step 264000 (52.8%): Train Loss = 0.034342, Val Loss = 0.032231, Gnorm = 0.159914, Samples = 67584256, LR = 1.43e-04, Steps/sec = 1.01, Samples/sec = 258.2
Step 264500 (52.9%): Train Loss = 0.033679, Val Loss = 0.035028, Gnorm = 0.137768, Samples = 67712256, LR = 1.42e-04, Steps/sec = 1.08, Samples/sec = 276.6
Step 265000 (53.0%): Train Loss = 0.033560, Val Loss = 0.033587, Gnorm = 0.079305, Samples = 67840256, LR = 1.42e-04, Steps/sec = 1.01, Samples/sec = 259.3
Step 265500 (53.1%): Train Loss = 0.034403, Val Loss = 0.031679, Gnorm = 0.172743, Samples = 67968256, LR = 1.41e-04, Steps/sec = 1.08, Samples/sec = 275.9
Step 266000 (53.2%): Train Loss = 0.033866, Val Loss = 0.034480, Gnorm = 0.130275, Samples = 68096256, LR = 1.41e-04, Steps/sec = 1.01, Samples/sec = 258.4
Step 266500 (53.3%): Train Loss = 0.033410, Val Loss = 0.031849, Gnorm = 0.100203, Samples = 68224256, LR = 1.40e-04, Steps/sec = 1.08, Samples/sec = 275.5
Step 267000 (53.4%): Train Loss = 0.031924, Val Loss = 0.031536, Gnorm = 0.232749, Samples = 68352256, LR = 1.40e-04, Steps/sec = 1.01, Samples/sec = 259.6
Step 267500 (53.5%): Train Loss = 0.031776, Val Loss = 0.029687, Gnorm = 0.098260, Samples = 68480256, LR = 1.40e-04, Steps/sec = 1.07, Samples/sec = 274.7
Step 268000 (53.6%): Train Loss = 0.031627, Val Loss = 0.034003, Gnorm = 0.157451, Samples = 68608256, LR = 1.39e-04, Steps/sec = 1.00, Samples/sec = 255.8
Step 268500 (53.7%): Train Loss = 0.032075, Val Loss = 0.032618, Gnorm = 0.230355, Samples = 68736256, LR = 1.39e-04, Steps/sec = 1.09, Samples/sec = 277.8
Step 269000 (53.8%): Train Loss = 0.034706, Val Loss = 0.029027, Gnorm = 0.104344, Samples = 68864256, LR = 1.38e-04, Steps/sec = 1.01, Samples/sec = 258.7
Step 269500 (53.9%): Train Loss = 0.034306, Val Loss = 0.031928, Gnorm = 0.267836, Samples = 68992256, LR = 1.38e-04, Steps/sec = 1.09, Samples/sec = 278.8
Step 270000 (54.0%): Train Loss = 0.032464, Val Loss = 0.035616, Gnorm = 0.169139, Samples = 69120256, LR = 1.37e-04, Steps/sec = 0.95, Samples/sec = 243.3
Step 270500 (54.1%): Train Loss = 0.033659, Val Loss = 0.031703, Gnorm = 0.177084, Samples = 69248256, LR = 1.37e-04, Steps/sec = 1.08, Samples/sec = 277.6
Step 271000 (54.2%): Train Loss = 0.031791, Val Loss = 0.035135, Gnorm = 0.295673, Samples = 69376256, LR = 1.36e-04, Steps/sec = 1.02, Samples/sec = 260.4
Step 271500 (54.3%): Train Loss = 0.032049, Val Loss = 0.030477, Gnorm = 0.299502, Samples = 69504256, LR = 1.36e-04, Steps/sec = 1.08, Samples/sec = 276.7
Step 272000 (54.4%): Train Loss = 0.034633, Val Loss = 0.031532, Gnorm = 0.241499, Samples = 69632256, LR = 1.35e-04, Steps/sec = 1.01, Samples/sec = 258.4
Step 272500 (54.5%): Train Loss = 0.032769, Val Loss = 0.033991, Gnorm = 0.143481, Samples = 69760256, LR = 1.35e-04, Steps/sec = 1.08, Samples/sec = 275.7
Step 273000 (54.6%): Train Loss = 0.033620, Val Loss = 0.031521, Gnorm = 0.100068, Samples = 69888256, LR = 1.35e-04, Steps/sec = 1.02, Samples/sec = 260.8
Step 273500 (54.7%): Train Loss = 0.033384, Val Loss = 0.036987, Gnorm = 0.244709, Samples = 70016256, LR = 1.34e-04, Steps/sec = 1.09, Samples/sec = 279.4
Step 274000 (54.8%): Train Loss = 0.031247, Val Loss = 0.033556, Gnorm = 0.234182, Samples = 70144256, LR = 1.34e-04, Steps/sec = 1.01, Samples/sec = 258.4
Step 274500 (54.9%): Train Loss = 0.032000, Val Loss = 0.030211, Gnorm = 0.136382, Samples = 70272256, LR = 1.33e-04, Steps/sec = 1.09, Samples/sec = 279.8
Step 275000 (55.0%): Train Loss = 0.032247, Val Loss = 0.031971, Gnorm = 0.186652, Samples = 70400256, LR = 1.33e-04, Steps/sec = 1.03, Samples/sec = 263.1
Step 275500 (55.1%): Train Loss = 0.034063, Val Loss = 0.032177, Gnorm = 0.150793, Samples = 70528256, LR = 1.32e-04, Steps/sec = 1.09, Samples/sec = 279.6
Step 276000 (55.2%): Train Loss = 0.030896, Val Loss = 0.033854, Gnorm = 0.150941, Samples = 70656256, LR = 1.32e-04, Steps/sec = 0.99, Samples/sec = 252.4
Step 276500 (55.3%): Train Loss = 0.034791, Val Loss = 0.034024, Gnorm = 0.172344, Samples = 70784256, LR = 1.31e-04, Steps/sec = 1.09, Samples/sec = 278.3
Step 277000 (55.4%): Train Loss = 0.033947, Val Loss = 0.033693, Gnorm = 0.161510, Samples = 70912256, LR = 1.31e-04, Steps/sec = 0.99, Samples/sec = 253.7
Step 277500 (55.5%): Train Loss = 0.033835, Val Loss = 0.034425, Gnorm = 0.426415, Samples = 71040256, LR = 1.30e-04, Steps/sec = 1.06, Samples/sec = 270.5
Step 278000 (55.6%): Train Loss = 0.033628, Val Loss = 0.031127, Gnorm = 0.247726, Samples = 71168256, LR = 1.30e-04, Steps/sec = 0.99, Samples/sec = 254.2
Step 278500 (55.7%): Train Loss = 0.031138, Val Loss = 0.027743, Gnorm = 0.116736, Samples = 71296256, LR = 1.30e-04, Steps/sec = 1.07, Samples/sec = 275.1
Step 279000 (55.8%): Train Loss = 0.032436, Val Loss = 0.033381, Gnorm = 0.135836, Samples = 71424256, LR = 1.29e-04, Steps/sec = 0.91, Samples/sec = 232.9
Step 279500 (55.9%): Train Loss = 0.032175, Val Loss = 0.030800, Gnorm = 0.182940, Samples = 71552256, LR = 1.29e-04, Steps/sec = 1.08, Samples/sec = 275.4
Step 280000 (56.0%): Train Loss = 0.033669, Val Loss = 0.030563, Gnorm = 0.090264, Samples = 71680256, LR = 1.28e-04, Steps/sec = 1.00, Samples/sec = 256.5
Step 280500 (56.1%): Train Loss = 0.033436, Val Loss = 0.033225, Gnorm = 0.133957, Samples = 71808256, LR = 1.28e-04, Steps/sec = 1.06, Samples/sec = 270.5
Step 281000 (56.2%): Train Loss = 0.035088, Val Loss = 0.029978, Gnorm = 0.120490, Samples = 71936256, LR = 1.27e-04, Steps/sec = 1.00, Samples/sec = 256.5
Step 281500 (56.3%): Train Loss = 0.032166, Val Loss = 0.033815, Gnorm = 0.107106, Samples = 72064256, LR = 1.27e-04, Steps/sec = 1.07, Samples/sec = 275.0
Step 282000 (56.4%): Train Loss = 0.029963, Val Loss = 0.033632, Gnorm = 0.322031, Samples = 72192256, LR = 1.26e-04, Steps/sec = 0.99, Samples/sec = 253.5
Step 282500 (56.5%): Train Loss = 0.031138, Val Loss = 0.034177, Gnorm = 0.098181, Samples = 72320256, LR = 1.26e-04, Steps/sec = 1.09, Samples/sec = 279.2
Step 283000 (56.6%): Train Loss = 0.035398, Val Loss = 0.029367, Gnorm = 0.158611, Samples = 72448256, LR = 1.26e-04, Steps/sec = 0.99, Samples/sec = 253.4
Step 283500 (56.7%): Train Loss = 0.030917, Val Loss = 0.030162, Gnorm = 0.253921, Samples = 72576256, LR = 1.25e-04, Steps/sec = 1.07, Samples/sec = 274.6
Step 284000 (56.8%): Train Loss = 0.030018, Val Loss = 0.029406, Gnorm = 0.367636, Samples = 72704256, LR = 1.25e-04, Steps/sec = 1.00, Samples/sec = 256.5
Step 284500 (56.9%): Train Loss = 0.036459, Val Loss = 0.034684, Gnorm = 0.211563, Samples = 72832256, LR = 1.24e-04, Steps/sec = 1.08, Samples/sec = 277.1
Step 285000 (57.0%): Train Loss = 0.031506, Val Loss = 0.033580, Gnorm = 0.114698, Samples = 72960256, LR = 1.24e-04, Steps/sec = 1.01, Samples/sec = 258.8
Step 285500 (57.1%): Train Loss = 0.032166, Val Loss = 0.032656, Gnorm = 0.202395, Samples = 73088256, LR = 1.23e-04, Steps/sec = 1.08, Samples/sec = 276.1
Step 286000 (57.2%): Train Loss = 0.033599, Val Loss = 0.028756, Gnorm = 0.122772, Samples = 73216256, LR = 1.23e-04, Steps/sec = 1.00, Samples/sec = 255.3
Step 286500 (57.3%): Train Loss = 0.033580, Val Loss = 0.032419, Gnorm = 0.201824, Samples = 73344256, LR = 1.22e-04, Steps/sec = 1.07, Samples/sec = 274.7
Step 287000 (57.4%): Train Loss = 0.033430, Val Loss = 0.029332, Gnorm = 0.147559, Samples = 73472256, LR = 1.22e-04, Steps/sec = 0.99, Samples/sec = 254.5
Step 287500 (57.5%): Train Loss = 0.030951, Val Loss = 0.028221, Gnorm = 0.268891, Samples = 73600256, LR = 1.22e-04, Steps/sec = 1.07, Samples/sec = 275.1
Step 288000 (57.6%): Train Loss = 0.032793, Val Loss = 0.031412, Gnorm = 0.186165, Samples = 73728256, LR = 1.21e-04, Steps/sec = 0.92, Samples/sec = 235.0
Step 288500 (57.7%): Train Loss = 0.034655, Val Loss = 0.033885, Gnorm = 0.151571, Samples = 73856256, LR = 1.21e-04, Steps/sec = 1.08, Samples/sec = 276.1
Step 289000 (57.8%): Train Loss = 0.033337, Val Loss = 0.033941, Gnorm = 0.087442, Samples = 73984256, LR = 1.20e-04, Steps/sec = 0.99, Samples/sec = 253.5
Step 289500 (57.9%): Train Loss = 0.035516, Val Loss = 0.031488, Gnorm = 0.098025, Samples = 74112256, LR = 1.20e-04, Steps/sec = 1.08, Samples/sec = 275.8
Step 290000 (58.0%): Train Loss = 0.032757, Val Loss = 0.032335, Gnorm = 0.098236, Samples = 74240256, LR = 1.19e-04, Steps/sec = 0.99, Samples/sec = 254.6
Step 290500 (58.1%): Train Loss = 0.033245, Val Loss = 0.034876, Gnorm = 0.306545, Samples = 74368256, LR = 1.19e-04, Steps/sec = 1.07, Samples/sec = 273.1
Step 291000 (58.2%): Train Loss = 0.030443, Val Loss = 0.031035, Gnorm = 0.205939, Samples = 74496256, LR = 1.18e-04, Steps/sec = 0.98, Samples/sec = 250.9
Step 291500 (58.3%): Train Loss = 0.032244, Val Loss = 0.033825, Gnorm = 0.218389, Samples = 74624256, LR = 1.18e-04, Steps/sec = 1.07, Samples/sec = 274.7
Step 292000 (58.4%): Train Loss = 0.034593, Val Loss = 0.033010, Gnorm = 0.187722, Samples = 74752256, LR = 1.18e-04, Steps/sec = 1.00, Samples/sec = 257.1
Step 292500 (58.5%): Train Loss = 0.034702, Val Loss = 0.030355, Gnorm = 0.108290, Samples = 74880256, LR = 1.17e-04, Steps/sec = 1.07, Samples/sec = 275.0
Step 293000 (58.6%): Train Loss = 0.030574, Val Loss = 0.031404, Gnorm = 0.162822, Samples = 75008256, LR = 1.17e-04, Steps/sec = 1.00, Samples/sec = 255.3
Step 293500 (58.7%): Train Loss = 0.031298, Val Loss = 0.031281, Gnorm = 0.124917, Samples = 75136256, LR = 1.16e-04, Steps/sec = 1.07, Samples/sec = 274.9
Step 294000 (58.8%): Train Loss = 0.029785, Val Loss = 0.033367, Gnorm = 0.211540, Samples = 75264256, LR = 1.16e-04, Steps/sec = 1.00, Samples/sec = 256.2
Step 294500 (58.9%): Train Loss = 0.033838, Val Loss = 0.032435, Gnorm = 0.177483, Samples = 75392256, LR = 1.15e-04, Steps/sec = 1.07, Samples/sec = 275.2
Step 295000 (59.0%): Train Loss = 0.031773, Val Loss = 0.032626, Gnorm = 0.077538, Samples = 75520256, LR = 1.15e-04, Steps/sec = 0.99, Samples/sec = 254.5
Step 295500 (59.1%): Train Loss = 0.034108, Val Loss = 0.039593, Gnorm = 0.069143, Samples = 75648256, LR = 1.14e-04, Steps/sec = 1.07, Samples/sec = 274.2
Step 296000 (59.2%): Train Loss = 0.032366, Val Loss = 0.028826, Gnorm = 0.165064, Samples = 75776256, LR = 1.14e-04, Steps/sec = 0.98, Samples/sec = 251.4
Step 296500 (59.3%): Train Loss = 0.032585, Val Loss = 0.030357, Gnorm = 0.152029, Samples = 75904256, LR = 1.14e-04, Steps/sec = 1.08, Samples/sec = 275.4
Step 297000 (59.4%): Train Loss = 0.033428, Val Loss = 0.033299, Gnorm = 0.165013, Samples = 76032256, LR = 1.13e-04, Steps/sec = 0.91, Samples/sec = 232.7
Step 297500 (59.5%): Train Loss = 0.033387, Val Loss = 0.033359, Gnorm = 0.233120, Samples = 76160256, LR = 1.13e-04, Steps/sec = 1.07, Samples/sec = 275.1
Step 298000 (59.6%): Train Loss = 0.033673, Val Loss = 0.032895, Gnorm = 0.126521, Samples = 76288256, LR = 1.12e-04, Steps/sec = 0.99, Samples/sec = 252.7
Step 298500 (59.7%): Train Loss = 0.033154, Val Loss = 0.033870, Gnorm = 0.324629, Samples = 76416256, LR = 1.12e-04, Steps/sec = 1.07, Samples/sec = 273.7
Step 299000 (59.8%): Train Loss = 0.033444, Val Loss = 0.029962, Gnorm = 0.109240, Samples = 76544256, LR = 1.11e-04, Steps/sec = 0.99, Samples/sec = 252.2
Step 299500 (59.9%): Train Loss = 0.035380, Val Loss = 0.032832, Gnorm = 0.179774, Samples = 76672256, LR = 1.11e-04, Steps/sec = 1.08, Samples/sec = 277.8
Step 300000 (60.0%): Train Loss = 0.032046, Val Loss = 0.031329, Gnorm = 0.118249, Samples = 76800256, LR = 1.11e-04, Steps/sec = 0.98, Samples/sec = 249.7
Step 300500 (60.1%): Train Loss = 0.033854, Val Loss = 0.031437, Gnorm = 0.126187, Samples = 76928256, LR = 1.10e-04, Steps/sec = 1.07, Samples/sec = 274.4
Step 301000 (60.2%): Train Loss = 0.032107, Val Loss = 0.031518, Gnorm = 0.261415, Samples = 77056256, LR = 1.10e-04, Steps/sec = 0.99, Samples/sec = 254.4
Step 301500 (60.3%): Train Loss = 0.032144, Val Loss = 0.029258, Gnorm = 0.172186, Samples = 77184256, LR = 1.09e-04, Steps/sec = 1.07, Samples/sec = 274.3
Step 302000 (60.4%): Train Loss = 0.032162, Val Loss = 0.033685, Gnorm = 0.190942, Samples = 77312256, LR = 1.09e-04, Steps/sec = 1.00, Samples/sec = 256.0
Step 302500 (60.5%): Train Loss = 0.034232, Val Loss = 0.030462, Gnorm = 0.233533, Samples = 77440256, LR = 1.08e-04, Steps/sec = 1.07, Samples/sec = 275.0
Step 303000 (60.6%): Train Loss = 0.032370, Val Loss = 0.031518, Gnorm = 0.065956, Samples = 77568256, LR = 1.08e-04, Steps/sec = 0.99, Samples/sec = 254.1
Step 303500 (60.7%): Train Loss = 0.028704, Val Loss = 0.032757, Gnorm = 0.130459, Samples = 77696256, LR = 1.08e-04, Steps/sec = 1.07, Samples/sec = 274.8
Step 304000 (60.8%): Train Loss = 0.030919, Val Loss = 0.031871, Gnorm = 0.223922, Samples = 77824256, LR = 1.07e-04, Steps/sec = 1.00, Samples/sec = 254.8
Step 304500 (60.9%): Train Loss = 0.030160, Val Loss = 0.031549, Gnorm = 0.142292, Samples = 77952256, LR = 1.07e-04, Steps/sec = 1.07, Samples/sec = 274.6
Step 305000 (61.0%): Train Loss = 0.032349, Val Loss = 0.030639, Gnorm = 0.214421, Samples = 78080256, LR = 1.06e-04, Steps/sec = 0.99, Samples/sec = 253.3
Step 305500 (61.1%): Train Loss = 0.031257, Val Loss = 0.030796, Gnorm = 0.097605, Samples = 78208256, LR = 1.06e-04, Steps/sec = 1.07, Samples/sec = 274.6
Step 306000 (61.2%): Train Loss = 0.033141, Val Loss = 0.031268, Gnorm = 0.079081, Samples = 78336256, LR = 1.05e-04, Steps/sec = 0.92, Samples/sec = 236.3
Step 306500 (61.3%): Train Loss = 0.031334, Val Loss = 0.031722, Gnorm = 0.064428, Samples = 78464256, LR = 1.05e-04, Steps/sec = 1.08, Samples/sec = 276.8
Step 307000 (61.4%): Train Loss = 0.032092, Val Loss = 0.032815, Gnorm = 0.322117, Samples = 78592256, LR = 1.05e-04, Steps/sec = 0.99, Samples/sec = 252.3
Step 307500 (61.5%): Train Loss = 0.032451, Val Loss = 0.030976, Gnorm = 0.112089, Samples = 78720256, LR = 1.04e-04, Steps/sec = 1.07, Samples/sec = 273.9
Step 308000 (61.6%): Train Loss = 0.031963, Val Loss = 0.029334, Gnorm = 0.161901, Samples = 78848256, LR = 1.04e-04, Steps/sec = 1.01, Samples/sec = 259.2
Step 308500 (61.7%): Train Loss = 0.033337, Val Loss = 0.028715, Gnorm = 0.363701, Samples = 78976256, LR = 1.03e-04, Steps/sec = 1.07, Samples/sec = 273.3
Step 309000 (61.8%): Train Loss = 0.038199, Val Loss = 0.032605, Gnorm = 0.163581, Samples = 79104256, LR = 1.03e-04, Steps/sec = 1.00, Samples/sec = 255.1
Step 309500 (61.9%): Train Loss = 0.031914, Val Loss = 0.032831, Gnorm = 0.159180, Samples = 79232256, LR = 1.02e-04, Steps/sec = 1.09, Samples/sec = 280.2
Step 310000 (62.0%): Train Loss = 0.031101, Val Loss = 0.032395, Gnorm = 0.062237, Samples = 79360256, LR = 1.02e-04, Steps/sec = 1.00, Samples/sec = 255.3
Step 310500 (62.1%): Train Loss = 0.032779, Val Loss = 0.030857, Gnorm = 0.083080, Samples = 79488256, LR = 1.02e-04, Steps/sec = 1.08, Samples/sec = 275.9
Step 311000 (62.2%): Train Loss = 0.031320, Val Loss = 0.032741, Gnorm = 0.187493, Samples = 79616256, LR = 1.01e-04, Steps/sec = 0.99, Samples/sec = 254.1
Step 311500 (62.3%): Train Loss = 0.030710, Val Loss = 0.028796, Gnorm = 0.194904, Samples = 79744256, LR = 1.01e-04, Steps/sec = 1.07, Samples/sec = 272.8
Step 312000 (62.4%): Train Loss = 0.031176, Val Loss = 0.031647, Gnorm = 0.086490, Samples = 79872256, LR = 1.00e-04, Steps/sec = 1.01, Samples/sec = 259.2
Step 312500 (62.5%): Train Loss = 0.030473, Val Loss = 0.032253, Gnorm = 0.210898, Samples = 80000256, LR = 9.98e-05, Steps/sec = 1.07, Samples/sec = 274.1
Step 313000 (62.6%): Train Loss = 0.035680, Val Loss = 0.033289, Gnorm = 0.190481, Samples = 80128256, LR = 9.94e-05, Steps/sec = 0.99, Samples/sec = 254.0
Step 313500 (62.7%): Train Loss = 0.031463, Val Loss = 0.031975, Gnorm = 0.177180, Samples = 80256256, LR = 9.90e-05, Steps/sec = 1.08, Samples/sec = 276.9
Step 314000 (62.8%): Train Loss = 0.031096, Val Loss = 0.031071, Gnorm = 0.080509, Samples = 80384256, LR = 9.86e-05, Steps/sec = 0.99, Samples/sec = 254.0
Step 314500 (62.9%): Train Loss = 0.031321, Val Loss = 0.027316, Gnorm = 0.085313, Samples = 80512256, LR = 9.81e-05, Steps/sec = 1.07, Samples/sec = 273.7
Step 315000 (63.0%): Train Loss = 0.030317, Val Loss = 0.030858, Gnorm = 0.141231, Samples = 80640256, LR = 9.77e-05, Steps/sec = 0.91, Samples/sec = 233.5
Step 315500 (63.1%): Train Loss = 0.033415, Val Loss = 0.032407, Gnorm = 0.176802, Samples = 80768256, LR = 9.73e-05, Steps/sec = 1.08, Samples/sec = 275.4
Step 316000 (63.2%): Train Loss = 0.032856, Val Loss = 0.032417, Gnorm = 0.208941, Samples = 80896256, LR = 9.69e-05, Steps/sec = 1.00, Samples/sec = 255.3
Step 316500 (63.3%): Train Loss = 0.032794, Val Loss = 0.030918, Gnorm = 0.083864, Samples = 81024256, LR = 9.65e-05, Steps/sec = 1.08, Samples/sec = 277.2
Step 317000 (63.4%): Train Loss = 0.032222, Val Loss = 0.032570, Gnorm = 0.175578, Samples = 81152256, LR = 9.60e-05, Steps/sec = 0.99, Samples/sec = 254.2
Step 317500 (63.5%): Train Loss = 0.029559, Val Loss = 0.030991, Gnorm = 0.139793, Samples = 81280256, LR = 9.56e-05, Steps/sec = 1.08, Samples/sec = 276.2
Step 318000 (63.6%): Train Loss = 0.031323, Val Loss = 0.032922, Gnorm = 0.219834, Samples = 81408256, LR = 9.52e-05, Steps/sec = 0.98, Samples/sec = 251.4
Step 318500 (63.7%): Train Loss = 0.032319, Val Loss = 0.033795, Gnorm = 0.223234, Samples = 81536256, LR = 9.48e-05, Steps/sec = 1.07, Samples/sec = 274.9
Step 319000 (63.8%): Train Loss = 0.030255, Val Loss = 0.030382, Gnorm = 0.088724, Samples = 81664256, LR = 9.44e-05, Steps/sec = 1.00, Samples/sec = 257.0
Step 319500 (63.9%): Train Loss = 0.030318, Val Loss = 0.031494, Gnorm = 0.228290, Samples = 81792256, LR = 9.40e-05, Steps/sec = 1.08, Samples/sec = 276.5
Step 320000 (64.0%): Train Loss = 0.033115, Val Loss = 0.032148, Gnorm = 0.111261, Samples = 81920256, LR = 9.36e-05, Steps/sec = 0.98, Samples/sec = 249.8
Step 320500 (64.1%): Train Loss = 0.031014, Val Loss = 0.028950, Gnorm = 0.249172, Samples = 82048256, LR = 9.31e-05, Steps/sec = 1.08, Samples/sec = 277.4
Step 321000 (64.2%): Train Loss = 0.031557, Val Loss = 0.032431, Gnorm = 0.089954, Samples = 82176256, LR = 9.27e-05, Steps/sec = 0.98, Samples/sec = 250.0
Step 321500 (64.3%): Train Loss = 0.033062, Val Loss = 0.031649, Gnorm = 0.107795, Samples = 82304256, LR = 9.23e-05, Steps/sec = 1.08, Samples/sec = 275.8
Step 322000 (64.4%): Train Loss = 0.037266, Val Loss = 0.029887, Gnorm = 0.178247, Samples = 82432256, LR = 9.19e-05, Steps/sec = 1.00, Samples/sec = 255.8
Step 322500 (64.5%): Train Loss = 0.031248, Val Loss = 0.033468, Gnorm = 0.184368, Samples = 82560256, LR = 9.15e-05, Steps/sec = 1.07, Samples/sec = 274.7
Step 323000 (64.6%): Train Loss = 0.031344, Val Loss = 0.032329, Gnorm = 0.121469, Samples = 82688256, LR = 9.11e-05, Steps/sec = 1.00, Samples/sec = 255.5
Step 323500 (64.7%): Train Loss = 0.031461, Val Loss = 0.031210, Gnorm = 0.114303, Samples = 82816256, LR = 9.07e-05, Steps/sec = 1.06, Samples/sec = 270.5
Step 324000 (64.8%): Train Loss = 0.031076, Val Loss = 0.033465, Gnorm = 0.227155, Samples = 82944256, LR = 9.03e-05, Steps/sec = 0.91, Samples/sec = 231.8
Step 324500 (64.9%): Train Loss = 0.034020, Val Loss = 0.035285, Gnorm = 0.171731, Samples = 83072256, LR = 8.99e-05, Steps/sec = 1.07, Samples/sec = 274.1
Step 325000 (65.0%): Train Loss = 0.031137, Val Loss = 0.031392, Gnorm = 0.232013, Samples = 83200256, LR = 8.95e-05, Steps/sec = 0.97, Samples/sec = 248.4
Step 325500 (65.1%): Train Loss = 0.033742, Val Loss = 0.029690, Gnorm = 0.123750, Samples = 83328256, LR = 8.90e-05, Steps/sec = 1.06, Samples/sec = 271.2
Step 326000 (65.2%): Train Loss = 0.033802, Val Loss = 0.030258, Gnorm = 0.164930, Samples = 83456256, LR = 8.86e-05, Steps/sec = 0.99, Samples/sec = 254.3
Step 326500 (65.3%): Train Loss = 0.030545, Val Loss = 0.032856, Gnorm = 0.124704, Samples = 83584256, LR = 8.82e-05, Steps/sec = 1.07, Samples/sec = 275.1
Step 327000 (65.4%): Train Loss = 0.031044, Val Loss = 0.031178, Gnorm = 0.328173, Samples = 83712256, LR = 8.78e-05, Steps/sec = 0.99, Samples/sec = 252.8
Step 327500 (65.5%): Train Loss = 0.032464, Val Loss = 0.034091, Gnorm = 0.096480, Samples = 83840256, LR = 8.74e-05, Steps/sec = 1.08, Samples/sec = 275.4
Step 328000 (65.6%): Train Loss = 0.031992, Val Loss = 0.031346, Gnorm = 0.123438, Samples = 83968256, LR = 8.70e-05, Steps/sec = 1.00, Samples/sec = 256.9
Step 328500 (65.7%): Train Loss = 0.032651, Val Loss = 0.031117, Gnorm = 0.226230, Samples = 84096256, LR = 8.66e-05, Steps/sec = 1.07, Samples/sec = 273.4
Step 329000 (65.8%): Train Loss = 0.033108, Val Loss = 0.032531, Gnorm = 0.219282, Samples = 84224256, LR = 8.62e-05, Steps/sec = 0.99, Samples/sec = 254.5
Step 329500 (65.9%): Train Loss = 0.031448, Val Loss = 0.031625, Gnorm = 0.098668, Samples = 84352256, LR = 8.58e-05, Steps/sec = 1.07, Samples/sec = 274.8
Step 330000 (66.0%): Train Loss = 0.032083, Val Loss = 0.035255, Gnorm = 0.149841, Samples = 84480256, LR = 8.54e-05, Steps/sec = 1.00, Samples/sec = 255.3
Step 330500 (66.1%): Train Loss = 0.033913, Val Loss = 0.029392, Gnorm = 0.123965, Samples = 84608256, LR = 8.50e-05, Steps/sec = 1.09, Samples/sec = 280.0
Step 331000 (66.2%): Train Loss = 0.034349, Val Loss = 0.031000, Gnorm = 0.188337, Samples = 84736256, LR = 8.46e-05, Steps/sec = 1.00, Samples/sec = 256.2
Step 331500 (66.3%): Train Loss = 0.031924, Val Loss = 0.033371, Gnorm = 0.069600, Samples = 84864256, LR = 8.42e-05, Steps/sec = 1.08, Samples/sec = 276.7
Step 332000 (66.4%): Train Loss = 0.032839, Val Loss = 0.028001, Gnorm = 0.095911, Samples = 84992256, LR = 8.38e-05, Steps/sec = 1.01, Samples/sec = 258.1
Step 332500 (66.5%): Train Loss = 0.034314, Val Loss = 0.031857, Gnorm = 0.164256, Samples = 85120256, LR = 8.34e-05, Steps/sec = 1.07, Samples/sec = 275.1
Step 333000 (66.6%): Train Loss = 0.031155, Val Loss = 0.031606, Gnorm = 0.205831, Samples = 85248256, LR = 8.30e-05, Steps/sec = 0.93, Samples/sec = 238.1
Step 333500 (66.7%): Train Loss = 0.034600, Val Loss = 0.032852, Gnorm = 0.166712, Samples = 85376256, LR = 8.26e-05, Steps/sec = 1.08, Samples/sec = 275.5
Step 334000 (66.8%): Train Loss = 0.032502, Val Loss = 0.031743, Gnorm = 0.213320, Samples = 85504256, LR = 8.22e-05, Steps/sec = 1.01, Samples/sec = 257.9
Step 334500 (66.9%): Train Loss = 0.032546, Val Loss = 0.031283, Gnorm = 0.191536, Samples = 85632256, LR = 8.18e-05, Steps/sec = 1.06, Samples/sec = 270.5
Step 335000 (67.0%): Train Loss = 0.029433, Val Loss = 0.031496, Gnorm = 0.255274, Samples = 85760256, LR = 8.14e-05, Steps/sec = 1.08, Samples/sec = 275.9
Step 335500 (67.1%): Train Loss = 0.029814, Val Loss = 0.032022, Gnorm = 0.122113, Samples = 85888256, LR = 8.11e-05, Steps/sec = 0.99, Samples/sec = 252.7
Step 336000 (67.2%): Train Loss = 0.032569, Val Loss = 0.032900, Gnorm = 0.134008, Samples = 86016256, LR = 8.07e-05, Steps/sec = 1.07, Samples/sec = 274.4
Step 336500 (67.3%): Train Loss = 0.032926, Val Loss = 0.033867, Gnorm = 0.198153, Samples = 86144256, LR = 8.03e-05, Steps/sec = 0.99, Samples/sec = 254.0
Step 337000 (67.4%): Train Loss = 0.028466, Val Loss = 0.031168, Gnorm = 0.117224, Samples = 86272256, LR = 7.99e-05, Steps/sec = 1.07, Samples/sec = 273.4
Step 337500 (67.5%): Train Loss = 0.033279, Val Loss = 0.030192, Gnorm = 0.158330, Samples = 86400256, LR = 7.95e-05, Steps/sec = 0.99, Samples/sec = 253.4
Step 338000 (67.6%): Train Loss = 0.030316, Val Loss = 0.031721, Gnorm = 0.101700, Samples = 86528256, LR = 7.91e-05, Steps/sec = 1.07, Samples/sec = 274.3
Step 338500 (67.7%): Train Loss = 0.031455, Val Loss = 0.033160, Gnorm = 0.263785, Samples = 86656256, LR = 7.87e-05, Steps/sec = 0.99, Samples/sec = 252.7
Step 339000 (67.8%): Train Loss = 0.030083, Val Loss = 0.030394, Gnorm = 0.187271, Samples = 86784256, LR = 7.83e-05, Steps/sec = 1.08, Samples/sec = 276.8
Step 339500 (67.9%): Train Loss = 0.031188, Val Loss = 0.029826, Gnorm = 0.249424, Samples = 86912256, LR = 7.79e-05, Steps/sec = 0.99, Samples/sec = 253.1
Step 340000 (68.0%): Train Loss = 0.031147, Val Loss = 0.030724, Gnorm = 0.106071, Samples = 87040256, LR = 7.76e-05, Steps/sec = 1.07, Samples/sec = 273.1
Step 340500 (68.1%): Train Loss = 0.032250, Val Loss = 0.030455, Gnorm = 0.147574, Samples = 87168256, LR = 7.72e-05, Steps/sec = 1.00, Samples/sec = 255.5
Step 341000 (68.2%): Train Loss = 0.032685, Val Loss = 0.032609, Gnorm = 0.135961, Samples = 87296256, LR = 7.68e-05, Steps/sec = 1.07, Samples/sec = 275.0
Step 341500 (68.3%): Train Loss = 0.031095, Val Loss = 0.030278, Gnorm = 0.101484, Samples = 87424256, LR = 7.64e-05, Steps/sec = 1.00, Samples/sec = 256.1
Step 342000 (68.4%): Train Loss = 0.030903, Val Loss = 0.033071, Gnorm = 0.191397, Samples = 87552256, LR = 7.60e-05, Steps/sec = 1.00, Samples/sec = 255.1
Step 342500 (68.5%): Train Loss = 0.029900, Val Loss = 0.031300, Gnorm = 0.094086, Samples = 87680256, LR = 7.56e-05, Steps/sec = 0.99, Samples/sec = 253.8
Step 343000 (68.6%): Train Loss = 0.032778, Val Loss = 0.032184, Gnorm = 0.170952, Samples = 87808256, LR = 7.52e-05, Steps/sec = 1.07, Samples/sec = 275.0
Step 343500 (68.7%): Train Loss = 0.030341, Val Loss = 0.031229, Gnorm = 0.136728, Samples = 87936256, LR = 7.49e-05, Steps/sec = 1.01, Samples/sec = 258.7
Step 344000 (68.8%): Train Loss = 0.030936, Val Loss = 0.029887, Gnorm = 0.181064, Samples = 88064256, LR = 7.45e-05, Steps/sec = 1.06, Samples/sec = 272.0
Step 344500 (68.9%): Train Loss = 0.029211, Val Loss = 0.031364, Gnorm = 0.172322, Samples = 88192256, LR = 7.41e-05, Steps/sec = 1.00, Samples/sec = 254.8
Step 345000 (69.0%): Train Loss = 0.033552, Val Loss = 0.033965, Gnorm = 0.140015, Samples = 88320256, LR = 7.37e-05, Steps/sec = 1.07, Samples/sec = 272.7
Step 345500 (69.1%): Train Loss = 0.030676, Val Loss = 0.033427, Gnorm = 0.156450, Samples = 88448256, LR = 7.34e-05, Steps/sec = 1.00, Samples/sec = 255.2
Step 346000 (69.2%): Train Loss = 0.032640, Val Loss = 0.033679, Gnorm = 0.152511, Samples = 88576256, LR = 7.30e-05, Steps/sec = 1.07, Samples/sec = 273.6
Step 346500 (69.3%): Train Loss = 0.031790, Val Loss = 0.031888, Gnorm = 0.113403, Samples = 88704256, LR = 7.26e-05, Steps/sec = 1.01, Samples/sec = 259.0
Step 347000 (69.4%): Train Loss = 0.030867, Val Loss = 0.032422, Gnorm = 0.130514, Samples = 88832256, LR = 7.22e-05, Steps/sec = 1.06, Samples/sec = 271.8
Step 347500 (69.5%): Train Loss = 0.031262, Val Loss = 0.032296, Gnorm = 0.091907, Samples = 88960256, LR = 7.19e-05, Steps/sec = 1.00, Samples/sec = 256.3
Step 348000 (69.6%): Train Loss = 0.029763, Val Loss = 0.031732, Gnorm = 0.140559, Samples = 89088256, LR = 7.15e-05, Steps/sec = 1.07, Samples/sec = 274.2
Step 348500 (69.7%): Train Loss = 0.030670, Val Loss = 0.034604, Gnorm = 0.098871, Samples = 89216256, LR = 7.11e-05, Steps/sec = 0.98, Samples/sec = 252.1
Step 349000 (69.8%): Train Loss = 0.030065, Val Loss = 0.031673, Gnorm = 0.159298, Samples = 89344256, LR = 7.07e-05, Steps/sec = 1.09, Samples/sec = 278.7
Step 349500 (69.9%): Train Loss = 0.031733, Val Loss = 0.029744, Gnorm = 0.170823, Samples = 89472256, LR = 7.04e-05, Steps/sec = 0.97, Samples/sec = 248.4
Step 350000 (70.0%): Train Loss = 0.030350, Val Loss = 0.028778, Gnorm = 0.087328, Samples = 89600256, LR = 7.00e-05, Steps/sec = 1.06, Samples/sec = 272.3
Step 350500 (70.1%): Train Loss = 0.028939, Val Loss = 0.028380, Gnorm = 0.138174, Samples = 89728256, LR = 6.96e-05, Steps/sec = 1.00, Samples/sec = 256.7
Step 351000 (70.2%): Train Loss = 0.030696, Val Loss = 0.032947, Gnorm = 0.183753, Samples = 89856256, LR = 6.93e-05, Steps/sec = 0.99, Samples/sec = 254.2
Step 351500 (70.3%): Train Loss = 0.033803, Val Loss = 0.031296, Gnorm = 0.224360, Samples = 89984256, LR = 6.89e-05, Steps/sec = 1.00, Samples/sec = 256.4
Step 352000 (70.4%): Train Loss = 0.027937, Val Loss = 0.032092, Gnorm = 0.113330, Samples = 90112256, LR = 6.85e-05, Steps/sec = 1.07, Samples/sec = 274.7
Step 352500 (70.5%): Train Loss = 0.032725, Val Loss = 0.032091, Gnorm = 0.168224, Samples = 90240256, LR = 6.82e-05, Steps/sec = 0.96, Samples/sec = 246.0
Step 353000 (70.6%): Train Loss = 0.030320, Val Loss = 0.029788, Gnorm = 0.355843, Samples = 90368256, LR = 6.78e-05, Steps/sec = 1.06, Samples/sec = 271.9
Step 353500 (70.7%): Train Loss = 0.032657, Val Loss = 0.031926, Gnorm = 0.086236, Samples = 90496256, LR = 6.74e-05, Steps/sec = 0.93, Samples/sec = 238.2
Step 354000 (70.8%): Train Loss = 0.029537, Val Loss = 0.036301, Gnorm = 0.114134, Samples = 90624256, LR = 6.71e-05, Steps/sec = 1.06, Samples/sec = 271.0
Step 354500 (70.9%): Train Loss = 0.031360, Val Loss = 0.033419, Gnorm = 0.096433, Samples = 90752256, LR = 6.67e-05, Steps/sec = 0.98, Samples/sec = 250.9
Step 355000 (71.0%): Train Loss = 0.033826, Val Loss = 0.029173, Gnorm = 0.186995, Samples = 90880256, LR = 6.63e-05, Steps/sec = 1.07, Samples/sec = 274.2
Step 355500 (71.1%): Train Loss = 0.030643, Val Loss = 0.032909, Gnorm = 0.101543, Samples = 91008256, LR = 6.60e-05, Steps/sec = 0.97, Samples/sec = 248.2
Step 356000 (71.2%): Train Loss = 0.032822, Val Loss = 0.035902, Gnorm = 0.114553, Samples = 91136256, LR = 6.56e-05, Steps/sec = 1.06, Samples/sec = 272.0
Step 356500 (71.3%): Train Loss = 0.030755, Val Loss = 0.028101, Gnorm = 0.231866, Samples = 91264256, LR = 6.53e-05, Steps/sec = 0.99, Samples/sec = 252.4
Step 357000 (71.4%): Train Loss = 0.032517, Val Loss = 0.031732, Gnorm = 0.181983, Samples = 91392256, LR = 6.49e-05, Steps/sec = 1.06, Samples/sec = 270.8
Step 357500 (71.5%): Train Loss = 0.032715, Val Loss = 0.030862, Gnorm = 0.273545, Samples = 91520256, LR = 6.45e-05, Steps/sec = 0.97, Samples/sec = 249.2
Step 358000 (71.6%): Train Loss = 0.034183, Val Loss = 0.031107, Gnorm = 0.146874, Samples = 91648256, LR = 6.42e-05, Steps/sec = 1.06, Samples/sec = 272.5
Step 358500 (71.7%): Train Loss = 0.032409, Val Loss = 0.031804, Gnorm = 0.108872, Samples = 91776256, LR = 6.38e-05, Steps/sec = 0.98, Samples/sec = 250.5
Step 359000 (71.8%): Train Loss = 0.034407, Val Loss = 0.027276, Gnorm = 0.120880, Samples = 91904256, LR = 6.35e-05, Steps/sec = 1.06, Samples/sec = 271.9
Step 359500 (71.9%): Train Loss = 0.027468, Val Loss = 0.027786, Gnorm = 0.114870, Samples = 92032256, LR = 6.31e-05, Steps/sec = 0.99, Samples/sec = 253.0
Step 360000 (72.0%): Train Loss = 0.032209, Val Loss = 0.030598, Gnorm = 0.131909, Samples = 92160256, LR = 6.28e-05, Steps/sec = 0.98, Samples/sec = 250.2
Step 360500 (72.1%): Train Loss = 0.032206, Val Loss = 0.029706, Gnorm = 0.104324, Samples = 92288256, LR = 6.24e-05, Steps/sec = 0.97, Samples/sec = 248.5
Step 361000 (72.2%): Train Loss = 0.034681, Val Loss = 0.029820, Gnorm = 0.127038, Samples = 92416256, LR = 6.21e-05, Steps/sec = 1.05, Samples/sec = 269.7
Step 361500 (72.3%): Train Loss = 0.032960, Val Loss = 0.032582, Gnorm = 0.232917, Samples = 92544256, LR = 6.17e-05, Steps/sec = 1.00, Samples/sec = 255.6
Step 362000 (72.4%): Train Loss = 0.031201, Val Loss = 0.032629, Gnorm = 0.178982, Samples = 92672256, LR = 6.14e-05, Steps/sec = 1.07, Samples/sec = 273.2
Step 362500 (72.5%): Train Loss = 0.029291, Val Loss = 0.030857, Gnorm = 0.142338, Samples = 92800256, LR = 6.10e-05, Steps/sec = 1.00, Samples/sec = 255.2
Step 363000 (72.6%): Train Loss = 0.034064, Val Loss = 0.029412, Gnorm = 0.144842, Samples = 92928256, LR = 6.07e-05, Steps/sec = 0.90, Samples/sec = 231.3
Step 363500 (72.7%): Train Loss = 0.033213, Val Loss = 0.031460, Gnorm = 0.295893, Samples = 93056256, LR = 6.03e-05, Steps/sec = 0.81, Samples/sec = 208.2
Step 364000 (72.8%): Train Loss = 0.031399, Val Loss = 0.032390, Gnorm = 0.175736, Samples = 93184256, LR = 6.00e-05, Steps/sec = 0.61, Samples/sec = 155.2
Step 364500 (72.9%): Train Loss = 0.032064, Val Loss = 0.030480, Gnorm = 0.079966, Samples = 93312256, LR = 5.96e-05, Steps/sec = 0.44, Samples/sec = 112.1
Step 365000 (73.0%): Train Loss = 0.031485, Val Loss = 0.032937, Gnorm = 0.113663, Samples = 93440256, LR = 5.93e-05, Steps/sec = 0.56, Samples/sec = 143.5
Step 365500 (73.1%): Train Loss = 0.032245, Val Loss = 0.033351, Gnorm = 0.172233, Samples = 93568256, LR = 5.90e-05, Steps/sec = 0.48, Samples/sec = 123.8
Step 366000 (73.2%): Train Loss = 0.031375, Val Loss = 0.028980, Gnorm = 0.118543, Samples = 93696256, LR = 5.86e-05, Steps/sec = 0.46, Samples/sec = 117.8
Step 366500 (73.3%): Train Loss = 0.034208, Val Loss = 0.029896, Gnorm = 0.083567, Samples = 93824256, LR = 5.83e-05, Steps/sec = 0.51, Samples/sec = 129.6
Step 367000 (73.4%): Train Loss = 0.034702, Val Loss = 0.029840, Gnorm = 0.152964, Samples = 93952256, LR = 5.79e-05, Steps/sec = 0.46, Samples/sec = 118.5
Step 367500 (73.5%): Train Loss = 0.035310, Val Loss = 0.034670, Gnorm = 0.198206, Samples = 94080256, LR = 5.76e-05, Steps/sec = 0.51, Samples/sec = 130.2
Step 368000 (73.6%): Train Loss = 0.032257, Val Loss = 0.028569, Gnorm = 0.214157, Samples = 94208256, LR = 5.73e-05, Steps/sec = 0.26, Samples/sec = 65.7
Step 368500 (73.7%): Train Loss = 0.032465, Val Loss = 0.028159, Gnorm = 0.178949, Samples = 94336256, LR = 5.69e-05, Steps/sec = 0.52, Samples/sec = 134.0
Step 369000 (73.8%): Train Loss = 0.031956, Val Loss = 0.031265, Gnorm = 0.181909, Samples = 94464256, LR = 5.66e-05, Steps/sec = 0.51, Samples/sec = 131.4
Step 369500 (73.9%): Train Loss = 0.033517, Val Loss = 0.035621, Gnorm = 0.083919, Samples = 94592256, LR = 5.62e-05, Steps/sec = 0.61, Samples/sec = 157.0
Step 370000 (74.0%): Train Loss = 0.032867, Val Loss = 0.031397, Gnorm = 0.122008, Samples = 94720256, LR = 5.59e-05, Steps/sec = 0.84, Samples/sec = 214.0
Step 370500 (74.1%): Train Loss = 0.031340, Val Loss = 0.032278, Gnorm = 0.230497, Samples = 94848256, LR = 5.56e-05, Steps/sec = 0.84, Samples/sec = 215.8
Step 371000 (74.2%): Train Loss = 0.033964, Val Loss = 0.032669, Gnorm = 0.344896, Samples = 94976256, LR = 5.52e-05, Steps/sec = 0.83, Samples/sec = 212.9
Step 371500 (74.3%): Train Loss = 0.033550, Val Loss = 0.032393, Gnorm = 0.192434, Samples = 95104256, LR = 5.49e-05, Steps/sec = 0.86, Samples/sec = 219.4
Step 372000 (74.4%): Train Loss = 0.031893, Val Loss = 0.030631, Gnorm = 0.299365, Samples = 95232256, LR = 5.46e-05, Steps/sec = 0.84, Samples/sec = 215.3
Step 372500 (74.5%): Train Loss = 0.034146, Val Loss = 0.034553, Gnorm = 0.247958, Samples = 95360256, LR = 5.43e-05, Steps/sec = 0.79, Samples/sec = 201.9
Step 373000 (74.6%): Train Loss = 0.029458, Val Loss = 0.031231, Gnorm = 0.070431, Samples = 95488256, LR = 5.39e-05, Steps/sec = 0.60, Samples/sec = 154.2
Step 373500 (74.7%): Train Loss = 0.033978, Val Loss = 0.029991, Gnorm = 0.187112, Samples = 95616256, LR = 5.36e-05, Steps/sec = 0.49, Samples/sec = 126.5
Step 374000 (74.8%): Train Loss = 0.033668, Val Loss = 0.033046, Gnorm = 0.098141, Samples = 95744256, LR = 5.33e-05, Steps/sec = 0.24, Samples/sec = 62.5
Step 374500 (74.9%): Train Loss = 0.031988, Val Loss = 0.031489, Gnorm = 0.118933, Samples = 95872256, LR = 5.30e-05, Steps/sec = 0.49, Samples/sec = 125.5
Step 375000 (75.0%): Train Loss = 0.033777, Val Loss = 0.031296, Gnorm = 0.083233, Samples = 96000256, LR = 5.26e-05, Steps/sec = 0.52, Samples/sec = 133.9
Step 375500 (75.1%): Train Loss = 0.032049, Val Loss = 0.030927, Gnorm = 0.113094, Samples = 96128256, LR = 5.23e-05, Steps/sec = 0.65, Samples/sec = 166.4
Step 376000 (75.2%): Train Loss = 0.029065, Val Loss = 0.031105, Gnorm = 0.144809, Samples = 96256256, LR = 5.20e-05, Steps/sec = 0.65, Samples/sec = 167.4
Step 376500 (75.3%): Train Loss = 0.031336, Val Loss = 0.032915, Gnorm = 0.262776, Samples = 96384256, LR = 5.17e-05, Steps/sec = 0.63, Samples/sec = 160.2
Step 377000 (75.4%): Train Loss = 0.030834, Val Loss = 0.030284, Gnorm = 0.078000, Samples = 96512256, LR = 5.13e-05, Steps/sec = 0.91, Samples/sec = 233.5
Step 377500 (75.5%): Train Loss = 0.028677, Val Loss = 0.029513, Gnorm = 0.192851, Samples = 96640256, LR = 5.10e-05, Steps/sec = 0.92, Samples/sec = 234.8
Step 378000 (75.6%): Train Loss = 0.031527, Val Loss = 0.031229, Gnorm = 0.197307, Samples = 96768256, LR = 5.07e-05, Steps/sec = 0.90, Samples/sec = 231.2
Step 378500 (75.7%): Train Loss = 0.029172, Val Loss = 0.032913, Gnorm = 0.180526, Samples = 96896256, LR = 5.04e-05, Steps/sec = 0.91, Samples/sec = 231.8
Step 379000 (75.8%): Train Loss = 0.031782, Val Loss = 0.032204, Gnorm = 0.167173, Samples = 97024256, LR = 5.01e-05, Steps/sec = 1.00, Samples/sec = 255.4
Step 379500 (75.9%): Train Loss = 0.033224, Val Loss = 0.032486, Gnorm = 0.105966, Samples = 97152256, LR = 4.98e-05, Steps/sec = 0.92, Samples/sec = 236.7
Step 380000 (76.0%): Train Loss = 0.031468, Val Loss = 0.030623, Gnorm = 0.565025, Samples = 97280256, LR = 4.94e-05, Steps/sec = 1.02, Samples/sec = 260.0
Step 380500 (76.1%): Train Loss = 0.030820, Val Loss = 0.029502, Gnorm = 0.131967, Samples = 97408256, LR = 4.91e-05, Steps/sec = 0.95, Samples/sec = 244.0
Step 381000 (76.2%): Train Loss = 0.030140, Val Loss = 0.030251, Gnorm = 0.127751, Samples = 97536256, LR = 4.88e-05, Steps/sec = 1.07, Samples/sec = 272.8
Step 381500 (76.3%): Train Loss = 0.030199, Val Loss = 0.032045, Gnorm = 0.264324, Samples = 97664256, LR = 4.85e-05, Steps/sec = 0.33, Samples/sec = 84.7
Step 382000 (76.4%): Train Loss = 0.030178, Val Loss = 0.030862, Gnorm = 0.269492, Samples = 97792256, LR = 4.82e-05, Steps/sec = 1.08, Samples/sec = 275.8
Step 382500 (76.5%): Train Loss = 0.033329, Val Loss = 0.029596, Gnorm = 0.236350, Samples = 97920256, LR = 4.79e-05, Steps/sec = 0.97, Samples/sec = 249.4
Step 383000 (76.6%): Train Loss = 0.031763, Val Loss = 0.031385, Gnorm = 0.148287, Samples = 98048256, LR = 4.76e-05, Steps/sec = 1.07, Samples/sec = 273.8
Step 383500 (76.7%): Train Loss = 0.032944, Val Loss = 0.030556, Gnorm = 0.220630, Samples = 98176256, LR = 4.73e-05, Steps/sec = 0.99, Samples/sec = 252.7
Step 384000 (76.8%): Train Loss = 0.030947, Val Loss = 0.032675, Gnorm = 0.226781, Samples = 98304256, LR = 4.70e-05, Steps/sec = 1.06, Samples/sec = 270.8
Step 384500 (76.9%): Train Loss = 0.029317, Val Loss = 0.029732, Gnorm = 0.145998, Samples = 98432256, LR = 4.67e-05, Steps/sec = 0.99, Samples/sec = 252.8
Step 385000 (77.0%): Train Loss = 0.028948, Val Loss = 0.029653, Gnorm = 0.282804, Samples = 98560256, LR = 4.64e-05, Steps/sec = 1.06, Samples/sec = 272.4
Step 385500 (77.1%): Train Loss = 0.030841, Val Loss = 0.030685, Gnorm = 0.106568, Samples = 98688256, LR = 4.61e-05, Steps/sec = 0.98, Samples/sec = 251.8
Step 386000 (77.2%): Train Loss = 0.030777, Val Loss = 0.031656, Gnorm = 0.149838, Samples = 98816256, LR = 4.58e-05, Steps/sec = 1.07, Samples/sec = 272.7
Step 386500 (77.3%): Train Loss = 0.031254, Val Loss = 0.028287, Gnorm = 0.116685, Samples = 98944256, LR = 4.55e-05, Steps/sec = 0.98, Samples/sec = 252.1
Step 387000 (77.4%): Train Loss = 0.031801, Val Loss = 0.032172, Gnorm = 0.223616, Samples = 99072256, LR = 4.52e-05, Steps/sec = 1.00, Samples/sec = 255.6
Step 387500 (77.5%): Train Loss = 0.032127, Val Loss = 0.030350, Gnorm = 0.184105, Samples = 99200256, LR = 4.49e-05, Steps/sec = 0.98, Samples/sec = 249.9
Step 388000 (77.6%): Train Loss = 0.031106, Val Loss = 0.030288, Gnorm = 0.141962, Samples = 99328256, LR = 4.46e-05, Steps/sec = 1.06, Samples/sec = 272.6
Step 388500 (77.7%): Train Loss = 0.031990, Val Loss = 0.030820, Gnorm = 0.110716, Samples = 99456256, LR = 4.43e-05, Steps/sec = 0.98, Samples/sec = 250.4
Step 389000 (77.8%): Train Loss = 0.030798, Val Loss = 0.030984, Gnorm = 0.086317, Samples = 99584256, LR = 4.40e-05, Steps/sec = 1.07, Samples/sec = 273.7
Step 389500 (77.9%): Train Loss = 0.034171, Val Loss = 0.033709, Gnorm = 0.143399, Samples = 99712256, LR = 4.37e-05, Steps/sec = 0.98, Samples/sec = 251.8
Step 390000 (78.0%): Train Loss = 0.032506, Val Loss = 0.033068, Gnorm = 0.117992, Samples = 99840256, LR = 4.34e-05, Steps/sec = 1.06, Samples/sec = 272.4
Step 390500 (78.1%): Train Loss = 0.032454, Val Loss = 0.034020, Gnorm = 0.178414, Samples = 99968256, LR = 4.31e-05, Steps/sec = 0.99, Samples/sec = 252.6
Step 391000 (78.2%): Train Loss = 0.029754, Val Loss = 0.029738, Gnorm = 0.149247, Samples = 100096256, LR = 4.28e-05, Steps/sec = 1.06, Samples/sec = 270.3
Step 391500 (78.3%): Train Loss = 0.031816, Val Loss = 0.032613, Gnorm = 0.219862, Samples = 100224256, LR = 4.25e-05, Steps/sec = 0.34, Samples/sec = 86.3
Step 392000 (78.4%): Train Loss = 0.029572, Val Loss = 0.031770, Gnorm = 0.157238, Samples = 100352256, LR = 4.22e-05, Steps/sec = 1.06, Samples/sec = 272.2
Step 392500 (78.5%): Train Loss = 0.033240, Val Loss = 0.029311, Gnorm = 0.117549, Samples = 100480256, LR = 4.20e-05, Steps/sec = 1.00, Samples/sec = 255.0
Step 393000 (78.6%): Train Loss = 0.028148, Val Loss = 0.030382, Gnorm = 0.091171, Samples = 100608256, LR = 4.17e-05, Steps/sec = 1.07, Samples/sec = 273.4
Step 393500 (78.7%): Train Loss = 0.030867, Val Loss = 0.032687, Gnorm = 0.169169, Samples = 100736256, LR = 4.14e-05, Steps/sec = 0.97, Samples/sec = 248.4
Step 394000 (78.8%): Train Loss = 0.030800, Val Loss = 0.031765, Gnorm = 0.154591, Samples = 100864256, LR = 4.11e-05, Steps/sec = 1.06, Samples/sec = 272.1
Step 394500 (78.9%): Train Loss = 0.030964, Val Loss = 0.031980, Gnorm = 0.202867, Samples = 100992256, LR = 4.08e-05, Steps/sec = 0.99, Samples/sec = 253.6
Step 395000 (79.0%): Train Loss = 0.031670, Val Loss = 0.032137, Gnorm = 0.131562, Samples = 101120256, LR = 4.05e-05, Steps/sec = 1.08, Samples/sec = 275.6
Step 395500 (79.1%): Train Loss = 0.031470, Val Loss = 0.026900, Gnorm = 0.095257, Samples = 101248256, LR = 4.03e-05, Steps/sec = 0.98, Samples/sec = 249.8
Step 396000 (79.2%): Train Loss = 0.033002, Val Loss = 0.029662, Gnorm = 0.253214, Samples = 101376256, LR = 4.00e-05, Steps/sec = 0.98, Samples/sec = 251.2
Step 396500 (79.3%): Train Loss = 0.031671, Val Loss = 0.030886, Gnorm = 0.139065, Samples = 101504256, LR = 3.97e-05, Steps/sec = 0.99, Samples/sec = 253.0
Step 397000 (79.4%): Train Loss = 0.032269, Val Loss = 0.031183, Gnorm = 0.165599, Samples = 101632256, LR = 3.94e-05, Steps/sec = 1.07, Samples/sec = 273.3
Step 397500 (79.5%): Train Loss = 0.031792, Val Loss = 0.036132, Gnorm = 0.115866, Samples = 101760256, LR = 3.92e-05, Steps/sec = 0.98, Samples/sec = 251.0
Step 398000 (79.6%): Train Loss = 0.031698, Val Loss = 0.030665, Gnorm = 0.265338, Samples = 101888256, LR = 3.89e-05, Steps/sec = 1.07, Samples/sec = 274.4
Step 398500 (79.7%): Train Loss = 0.031662, Val Loss = 0.031559, Gnorm = 0.129765, Samples = 102016256, LR = 3.86e-05, Steps/sec = 0.98, Samples/sec = 251.9
Step 399000 (79.8%): Train Loss = 0.032198, Val Loss = 0.032240, Gnorm = 0.095509, Samples = 102144256, LR = 3.83e-05, Steps/sec = 1.04, Samples/sec = 266.1
Step 399500 (79.9%): Train Loss = 0.029971, Val Loss = 0.032972, Gnorm = 0.140537, Samples = 102272256, LR = 3.81e-05, Steps/sec = 0.98, Samples/sec = 251.6
Step 400000 (80.0%): Train Loss = 0.031890, Val Loss = 0.030973, Gnorm = 0.091814, Samples = 102400256, LR = 3.78e-05, Steps/sec = 1.06, Samples/sec = 271.5
Step 400500 (80.1%): Train Loss = 0.032182, Val Loss = 0.028342, Gnorm = 0.088096, Samples = 102528256, LR = 3.75e-05, Steps/sec = 0.98, Samples/sec = 251.3
Step 401000 (80.2%): Train Loss = 0.035535, Val Loss = 0.032075, Gnorm = 0.157423, Samples = 102656256, LR = 3.73e-05, Steps/sec = 1.07, Samples/sec = 273.1
Step 401500 (80.3%): Train Loss = 0.030506, Val Loss = 0.028427, Gnorm = 0.198006, Samples = 102784256, LR = 3.70e-05, Steps/sec = 0.34, Samples/sec = 86.5
Step 402000 (80.4%): Train Loss = 0.031615, Val Loss = 0.029587, Gnorm = 0.181352, Samples = 102912256, LR = 3.67e-05, Steps/sec = 1.07, Samples/sec = 273.2
Step 402500 (80.5%): Train Loss = 0.031504, Val Loss = 0.030681, Gnorm = 0.237946, Samples = 103040256, LR = 3.65e-05, Steps/sec = 0.99, Samples/sec = 254.1
Step 403000 (80.6%): Train Loss = 0.031173, Val Loss = 0.033379, Gnorm = 0.271894, Samples = 103168256, LR = 3.62e-05, Steps/sec = 1.07, Samples/sec = 273.8
Step 403500 (80.7%): Train Loss = 0.030321, Val Loss = 0.028866, Gnorm = 0.222157, Samples = 103296256, LR = 3.59e-05, Steps/sec = 0.98, Samples/sec = 250.7
Step 404000 (80.8%): Train Loss = 0.031415, Val Loss = 0.028725, Gnorm = 0.175032, Samples = 103424256, LR = 3.57e-05, Steps/sec = 1.08, Samples/sec = 277.2
Step 404500 (80.9%): Train Loss = 0.033568, Val Loss = 0.030070, Gnorm = 0.126929, Samples = 103552256, LR = 3.54e-05, Steps/sec = 0.96, Samples/sec = 246.9
Step 405000 (81.0%): Train Loss = 0.032380, Val Loss = 0.030386, Gnorm = 0.136685, Samples = 103680256, LR = 3.52e-05, Steps/sec = 0.98, Samples/sec = 251.0
Step 405500 (81.1%): Train Loss = 0.032762, Val Loss = 0.032776, Gnorm = 0.177367, Samples = 103808256, LR = 3.49e-05, Steps/sec = 0.98, Samples/sec = 249.6
Step 406000 (81.2%): Train Loss = 0.029687, Val Loss = 0.033271, Gnorm = 0.105186, Samples = 103936256, LR = 3.47e-05, Steps/sec = 1.07, Samples/sec = 273.1
Step 406500 (81.3%): Train Loss = 0.030806, Val Loss = 0.031190, Gnorm = 0.192156, Samples = 104064256, LR = 3.44e-05, Steps/sec = 0.99, Samples/sec = 254.4
Step 407000 (81.4%): Train Loss = 0.030623, Val Loss = 0.030927, Gnorm = 0.154583, Samples = 104192256, LR = 3.42e-05, Steps/sec = 1.06, Samples/sec = 271.9
Step 407500 (81.5%): Train Loss = 0.031807, Val Loss = 0.031560, Gnorm = 0.292491, Samples = 104320256, LR = 3.39e-05, Steps/sec = 0.99, Samples/sec = 254.4
Step 408000 (81.6%): Train Loss = 0.033493, Val Loss = 0.032419, Gnorm = 0.100897, Samples = 104448256, LR = 3.36e-05, Steps/sec = 1.06, Samples/sec = 270.7
Step 408500 (81.7%): Train Loss = 0.035157, Val Loss = 0.031012, Gnorm = 0.208057, Samples = 104576256, LR = 3.34e-05, Steps/sec = 0.97, Samples/sec = 248.6
Step 409000 (81.8%): Train Loss = 0.030663, Val Loss = 0.034021, Gnorm = 0.237805, Samples = 104704256, LR = 3.32e-05, Steps/sec = 1.06, Samples/sec = 271.3
Step 409500 (81.9%): Train Loss = 0.030009, Val Loss = 0.027187, Gnorm = 0.094278, Samples = 104832256, LR = 3.29e-05, Steps/sec = 0.99, Samples/sec = 254.4
Step 410000 (82.0%): Train Loss = 0.031649, Val Loss = 0.032040, Gnorm = 0.169395, Samples = 104960256, LR = 3.27e-05, Steps/sec = 1.09, Samples/sec = 279.4
Step 410500 (82.1%): Train Loss = 0.031990, Val Loss = 0.029550, Gnorm = 0.160577, Samples = 105088256, LR = 3.24e-05, Steps/sec = 1.00, Samples/sec = 255.7
Step 411000 (82.2%): Train Loss = 0.031518, Val Loss = 0.028653, Gnorm = 0.201422, Samples = 105216256, LR = 3.22e-05, Steps/sec = 1.09, Samples/sec = 278.5
Step 411500 (82.3%): Train Loss = 0.033461, Val Loss = 0.031421, Gnorm = 0.107790, Samples = 105344256, LR = 3.19e-05, Steps/sec = 0.95, Samples/sec = 244.0
Step 412000 (82.4%): Train Loss = 0.032730, Val Loss = 0.033005, Gnorm = 0.142973, Samples = 105472256, LR = 3.17e-05, Steps/sec = 0.35, Samples/sec = 89.4
Step 412500 (82.5%): Train Loss = 0.031239, Val Loss = 0.031129, Gnorm = 0.121397, Samples = 105600256, LR = 3.14e-05, Steps/sec = 0.99, Samples/sec = 252.6
Step 413000 (82.6%): Train Loss = 0.030024, Val Loss = 0.029255, Gnorm = 0.144077, Samples = 105728256, LR = 3.12e-05, Steps/sec = 1.06, Samples/sec = 272.1
Step 413500 (82.7%): Train Loss = 0.029204, Val Loss = 0.029472, Gnorm = 0.171007, Samples = 105856256, LR = 3.10e-05, Steps/sec = 0.98, Samples/sec = 251.4
Step 414000 (82.8%): Train Loss = 0.029054, Val Loss = 0.032150, Gnorm = 0.184609, Samples = 105984256, LR = 3.07e-05, Steps/sec = 1.00, Samples/sec = 255.6
Step 414500 (82.9%): Train Loss = 0.032867, Val Loss = 0.033664, Gnorm = 0.127686, Samples = 106112256, LR = 3.05e-05, Steps/sec = 0.98, Samples/sec = 249.9
Step 415000 (83.0%): Train Loss = 0.033005, Val Loss = 0.030884, Gnorm = 0.102752, Samples = 106240256, LR = 3.03e-05, Steps/sec = 1.09, Samples/sec = 277.8
Step 415500 (83.1%): Train Loss = 0.032848, Val Loss = 0.034124, Gnorm = 0.125143, Samples = 106368256, LR = 3.00e-05, Steps/sec = 0.98, Samples/sec = 249.6
Step 416000 (83.2%): Train Loss = 0.030705, Val Loss = 0.032918, Gnorm = 0.229769, Samples = 106496256, LR = 2.98e-05, Steps/sec = 1.07, Samples/sec = 272.6
Step 416500 (83.3%): Train Loss = 0.029756, Val Loss = 0.034080, Gnorm = 0.213077, Samples = 106624256, LR = 2.96e-05, Steps/sec = 0.98, Samples/sec = 250.9
Step 417000 (83.4%): Train Loss = 0.034444, Val Loss = 0.031753, Gnorm = 0.176373, Samples = 106752256, LR = 2.93e-05, Steps/sec = 1.07, Samples/sec = 273.2
Step 417500 (83.5%): Train Loss = 0.027806, Val Loss = 0.032501, Gnorm = 0.160670, Samples = 106880256, LR = 2.91e-05, Steps/sec = 0.98, Samples/sec = 249.9
Step 418000 (83.6%): Train Loss = 0.032449, Val Loss = 0.029869, Gnorm = 0.148989, Samples = 107008256, LR = 2.89e-05, Steps/sec = 1.07, Samples/sec = 275.1
Step 418500 (83.7%): Train Loss = 0.032244, Val Loss = 0.029994, Gnorm = 0.082235, Samples = 107136256, LR = 2.87e-05, Steps/sec = 1.07, Samples/sec = 272.9
Step 419000 (83.8%): Train Loss = 0.030587, Val Loss = 0.030093, Gnorm = 0.124543, Samples = 107264256, LR = 2.84e-05, Steps/sec = 0.98, Samples/sec = 249.9
Step 419500 (83.9%): Train Loss = 0.032004, Val Loss = 0.031476, Gnorm = 0.100347, Samples = 107392256, LR = 2.82e-05, Steps/sec = 1.07, Samples/sec = 273.1
Step 420000 (84.0%): Train Loss = 0.030653, Val Loss = 0.030940, Gnorm = 0.268617, Samples = 107520256, LR = 2.80e-05, Steps/sec = 0.98, Samples/sec = 250.3
Step 420500 (84.1%): Train Loss = 0.029201, Val Loss = 0.029137, Gnorm = 0.126429, Samples = 107648256, LR = 2.78e-05, Steps/sec = 1.04, Samples/sec = 265.2
Step 421000 (84.2%): Train Loss = 0.030041, Val Loss = 0.032001, Gnorm = 0.141505, Samples = 107776256, LR = 2.76e-05, Steps/sec = 0.95, Samples/sec = 243.8
Step 421500 (84.3%): Train Loss = 0.030677, Val Loss = 0.029180, Gnorm = 0.266621, Samples = 107904256, LR = 2.73e-05, Steps/sec = 1.03, Samples/sec = 263.4
Step 422000 (84.4%): Train Loss = 0.033000, Val Loss = 0.030698, Gnorm = 0.155330, Samples = 108032256, LR = 2.71e-05, Steps/sec = 0.36, Samples/sec = 91.0
Step 422500 (84.5%): Train Loss = 0.032441, Val Loss = 0.029539, Gnorm = 0.132138, Samples = 108160256, LR = 2.69e-05, Steps/sec = 0.96, Samples/sec = 245.7
Step 423000 (84.6%): Train Loss = 0.030525, Val Loss = 0.028558, Gnorm = 0.152544, Samples = 108288256, LR = 2.67e-05, Steps/sec = 0.87, Samples/sec = 221.7
Step 423500 (84.7%): Train Loss = 0.030159, Val Loss = 0.031318, Gnorm = 0.152483, Samples = 108416256, LR = 2.65e-05, Steps/sec = 1.07, Samples/sec = 273.4
Step 424000 (84.8%): Train Loss = 0.031496, Val Loss = 0.027782, Gnorm = 0.107099, Samples = 108544256, LR = 2.63e-05, Steps/sec = 0.96, Samples/sec = 244.8
Step 424500 (84.9%): Train Loss = 0.031425, Val Loss = 0.032912, Gnorm = 0.126314, Samples = 108672256, LR = 2.61e-05, Steps/sec = 1.07, Samples/sec = 273.8
Step 425000 (85.0%): Train Loss = 0.028854, Val Loss = 0.030874, Gnorm = 0.083667, Samples = 108800256, LR = 2.59e-05, Steps/sec = 0.98, Samples/sec = 251.3
Step 425500 (85.1%): Train Loss = 0.030819, Val Loss = 0.032012, Gnorm = 0.096939, Samples = 108928256, LR = 2.57e-05, Steps/sec = 1.07, Samples/sec = 273.3
Step 426000 (85.2%): Train Loss = 0.032559, Val Loss = 0.036964, Gnorm = 0.105852, Samples = 109056256, LR = 2.55e-05, Steps/sec = 0.99, Samples/sec = 252.9
Step 426500 (85.3%): Train Loss = 0.030869, Val Loss = 0.032987, Gnorm = 0.141615, Samples = 109184256, LR = 2.52e-05, Steps/sec = 1.07, Samples/sec = 274.8
Step 427000 (85.4%): Train Loss = 0.030013, Val Loss = 0.028633, Gnorm = 0.121114, Samples = 109312256, LR = 2.50e-05, Steps/sec = 0.98, Samples/sec = 251.3
Step 427500 (85.5%): Train Loss = 0.031432, Val Loss = 0.029607, Gnorm = 0.187088, Samples = 109440256, LR = 2.48e-05, Steps/sec = 1.04, Samples/sec = 266.9
Step 428000 (85.6%): Train Loss = 0.030071, Val Loss = 0.030880, Gnorm = 0.264813, Samples = 109568256, LR = 2.46e-05, Steps/sec = 0.95, Samples/sec = 243.2
Step 428500 (85.7%): Train Loss = 0.030783, Val Loss = 0.029346, Gnorm = 0.144995, Samples = 109696256, LR = 2.44e-05, Steps/sec = 1.06, Samples/sec = 272.5
Step 429000 (85.8%): Train Loss = 0.033367, Val Loss = 0.030724, Gnorm = 0.113937, Samples = 109824256, LR = 2.42e-05, Steps/sec = 0.99, Samples/sec = 252.5
Step 429500 (85.9%): Train Loss = 0.029732, Val Loss = 0.031024, Gnorm = 0.151513, Samples = 109952256, LR = 2.40e-05, Steps/sec = 1.08, Samples/sec = 277.0
Step 430000 (86.0%): Train Loss = 0.029277, Val Loss = 0.031968, Gnorm = 0.103003, Samples = 110080256, LR = 2.39e-05, Steps/sec = 0.97, Samples/sec = 248.1
Step 430500 (86.1%): Train Loss = 0.031148, Val Loss = 0.031450, Gnorm = 0.094665, Samples = 110208256, LR = 2.37e-05, Steps/sec = 1.06, Samples/sec = 270.9
Step 431000 (86.2%): Train Loss = 0.030833, Val Loss = 0.029012, Gnorm = 0.148561, Samples = 110336256, LR = 2.35e-05, Steps/sec = 0.95, Samples/sec = 244.1
Step 431500 (86.3%): Train Loss = 0.029861, Val Loss = 0.029426, Gnorm = 0.098096, Samples = 110464256, LR = 2.33e-05, Steps/sec = 1.08, Samples/sec = 276.1
Step 432000 (86.4%): Train Loss = 0.029648, Val Loss = 0.029058, Gnorm = 0.112623, Samples = 110592256, LR = 2.31e-05, Steps/sec = 0.39, Samples/sec = 100.9
Step 432500 (86.5%): Train Loss = 0.028985, Val Loss = 0.030574, Gnorm = 0.088690, Samples = 110720256, LR = 2.29e-05, Steps/sec = 1.07, Samples/sec = 273.7
Step 433000 (86.6%): Train Loss = 0.032260, Val Loss = 0.027274, Gnorm = 0.257349, Samples = 110848256, LR = 2.27e-05, Steps/sec = 0.77, Samples/sec = 198.3
Step 433500 (86.7%): Train Loss = 0.030866, Val Loss = 0.031114, Gnorm = 0.085210, Samples = 110976256, LR = 2.25e-05, Steps/sec = 1.02, Samples/sec = 260.2
Step 434000 (86.8%): Train Loss = 0.028095, Val Loss = 0.028488, Gnorm = 0.201218, Samples = 111104256, LR = 2.23e-05, Steps/sec = 0.98, Samples/sec = 251.5
Step 434500 (86.9%): Train Loss = 0.032349, Val Loss = 0.032216, Gnorm = 0.081474, Samples = 111232256, LR = 2.22e-05, Steps/sec = 0.81, Samples/sec = 208.5
Step 435000 (87.0%): Train Loss = 0.028901, Val Loss = 0.030187, Gnorm = 0.101191, Samples = 111360256, LR = 2.20e-05, Steps/sec = 0.94, Samples/sec = 241.8
Step 435500 (87.1%): Train Loss = 0.034408, Val Loss = 0.029683, Gnorm = 0.181079, Samples = 111488256, LR = 2.18e-05, Steps/sec = 1.06, Samples/sec = 270.5
Step 436000 (87.2%): Train Loss = 0.029483, Val Loss = 0.030039, Gnorm = 0.132332, Samples = 111616256, LR = 2.16e-05, Steps/sec = 0.98, Samples/sec = 251.5
Step 436500 (87.3%): Train Loss = 0.031838, Val Loss = 0.028180, Gnorm = 0.145774, Samples = 111744256, LR = 2.14e-05, Steps/sec = 1.08, Samples/sec = 275.2
Step 437000 (87.4%): Train Loss = 0.030300, Val Loss = 0.031840, Gnorm = 0.157418, Samples = 111872256, LR = 2.13e-05, Steps/sec = 0.94, Samples/sec = 240.5
Step 437500 (87.5%): Train Loss = 0.031202, Val Loss = 0.027972, Gnorm = 0.159292, Samples = 112000256, LR = 2.11e-05, Steps/sec = 0.99, Samples/sec = 252.8
Step 438000 (87.6%): Train Loss = 0.030338, Val Loss = 0.032055, Gnorm = 0.180682, Samples = 112128256, LR = 2.09e-05, Steps/sec = 0.95, Samples/sec = 243.5
Step 438500 (87.7%): Train Loss = 0.030171, Val Loss = 0.032271, Gnorm = 0.191704, Samples = 112256256, LR = 2.07e-05, Steps/sec = 1.07, Samples/sec = 273.7
Step 439000 (87.8%): Train Loss = 0.031390, Val Loss = 0.031642, Gnorm = 0.200560, Samples = 112384256, LR = 2.06e-05, Steps/sec = 0.98, Samples/sec = 251.5
Step 439500 (87.9%): Train Loss = 0.030108, Val Loss = 0.032416, Gnorm = 0.100382, Samples = 112512256, LR = 2.04e-05, Steps/sec = 1.09, Samples/sec = 278.5
Step 440000 (88.0%): Train Loss = 0.031534, Val Loss = 0.030854, Gnorm = 0.126937, Samples = 112640256, LR = 2.02e-05, Steps/sec = 0.99, Samples/sec = 253.4
Step 440500 (88.1%): Train Loss = 0.030755, Val Loss = 0.028707, Gnorm = 0.100438, Samples = 112768256, LR = 2.01e-05, Steps/sec = 1.08, Samples/sec = 275.3
Step 441000 (88.2%): Train Loss = 0.031809, Val Loss = 0.030244, Gnorm = 0.069469, Samples = 112896256, LR = 1.99e-05, Steps/sec = 0.92, Samples/sec = 235.9
Step 441500 (88.3%): Train Loss = 0.030833, Val Loss = 0.033312, Gnorm = 0.171505, Samples = 113024256, LR = 1.97e-05, Steps/sec = 0.43, Samples/sec = 109.8
Step 442000 (88.4%): Train Loss = 0.031371, Val Loss = 0.029349, Gnorm = 0.066526, Samples = 113152256, LR = 1.96e-05, Steps/sec = 1.00, Samples/sec = 256.6
Step 442500 (88.5%): Train Loss = 0.031923, Val Loss = 0.031045, Gnorm = 0.148222, Samples = 113280256, LR = 1.94e-05, Steps/sec = 1.08, Samples/sec = 275.8
Step 443000 (88.6%): Train Loss = 0.033830, Val Loss = 0.031508, Gnorm = 0.119686, Samples = 113408256, LR = 1.92e-05, Steps/sec = 0.94, Samples/sec = 239.8
Step 443500 (88.7%): Train Loss = 0.031027, Val Loss = 0.029514, Gnorm = 0.139132, Samples = 113536256, LR = 1.91e-05, Steps/sec = 1.07, Samples/sec = 273.8
Step 444000 (88.8%): Train Loss = 0.030874, Val Loss = 0.031228, Gnorm = 0.108630, Samples = 113664256, LR = 1.89e-05, Steps/sec = 0.97, Samples/sec = 248.1
Step 444500 (88.9%): Train Loss = 0.031237, Val Loss = 0.032189, Gnorm = 0.122388, Samples = 113792256, LR = 1.88e-05, Steps/sec = 1.04, Samples/sec = 265.8
Step 445000 (89.0%): Train Loss = 0.030553, Val Loss = 0.031038, Gnorm = 0.097850, Samples = 113920256, LR = 1.86e-05, Steps/sec = 0.99, Samples/sec = 253.3
Step 445500 (89.1%): Train Loss = 0.032645, Val Loss = 0.029633, Gnorm = 0.129142, Samples = 114048256, LR = 1.85e-05, Steps/sec = 1.07, Samples/sec = 273.7
Step 446000 (89.2%): Train Loss = 0.032500, Val Loss = 0.033069, Gnorm = 0.166052, Samples = 114176256, LR = 1.83e-05, Steps/sec = 0.98, Samples/sec = 249.8
Step 446500 (89.3%): Train Loss = 0.031888, Val Loss = 0.032184, Gnorm = 0.100341, Samples = 114304256, LR = 1.81e-05, Steps/sec = 1.07, Samples/sec = 273.8
Step 447000 (89.4%): Train Loss = 0.031347, Val Loss = 0.029598, Gnorm = 0.169283, Samples = 114432256, LR = 1.80e-05, Steps/sec = 0.98, Samples/sec = 251.1
Step 447500 (89.5%): Train Loss = 0.030154, Val Loss = 0.030792, Gnorm = 0.174402, Samples = 114560256, LR = 1.78e-05, Steps/sec = 1.07, Samples/sec = 273.8
Step 448000 (89.6%): Train Loss = 0.030786, Val Loss = 0.029680, Gnorm = 0.260791, Samples = 114688256, LR = 1.77e-05, Steps/sec = 0.97, Samples/sec = 249.1
Step 448500 (89.7%): Train Loss = 0.032901, Val Loss = 0.034391, Gnorm = 0.322523, Samples = 114816256, LR = 1.76e-05, Steps/sec = 1.08, Samples/sec = 276.1
Step 449000 (89.8%): Train Loss = 0.031492, Val Loss = 0.030328, Gnorm = 0.139179, Samples = 114944256, LR = 1.74e-05, Steps/sec = 0.99, Samples/sec = 254.5
Step 449500 (89.9%): Train Loss = 0.033726, Val Loss = 0.026074, Gnorm = 0.081722, Samples = 115072256, LR = 1.73e-05, Steps/sec = 1.09, Samples/sec = 279.1
Step 450000 (90.0%): Train Loss = 0.030923, Val Loss = 0.032503, Gnorm = 0.206788, Samples = 115200256, LR = 1.71e-05, Steps/sec = 0.92, Samples/sec = 234.7
Step 450500 (90.1%): Train Loss = 0.034674, Val Loss = 0.031733, Gnorm = 0.132759, Samples = 115328256, LR = 1.70e-05, Steps/sec = 1.06, Samples/sec = 272.4
Step 451000 (90.2%): Train Loss = 0.032281, Val Loss = 0.034023, Gnorm = 0.090481, Samples = 115456256, LR = 1.68e-05, Steps/sec = 0.98, Samples/sec = 249.9
Step 451500 (90.3%): Train Loss = 0.030110, Val Loss = 0.031196, Gnorm = 0.182399, Samples = 115584256, LR = 1.67e-05, Steps/sec = 1.06, Samples/sec = 271.9
Step 452000 (90.4%): Train Loss = 0.028196, Val Loss = 0.032634, Gnorm = 0.079195, Samples = 115712256, LR = 1.66e-05, Steps/sec = 0.42, Samples/sec = 107.3
Step 452500 (90.5%): Train Loss = 0.030525, Val Loss = 0.033948, Gnorm = 0.184706, Samples = 115840256, LR = 1.64e-05, Steps/sec = 1.05, Samples/sec = 268.8
Step 453000 (90.6%): Train Loss = 0.032839, Val Loss = 0.029681, Gnorm = 0.123902, Samples = 115968256, LR = 1.63e-05, Steps/sec = 0.95, Samples/sec = 243.1
Step 453500 (90.7%): Train Loss = 0.034675, Val Loss = 0.032494, Gnorm = 0.220124, Samples = 116096256, LR = 1.62e-05, Steps/sec = 0.99, Samples/sec = 253.6
Step 454000 (90.8%): Train Loss = 0.033127, Val Loss = 0.029012, Gnorm = 0.140357, Samples = 116224256, LR = 1.60e-05, Steps/sec = 0.97, Samples/sec = 248.5
Step 454500 (90.9%): Train Loss = 0.031032, Val Loss = 0.029653, Gnorm = 0.168570, Samples = 116352256, LR = 1.59e-05, Steps/sec = 1.08, Samples/sec = 276.0
Step 455000 (91.0%): Train Loss = 0.032510, Val Loss = 0.035105, Gnorm = 0.082225, Samples = 116480256, LR = 1.58e-05, Steps/sec = 0.95, Samples/sec = 243.8
Step 455500 (91.1%): Train Loss = 0.029666, Val Loss = 0.029672, Gnorm = 0.136465, Samples = 116608256, LR = 1.57e-05, Steps/sec = 1.07, Samples/sec = 272.8
Step 456000 (91.2%): Train Loss = 0.029913, Val Loss = 0.031193, Gnorm = 0.137754, Samples = 116736256, LR = 1.55e-05, Steps/sec = 1.00, Samples/sec = 256.8
Step 456500 (91.3%): Train Loss = 0.031202, Val Loss = 0.031927, Gnorm = 0.116452, Samples = 116864256, LR = 1.54e-05, Steps/sec = 1.06, Samples/sec = 271.7
Step 457000 (91.4%): Train Loss = 0.031076, Val Loss = 0.032320, Gnorm = 0.139779, Samples = 116992256, LR = 1.53e-05, Steps/sec = 0.99, Samples/sec = 253.9
Step 457500 (91.5%): Train Loss = 0.031889, Val Loss = 0.031833, Gnorm = 0.096517, Samples = 117120256, LR = 1.52e-05, Steps/sec = 1.06, Samples/sec = 272.3
Step 458000 (91.6%): Train Loss = 0.031392, Val Loss = 0.030199, Gnorm = 0.142455, Samples = 117248256, LR = 1.50e-05, Steps/sec = 0.96, Samples/sec = 244.6
Step 458500 (91.7%): Train Loss = 0.030359, Val Loss = 0.029963, Gnorm = 0.076041, Samples = 117376256, LR = 1.49e-05, Steps/sec = 1.07, Samples/sec = 273.0
Step 459000 (91.8%): Train Loss = 0.029410, Val Loss = 0.031645, Gnorm = 0.160798, Samples = 117504256, LR = 1.48e-05, Steps/sec = 0.92, Samples/sec = 235.5
Step 459500 (91.9%): Train Loss = 0.031144, Val Loss = 0.033410, Gnorm = 0.124613, Samples = 117632256, LR = 1.47e-05, Steps/sec = 1.07, Samples/sec = 274.7
Step 460000 (92.0%): Train Loss = 0.030089, Val Loss = 0.032923, Gnorm = 0.099156, Samples = 117760256, LR = 1.46e-05, Steps/sec = 1.00, Samples/sec = 255.0
Step 460500 (92.1%): Train Loss = 0.029859, Val Loss = 0.030178, Gnorm = 0.107631, Samples = 117888256, LR = 1.45e-05, Steps/sec = 1.08, Samples/sec = 275.8
Step 461000 (92.2%): Train Loss = 0.029809, Val Loss = 0.032199, Gnorm = 0.171463, Samples = 118016256, LR = 1.43e-05, Steps/sec = 0.97, Samples/sec = 248.6
Step 461500 (92.3%): Train Loss = 0.029767, Val Loss = 0.029945, Gnorm = 0.090016, Samples = 118144256, LR = 1.42e-05, Steps/sec = 1.05, Samples/sec = 269.5
Step 462000 (92.4%): Train Loss = 0.033483, Val Loss = 0.030753, Gnorm = 0.115135, Samples = 118272256, LR = 1.41e-05, Steps/sec = 0.42, Samples/sec = 106.5
Step 462500 (92.5%): Train Loss = 0.031887, Val Loss = 0.029705, Gnorm = 0.264508, Samples = 118400256, LR = 1.40e-05, Steps/sec = 1.09, Samples/sec = 279.7
Step 463000 (92.6%): Train Loss = 0.031409, Val Loss = 0.029608, Gnorm = 0.087771, Samples = 118528256, LR = 1.39e-05, Steps/sec = 0.99, Samples/sec = 254.4
Step 463500 (92.7%): Train Loss = 0.030541, Val Loss = 0.031578, Gnorm = 0.087435, Samples = 118656256, LR = 1.38e-05, Steps/sec = 1.03, Samples/sec = 264.6
Step 464000 (92.8%): Train Loss = 0.028795, Val Loss = 0.032209, Gnorm = 0.209741, Samples = 118784256, LR = 1.37e-05, Steps/sec = 1.00, Samples/sec = 254.9
Step 464500 (92.9%): Train Loss = 0.031017, Val Loss = 0.029397, Gnorm = 0.087403, Samples = 118912256, LR = 1.36e-05, Steps/sec = 1.07, Samples/sec = 275.0
Step 465000 (93.0%): Train Loss = 0.032308, Val Loss = 0.033319, Gnorm = 0.124504, Samples = 119040256, LR = 1.35e-05, Steps/sec = 0.97, Samples/sec = 249.5
Step 465500 (93.1%): Train Loss = 0.031835, Val Loss = 0.030022, Gnorm = 0.118024, Samples = 119168256, LR = 1.34e-05, Steps/sec = 1.09, Samples/sec = 278.7
Step 466000 (93.2%): Train Loss = 0.029936, Val Loss = 0.031892, Gnorm = 0.092442, Samples = 119296256, LR = 1.33e-05, Steps/sec = 1.00, Samples/sec = 256.3
Step 466500 (93.3%): Train Loss = 0.032106, Val Loss = 0.032105, Gnorm = 0.129961, Samples = 119424256, LR = 1.32e-05, Steps/sec = 1.08, Samples/sec = 276.1
Step 467000 (93.4%): Train Loss = 0.030204, Val Loss = 0.030829, Gnorm = 0.092910, Samples = 119552256, LR = 1.31e-05, Steps/sec = 0.99, Samples/sec = 253.2
Step 467500 (93.5%): Train Loss = 0.030174, Val Loss = 0.029200, Gnorm = 0.107206, Samples = 119680256, LR = 1.30e-05, Steps/sec = 1.07, Samples/sec = 274.2
Step 468000 (93.6%): Train Loss = 0.029268, Val Loss = 0.030609, Gnorm = 0.091939, Samples = 119808256, LR = 1.29e-05, Steps/sec = 0.93, Samples/sec = 237.5
Step 468500 (93.7%): Train Loss = 0.030311, Val Loss = 0.032409, Gnorm = 0.128808, Samples = 119936256, LR = 1.28e-05, Steps/sec = 1.07, Samples/sec = 274.2
Step 469000 (93.8%): Train Loss = 0.031346, Val Loss = 0.032493, Gnorm = 0.110656, Samples = 120064256, LR = 1.28e-05, Steps/sec = 1.00, Samples/sec = 255.6
Step 469500 (93.9%): Train Loss = 0.030033, Val Loss = 0.031509, Gnorm = 0.173294, Samples = 120192256, LR = 1.27e-05, Steps/sec = 1.08, Samples/sec = 276.1
Step 470000 (94.0%): Train Loss = 0.030907, Val Loss = 0.031474, Gnorm = 0.090850, Samples = 120320256, LR = 1.26e-05, Steps/sec = 0.99, Samples/sec = 253.5
Step 470500 (94.1%): Train Loss = 0.027978, Val Loss = 0.031537, Gnorm = 0.123862, Samples = 120448256, LR = 1.25e-05, Steps/sec = 1.08, Samples/sec = 276.6
Step 471000 (94.2%): Train Loss = 0.029184, Val Loss = 0.032103, Gnorm = 0.123706, Samples = 120576256, LR = 1.24e-05, Steps/sec = 0.99, Samples/sec = 253.1
Step 471500 (94.3%): Train Loss = 0.033478, Val Loss = 0.031339, Gnorm = 0.107995, Samples = 120704256, LR = 1.23e-05, Steps/sec = 1.07, Samples/sec = 273.3
Step 472000 (94.4%): Train Loss = 0.031384, Val Loss = 0.030208, Gnorm = 0.113123, Samples = 120832256, LR = 1.22e-05, Steps/sec = 0.99, Samples/sec = 252.4
Step 472500 (94.5%): Train Loss = 0.029463, Val Loss = 0.032846, Gnorm = 0.086613, Samples = 120960256, LR = 1.22e-05, Steps/sec = 0.44, Samples/sec = 112.1
Step 473000 (94.6%): Train Loss = 0.029111, Val Loss = 0.030478, Gnorm = 0.204952, Samples = 121088256, LR = 1.21e-05, Steps/sec = 0.97, Samples/sec = 249.2
Step 473500 (94.7%): Train Loss = 0.032246, Val Loss = 0.031613, Gnorm = 0.109690, Samples = 121216256, LR = 1.20e-05, Steps/sec = 1.08, Samples/sec = 277.6
Step 474000 (94.8%): Train Loss = 0.030893, Val Loss = 0.032649, Gnorm = 0.195561, Samples = 121344256, LR = 1.19e-05, Steps/sec = 0.94, Samples/sec = 239.7
Step 474500 (94.9%): Train Loss = 0.031161, Val Loss = 0.031430, Gnorm = 0.083044, Samples = 121472256, LR = 1.19e-05, Steps/sec = 1.08, Samples/sec = 275.8
Step 475000 (95.0%): Train Loss = 0.028530, Val Loss = 0.029995, Gnorm = 0.091661, Samples = 121600256, LR = 1.18e-05, Steps/sec = 0.99, Samples/sec = 253.9
Step 475500 (95.1%): Train Loss = 0.030343, Val Loss = 0.028794, Gnorm = 0.097836, Samples = 121728256, LR = 1.17e-05, Steps/sec = 1.05, Samples/sec = 269.5
Step 476000 (95.2%): Train Loss = 0.032470, Val Loss = 0.030153, Gnorm = 0.099166, Samples = 121856256, LR = 1.17e-05, Steps/sec = 1.00, Samples/sec = 255.0
Step 476500 (95.3%): Train Loss = 0.030244, Val Loss = 0.030114, Gnorm = 0.150141, Samples = 121984256, LR = 1.16e-05, Steps/sec = 1.09, Samples/sec = 279.0
Step 477000 (95.4%): Train Loss = 0.032146, Val Loss = 0.030444, Gnorm = 0.215678, Samples = 122112256, LR = 1.15e-05, Steps/sec = 0.92, Samples/sec = 234.4
Step 477500 (95.5%): Train Loss = 0.030540, Val Loss = 0.033942, Gnorm = 0.089050, Samples = 122240256, LR = 1.15e-05, Steps/sec = 1.07, Samples/sec = 273.2
Step 478000 (95.6%): Train Loss = 0.030658, Val Loss = 0.032468, Gnorm = 0.077185, Samples = 122368256, LR = 1.14e-05, Steps/sec = 0.99, Samples/sec = 252.6
Step 478500 (95.7%): Train Loss = 0.029774, Val Loss = 0.034044, Gnorm = 0.118494, Samples = 122496256, LR = 1.13e-05, Steps/sec = 1.08, Samples/sec = 276.8
Step 479000 (95.8%): Train Loss = 0.030308, Val Loss = 0.029215, Gnorm = 0.161663, Samples = 122624256, LR = 1.13e-05, Steps/sec = 0.99, Samples/sec = 253.4
Step 479500 (95.9%): Train Loss = 0.030024, Val Loss = 0.031205, Gnorm = 0.106499, Samples = 122752256, LR = 1.12e-05, Steps/sec = 1.08, Samples/sec = 277.3
Step 480000 (96.0%): Train Loss = 0.032121, Val Loss = 0.032565, Gnorm = 0.165661, Samples = 122880256, LR = 1.11e-05, Steps/sec = 1.01, Samples/sec = 258.4
Step 480500 (96.1%): Train Loss = 0.029724, Val Loss = 0.032888, Gnorm = 0.150976, Samples = 123008256, LR = 1.11e-05, Steps/sec = 1.07, Samples/sec = 274.5
Step 481000 (96.2%): Train Loss = 0.028466, Val Loss = 0.028246, Gnorm = 0.067443, Samples = 123136256, LR = 1.10e-05, Steps/sec = 0.99, Samples/sec = 254.0
Step 481500 (96.3%): Train Loss = 0.032840, Val Loss = 0.028479, Gnorm = 0.105422, Samples = 123264256, LR = 1.10e-05, Steps/sec = 1.04, Samples/sec = 267.3
Step 482000 (96.4%): Train Loss = 0.029341, Val Loss = 0.028880, Gnorm = 0.186556, Samples = 123392256, LR = 1.09e-05, Steps/sec = 0.99, Samples/sec = 254.1
Step 482500 (96.5%): Train Loss = 0.031895, Val Loss = 0.032506, Gnorm = 0.093809, Samples = 123520256, LR = 1.09e-05, Steps/sec = 1.07, Samples/sec = 272.8
Step 483000 (96.6%): Train Loss = 0.029942, Val Loss = 0.034972, Gnorm = 0.068719, Samples = 123648256, LR = 1.08e-05, Steps/sec = 0.42, Samples/sec = 108.5
Step 483500 (96.7%): Train Loss = 0.029827, Val Loss = 0.030070, Gnorm = 0.177606, Samples = 123776256, LR = 1.08e-05, Steps/sec = 1.07, Samples/sec = 273.4
Step 484000 (96.8%): Train Loss = 0.029645, Val Loss = 0.034186, Gnorm = 0.171151, Samples = 123904256, LR = 1.07e-05, Steps/sec = 0.99, Samples/sec = 253.2
Step 484500 (96.9%): Train Loss = 0.028168, Val Loss = 0.031249, Gnorm = 0.109276, Samples = 124032256, LR = 1.07e-05, Steps/sec = 1.04, Samples/sec = 265.5
Step 485000 (97.0%): Train Loss = 0.030479, Val Loss = 0.029225, Gnorm = 0.085338, Samples = 124160256, LR = 1.06e-05, Steps/sec = 1.00, Samples/sec = 256.8
Step 485500 (97.1%): Train Loss = 0.029719, Val Loss = 0.032134, Gnorm = 0.184772, Samples = 124288256, LR = 1.06e-05, Steps/sec = 1.07, Samples/sec = 275.0
Step 486000 (97.2%): Train Loss = 0.031134, Val Loss = 0.031815, Gnorm = 0.098924, Samples = 124416256, LR = 1.06e-05, Steps/sec = 0.91, Samples/sec = 231.8
Step 486500 (97.3%): Train Loss = 0.031017, Val Loss = 0.032307, Gnorm = 0.082324, Samples = 124544256, LR = 1.05e-05, Steps/sec = 1.08, Samples/sec = 276.6
Step 487000 (97.4%): Train Loss = 0.031827, Val Loss = 0.030848, Gnorm = 0.139963, Samples = 124672256, LR = 1.05e-05, Steps/sec = 1.00, Samples/sec = 255.9
Step 487500 (97.5%): Train Loss = 0.032244, Val Loss = 0.033078, Gnorm = 0.131268, Samples = 124800256, LR = 1.04e-05, Steps/sec = 1.06, Samples/sec = 272.2
Step 488000 (97.6%): Train Loss = 0.032221, Val Loss = 0.030314, Gnorm = 0.111681, Samples = 124928256, LR = 1.04e-05, Steps/sec = 1.01, Samples/sec = 259.4
Step 488500 (97.7%): Train Loss = 0.030466, Val Loss = 0.030535, Gnorm = 0.082636, Samples = 125056256, LR = 1.04e-05, Steps/sec = 1.07, Samples/sec = 275.2
Step 489000 (97.8%): Train Loss = 0.031460, Val Loss = 0.032643, Gnorm = 0.126861, Samples = 125184256, LR = 1.03e-05, Steps/sec = 1.00, Samples/sec = 255.0
Step 489500 (97.9%): Train Loss = 0.030173, Val Loss = 0.030685, Gnorm = 0.130838, Samples = 125312256, LR = 1.03e-05, Steps/sec = 1.08, Samples/sec = 276.5
Step 490000 (98.0%): Train Loss = 0.030403, Val Loss = 0.029769, Gnorm = 0.084257, Samples = 125440256, LR = 1.03e-05, Steps/sec = 0.99, Samples/sec = 254.5
Step 490500 (98.1%): Train Loss = 0.031356, Val Loss = 0.028231, Gnorm = 0.088083, Samples = 125568256, LR = 1.03e-05, Steps/sec = 1.08, Samples/sec = 277.3
Step 491000 (98.2%): Train Loss = 0.030730, Val Loss = 0.030252, Gnorm = 0.127363, Samples = 125696256, LR = 1.02e-05, Steps/sec = 0.99, Samples/sec = 253.2
Step 491500 (98.3%): Train Loss = 0.033022, Val Loss = 0.031330, Gnorm = 0.138626, Samples = 125824256, LR = 1.02e-05, Steps/sec = 1.09, Samples/sec = 278.2
Step 492000 (98.4%): Train Loss = 0.027022, Val Loss = 0.032631, Gnorm = 0.101323, Samples = 125952256, LR = 1.02e-05, Steps/sec = 0.98, Samples/sec = 249.8
Step 492500 (98.5%): Train Loss = 0.033522, Val Loss = 0.031409, Gnorm = 0.094405, Samples = 126080256, LR = 1.02e-05, Steps/sec = 1.08, Samples/sec = 276.5
Step 493000 (98.6%): Train Loss = 0.031406, Val Loss = 0.031083, Gnorm = 0.163800, Samples = 126208256, LR = 1.01e-05, Steps/sec = 0.99, Samples/sec = 254.3
Step 493500 (98.7%): Train Loss = 0.032173, Val Loss = 0.031240, Gnorm = 0.102983, Samples = 126336256, LR = 1.01e-05, Steps/sec = 0.45, Samples/sec = 114.7
Step 494000 (98.8%): Train Loss = 0.033632, Val Loss = 0.030162, Gnorm = 0.141924, Samples = 126464256, LR = 1.01e-05, Steps/sec = 0.99, Samples/sec = 252.7
Step 494500 (98.9%): Train Loss = 0.030959, Val Loss = 0.028125, Gnorm = 0.089470, Samples = 126592256, LR = 1.01e-05, Steps/sec = 1.01, Samples/sec = 257.7
Step 495000 (99.0%): Train Loss = 0.029323, Val Loss = 0.031112, Gnorm = 0.233937, Samples = 126720256, LR = 1.01e-05, Steps/sec = 0.91, Samples/sec = 232.9
Step 495500 (99.1%): Train Loss = 0.031978, Val Loss = 0.033429, Gnorm = 0.123023, Samples = 126848256, LR = 1.01e-05, Steps/sec = 1.09, Samples/sec = 278.0
Step 496000 (99.2%): Train Loss = 0.032004, Val Loss = 0.029420, Gnorm = 0.145411, Samples = 126976256, LR = 1.00e-05, Steps/sec = 0.97, Samples/sec = 248.6
Step 496500 (99.3%): Train Loss = 0.031505, Val Loss = 0.029936, Gnorm = 0.109405, Samples = 127104256, LR = 1.00e-05, Steps/sec = 1.05, Samples/sec = 269.4
Step 497000 (99.4%): Train Loss = 0.031327, Val Loss = 0.032711, Gnorm = 0.067223, Samples = 127232256, LR = 1.00e-05, Steps/sec = 0.98, Samples/sec = 251.5
Step 497500 (99.5%): Train Loss = 0.029339, Val Loss = 0.033496, Gnorm = 0.104446, Samples = 127360256, LR = 1.00e-05, Steps/sec = 1.08, Samples/sec = 276.5
Step 498000 (99.6%): Train Loss = 0.030499, Val Loss = 0.029989, Gnorm = 0.096468, Samples = 127488256, LR = 1.00e-05, Steps/sec = 0.98, Samples/sec = 251.9
Step 498500 (99.7%): Train Loss = 0.029384, Val Loss = 0.030439, Gnorm = 0.096685, Samples = 127616256, LR = 1.00e-05, Steps/sec = 1.06, Samples/sec = 272.0
Step 499000 (99.8%): Train Loss = 0.031287, Val Loss = 0.029791, Gnorm = 0.118523, Samples = 127744256, LR = 1.00e-05, Steps/sec = 0.98, Samples/sec = 251.3
Step 499500 (99.9%): Train Loss = 0.030104, Val Loss = 0.031568, Gnorm = 0.072952, Samples = 127872256, LR = 1.00e-05, Steps/sec = 1.08, Samples/sec = 275.3
