Loading BirdSet dataset: XCL, split: train
Starting to process samples...
BirdSet workers: 9 threads, max in flight: 36
Processed 250 samples → 250 spectrograms (0 skipped) in 61.4s
Processed 500 samples → 500 spectrograms (0 skipped) in 117.2s
Processed 750 samples → 750 spectrograms (0 skipped) in 158.7s
Processed 1000 samples → 1000 spectrograms (0 skipped) in 209.2s
Processed 1250 samples → 1250 spectrograms (0 skipped) in 255.0s
Processed 1500 samples → 1500 spectrograms (0 skipped) in 293.7s
Processed 1750 samples → 1750 spectrograms (0 skipped) in 326.9s
Processed 2000 samples → 2000 spectrograms (0 skipped) in 361.1s
Processed 2250 samples → 2250 spectrograms (0 skipped) in 395.9s
Processed 2500 samples → 2500 spectrograms (0 skipped) in 430.5s
Processed 2750 samples → 2750 spectrograms (0 skipped) in 474.2s
Processed 3000 samples → 3000 spectrograms (0 skipped) in 519.2s
Processed 3250 samples → 3250 spectrograms (0 skipped) in 552.1s
Processed 3500 samples → 3500 spectrograms (0 skipped) in 601.5s
Processed 3750 samples → 3750 spectrograms (0 skipped) in 642.9s
Processed 4000 samples → 4000 spectrograms (0 skipped) in 672.4s
Processed 4250 samples → 4250 spectrograms (0 skipped) in 714.9s
Processed 4500 samples → 4500 spectrograms (0 skipped) in 749.6s
Processed 4750 samples → 4750 spectrograms (0 skipped) in 786.8s
Processed 5000 samples → 5000 spectrograms (0 skipped) in 825.0s
Processed 5250 samples → 5250 spectrograms (0 skipped) in 874.0s
Processed 5500 samples → 5500 spectrograms (0 skipped) in 973.4s
Processed 5750 samples → 5750 spectrograms (0 skipped) in 1027.1s
Processed 6000 samples → 6000 spectrograms (0 skipped) in 1062.9s
Processed 6250 samples → 6250 spectrograms (0 skipped) in 1098.6s
Processed 6500 samples → 6500 spectrograms (0 skipped) in 1129.1s
Processed 6750 samples → 6750 spectrograms (0 skipped) in 1166.5s
Processed 7000 samples → 7000 spectrograms (0 skipped) in 1197.0s
Processed 7250 samples → 7250 spectrograms (0 skipped) in 1229.1s
Processed 7500 samples → 7500 spectrograms (0 skipped) in 1262.9s
Processed 7750 samples → 7750 spectrograms (0 skipped) in 1297.4s
Processed 8000 samples → 8000 spectrograms (0 skipped) in 1334.4s
Processed 8250 samples → 8250 spectrograms (0 skipped) in 1362.6s
Processed 8500 samples → 8500 spectrograms (0 skipped) in 1394.4s
Processed 8750 samples → 8750 spectrograms (0 skipped) in 1434.2s
Processed 9000 samples → 9000 spectrograms (0 skipped) in 1463.4s
Processed 9250 samples → 9250 spectrograms (0 skipped) in 1494.5s
Processed 9500 samples → 9500 spectrograms (0 skipped) in 1527.0s
Processed 9750 samples → 9750 spectrograms (0 skipped) in 1559.4s
Processed 10000 samples → 10000 spectrograms (0 skipped) in 1589.2s
Processed 10250 samples → 10250 spectrograms (0 skipped) in 1622.6s
Processed 10500 samples → 10500 spectrograms (0 skipped) in 1676.4s
Processed 10750 samples → 10750 spectrograms (0 skipped) in 1724.1s
Processed 11000 samples → 11000 spectrograms (0 skipped) in 1779.0s
Processed 11250 samples → 11250 spectrograms (0 skipped) in 1812.5s
Processed 11500 samples → 11500 spectrograms (0 skipped) in 1847.3s
Processed 11750 samples → 11750 spectrograms (0 skipped) in 1882.4s
Processed 12000 samples → 12000 spectrograms (0 skipped) in 1936.9s
Processed 12250 samples → 12250 spectrograms (0 skipped) in 1994.1s
Processed 12500 samples → 12500 spectrograms (0 skipped) in 2048.0s
Processed 12750 samples → 12750 spectrograms (0 skipped) in 2111.3s
Processed 13000 samples → 13000 spectrograms (0 skipped) in 2159.9s
Processed 13250 samples → 13250 spectrograms (0 skipped) in 2212.6s
Processed 13500 samples → 13500 spectrograms (0 skipped) in 2264.4s
Processed 13750 samples → 13750 spectrograms (0 skipped) in 2349.2s
Processed 14000 samples → 14000 spectrograms (0 skipped) in 2406.3s
Processed 14250 samples → 14250 spectrograms (0 skipped) in 2450.5s
Processed 14500 samples → 14500 spectrograms (0 skipped) in 2495.7s
Processed 14750 samples → 14750 spectrograms (0 skipped) in 2538.6s
Processed 15000 samples → 15000 spectrograms (0 skipped) in 2616.2s
Processed 15250 samples → 15250 spectrograms (0 skipped) in 2691.6s
Processed 15500 samples → 15500 spectrograms (0 skipped) in 2759.8s
Processed 15750 samples → 15750 spectrograms (0 skipped) in 2852.3s
Processed 16000 samples → 16000 spectrograms (0 skipped) in 2904.0s
Processed 16250 samples → 16250 spectrograms (0 skipped) in 2946.1s
Processed 16500 samples → 16500 spectrograms (0 skipped) in 2985.3s
Processed 16750 samples → 16750 spectrograms (0 skipped) in 3029.8s
Processed 17000 samples → 17000 spectrograms (0 skipped) in 3067.7s
Processed 17250 samples → 17250 spectrograms (0 skipped) in 3119.6s
Processed 17500 samples → 17500 spectrograms (0 skipped) in 3168.6s
Processed 17750 samples → 17750 spectrograms (0 skipped) in 3213.2s
Processed 18000 samples → 18000 spectrograms (0 skipped) in 3243.8s
Processed 18250 samples → 18250 spectrograms (0 skipped) in 3289.3s
Processed 18500 samples → 18500 spectrograms (0 skipped) in 3337.6s
Processed 18750 samples → 18750 spectrograms (0 skipped) in 3373.3s
Processed 19000 samples → 19000 spectrograms (0 skipped) in 3433.5s
Processed 19250 samples → 19250 spectrograms (0 skipped) in 3479.1s
Processed 19500 samples → 19500 spectrograms (0 skipped) in 3516.7s
Processed 19750 samples → 19750 spectrograms (0 skipped) in 3557.4s
Processed 20000 samples → 20000 spectrograms (0 skipped) in 3599.4s
Processed 20250 samples → 20250 spectrograms (0 skipped) in 3645.5s
Processed 20500 samples → 20500 spectrograms (0 skipped) in 3697.2s
Processed 20750 samples → 20750 spectrograms (0 skipped) in 3755.5s
Processed 21000 samples → 21000 spectrograms (0 skipped) in 3825.4s
Processed 21250 samples → 21250 spectrograms (0 skipped) in 3903.1s
Processed 21500 samples → 21500 spectrograms (0 skipped) in 3970.7s
Processed 21750 samples → 21750 spectrograms (0 skipped) in 4030.5s
Processed 22000 samples → 22000 spectrograms (0 skipped) in 4075.6s
Processed 22250 samples → 22250 spectrograms (0 skipped) in 4123.2s
Processed 22500 samples → 22500 spectrograms (0 skipped) in 4175.2s
Processed 22750 samples → 22750 spectrograms (0 skipped) in 4218.2s
Processed 23000 samples → 23000 spectrograms (0 skipped) in 4255.7s
Processed 23250 samples → 23250 spectrograms (0 skipped) in 4293.9s
Processed 23500 samples → 23500 spectrograms (0 skipped) in 4324.2s
Processed 23750 samples → 23750 spectrograms (0 skipped) in 4364.6s
Processed 24000 samples → 24000 spectrograms (0 skipped) in 4421.8s
Processed 24250 samples → 24250 spectrograms (0 skipped) in 4472.0s
Processed 24500 samples → 24500 spectrograms (0 skipped) in 4515.6s
Processed 24750 samples → 24750 spectrograms (0 skipped) in 4563.2s
Processed 25000 samples → 25000 spectrograms (0 skipped) in 4601.3s
Processed 25250 samples → 25250 spectrograms (0 skipped) in 4636.8s
Processed 25500 samples → 25500 spectrograms (0 skipped) in 4702.3s
Processed 25750 samples → 25750 spectrograms (0 skipped) in 4756.3s
Processed 26000 samples → 26000 spectrograms (0 skipped) in 4805.5s
Processed 26250 samples → 26250 spectrograms (0 skipped) in 4845.5s
Processed 26500 samples → 26500 spectrograms (0 skipped) in 4878.9s
Processed 26750 samples → 26750 spectrograms (0 skipped) in 4910.6s
Processed 27000 samples → 27000 spectrograms (0 skipped) in 4946.6s
Processed 27250 samples → 27250 spectrograms (0 skipped) in 4984.5s
Processed 27500 samples → 27500 spectrograms (0 skipped) in 5017.7s
Processed 27750 samples → 27750 spectrograms (0 skipped) in 5056.4s
Processed 28000 samples → 28000 spectrograms (0 skipped) in 5094.2s
Processed 28250 samples → 28250 spectrograms (0 skipped) in 5130.5s
Processed 28500 samples → 28500 spectrograms (0 skipped) in 5170.1s
Processed 28750 samples → 28750 spectrograms (0 skipped) in 5204.7s
Processed 29000 samples → 29000 spectrograms (0 skipped) in 5239.4s
Processed 29250 samples → 29250 spectrograms (0 skipped) in 5300.7s
Processed 29500 samples → 29500 spectrograms (0 skipped) in 5345.3s
Processed 29750 samples → 29750 spectrograms (0 skipped) in 5379.8s
Processed 30000 samples → 30000 spectrograms (0 skipped) in 5415.2s
Processed 30250 samples → 30250 spectrograms (0 skipped) in 5450.7s
Processed 30500 samples → 30500 spectrograms (0 skipped) in 5493.7s
Processed 30750 samples → 30750 spectrograms (0 skipped) in 5522.7s
Processed 31000 samples → 31000 spectrograms (0 skipped) in 5594.5s
Processed 31250 samples → 31250 spectrograms (0 skipped) in 5641.3s
Processed 31500 samples → 31500 spectrograms (0 skipped) in 5682.8s
Processed 31750 samples → 31750 spectrograms (0 skipped) in 5716.2s
Processed 32000 samples → 32000 spectrograms (0 skipped) in 5757.2s
Processed 32250 samples → 32250 spectrograms (0 skipped) in 5822.1s
Processed 32500 samples → 32500 spectrograms (0 skipped) in 5869.0s
Processed 32750 samples → 32750 spectrograms (0 skipped) in 5904.7s
Processed 33000 samples → 33000 spectrograms (0 skipped) in 5948.7s
Processed 33250 samples → 33250 spectrograms (0 skipped) in 5991.4s
Processed 33500 samples → 33500 spectrograms (0 skipped) in 6023.8s
Processed 33750 samples → 33750 spectrograms (0 skipped) in 6056.7s
Processed 34000 samples → 34000 spectrograms (0 skipped) in 6105.9s
Processed 34250 samples → 34250 spectrograms (0 skipped) in 6149.6s
Processed 34500 samples → 34500 spectrograms (0 skipped) in 6186.4s
Processed 34750 samples → 34750 spectrograms (0 skipped) in 6223.4s
Processed 35000 samples → 35000 spectrograms (0 skipped) in 6263.3s
Processed 35250 samples → 35250 spectrograms (0 skipped) in 6300.0s
Processed 35500 samples → 35500 spectrograms (0 skipped) in 6343.9s
Processed 35750 samples → 35750 spectrograms (0 skipped) in 6383.2s
Processed 36000 samples → 36000 spectrograms (0 skipped) in 6426.0s
Processed 36250 samples → 36250 spectrograms (0 skipped) in 6464.9s
Processed 36500 samples → 36500 spectrograms (0 skipped) in 6500.2s
Processed 36750 samples → 36750 spectrograms (0 skipped) in 6546.7s
Processed 37000 samples → 37000 spectrograms (0 skipped) in 6591.5s
Processed 37250 samples → 37250 spectrograms (0 skipped) in 6639.4s
Processed 37500 samples → 37500 spectrograms (0 skipped) in 6678.3s
Processed 37750 samples → 37750 spectrograms (0 skipped) in 6719.4s
Processed 38000 samples → 38000 spectrograms (0 skipped) in 6764.8s
Processed 38250 samples → 38250 spectrograms (0 skipped) in 6806.5s
Processed 38500 samples → 38500 spectrograms (0 skipped) in 6847.2s
Processed 38750 samples → 38750 spectrograms (0 skipped) in 6897.7s
Processed 39000 samples → 39000 spectrograms (0 skipped) in 6957.4s
Processed 39250 samples → 39250 spectrograms (0 skipped) in 7014.9s
Processed 39500 samples → 39500 spectrograms (0 skipped) in 7056.9s
Processed 39750 samples → 39750 spectrograms (0 skipped) in 7105.3s
Processed 40000 samples → 40000 spectrograms (0 skipped) in 7154.1s
Processed 40250 samples → 40250 spectrograms (0 skipped) in 7189.6s
Processed 40500 samples → 40500 spectrograms (0 skipped) in 7225.3s
Processed 40750 samples → 40750 spectrograms (0 skipped) in 7264.5s
Processed 41000 samples → 41000 spectrograms (0 skipped) in 7306.8s
Processed 41250 samples → 41250 spectrograms (0 skipped) in 7348.6s
Processed 41500 samples → 41500 spectrograms (0 skipped) in 7388.3s
Processed 41750 samples → 41750 spectrograms (0 skipped) in 7422.2s
Processed 42000 samples → 42000 spectrograms (0 skipped) in 7460.2s
Processed 42250 samples → 42250 spectrograms (0 skipped) in 7499.8s
Processed 42500 samples → 42500 spectrograms (0 skipped) in 7544.5s
Processed 42750 samples → 42750 spectrograms (0 skipped) in 7594.8s
Processed 43000 samples → 43000 spectrograms (0 skipped) in 7644.1s
Processed 43250 samples → 43250 spectrograms (0 skipped) in 7681.1s
Processed 43500 samples → 43500 spectrograms (0 skipped) in 7732.0s
Processed 43750 samples → 43750 spectrograms (0 skipped) in 7785.1s
Processed 44000 samples → 44000 spectrograms (0 skipped) in 7827.9s
Processed 44250 samples → 44250 spectrograms (0 skipped) in 7875.1s
Processed 44500 samples → 44500 spectrograms (0 skipped) in 7924.2s
Processed 44750 samples → 44750 spectrograms (0 skipped) in 7959.9s
Processed 45000 samples → 45000 spectrograms (0 skipped) in 7993.3s
Processed 45250 samples → 45250 spectrograms (0 skipped) in 8027.9s
Processed 45500 samples → 45500 spectrograms (0 skipped) in 8070.9s
Processed 45750 samples → 45750 spectrograms (0 skipped) in 8108.8s
Processed 46000 samples → 46000 spectrograms (0 skipped) in 8153.0s
Processed 46250 samples → 46250 spectrograms (0 skipped) in 8194.3s
Processed 46500 samples → 46500 spectrograms (0 skipped) in 8240.9s
Processed 46750 samples → 46750 spectrograms (0 skipped) in 8283.8s
Processed 47000 samples → 47000 spectrograms (0 skipped) in 8331.1s
Processed 47250 samples → 47250 spectrograms (0 skipped) in 8369.1s
Processed 47500 samples → 47500 spectrograms (0 skipped) in 8404.1s
Processed 47750 samples → 47750 spectrograms (0 skipped) in 8442.7s
Processed 48000 samples → 48000 spectrograms (0 skipped) in 8486.3s
Processed 48250 samples → 48250 spectrograms (0 skipped) in 8514.1s
Processed 48500 samples → 48500 spectrograms (0 skipped) in 8550.7s
Processed 48750 samples → 48750 spectrograms (0 skipped) in 8619.0s
Processed 49000 samples → 49000 spectrograms (0 skipped) in 8687.0s
Processed 49250 samples → 49250 spectrograms (0 skipped) in 8731.5s
Processed 49500 samples → 49500 spectrograms (0 skipped) in 8793.9s
Processed 49750 samples → 49750 spectrograms (0 skipped) in 8851.8s
Processed 50000 samples → 50000 spectrograms (0 skipped) in 8889.7s
Processed 50250 samples → 50250 spectrograms (0 skipped) in 8917.1s
Processed 50500 samples → 50500 spectrograms (0 skipped) in 8946.0s
Processed 50750 samples → 50750 spectrograms (0 skipped) in 8974.5s
Processed 51000 samples → 51000 spectrograms (0 skipped) in 8997.5s
Processed 51250 samples → 51250 spectrograms (0 skipped) in 9027.5s
Processed 51500 samples → 51500 spectrograms (0 skipped) in 9052.1s
Processed 51750 samples → 51750 spectrograms (0 skipped) in 9082.4s
Processed 52000 samples → 52000 spectrograms (0 skipped) in 9117.7s
Processed 52250 samples → 52250 spectrograms (0 skipped) in 9155.9s
Processed 52500 samples → 52500 spectrograms (0 skipped) in 9184.8s
Processed 52750 samples → 52750 spectrograms (0 skipped) in 9214.3s
Processed 53000 samples → 53000 spectrograms (0 skipped) in 9244.5s
Processed 53250 samples → 53250 spectrograms (0 skipped) in 9270.5s
Processed 53500 samples → 53500 spectrograms (0 skipped) in 9310.8s
Processed 53750 samples → 53750 spectrograms (0 skipped) in 9336.4s
Processed 54000 samples → 54000 spectrograms (0 skipped) in 9380.3s
Processed 54250 samples → 54250 spectrograms (0 skipped) in 9429.1s
Processed 54500 samples → 54500 spectrograms (0 skipped) in 9464.1s
Processed 54750 samples → 54750 spectrograms (0 skipped) in 9498.3s
Processed 55000 samples → 55000 spectrograms (0 skipped) in 9571.9s
Processed 55250 samples → 55250 spectrograms (0 skipped) in 9625.3s
Processed 55500 samples → 55500 spectrograms (0 skipped) in 9670.1s
Processed 55750 samples → 55750 spectrograms (0 skipped) in 9737.0s
Processed 56000 samples → 56000 spectrograms (0 skipped) in 9779.1s
Processed 56250 samples → 56250 spectrograms (0 skipped) in 9847.1s
Processed 56500 samples → 56500 spectrograms (0 skipped) in 9910.9s
Processed 56750 samples → 56750 spectrograms (0 skipped) in 9959.8s
Processed 57000 samples → 57000 spectrograms (0 skipped) in 9995.5s
Processed 57250 samples → 57250 spectrograms (0 skipped) in 10026.3s
Processed 57500 samples → 57500 spectrograms (0 skipped) in 10053.7s
Processed 57750 samples → 57750 spectrograms (0 skipped) in 10082.0s
Processed 58000 samples → 58000 spectrograms (0 skipped) in 10112.1s
Processed 58250 samples → 58250 spectrograms (0 skipped) in 10163.0s
Processed 58500 samples → 58500 spectrograms (0 skipped) in 10205.5s
Processed 58750 samples → 58750 spectrograms (0 skipped) in 10245.3s
Processed 59000 samples → 59000 spectrograms (0 skipped) in 10296.2s
Processed 59250 samples → 59250 spectrograms (0 skipped) in 10334.2s
Processed 59500 samples → 59500 spectrograms (0 skipped) in 10375.0s
Processed 59750 samples → 59750 spectrograms (0 skipped) in 10406.0s
Processed 60000 samples → 60000 spectrograms (0 skipped) in 10436.6s
Processed 60250 samples → 60250 spectrograms (0 skipped) in 10469.1s
Processed 60500 samples → 60500 spectrograms (0 skipped) in 10509.2s
Processed 60750 samples → 60750 spectrograms (0 skipped) in 10542.2s
Processed 61000 samples → 61000 spectrograms (0 skipped) in 10573.4s
Processed 61250 samples → 61250 spectrograms (0 skipped) in 10608.2s
Processed 61500 samples → 61500 spectrograms (0 skipped) in 10651.3s
Processed 61750 samples → 61750 spectrograms (0 skipped) in 10698.4s
Processed 62000 samples → 62000 spectrograms (0 skipped) in 10733.7s
Processed 62250 samples → 62250 spectrograms (0 skipped) in 10778.0s
Processed 62500 samples → 62500 spectrograms (0 skipped) in 10815.4s
Processed 62750 samples → 62750 spectrograms (0 skipped) in 10853.9s
Processed 63000 samples → 63000 spectrograms (0 skipped) in 10886.1s
Processed 63250 samples → 63250 spectrograms (0 skipped) in 10916.1s
Processed 63500 samples → 63500 spectrograms (0 skipped) in 10953.1s
Processed 63750 samples → 63750 spectrograms (0 skipped) in 10986.9s
Processed 64000 samples → 64000 spectrograms (0 skipped) in 11021.0s
Processed 64250 samples → 64250 spectrograms (0 skipped) in 11051.3s
Processed 64500 samples → 64500 spectrograms (0 skipped) in 11082.5s
Processed 64750 samples → 64750 spectrograms (0 skipped) in 11111.3s
Processed 65000 samples → 65000 spectrograms (0 skipped) in 11140.7s
Processed 65250 samples → 65250 spectrograms (0 skipped) in 11179.0s
Processed 65500 samples → 65500 spectrograms (0 skipped) in 11207.6s
Processed 65750 samples → 65750 spectrograms (0 skipped) in 11242.6s
Processed 66000 samples → 66000 spectrograms (0 skipped) in 11282.5s
Processed 66250 samples → 66250 spectrograms (0 skipped) in 11315.7s
Processed 66500 samples → 66500 spectrograms (0 skipped) in 11351.5s
Processed 66750 samples → 66750 spectrograms (0 skipped) in 11387.1s
Processed 67000 samples → 67000 spectrograms (0 skipped) in 11416.9s
Processed 67250 samples → 67250 spectrograms (0 skipped) in 11449.7s
Processed 67500 samples → 67500 spectrograms (0 skipped) in 11479.7s
Processed 67750 samples → 67750 spectrograms (0 skipped) in 11516.3s
Processed 68000 samples → 68000 spectrograms (0 skipped) in 11557.8s
Processed 68250 samples → 68250 spectrograms (0 skipped) in 11592.4s
Processed 68500 samples → 68500 spectrograms (0 skipped) in 11630.0s
Processed 68750 samples → 68750 spectrograms (0 skipped) in 11664.5s
Processed 69000 samples → 69000 spectrograms (0 skipped) in 11703.3s
Processed 69250 samples → 69250 spectrograms (0 skipped) in 11746.8s
Processed 69500 samples → 69500 spectrograms (0 skipped) in 11782.8s
Processed 69750 samples → 69750 spectrograms (0 skipped) in 11814.4s
Processed 70000 samples → 70000 spectrograms (0 skipped) in 11852.2s
Processed 70250 samples → 70250 spectrograms (0 skipped) in 11889.4s
Processed 70500 samples → 70500 spectrograms (0 skipped) in 11926.3s
Processed 70750 samples → 70750 spectrograms (0 skipped) in 11959.1s
Processed 71000 samples → 71000 spectrograms (0 skipped) in 11986.4s
Processed 71250 samples → 71250 spectrograms (0 skipped) in 12015.3s
Processed 71500 samples → 71500 spectrograms (0 skipped) in 12049.6s
Processed 71750 samples → 71750 spectrograms (0 skipped) in 12087.8s
Processed 72000 samples → 72000 spectrograms (0 skipped) in 12119.1s
Processed 72250 samples → 72250 spectrograms (0 skipped) in 12148.2s
Processed 72500 samples → 72500 spectrograms (0 skipped) in 12171.3s
Processed 72750 samples → 72750 spectrograms (0 skipped) in 12202.2s
Processed 73000 samples → 73000 spectrograms (0 skipped) in 12228.7s
Processed 73250 samples → 73250 spectrograms (0 skipped) in 12264.4s
Processed 73500 samples → 73500 spectrograms (0 skipped) in 12331.7s
Processed 73750 samples → 73750 spectrograms (0 skipped) in 12415.3s
Processed 74000 samples → 74000 spectrograms (0 skipped) in 12451.6s
Processed 74250 samples → 74250 spectrograms (0 skipped) in 12482.1s
Processed 74500 samples → 74500 spectrograms (0 skipped) in 12511.6s
Processed 74750 samples → 74750 spectrograms (0 skipped) in 12551.4s
Processed 75000 samples → 75000 spectrograms (0 skipped) in 12601.1s
Processed 75250 samples → 75250 spectrograms (0 skipped) in 12641.8s
Processed 75500 samples → 75500 spectrograms (0 skipped) in 12687.7s
Processed 75750 samples → 75750 spectrograms (0 skipped) in 12726.7s
Processed 76000 samples → 76000 spectrograms (0 skipped) in 12760.5s
Processed 76250 samples → 76250 spectrograms (0 skipped) in 12787.6s
Processed 76500 samples → 76500 spectrograms (0 skipped) in 12814.5s
Processed 76750 samples → 76750 spectrograms (0 skipped) in 12847.5s
Processed 77000 samples → 77000 spectrograms (0 skipped) in 12876.0s
Processed 77250 samples → 77250 spectrograms (0 skipped) in 12907.0s
Processed 77500 samples → 77500 spectrograms (0 skipped) in 12930.9s
Processed 77750 samples → 77750 spectrograms (0 skipped) in 12959.4s
Processed 78000 samples → 78000 spectrograms (0 skipped) in 12993.1s
Processed 78250 samples → 78250 spectrograms (0 skipped) in 13028.1s
Processed 78500 samples → 78500 spectrograms (0 skipped) in 13058.3s
Processed 78750 samples → 78750 spectrograms (0 skipped) in 13086.8s
Processed 79000 samples → 79000 spectrograms (0 skipped) in 13117.8s
Processed 79250 samples → 79250 spectrograms (0 skipped) in 13150.8s
Processed 79500 samples → 79500 spectrograms (0 skipped) in 13178.8s
Processed 79750 samples → 79750 spectrograms (0 skipped) in 13204.0s
Processed 80000 samples → 80000 spectrograms (0 skipped) in 13232.7s
Processed 80250 samples → 80250 spectrograms (0 skipped) in 13266.5s
Processed 80500 samples → 80500 spectrograms (0 skipped) in 13296.1s
Processed 80750 samples → 80750 spectrograms (0 skipped) in 13329.0s
Processed 81000 samples → 81000 spectrograms (0 skipped) in 13361.0s
Processed 81250 samples → 81250 spectrograms (0 skipped) in 13401.5s
Processed 81500 samples → 81500 spectrograms (0 skipped) in 13433.6s
Processed 81750 samples → 81750 spectrograms (0 skipped) in 13478.0s
Processed 82000 samples → 82000 spectrograms (0 skipped) in 13519.4s
Processed 82250 samples → 82250 spectrograms (0 skipped) in 13567.8s
Processed 82500 samples → 82500 spectrograms (0 skipped) in 13602.9s
Processed 82750 samples → 82750 spectrograms (0 skipped) in 13630.8s
Processed 83000 samples → 83000 spectrograms (0 skipped) in 13672.2s
Processed 83250 samples → 83250 spectrograms (0 skipped) in 13707.6s
Processed 83500 samples → 83500 spectrograms (0 skipped) in 13744.2s
Processed 83750 samples → 83750 spectrograms (0 skipped) in 13783.0s
Processed 84000 samples → 84000 spectrograms (0 skipped) in 13818.0s
Processed 84250 samples → 84250 spectrograms (0 skipped) in 13857.9s
Processed 84500 samples → 84500 spectrograms (0 skipped) in 13891.4s
Processed 84750 samples → 84750 spectrograms (0 skipped) in 13926.6s
Processed 85000 samples → 85000 spectrograms (0 skipped) in 13956.9s
Processed 85250 samples → 85250 spectrograms (0 skipped) in 13996.1s
Processed 85500 samples → 85500 spectrograms (0 skipped) in 14036.4s
Processed 85750 samples → 85750 spectrograms (0 skipped) in 14076.9s
Processed 86000 samples → 86000 spectrograms (0 skipped) in 14118.8s
Processed 86250 samples → 86250 spectrograms (0 skipped) in 14152.1s
Processed 86500 samples → 86500 spectrograms (0 skipped) in 14184.2s
Processed 86750 samples → 86750 spectrograms (0 skipped) in 14224.1s
Processed 87000 samples → 87000 spectrograms (0 skipped) in 14260.1s
Processed 87250 samples → 87250 spectrograms (0 skipped) in 14306.2s
Processed 87500 samples → 87500 spectrograms (0 skipped) in 14346.3s
Processed 87750 samples → 87750 spectrograms (0 skipped) in 14394.0s
Processed 88000 samples → 88000 spectrograms (0 skipped) in 14440.4s
Processed 88250 samples → 88250 spectrograms (0 skipped) in 14487.0s
Processed 88500 samples → 88500 spectrograms (0 skipped) in 14549.4s
Processed 88750 samples → 88750 spectrograms (0 skipped) in 14612.9s
Processed 89000 samples → 89000 spectrograms (0 skipped) in 14663.9s
Processed 89250 samples → 89250 spectrograms (0 skipped) in 14726.2s
Processed 89500 samples → 89500 spectrograms (0 skipped) in 14796.2s
Processed 89750 samples → 89750 spectrograms (0 skipped) in 14863.4s
Processed 90000 samples → 90000 spectrograms (0 skipped) in 14903.8s
Processed 90250 samples → 90250 spectrograms (0 skipped) in 14938.0s
Processed 90500 samples → 90500 spectrograms (0 skipped) in 14996.8s
Processed 90750 samples → 90750 spectrograms (0 skipped) in 15038.5s
Processed 91000 samples → 91000 spectrograms (0 skipped) in 15079.1s
Processed 91250 samples → 91250 spectrograms (0 skipped) in 15110.6s
Processed 91500 samples → 91500 spectrograms (0 skipped) in 15149.1s
Processed 91750 samples → 91750 spectrograms (0 skipped) in 15188.8s
Processed 92000 samples → 92000 spectrograms (0 skipped) in 15220.4s
Processed 92250 samples → 92250 spectrograms (0 skipped) in 15266.3s
Processed 92500 samples → 92500 spectrograms (0 skipped) in 15296.5s
Processed 92750 samples → 92750 spectrograms (0 skipped) in 15324.4s
Processed 93000 samples → 93000 spectrograms (0 skipped) in 15368.5s
Processed 93250 samples → 93250 spectrograms (0 skipped) in 15403.1s
Processed 93500 samples → 93500 spectrograms (0 skipped) in 15442.3s
Processed 93750 samples → 93750 spectrograms (0 skipped) in 15468.6s
Processed 94000 samples → 94000 spectrograms (0 skipped) in 15498.4s
Processed 94250 samples → 94250 spectrograms (0 skipped) in 15536.1s
Processed 94500 samples → 94500 spectrograms (0 skipped) in 15586.4s
Processed 94750 samples → 94750 spectrograms (0 skipped) in 15620.5s
Processed 95000 samples → 95000 spectrograms (0 skipped) in 15651.6s
Processed 95250 samples → 95250 spectrograms (0 skipped) in 15683.9s
Processed 95500 samples → 95500 spectrograms (0 skipped) in 15713.5s
Processed 95750 samples → 95750 spectrograms (0 skipped) in 15744.4s
Processed 96000 samples → 96000 spectrograms (0 skipped) in 15773.4s
Processed 96250 samples → 96250 spectrograms (0 skipped) in 15804.5s
Processed 96500 samples → 96500 spectrograms (0 skipped) in 15842.1s
Processed 96750 samples → 96750 spectrograms (0 skipped) in 15882.3s
Processed 97000 samples → 97000 spectrograms (0 skipped) in 15932.0s
Processed 97250 samples → 97250 spectrograms (0 skipped) in 15976.2s
Processed 97500 samples → 97500 spectrograms (0 skipped) in 16022.2s
Processed 97750 samples → 97750 spectrograms (0 skipped) in 16059.8s
Processed 98000 samples → 98000 spectrograms (0 skipped) in 16095.5s
Processed 98250 samples → 98250 spectrograms (0 skipped) in 16131.5s
Processed 98500 samples → 98500 spectrograms (0 skipped) in 16178.3s
Processed 98750 samples → 98750 spectrograms (0 skipped) in 16215.7s
Processed 99000 samples → 99000 spectrograms (0 skipped) in 16254.6s
Processed 99250 samples → 99250 spectrograms (0 skipped) in 16303.0s
Processed 99500 samples → 99500 spectrograms (0 skipped) in 16349.1s
Processed 99750 samples → 99750 spectrograms (0 skipped) in 16416.7s
Processed 100000 samples → 100000 spectrograms (0 skipped) in 16455.4s
Processed 100250 samples → 100250 spectrograms (0 skipped) in 16502.8s
Processed 100500 samples → 100500 spectrograms (0 skipped) in 16557.0s
Processed 100750 samples → 100750 spectrograms (0 skipped) in 16585.6s
Processed 101000 samples → 101000 spectrograms (0 skipped) in 16632.3s
Processed 101250 samples → 101250 spectrograms (0 skipped) in 16666.9s
Processed 101500 samples → 101500 spectrograms (0 skipped) in 16710.0s
Processed 101750 samples → 101750 spectrograms (0 skipped) in 16757.9s
Processed 102000 samples → 102000 spectrograms (0 skipped) in 16806.7s
Processed 102250 samples → 102250 spectrograms (0 skipped) in 16845.4s
Processed 102500 samples → 102500 spectrograms (0 skipped) in 16896.2s
Processed 102750 samples → 102750 spectrograms (0 skipped) in 16941.0s
Processed 103000 samples → 103000 spectrograms (0 skipped) in 16988.4s
Processed 103250 samples → 103250 spectrograms (0 skipped) in 17042.1s
Processed 103500 samples → 103500 spectrograms (0 skipped) in 17089.5s
Processed 103750 samples → 103750 spectrograms (0 skipped) in 17155.3s
Processed 104000 samples → 104000 spectrograms (0 skipped) in 17296.1s
Processed 104250 samples → 104250 spectrograms (0 skipped) in 17326.6s
Processed 104500 samples → 104500 spectrograms (0 skipped) in 17378.0s
Processed 104750 samples → 104750 spectrograms (0 skipped) in 17426.0s
Processed 105000 samples → 105000 spectrograms (0 skipped) in 17474.7s
Processed 105250 samples → 105250 spectrograms (0 skipped) in 17537.6s
Processed 105500 samples → 105500 spectrograms (0 skipped) in 17845.7s
Processed 105750 samples → 105750 spectrograms (0 skipped) in 17918.6s
Processed 106000 samples → 106000 spectrograms (0 skipped) in 17979.4s
Processed 106250 samples → 106250 spectrograms (0 skipped) in 18017.7s
Processed 106500 samples → 106500 spectrograms (0 skipped) in 18069.5s
Processed 106750 samples → 106750 spectrograms (0 skipped) in 18129.6s
Processed 107000 samples → 107000 spectrograms (0 skipped) in 18198.0s
Processed 107250 samples → 107250 spectrograms (0 skipped) in 18246.5s
Processed 107500 samples → 107500 spectrograms (0 skipped) in 18306.3s
Processed 107750 samples → 107750 spectrograms (0 skipped) in 18351.1s
Processed 108000 samples → 108000 spectrograms (0 skipped) in 18398.6s
Processed 108250 samples → 108250 spectrograms (0 skipped) in 18455.7s
Processed 108500 samples → 108500 spectrograms (0 skipped) in 18502.6s
Processed 108750 samples → 108750 spectrograms (0 skipped) in 18552.8s
Processed 109000 samples → 109000 spectrograms (0 skipped) in 18599.7s
Processed 109250 samples → 109250 spectrograms (0 skipped) in 18654.0s
Processed 109500 samples → 109500 spectrograms (0 skipped) in 18704.3s
Processed 109750 samples → 109750 spectrograms (0 skipped) in 18753.7s
Processed 110000 samples → 110000 spectrograms (0 skipped) in 18802.0s
Processed 110250 samples → 110250 spectrograms (0 skipped) in 18852.2s
Processed 110500 samples → 110500 spectrograms (0 skipped) in 18955.0s
Processed 110750 samples → 110750 spectrograms (0 skipped) in 19045.3s
Processed 111000 samples → 111000 spectrograms (0 skipped) in 19110.9s
Processed 111250 samples → 111250 spectrograms (0 skipped) in 19179.9s
Processed 111500 samples → 111500 spectrograms (0 skipped) in 19246.1s
Processed 111750 samples → 111750 spectrograms (0 skipped) in 19323.5s
Processed 112000 samples → 112000 spectrograms (0 skipped) in 19423.2s
Processed 112250 samples → 112250 spectrograms (0 skipped) in 19501.1s
Processed 112500 samples → 112500 spectrograms (0 skipped) in 19599.4s
Processed 112750 samples → 112750 spectrograms (0 skipped) in 19678.5s
Processed 113000 samples → 113000 spectrograms (0 skipped) in 19720.7s
Processed 113250 samples → 113250 spectrograms (0 skipped) in 19778.7s
Processed 113500 samples → 113500 spectrograms (0 skipped) in 19839.4s
Processed 113750 samples → 113750 spectrograms (0 skipped) in 19896.9s
Processed 114000 samples → 114000 spectrograms (0 skipped) in 19959.5s
Processed 114250 samples → 114250 spectrograms (0 skipped) in 20006.8s
Processed 114500 samples → 114500 spectrograms (0 skipped) in 20085.7s
Processed 114750 samples → 114750 spectrograms (0 skipped) in 20170.5s
Processed 115000 samples → 115000 spectrograms (0 skipped) in 20253.7s
Processed 115250 samples → 115250 spectrograms (0 skipped) in 20326.4s
Processed 115500 samples → 115500 spectrograms (0 skipped) in 20385.9s
Processed 115750 samples → 115750 spectrograms (0 skipped) in 20476.0s
Processed 116000 samples → 116000 spectrograms (0 skipped) in 20562.3s
Processed 116250 samples → 116250 spectrograms (0 skipped) in 20615.7s
Processed 116500 samples → 116500 spectrograms (0 skipped) in 20701.3s
Processed 116750 samples → 116750 spectrograms (0 skipped) in 20765.9s
Processed 117000 samples → 117000 spectrograms (0 skipped) in 20869.5s
Processed 117250 samples → 117250 spectrograms (0 skipped) in 20941.9s
Processed 117500 samples → 117500 spectrograms (0 skipped) in 20985.5s
Processed 117750 samples → 117750 spectrograms (0 skipped) in 21042.6s
Processed 118000 samples → 118000 spectrograms (0 skipped) in 21085.6s
Processed 118250 samples → 118250 spectrograms (0 skipped) in 21128.0s
Processed 118500 samples → 118500 spectrograms (0 skipped) in 21180.3s
Processed 118750 samples → 118750 spectrograms (0 skipped) in 21223.7s
Processed 119000 samples → 119000 spectrograms (0 skipped) in 21271.6s
Processed 119250 samples → 119250 spectrograms (0 skipped) in 21327.2s
Processed 119500 samples → 119500 spectrograms (0 skipped) in 21377.5s
Processed 119750 samples → 119750 spectrograms (0 skipped) in 21420.3s
Processed 120000 samples → 120000 spectrograms (0 skipped) in 21467.4s
Processed 120250 samples → 120250 spectrograms (0 skipped) in 21521.1s
Processed 120500 samples → 120500 spectrograms (0 skipped) in 21566.3s
Processed 120750 samples → 120750 spectrograms (0 skipped) in 21610.5s
Processed 121000 samples → 121000 spectrograms (0 skipped) in 21646.2s
Processed 121250 samples → 121250 spectrograms (0 skipped) in 21679.6s
Processed 121500 samples → 121500 spectrograms (0 skipped) in 21723.3s
Processed 121750 samples → 121750 spectrograms (0 skipped) in 21771.5s
Processed 122000 samples → 122000 spectrograms (0 skipped) in 21811.4s
Processed 122250 samples → 122250 spectrograms (0 skipped) in 21846.9s
Processed 122500 samples → 122500 spectrograms (0 skipped) in 21879.1s
Processed 122750 samples → 122750 spectrograms (0 skipped) in 21915.4s
Processed 123000 samples → 123000 spectrograms (0 skipped) in 21948.0s
Processed 123250 samples → 123250 spectrograms (0 skipped) in 21982.1s
Processed 123500 samples → 123500 spectrograms (0 skipped) in 22009.4s
Processed 123750 samples → 123750 spectrograms (0 skipped) in 22051.6s
Processed 124000 samples → 124000 spectrograms (0 skipped) in 22082.0s
Processed 124250 samples → 124250 spectrograms (0 skipped) in 22118.9s
Processed 124500 samples → 124500 spectrograms (0 skipped) in 22173.8s
Processed 124750 samples → 124750 spectrograms (0 skipped) in 22219.7s
Processed 125000 samples → 125000 spectrograms (0 skipped) in 22272.2s
Processed 125250 samples → 125250 spectrograms (0 skipped) in 22303.0s
Processed 125500 samples → 125500 spectrograms (0 skipped) in 22337.2s
Processed 125750 samples → 125750 spectrograms (0 skipped) in 22395.6s
Processed 126000 samples → 126000 spectrograms (0 skipped) in 22466.5s
Processed 126250 samples → 126250 spectrograms (0 skipped) in 22500.9s
Processed 126500 samples → 126500 spectrograms (0 skipped) in 22538.1s
Processed 126750 samples → 126750 spectrograms (0 skipped) in 22574.1s
Processed 127000 samples → 127000 spectrograms (0 skipped) in 22617.8s
Processed 127250 samples → 127250 spectrograms (0 skipped) in 22654.6s
Processed 127500 samples → 127500 spectrograms (0 skipped) in 22696.1s
Processed 127750 samples → 127750 spectrograms (0 skipped) in 22732.3s
Processed 128000 samples → 128000 spectrograms (0 skipped) in 22781.3s
Processed 128250 samples → 128250 spectrograms (0 skipped) in 22824.6s
Processed 128500 samples → 128500 spectrograms (0 skipped) in 22858.4s
Processed 128750 samples → 128750 spectrograms (0 skipped) in 22902.5s
Processed 129000 samples → 129000 spectrograms (0 skipped) in 22950.0s
Processed 129250 samples → 129250 spectrograms (0 skipped) in 23000.6s
Processed 129500 samples → 129500 spectrograms (0 skipped) in 23046.3s
Processed 129750 samples → 129750 spectrograms (0 skipped) in 23083.8s
Processed 130000 samples → 130000 spectrograms (0 skipped) in 23128.8s
Processed 130250 samples → 130250 spectrograms (0 skipped) in 23171.8s
Processed 130500 samples → 130500 spectrograms (0 skipped) in 23211.5s
Processed 130750 samples → 130750 spectrograms (0 skipped) in 23244.1s
Processed 131000 samples → 131000 spectrograms (0 skipped) in 23285.6s
Processed 131250 samples → 131250 spectrograms (0 skipped) in 23321.5s
Processed 131500 samples → 131500 spectrograms (0 skipped) in 23369.0s
Processed 131750 samples → 131750 spectrograms (0 skipped) in 23449.5s
Processed 132000 samples → 132000 spectrograms (0 skipped) in 23512.1s
Processed 132250 samples → 132250 spectrograms (0 skipped) in 23557.7s
Processed 132500 samples → 132500 spectrograms (0 skipped) in 23585.9s
Processed 132750 samples → 132750 spectrograms (0 skipped) in 23622.3s
Processed 133000 samples → 133000 spectrograms (0 skipped) in 23691.9s
Processed 133250 samples → 133250 spectrograms (0 skipped) in 23728.3s
Processed 133500 samples → 133500 spectrograms (0 skipped) in 23789.0s
Processed 133750 samples → 133750 spectrograms (0 skipped) in 23835.0s
Processed 134000 samples → 134000 spectrograms (0 skipped) in 23885.1s
Processed 134250 samples → 134250 spectrograms (0 skipped) in 23925.0s
Processed 134500 samples → 134500 spectrograms (0 skipped) in 24001.4s
Processed 134750 samples → 134750 spectrograms (0 skipped) in 24057.5s
Processed 135000 samples → 135000 spectrograms (0 skipped) in 24097.6s
Processed 135250 samples → 135250 spectrograms (0 skipped) in 24139.4s
Processed 135500 samples → 135500 spectrograms (0 skipped) in 24189.9s
Processed 135750 samples → 135750 spectrograms (0 skipped) in 24235.2s
Processed 136000 samples → 136000 spectrograms (0 skipped) in 24289.2s
Processed 136250 samples → 136250 spectrograms (0 skipped) in 24335.6s
Processed 136500 samples → 136500 spectrograms (0 skipped) in 24369.6s
Processed 136750 samples → 136750 spectrograms (0 skipped) in 24404.9s
Processed 137000 samples → 137000 spectrograms (0 skipped) in 24462.1s
Processed 137250 samples → 137250 spectrograms (0 skipped) in 24504.4s
Processed 137500 samples → 137500 spectrograms (0 skipped) in 24558.7s
Processed 137750 samples → 137750 spectrograms (0 skipped) in 24634.3s
Processed 138000 samples → 138000 spectrograms (0 skipped) in 24702.8s
Processed 138250 samples → 138250 spectrograms (0 skipped) in 24763.1s
Processed 138500 samples → 138500 spectrograms (0 skipped) in 24823.1s
Processed 138750 samples → 138750 spectrograms (0 skipped) in 24895.6s
Processed 139000 samples → 139000 spectrograms (0 skipped) in 24952.7s
Processed 139250 samples → 139250 spectrograms (0 skipped) in 25024.6s
Processed 139500 samples → 139500 spectrograms (0 skipped) in 25069.8s
Processed 139750 samples → 139750 spectrograms (0 skipped) in 25104.9s
Processed 140000 samples → 140000 spectrograms (0 skipped) in 25151.3s
Processed 140250 samples → 140250 spectrograms (0 skipped) in 25205.9s
Processed 140500 samples → 140500 spectrograms (0 skipped) in 25253.8s
Processed 140750 samples → 140750 spectrograms (0 skipped) in 25293.6s
Processed 141000 samples → 141000 spectrograms (0 skipped) in 25324.7s
Processed 141250 samples → 141250 spectrograms (0 skipped) in 25375.5s
Processed 141500 samples → 141500 spectrograms (0 skipped) in 25414.9s
Processed 141750 samples → 141750 spectrograms (0 skipped) in 25497.9s
Processed 142000 samples → 142000 spectrograms (0 skipped) in 25565.6s
Processed 142250 samples → 142250 spectrograms (0 skipped) in 25641.2s
Processed 142500 samples → 142500 spectrograms (0 skipped) in 25719.9s
Processed 142750 samples → 142750 spectrograms (0 skipped) in 25786.2s
Processed 143000 samples → 143000 spectrograms (0 skipped) in 25831.5s
Processed 143250 samples → 143250 spectrograms (0 skipped) in 25877.1s
Processed 143500 samples → 143500 spectrograms (0 skipped) in 25947.7s
Processed 143750 samples → 143750 spectrograms (0 skipped) in 25990.5s
Processed 144000 samples → 144000 spectrograms (0 skipped) in 26055.9s
Processed 144250 samples → 144250 spectrograms (0 skipped) in 26102.7s
Processed 144500 samples → 144500 spectrograms (0 skipped) in 26160.2s
Processed 144750 samples → 144750 spectrograms (0 skipped) in 26211.6s
Processed 145000 samples → 145000 spectrograms (0 skipped) in 26257.4s
Processed 145250 samples → 145250 spectrograms (0 skipped) in 26290.6s
Processed 145500 samples → 145500 spectrograms (0 skipped) in 26330.5s
Processed 145750 samples → 145750 spectrograms (0 skipped) in 26368.5s
Processed 146000 samples → 146000 spectrograms (0 skipped) in 26410.9s
Processed 146250 samples → 146250 spectrograms (0 skipped) in 26482.1s
Processed 146500 samples → 146500 spectrograms (0 skipped) in 26540.0s
Processed 146750 samples → 146750 spectrograms (0 skipped) in 26600.7s
Processed 147000 samples → 147000 spectrograms (0 skipped) in 26696.8s
Processed 147250 samples → 147250 spectrograms (0 skipped) in 26760.1s
Processed 147500 samples → 147500 spectrograms (0 skipped) in 26819.1s
Processed 147750 samples → 147750 spectrograms (0 skipped) in 26863.5s
Processed 148000 samples → 148000 spectrograms (0 skipped) in 26907.4s
Processed 148250 samples → 148250 spectrograms (0 skipped) in 26961.1s
Processed 148500 samples → 148500 spectrograms (0 skipped) in 27011.0s
Processed 148750 samples → 148750 spectrograms (0 skipped) in 27050.1s
Processed 149000 samples → 149000 spectrograms (0 skipped) in 27084.4s
Processed 149250 samples → 149250 spectrograms (0 skipped) in 27125.5s
Processed 149500 samples → 149500 spectrograms (0 skipped) in 27160.2s
Processed 149750 samples → 149750 spectrograms (0 skipped) in 27192.7s
Processed 150000 samples → 150000 spectrograms (0 skipped) in 27224.9s
Processed 150250 samples → 150250 spectrograms (0 skipped) in 27256.5s
Processed 150500 samples → 150500 spectrograms (0 skipped) in 27322.4s
Processed 150750 samples → 150750 spectrograms (0 skipped) in 27367.8s
Processed 151000 samples → 151000 spectrograms (0 skipped) in 27414.9s
Processed 151250 samples → 151250 spectrograms (0 skipped) in 27459.5s
Processed 151500 samples → 151500 spectrograms (0 skipped) in 27499.4s
Processed 151750 samples → 151750 spectrograms (0 skipped) in 27537.8s
Processed 152000 samples → 152000 spectrograms (0 skipped) in 27573.3s
Processed 152250 samples → 152250 spectrograms (0 skipped) in 27638.5s
Processed 152500 samples → 152500 spectrograms (0 skipped) in 27670.7s
Processed 152750 samples → 152750 spectrograms (0 skipped) in 27711.9s
Processed 153000 samples → 153000 spectrograms (0 skipped) in 27769.4s
Processed 153250 samples → 153250 spectrograms (0 skipped) in 27812.6s
Processed 153500 samples → 153500 spectrograms (0 skipped) in 27865.2s
Processed 153750 samples → 153750 spectrograms (0 skipped) in 27900.8s
Processed 154000 samples → 154000 spectrograms (0 skipped) in 27938.5s
Processed 154250 samples → 154250 spectrograms (0 skipped) in 27973.7s
Processed 154500 samples → 154500 spectrograms (0 skipped) in 28021.0s
Processed 154750 samples → 154750 spectrograms (0 skipped) in 28056.7s
Processed 155000 samples → 155000 spectrograms (0 skipped) in 28092.2s
Processed 155250 samples → 155250 spectrograms (0 skipped) in 28130.8s
Processed 155500 samples → 155500 spectrograms (0 skipped) in 28165.3s
Processed 155750 samples → 155750 spectrograms (0 skipped) in 28212.9s
Processed 156000 samples → 156000 spectrograms (0 skipped) in 28257.9s
Processed 156250 samples → 156250 spectrograms (0 skipped) in 28303.9s
Processed 156500 samples → 156500 spectrograms (0 skipped) in 28353.2s
Processed 156750 samples → 156750 spectrograms (0 skipped) in 28392.0s
Processed 157000 samples → 157000 spectrograms (0 skipped) in 28423.0s
Processed 157250 samples → 157250 spectrograms (0 skipped) in 28466.5s
Processed 157500 samples → 157500 spectrograms (0 skipped) in 28499.4s
Processed 157750 samples → 157750 spectrograms (0 skipped) in 28537.3s
Processed 158000 samples → 158000 spectrograms (0 skipped) in 28579.9s
Processed 158250 samples → 158250 spectrograms (0 skipped) in 28611.8s
Processed 158500 samples → 158500 spectrograms (0 skipped) in 28658.1s
Processed 158750 samples → 158750 spectrograms (0 skipped) in 28695.2s
Processed 159000 samples → 159000 spectrograms (0 skipped) in 28737.4s
Processed 159250 samples → 159250 spectrograms (0 skipped) in 28783.6s
Processed 159500 samples → 159500 spectrograms (0 skipped) in 28824.7s
Processed 159750 samples → 159750 spectrograms (0 skipped) in 28861.3s
Processed 160000 samples → 160000 spectrograms (0 skipped) in 28900.2s
Processed 160250 samples → 160250 spectrograms (0 skipped) in 28934.4s
Processed 160500 samples → 160500 spectrograms (0 skipped) in 28970.2s
Processed 160750 samples → 160750 spectrograms (0 skipped) in 29007.5s
Processed 161000 samples → 161000 spectrograms (0 skipped) in 29045.0s
Processed 161250 samples → 161250 spectrograms (0 skipped) in 29084.6s
Processed 161500 samples → 161500 spectrograms (0 skipped) in 29122.7s
Processed 161750 samples → 161750 spectrograms (0 skipped) in 29174.7s
Processed 162000 samples → 162000 spectrograms (0 skipped) in 29205.5s
Processed 162250 samples → 162250 spectrograms (0 skipped) in 29242.9s
Processed 162500 samples → 162500 spectrograms (0 skipped) in 29284.8s
Processed 162750 samples → 162750 spectrograms (0 skipped) in 29333.7s
Processed 163000 samples → 163000 spectrograms (0 skipped) in 29373.1s
Processed 163250 samples → 163250 spectrograms (0 skipped) in 29417.6s
Processed 163500 samples → 163500 spectrograms (0 skipped) in 29469.1s
Processed 163750 samples → 163750 spectrograms (0 skipped) in 29512.3s
Processed 164000 samples → 164000 spectrograms (0 skipped) in 29541.8s
Processed 164250 samples → 164250 spectrograms (0 skipped) in 29578.9s
Processed 164500 samples → 164500 spectrograms (0 skipped) in 29622.7s
Processed 164750 samples → 164750 spectrograms (0 skipped) in 29658.7s
Processed 165000 samples → 165000 spectrograms (0 skipped) in 29697.7s
Processed 165250 samples → 165250 spectrograms (0 skipped) in 29743.6s
Processed 165500 samples → 165500 spectrograms (0 skipped) in 29781.3s
Processed 165750 samples → 165750 spectrograms (0 skipped) in 29818.9s
Processed 166000 samples → 166000 spectrograms (0 skipped) in 29858.4s
Processed 166250 samples → 166250 spectrograms (0 skipped) in 29900.6s
Processed 166500 samples → 166500 spectrograms (0 skipped) in 29941.8s
Processed 166750 samples → 166750 spectrograms (0 skipped) in 29984.4s
Processed 167000 samples → 167000 spectrograms (0 skipped) in 30025.8s
Processed 167250 samples → 167250 spectrograms (0 skipped) in 30063.6s
Processed 167500 samples → 167500 spectrograms (0 skipped) in 30103.0s
Processed 167750 samples → 167750 spectrograms (0 skipped) in 30143.3s
Processed 168000 samples → 168000 spectrograms (0 skipped) in 30184.0s
Processed 168250 samples → 168250 spectrograms (0 skipped) in 30227.5s
Processed 168500 samples → 168500 spectrograms (0 skipped) in 30276.4s
Processed 168750 samples → 168750 spectrograms (0 skipped) in 30319.8s
Processed 169000 samples → 169000 spectrograms (0 skipped) in 30358.7s
Processed 169250 samples → 169250 spectrograms (0 skipped) in 30400.2s
Processed 169500 samples → 169500 spectrograms (0 skipped) in 30445.2s
Processed 169750 samples → 169750 spectrograms (0 skipped) in 30491.4s
Processed 170000 samples → 170000 spectrograms (0 skipped) in 30534.7s
Processed 170250 samples → 170250 spectrograms (0 skipped) in 30573.0s
Processed 170500 samples → 170500 spectrograms (0 skipped) in 30611.4s
Processed 170750 samples → 170750 spectrograms (0 skipped) in 30652.1s
Processed 171000 samples → 171000 spectrograms (0 skipped) in 30698.2s
Processed 171250 samples → 171250 spectrograms (0 skipped) in 30735.7s
Processed 171500 samples → 171500 spectrograms (0 skipped) in 30778.7s
Processed 171750 samples → 171750 spectrograms (0 skipped) in 30816.9s
Processed 172000 samples → 172000 spectrograms (0 skipped) in 30860.1s
Processed 172250 samples → 172250 spectrograms (0 skipped) in 30903.5s
Processed 172500 samples → 172500 spectrograms (0 skipped) in 30947.8s
Processed 172750 samples → 172750 spectrograms (0 skipped) in 30991.5s
Processed 173000 samples → 173000 spectrograms (0 skipped) in 31040.1s
Processed 173250 samples → 173250 spectrograms (0 skipped) in 31089.5s
Processed 173500 samples → 173500 spectrograms (0 skipped) in 31133.7s
Processed 173750 samples → 173750 spectrograms (0 skipped) in 31179.7s
Processed 174000 samples → 174000 spectrograms (0 skipped) in 31214.4s
Processed 174250 samples → 174250 spectrograms (0 skipped) in 31261.2s
Processed 174500 samples → 174500 spectrograms (0 skipped) in 31308.2s
Processed 174750 samples → 174750 spectrograms (0 skipped) in 31347.7s
Processed 175000 samples → 175000 spectrograms (0 skipped) in 31392.4s
Processed 175250 samples → 175250 spectrograms (0 skipped) in 31430.7s
Processed 175500 samples → 175500 spectrograms (0 skipped) in 31466.9s
Processed 175750 samples → 175750 spectrograms (0 skipped) in 31510.7s
Processed 176000 samples → 176000 spectrograms (0 skipped) in 31553.3s
Processed 176250 samples → 176250 spectrograms (0 skipped) in 31597.2s
Processed 176500 samples → 176500 spectrograms (0 skipped) in 31644.9s
Processed 176750 samples → 176750 spectrograms (0 skipped) in 31705.8s
Processed 177000 samples → 177000 spectrograms (0 skipped) in 31756.5s
Processed 177250 samples → 177250 spectrograms (0 skipped) in 31795.3s
Processed 177500 samples → 177500 spectrograms (0 skipped) in 31837.8s
Processed 177750 samples → 177750 spectrograms (0 skipped) in 31880.9s
Processed 178000 samples → 178000 spectrograms (0 skipped) in 31926.1s
Processed 178250 samples → 178250 spectrograms (0 skipped) in 31965.7s
Processed 178500 samples → 178500 spectrograms (0 skipped) in 32016.0s
Processed 178750 samples → 178750 spectrograms (0 skipped) in 32054.8s
Processed 179000 samples → 179000 spectrograms (0 skipped) in 32103.3s
Processed 179250 samples → 179250 spectrograms (0 skipped) in 32143.4s
Processed 179500 samples → 179500 spectrograms (0 skipped) in 32187.2s
Processed 179750 samples → 179750 spectrograms (0 skipped) in 32232.1s
Processed 180000 samples → 180000 spectrograms (0 skipped) in 32280.8s
Processed 180250 samples → 180250 spectrograms (0 skipped) in 32333.5s
Processed 180500 samples → 180500 spectrograms (0 skipped) in 32382.1s
Processed 180750 samples → 180750 spectrograms (0 skipped) in 32434.4s
Processed 181000 samples → 181000 spectrograms (0 skipped) in 32479.3s
Processed 181250 samples → 181250 spectrograms (0 skipped) in 32544.0s
Processed 181500 samples → 181500 spectrograms (0 skipped) in 32612.1s
Processed 181750 samples → 181750 spectrograms (0 skipped) in 32667.6s
Processed 182000 samples → 182000 spectrograms (0 skipped) in 32730.3s
Processed 182250 samples → 182250 spectrograms (0 skipped) in 32801.6s
Processed 182500 samples → 182500 spectrograms (0 skipped) in 32868.4s
Processed 182750 samples → 182750 spectrograms (0 skipped) in 32912.9s
Processed 183000 samples → 183000 spectrograms (0 skipped) in 32979.1s
Processed 183250 samples → 183250 spectrograms (0 skipped) in 33043.4s
Processed 183500 samples → 183500 spectrograms (0 skipped) in 33101.4s
Processed 183750 samples → 183750 spectrograms (0 skipped) in 33151.7s
Processed 184000 samples → 184000 spectrograms (0 skipped) in 33186.9s
Processed 184250 samples → 184250 spectrograms (0 skipped) in 33238.4s
Processed 184500 samples → 184500 spectrograms (0 skipped) in 33290.7s
Processed 184750 samples → 184750 spectrograms (0 skipped) in 33338.7s
Processed 185000 samples → 185000 spectrograms (0 skipped) in 33386.0s
Processed 185250 samples → 185250 spectrograms (0 skipped) in 33427.7s
Processed 185500 samples → 185500 spectrograms (0 skipped) in 33474.9s
Processed 185750 samples → 185750 spectrograms (0 skipped) in 33516.9s
Processed 186000 samples → 186000 spectrograms (0 skipped) in 33564.8s
Processed 186250 samples → 186250 spectrograms (0 skipped) in 33608.4s
Processed 186500 samples → 186500 spectrograms (0 skipped) in 33643.8s
Processed 186750 samples → 186750 spectrograms (0 skipped) in 33682.5s
Processed 187000 samples → 187000 spectrograms (0 skipped) in 33726.5s
Processed 187250 samples → 187250 spectrograms (0 skipped) in 33762.2s
Processed 187500 samples → 187500 spectrograms (0 skipped) in 33788.0s
Processed 187750 samples → 187750 spectrograms (0 skipped) in 33827.2s
Processed 188000 samples → 188000 spectrograms (0 skipped) in 33866.9s
Processed 188250 samples → 188250 spectrograms (0 skipped) in 33913.1s
Processed 188500 samples → 188500 spectrograms (0 skipped) in 33943.8s
Processed 188750 samples → 188750 spectrograms (0 skipped) in 33985.3s
Processed 189000 samples → 189000 spectrograms (0 skipped) in 34042.0s
Processed 189250 samples → 189250 spectrograms (0 skipped) in 34099.9s
Processed 189500 samples → 189500 spectrograms (0 skipped) in 34133.7s
Processed 189750 samples → 189750 spectrograms (0 skipped) in 34177.6s
Processed 190000 samples → 190000 spectrograms (0 skipped) in 34213.9s
Processed 190250 samples → 190250 spectrograms (0 skipped) in 34254.0s
Processed 190500 samples → 190500 spectrograms (0 skipped) in 34290.5s
Processed 190750 samples → 190750 spectrograms (0 skipped) in 34332.5s
Processed 191000 samples → 191000 spectrograms (0 skipped) in 34373.0s
Processed 191250 samples → 191250 spectrograms (0 skipped) in 34414.4s
Processed 191500 samples → 191500 spectrograms (0 skipped) in 34445.3s
Processed 191750 samples → 191750 spectrograms (0 skipped) in 34485.8s
Processed 192000 samples → 192000 spectrograms (0 skipped) in 34526.7s
Processed 192250 samples → 192250 spectrograms (0 skipped) in 34562.4s
Processed 192500 samples → 192500 spectrograms (0 skipped) in 34597.8s
Processed 192750 samples → 192750 spectrograms (0 skipped) in 34634.8s
Processed 193000 samples → 193000 spectrograms (0 skipped) in 34677.5s
Processed 193250 samples → 193250 spectrograms (0 skipped) in 34720.1s
Processed 193500 samples → 193500 spectrograms (0 skipped) in 34759.3s
Processed 193750 samples → 193750 spectrograms (0 skipped) in 34798.7s
Processed 194000 samples → 194000 spectrograms (0 skipped) in 34836.4s
Processed 194250 samples → 194250 spectrograms (0 skipped) in 34871.0s
Processed 194500 samples → 194500 spectrograms (0 skipped) in 34906.3s
Processed 194750 samples → 194750 spectrograms (0 skipped) in 34940.9s
Processed 195000 samples → 195000 spectrograms (0 skipped) in 34972.9s
Processed 195250 samples → 195250 spectrograms (0 skipped) in 35007.5s
Processed 195500 samples → 195500 spectrograms (0 skipped) in 35041.3s
Processed 195750 samples → 195750 spectrograms (0 skipped) in 35082.7s
Processed 196000 samples → 196000 spectrograms (0 skipped) in 35119.7s
Processed 196250 samples → 196250 spectrograms (0 skipped) in 35157.4s
Processed 196500 samples → 196500 spectrograms (0 skipped) in 35194.9s
Processed 196750 samples → 196750 spectrograms (0 skipped) in 35234.5s
Processed 197000 samples → 197000 spectrograms (0 skipped) in 35273.1s
Processed 197250 samples → 197250 spectrograms (0 skipped) in 35308.6s
Processed 197500 samples → 197500 spectrograms (0 skipped) in 35353.7s
Processed 197750 samples → 197750 spectrograms (0 skipped) in 35409.4s
Processed 198000 samples → 198000 spectrograms (0 skipped) in 35473.0s
Processed 198250 samples → 198250 spectrograms (0 skipped) in 35532.6s
Processed 198500 samples → 198500 spectrograms (0 skipped) in 35574.6s
Processed 198750 samples → 198750 spectrograms (0 skipped) in 35613.3s
Processed 199000 samples → 199000 spectrograms (0 skipped) in 35666.8s
Processed 199250 samples → 199250 spectrograms (0 skipped) in 35728.3s
Processed 199500 samples → 199500 spectrograms (0 skipped) in 35776.7s
Processed 199750 samples → 199750 spectrograms (0 skipped) in 35827.5s
Processed 200000 samples → 200000 spectrograms (0 skipped) in 35905.4s
Processed 200250 samples → 200250 spectrograms (0 skipped) in 35965.9s
Processed 200500 samples → 200500 spectrograms (0 skipped) in 36034.7s
Processed 200750 samples → 200750 spectrograms (0 skipped) in 36087.4s
Processed 201000 samples → 201000 spectrograms (0 skipped) in 36127.0s
Processed 201250 samples → 201250 spectrograms (0 skipped) in 36160.9s
Processed 201500 samples → 201500 spectrograms (0 skipped) in 36197.5s
Processed 201750 samples → 201750 spectrograms (0 skipped) in 36238.4s
Processed 202000 samples → 202000 spectrograms (0 skipped) in 36280.5s
Processed 202250 samples → 202250 spectrograms (0 skipped) in 36324.9s
Processed 202500 samples → 202500 spectrograms (0 skipped) in 36359.9s
Processed 202750 samples → 202750 spectrograms (0 skipped) in 36402.6s
Processed 203000 samples → 203000 spectrograms (0 skipped) in 36439.5s
Processed 203250 samples → 203250 spectrograms (0 skipped) in 36481.9s
Processed 203500 samples → 203500 spectrograms (0 skipped) in 36545.7s
Processed 203750 samples → 203750 spectrograms (0 skipped) in 36586.0s
Processed 204000 samples → 204000 spectrograms (0 skipped) in 36628.0s
Processed 204250 samples → 204250 spectrograms (0 skipped) in 36679.6s
Processed 204500 samples → 204500 spectrograms (0 skipped) in 36721.2s
Processed 204750 samples → 204750 spectrograms (0 skipped) in 36781.6s
Processed 205000 samples → 205000 spectrograms (0 skipped) in 36851.7s
Processed 205250 samples → 205250 spectrograms (0 skipped) in 36918.4s
Processed 205500 samples → 205500 spectrograms (0 skipped) in 36967.6s
Processed 205750 samples → 205750 spectrograms (0 skipped) in 37005.7s
Processed 206000 samples → 206000 spectrograms (0 skipped) in 37066.9s
Processed 206250 samples → 206250 spectrograms (0 skipped) in 37113.5s
Processed 206500 samples → 206500 spectrograms (0 skipped) in 37155.7s
Processed 206750 samples → 206750 spectrograms (0 skipped) in 37256.9s
Processed 207000 samples → 207000 spectrograms (0 skipped) in 37315.2s
Processed 207250 samples → 207250 spectrograms (0 skipped) in 37400.7s
Processed 207500 samples → 207500 spectrograms (0 skipped) in 37490.2s
Processed 207750 samples → 207750 spectrograms (0 skipped) in 37529.1s
Processed 208000 samples → 208000 spectrograms (0 skipped) in 37575.3s
Processed 208250 samples → 208250 spectrograms (0 skipped) in 37628.2s
Processed 208500 samples → 208500 spectrograms (0 skipped) in 37673.4s
Processed 208750 samples → 208750 spectrograms (0 skipped) in 37715.8s
Processed 209000 samples → 209000 spectrograms (0 skipped) in 37772.0s
Processed 209250 samples → 209250 spectrograms (0 skipped) in 37816.3s
Processed 209500 samples → 209500 spectrograms (0 skipped) in 37862.9s
Processed 209750 samples → 209750 spectrograms (0 skipped) in 37907.7s
Processed 210000 samples → 210000 spectrograms (0 skipped) in 37980.1s
Processed 210250 samples → 210250 spectrograms (0 skipped) in 38022.6s
Processed 210500 samples → 210500 spectrograms (0 skipped) in 38062.6s
Processed 210750 samples → 210750 spectrograms (0 skipped) in 38110.2s
Processed 211000 samples → 211000 spectrograms (0 skipped) in 38155.2s
Processed 211250 samples → 211250 spectrograms (0 skipped) in 38192.3s
Processed 211500 samples → 211500 spectrograms (0 skipped) in 38236.3s
Processed 211750 samples → 211750 spectrograms (0 skipped) in 38281.3s
Processed 212000 samples → 212000 spectrograms (0 skipped) in 38323.3s
Processed 212250 samples → 212250 spectrograms (0 skipped) in 38370.7s
Processed 212500 samples → 212500 spectrograms (0 skipped) in 38400.9s
Processed 212750 samples → 212750 spectrograms (0 skipped) in 38443.0s
Processed 213000 samples → 213000 spectrograms (0 skipped) in 38482.4s
Processed 213250 samples → 213250 spectrograms (0 skipped) in 38527.0s
Processed 213500 samples → 213500 spectrograms (0 skipped) in 38557.3s
Processed 213750 samples → 213750 spectrograms (0 skipped) in 38597.1s
Processed 214000 samples → 214000 spectrograms (0 skipped) in 38685.5s
Processed 214250 samples → 214250 spectrograms (0 skipped) in 38736.9s
Processed 214500 samples → 214500 spectrograms (0 skipped) in 38776.5s
Processed 214750 samples → 214750 spectrograms (0 skipped) in 38827.3s
Processed 215000 samples → 215000 spectrograms (0 skipped) in 38866.4s
Processed 215250 samples → 215250 spectrograms (0 skipped) in 38909.2s
Processed 215500 samples → 215500 spectrograms (0 skipped) in 38951.1s
Processed 215750 samples → 215750 spectrograms (0 skipped) in 38997.3s
Processed 216000 samples → 216000 spectrograms (0 skipped) in 39034.7s
Processed 216250 samples → 216250 spectrograms (0 skipped) in 39084.6s
Processed 216500 samples → 216500 spectrograms (0 skipped) in 39128.0s
Processed 216750 samples → 216750 spectrograms (0 skipped) in 39174.5s
Processed 217000 samples → 217000 spectrograms (0 skipped) in 39225.1s
Processed 217250 samples → 217250 spectrograms (0 skipped) in 39264.4s
Processed 217500 samples → 217500 spectrograms (0 skipped) in 39303.2s
Processed 217750 samples → 217750 spectrograms (0 skipped) in 39341.4s
Processed 218000 samples → 218000 spectrograms (0 skipped) in 39381.2s
Processed 218250 samples → 218250 spectrograms (0 skipped) in 39414.4s
Processed 218500 samples → 218500 spectrograms (0 skipped) in 39453.1s
Processed 218750 samples → 218750 spectrograms (0 skipped) in 39490.5s
Processed 219000 samples → 219000 spectrograms (0 skipped) in 39528.1s
Processed 219250 samples → 219250 spectrograms (0 skipped) in 39564.4s
Processed 219500 samples → 219500 spectrograms (0 skipped) in 39600.3s
Processed 219750 samples → 219750 spectrograms (0 skipped) in 39638.3s
Processed 220000 samples → 220000 spectrograms (0 skipped) in 39680.5s
Processed 220250 samples → 220250 spectrograms (0 skipped) in 39717.2s
Processed 220500 samples → 220500 spectrograms (0 skipped) in 39756.8s
Processed 220750 samples → 220750 spectrograms (0 skipped) in 39790.7s
Processed 221000 samples → 221000 spectrograms (0 skipped) in 39819.2s
Processed 221250 samples → 221250 spectrograms (0 skipped) in 39859.9s
Processed 221500 samples → 221500 spectrograms (0 skipped) in 39912.0s
Processed 221750 samples → 221750 spectrograms (0 skipped) in 39972.3s
Processed 222000 samples → 222000 spectrograms (0 skipped) in 40014.0s
Processed 222250 samples → 222250 spectrograms (0 skipped) in 40068.0s
Processed 222500 samples → 222500 spectrograms (0 skipped) in 40169.6s
Processed 222750 samples → 222750 spectrograms (0 skipped) in 40232.3s
Processed 223000 samples → 223000 spectrograms (0 skipped) in 40330.9s
Processed 223250 samples → 223250 spectrograms (0 skipped) in 40397.3s
Processed 223500 samples → 223500 spectrograms (0 skipped) in 40466.3s
Processed 223750 samples → 223750 spectrograms (0 skipped) in 40519.8s
Processed 224000 samples → 224000 spectrograms (0 skipped) in 40568.2s
Processed 224250 samples → 224250 spectrograms (0 skipped) in 40611.4s
Processed 224500 samples → 224500 spectrograms (0 skipped) in 40656.5s
Processed 224750 samples → 224750 spectrograms (0 skipped) in 40692.7s
Processed 225000 samples → 225000 spectrograms (0 skipped) in 40724.8s
Processed 225250 samples → 225250 spectrograms (0 skipped) in 40762.4s
Processed 225500 samples → 225500 spectrograms (0 skipped) in 40801.6s
Processed 225750 samples → 225750 spectrograms (0 skipped) in 40857.6s
Processed 226000 samples → 226000 spectrograms (0 skipped) in 40911.3s
Processed 226250 samples → 226250 spectrograms (0 skipped) in 40958.8s
Processed 226500 samples → 226500 spectrograms (0 skipped) in 41040.2s
Processed 226750 samples → 226750 spectrograms (0 skipped) in 41102.6s
Processed 227000 samples → 227000 spectrograms (0 skipped) in 41150.9s
Processed 227250 samples → 227250 spectrograms (0 skipped) in 41200.7s
Processed 227500 samples → 227500 spectrograms (0 skipped) in 41255.4s
Processed 227750 samples → 227750 spectrograms (0 skipped) in 41333.0s
Processed 228000 samples → 228000 spectrograms (0 skipped) in 41386.0s
Processed 228250 samples → 228250 spectrograms (0 skipped) in 41473.2s
Processed 228500 samples → 228500 spectrograms (0 skipped) in 41533.8s
Processed 228750 samples → 228750 spectrograms (0 skipped) in 41587.5s
Processed 229000 samples → 229000 spectrograms (0 skipped) in 41631.0s
Processed 229250 samples → 229250 spectrograms (0 skipped) in 41673.7s
Processed 229500 samples → 229500 spectrograms (0 skipped) in 41723.4s
Processed 229750 samples → 229750 spectrograms (0 skipped) in 41798.7s
Processed 230000 samples → 230000 spectrograms (0 skipped) in 41869.2s
Processed 230250 samples → 230250 spectrograms (0 skipped) in 41961.1s
Processed 230500 samples → 230500 spectrograms (0 skipped) in 42037.8s
Processed 230750 samples → 230750 spectrograms (0 skipped) in 42087.6s
Processed 231000 samples → 231000 spectrograms (0 skipped) in 42129.9s
Processed 231250 samples → 231250 spectrograms (0 skipped) in 42169.3s
Processed 231500 samples → 231500 spectrograms (0 skipped) in 42219.9s
Processed 231750 samples → 231750 spectrograms (0 skipped) in 42270.3s
Processed 232000 samples → 232000 spectrograms (0 skipped) in 42311.4s
Processed 232250 samples → 232250 spectrograms (0 skipped) in 42352.9s
Processed 232500 samples → 232500 spectrograms (0 skipped) in 42388.5s
Processed 232750 samples → 232750 spectrograms (0 skipped) in 42430.6s
Processed 233000 samples → 233000 spectrograms (0 skipped) in 42465.7s
Processed 233250 samples → 233250 spectrograms (0 skipped) in 42507.4s
Processed 233500 samples → 233500 spectrograms (0 skipped) in 42545.1s
Processed 233750 samples → 233750 spectrograms (0 skipped) in 42601.5s
Processed 234000 samples → 234000 spectrograms (0 skipped) in 42642.5s
Processed 234250 samples → 234250 spectrograms (0 skipped) in 42683.5s
Processed 234500 samples → 234500 spectrograms (0 skipped) in 42726.4s
Processed 234750 samples → 234750 spectrograms (0 skipped) in 42776.0s
Processed 235000 samples → 235000 spectrograms (0 skipped) in 42828.4s
Processed 235250 samples → 235250 spectrograms (0 skipped) in 42869.6s
Processed 235500 samples → 235500 spectrograms (0 skipped) in 42923.3s
Processed 235750 samples → 235750 spectrograms (0 skipped) in 42978.3s
Processed 236000 samples → 236000 spectrograms (0 skipped) in 43029.8s
Processed 236250 samples → 236250 spectrograms (0 skipped) in 43069.6s
Processed 236500 samples → 236500 spectrograms (0 skipped) in 43122.2s
Processed 236750 samples → 236750 spectrograms (0 skipped) in 43185.9s
Processed 237000 samples → 237000 spectrograms (0 skipped) in 43243.5s
Processed 237250 samples → 237250 spectrograms (0 skipped) in 43304.4s
Processed 237500 samples → 237500 spectrograms (0 skipped) in 43365.3s
Processed 237750 samples → 237750 spectrograms (0 skipped) in 43421.7s
Processed 238000 samples → 238000 spectrograms (0 skipped) in 43464.0s
Processed 238250 samples → 238250 spectrograms (0 skipped) in 43510.0s
Processed 238500 samples → 238500 spectrograms (0 skipped) in 43565.7s
Processed 238750 samples → 238750 spectrograms (0 skipped) in 43622.0s
Processed 239000 samples → 239000 spectrograms (0 skipped) in 43674.6s
Processed 239250 samples → 239250 spectrograms (0 skipped) in 43727.8s
Processed 239500 samples → 239500 spectrograms (0 skipped) in 43788.6s
Processed 239750 samples → 239750 spectrograms (0 skipped) in 43860.9s
Processed 240000 samples → 240000 spectrograms (0 skipped) in 43909.0s
Processed 240250 samples → 240250 spectrograms (0 skipped) in 43954.1s
Processed 240500 samples → 240500 spectrograms (0 skipped) in 43999.9s
Processed 240750 samples → 240750 spectrograms (0 skipped) in 44063.2s
Processed 241000 samples → 241000 spectrograms (0 skipped) in 44148.6s
Processed 241250 samples → 241250 spectrograms (0 skipped) in 44201.4s
Processed 241500 samples → 241500 spectrograms (0 skipped) in 44257.2s
Processed 241750 samples → 241750 spectrograms (0 skipped) in 44324.3s
Processed 242000 samples → 242000 spectrograms (0 skipped) in 44384.2s
Processed 242250 samples → 242250 spectrograms (0 skipped) in 44452.1s
Processed 242500 samples → 242500 spectrograms (0 skipped) in 44532.7s
Processed 242750 samples → 242750 spectrograms (0 skipped) in 44603.6s
Processed 243000 samples → 243000 spectrograms (0 skipped) in 44656.0s
Processed 243250 samples → 243250 spectrograms (0 skipped) in 44762.0s
Processed 243500 samples → 243500 spectrograms (0 skipped) in 44835.4s
Processed 243750 samples → 243750 spectrograms (0 skipped) in 44920.7s
Processed 244000 samples → 244000 spectrograms (0 skipped) in 44984.7s
Processed 244250 samples → 244250 spectrograms (0 skipped) in 45061.9s
Processed 244500 samples → 244500 spectrograms (0 skipped) in 45111.0s
Processed 244750 samples → 244750 spectrograms (0 skipped) in 45179.1s
Processed 245000 samples → 245000 spectrograms (0 skipped) in 45272.0s
Processed 245250 samples → 245250 spectrograms (0 skipped) in 45352.6s
Processed 245500 samples → 245500 spectrograms (0 skipped) in 45424.5s
Processed 245750 samples → 245750 spectrograms (0 skipped) in 45501.8s
Processed 246000 samples → 246000 spectrograms (0 skipped) in 45555.1s
Processed 246250 samples → 246250 spectrograms (0 skipped) in 45619.5s
Processed 246500 samples → 246500 spectrograms (0 skipped) in 45686.2s
Processed 246750 samples → 246750 spectrograms (0 skipped) in 45744.0s
Processed 247000 samples → 247000 spectrograms (0 skipped) in 45795.2s
Processed 247250 samples → 247250 spectrograms (0 skipped) in 45848.8s
Processed 247500 samples → 247500 spectrograms (0 skipped) in 45899.1s
Processed 247750 samples → 247750 spectrograms (0 skipped) in 45962.2s
Processed 248000 samples → 248000 spectrograms (0 skipped) in 46009.3s
Processed 248250 samples → 248250 spectrograms (0 skipped) in 46062.2s
Processed 248500 samples → 248500 spectrograms (0 skipped) in 46109.9s
Processed 248750 samples → 248750 spectrograms (0 skipped) in 46196.3s
Processed 249000 samples → 249000 spectrograms (0 skipped) in 46288.9s
Processed 249250 samples → 249250 spectrograms (0 skipped) in 46353.3s
Processed 249500 samples → 249500 spectrograms (0 skipped) in 46444.0s
Processed 249750 samples → 249750 spectrograms (0 skipped) in 46502.8s
Processed 250000 samples → 250000 spectrograms (0 skipped) in 46580.8s
Processed 250250 samples → 250250 spectrograms (0 skipped) in 46648.3s
Processed 250500 samples → 250500 spectrograms (0 skipped) in 46708.6s
Processed 250750 samples → 250750 spectrograms (0 skipped) in 46831.7s
Processed 251000 samples → 251000 spectrograms (0 skipped) in 46893.3s
Processed 251250 samples → 251250 spectrograms (0 skipped) in 46957.6s
Processed 251500 samples → 251500 spectrograms (0 skipped) in 47009.6s
Processed 251750 samples → 251750 spectrograms (0 skipped) in 47070.4s
Processed 252000 samples → 252000 spectrograms (0 skipped) in 47131.2s
Processed 252250 samples → 252250 spectrograms (0 skipped) in 47185.5s
Processed 252500 samples → 252500 spectrograms (0 skipped) in 47233.4s
Processed 252750 samples → 252750 spectrograms (0 skipped) in 47308.3s
Processed 253000 samples → 253000 spectrograms (0 skipped) in 47368.2s
Processed 253250 samples → 253250 spectrograms (0 skipped) in 47426.6s
Processed 253500 samples → 253500 spectrograms (0 skipped) in 47490.9s
Processed 253750 samples → 253750 spectrograms (0 skipped) in 47559.0s
Processed 254000 samples → 254000 spectrograms (0 skipped) in 47651.2s
Processed 254250 samples → 254250 spectrograms (0 skipped) in 47753.7s
Processed 254500 samples → 254500 spectrograms (0 skipped) in 47836.1s
Processed 254750 samples → 254750 spectrograms (0 skipped) in 47956.6s
Processed 255000 samples → 255000 spectrograms (0 skipped) in 48061.4s
Processed 255250 samples → 255250 spectrograms (0 skipped) in 48227.5s
Processed 255500 samples → 255500 spectrograms (0 skipped) in 48367.7s
Processed 255750 samples → 255750 spectrograms (0 skipped) in 48444.9s
Processed 256000 samples → 256000 spectrograms (0 skipped) in 48520.7s
Processed 256250 samples → 256250 spectrograms (0 skipped) in 48633.2s
Processed 256500 samples → 256500 spectrograms (0 skipped) in 48744.4s
Processed 256750 samples → 256750 spectrograms (0 skipped) in 48855.7s
Processed 257000 samples → 257000 spectrograms (0 skipped) in 48921.1s
Processed 257250 samples → 257250 spectrograms (0 skipped) in 48983.9s
Processed 257500 samples → 257500 spectrograms (0 skipped) in 49069.5s
Processed 257750 samples → 257750 spectrograms (0 skipped) in 49141.0s
Processed 258000 samples → 258000 spectrograms (0 skipped) in 49212.1s
Processed 258250 samples → 258250 spectrograms (0 skipped) in 49292.0s
Processed 258500 samples → 258500 spectrograms (0 skipped) in 49377.6s
Processed 258750 samples → 258750 spectrograms (0 skipped) in 49456.8s
Processed 259000 samples → 259000 spectrograms (0 skipped) in 49535.7s
Processed 259250 samples → 259250 spectrograms (0 skipped) in 49643.1s
Processed 259500 samples → 259500 spectrograms (0 skipped) in 49743.1s
Processed 259750 samples → 259750 spectrograms (0 skipped) in 49836.0s
Processed 260000 samples → 260000 spectrograms (0 skipped) in 49898.2s
Processed 260250 samples → 260250 spectrograms (0 skipped) in 49982.1s
Processed 260500 samples → 260500 spectrograms (0 skipped) in 50071.5s
Processed 260750 samples → 260750 spectrograms (0 skipped) in 50167.1s
Processed 261000 samples → 261000 spectrograms (0 skipped) in 50226.7s
Processed 261250 samples → 261250 spectrograms (0 skipped) in 50292.0s
Processed 261500 samples → 261500 spectrograms (0 skipped) in 50362.4s
Processed 261750 samples → 261750 spectrograms (0 skipped) in 50424.9s
Processed 262000 samples → 262000 spectrograms (0 skipped) in 50484.7s
Processed 262250 samples → 262250 spectrograms (0 skipped) in 50544.6s
Processed 262500 samples → 262500 spectrograms (0 skipped) in 50589.2s
Processed 262750 samples → 262750 spectrograms (0 skipped) in 50649.8s
Processed 263000 samples → 263000 spectrograms (0 skipped) in 50700.6s
Processed 263250 samples → 263250 spectrograms (0 skipped) in 50763.0s
Processed 263500 samples → 263500 spectrograms (0 skipped) in 50820.1s
Processed 263750 samples → 263750 spectrograms (0 skipped) in 50875.3s
Processed 264000 samples → 264000 spectrograms (0 skipped) in 50938.9s
Processed 264250 samples → 264250 spectrograms (0 skipped) in 51024.2s
Processed 264500 samples → 264500 spectrograms (0 skipped) in 51081.6s
Processed 264750 samples → 264750 spectrograms (0 skipped) in 51136.8s
Processed 265000 samples → 265000 spectrograms (0 skipped) in 51181.4s
Processed 265250 samples → 265250 spectrograms (0 skipped) in 51256.0s
Processed 265500 samples → 265500 spectrograms (0 skipped) in 51315.5s
Processed 265750 samples → 265750 spectrograms (0 skipped) in 51421.3s
Processed 266000 samples → 266000 spectrograms (0 skipped) in 51502.8s
Processed 266250 samples → 266250 spectrograms (0 skipped) in 51577.6s
Processed 266500 samples → 266500 spectrograms (0 skipped) in 51627.8s
Processed 266750 samples → 266750 spectrograms (0 skipped) in 51729.2s
Processed 267000 samples → 267000 spectrograms (0 skipped) in 51802.8s
Processed 267250 samples → 267250 spectrograms (0 skipped) in 51888.5s
Processed 267500 samples → 267500 spectrograms (0 skipped) in 51950.4s
Processed 267750 samples → 267750 spectrograms (0 skipped) in 52038.1s
Processed 268000 samples → 268000 spectrograms (0 skipped) in 52098.3s
Processed 268250 samples → 268250 spectrograms (0 skipped) in 52182.1s
Processed 268500 samples → 268500 spectrograms (0 skipped) in 52243.0s
Processed 268750 samples → 268750 spectrograms (0 skipped) in 52319.6s
Processed 269000 samples → 269000 spectrograms (0 skipped) in 52381.2s
Processed 269250 samples → 269250 spectrograms (0 skipped) in 52463.4s
Processed 269500 samples → 269500 spectrograms (0 skipped) in 52536.0s
Processed 269750 samples → 269750 spectrograms (0 skipped) in 52600.3s
Processed 270000 samples → 270000 spectrograms (0 skipped) in 52655.3s
Processed 270250 samples → 270250 spectrograms (0 skipped) in 52728.8s
Processed 270500 samples → 270500 spectrograms (0 skipped) in 52797.6s
Processed 270750 samples → 270750 spectrograms (0 skipped) in 52887.2s
Processed 271000 samples → 271000 spectrograms (0 skipped) in 52955.7s
Processed 271250 samples → 271250 spectrograms (0 skipped) in 53013.0s
Processed 271500 samples → 271500 spectrograms (0 skipped) in 53094.7s
Processed 271750 samples → 271750 spectrograms (0 skipped) in 53161.8s
Processed 272000 samples → 272000 spectrograms (0 skipped) in 53226.4s
Processed 272250 samples → 272250 spectrograms (0 skipped) in 53308.0s
Processed 272500 samples → 272500 spectrograms (0 skipped) in 53372.0s
Processed 272750 samples → 272750 spectrograms (0 skipped) in 53442.8s
Processed 273000 samples → 273000 spectrograms (0 skipped) in 53518.0s
Processed 273250 samples → 273250 spectrograms (0 skipped) in 53610.8s
Processed 273500 samples → 273500 spectrograms (0 skipped) in 53688.6s
Processed 273750 samples → 273750 spectrograms (0 skipped) in 53792.3s
Processed 274000 samples → 274000 spectrograms (0 skipped) in 53857.7s
Processed 274250 samples → 274250 spectrograms (0 skipped) in 53933.4s
Processed 274500 samples → 274500 spectrograms (0 skipped) in 54002.7s
Processed 274750 samples → 274750 spectrograms (0 skipped) in 54079.4s
Processed 275000 samples → 275000 spectrograms (0 skipped) in 54180.2s
Processed 275250 samples → 275250 spectrograms (0 skipped) in 54265.5s
Processed 275500 samples → 275500 spectrograms (0 skipped) in 54402.5s
Processed 275750 samples → 275750 spectrograms (0 skipped) in 54537.0s
Processed 276000 samples → 276000 spectrograms (0 skipped) in 54629.7s
Processed 276250 samples → 276250 spectrograms (0 skipped) in 54722.4s
Processed 276500 samples → 276500 spectrograms (0 skipped) in 54837.5s
Processed 276750 samples → 276750 spectrograms (0 skipped) in 54909.9s
Processed 277000 samples → 277000 spectrograms (0 skipped) in 54981.6s
Processed 277250 samples → 277250 spectrograms (0 skipped) in 55058.5s
Processed 277500 samples → 277500 spectrograms (0 skipped) in 55170.4s
Processed 277750 samples → 277750 spectrograms (0 skipped) in 55247.1s
Processed 278000 samples → 278000 spectrograms (0 skipped) in 55316.5s
Processed 278250 samples → 278250 spectrograms (0 skipped) in 55384.4s
Processed 278500 samples → 278500 spectrograms (0 skipped) in 55469.2s
Processed 278750 samples → 278750 spectrograms (0 skipped) in 55531.5s
Processed 279000 samples → 279000 spectrograms (0 skipped) in 55606.6s
Processed 279250 samples → 279250 spectrograms (0 skipped) in 55671.2s
Processed 279500 samples → 279500 spectrograms (0 skipped) in 55793.5s
Processed 279750 samples → 279750 spectrograms (0 skipped) in 55926.4s
Processed 280000 samples → 280000 spectrograms (0 skipped) in 56035.2s
Processed 280250 samples → 280250 spectrograms (0 skipped) in 56107.6s
Processed 280500 samples → 280500 spectrograms (0 skipped) in 56200.0s
Processed 280750 samples → 280750 spectrograms (0 skipped) in 56282.6s
Processed 281000 samples → 281000 spectrograms (0 skipped) in 56382.4s
Processed 281250 samples → 281250 spectrograms (0 skipped) in 56498.7s
Processed 281500 samples → 281500 spectrograms (0 skipped) in 56608.3s
Processed 281750 samples → 281750 spectrograms (0 skipped) in 56700.4s
Processed 282000 samples → 282000 spectrograms (0 skipped) in 56794.0s
Processed 282250 samples → 282250 spectrograms (0 skipped) in 56841.8s
Processed 282500 samples → 282500 spectrograms (0 skipped) in 56902.8s
Processed 282750 samples → 282750 spectrograms (0 skipped) in 56953.5s
Processed 283000 samples → 283000 spectrograms (0 skipped) in 57018.2s
Processed 283250 samples → 283250 spectrograms (0 skipped) in 57073.4s
Processed 283500 samples → 283500 spectrograms (0 skipped) in 57152.4s
Processed 283750 samples → 283750 spectrograms (0 skipped) in 57214.5s
Processed 284000 samples → 284000 spectrograms (0 skipped) in 57270.5s
Processed 284250 samples → 284250 spectrograms (0 skipped) in 57321.7s
Processed 284500 samples → 284500 spectrograms (0 skipped) in 57399.5s
Processed 284750 samples → 284750 spectrograms (0 skipped) in 57456.1s
Processed 285000 samples → 285000 spectrograms (0 skipped) in 57518.1s
Processed 285250 samples → 285250 spectrograms (0 skipped) in 57585.7s
Processed 285500 samples → 285500 spectrograms (0 skipped) in 57641.6s
Processed 285750 samples → 285750 spectrograms (0 skipped) in 57707.8s
Processed 286000 samples → 286000 spectrograms (0 skipped) in 57779.1s
Processed 286250 samples → 286250 spectrograms (0 skipped) in 57846.1s
Processed 286500 samples → 286500 spectrograms (0 skipped) in 57934.5s
Processed 286750 samples → 286750 spectrograms (0 skipped) in 57988.1s
Processed 287000 samples → 287000 spectrograms (0 skipped) in 58044.3s
Processed 287250 samples → 287250 spectrograms (0 skipped) in 58080.2s
Processed 287500 samples → 287500 spectrograms (0 skipped) in 58126.9s
Processed 287750 samples → 287750 spectrograms (0 skipped) in 58175.5s
Processed 288000 samples → 288000 spectrograms (0 skipped) in 58230.4s
Processed 288250 samples → 288250 spectrograms (0 skipped) in 58268.8s
Processed 288500 samples → 288500 spectrograms (0 skipped) in 58307.6s
Processed 288750 samples → 288750 spectrograms (0 skipped) in 58350.0s
Processed 289000 samples → 289000 spectrograms (0 skipped) in 58403.6s
Processed 289250 samples → 289250 spectrograms (0 skipped) in 58658.2s
Processed 289500 samples → 289500 spectrograms (0 skipped) in 58847.3s
Processed 289750 samples → 289750 spectrograms (0 skipped) in 58925.8s
Processed 290000 samples → 290000 spectrograms (0 skipped) in 58987.1s
Processed 290250 samples → 290250 spectrograms (0 skipped) in 59069.9s
Processed 290500 samples → 290500 spectrograms (0 skipped) in 59137.7s
Processed 290750 samples → 290750 spectrograms (0 skipped) in 59202.1s
Processed 291000 samples → 291000 spectrograms (0 skipped) in 59301.5s
Processed 291250 samples → 291250 spectrograms (0 skipped) in 59464.5s
Processed 291500 samples → 291500 spectrograms (0 skipped) in 59582.9s
Processed 291750 samples → 291750 spectrograms (0 skipped) in 59694.2s
Processed 292000 samples → 292000 spectrograms (0 skipped) in 59913.0s
Processed 292250 samples → 292250 spectrograms (0 skipped) in 60073.6s
Processed 292500 samples → 292500 spectrograms (0 skipped) in 60199.9s
Processed 292750 samples → 292750 spectrograms (0 skipped) in 60312.0s
Processed 293000 samples → 293000 spectrograms (0 skipped) in 60476.3s
Processed 293250 samples → 293250 spectrograms (0 skipped) in 60628.4s
Processed 293500 samples → 293500 spectrograms (0 skipped) in 60902.6s
Processed 293750 samples → 293750 spectrograms (0 skipped) in 60982.6s
Processed 294000 samples → 294000 spectrograms (0 skipped) in 61136.2s
Processed 294250 samples → 294250 spectrograms (0 skipped) in 61318.6s
Processed 294500 samples → 294500 spectrograms (0 skipped) in 61430.3s
Processed 294750 samples → 294750 spectrograms (0 skipped) in 61528.8s
Processed 295000 samples → 295000 spectrograms (0 skipped) in 61599.4s
Processed 295250 samples → 295250 spectrograms (0 skipped) in 61661.8s
Processed 295500 samples → 295500 spectrograms (0 skipped) in 61756.8s
Processed 295750 samples → 295750 spectrograms (0 skipped) in 61818.7s
Processed 296000 samples → 296000 spectrograms (0 skipped) in 61899.1s
Processed 296250 samples → 296250 spectrograms (0 skipped) in 61991.2s
Processed 296500 samples → 296500 spectrograms (0 skipped) in 62080.4s
Processed 296750 samples → 296750 spectrograms (0 skipped) in 62207.8s
Processed 297000 samples → 297000 spectrograms (0 skipped) in 62263.1s
Processed 297250 samples → 297250 spectrograms (0 skipped) in 62338.5s
Processed 297500 samples → 297500 spectrograms (0 skipped) in 62428.4s
Processed 297750 samples → 297750 spectrograms (0 skipped) in 62506.1s
Processed 298000 samples → 298000 spectrograms (0 skipped) in 62603.9s
Processed 298250 samples → 298250 spectrograms (0 skipped) in 62671.8s
Processed 298500 samples → 298500 spectrograms (0 skipped) in 62758.5s
Processed 298750 samples → 298750 spectrograms (0 skipped) in 62842.5s
Processed 299000 samples → 299000 spectrograms (0 skipped) in 62921.2s
Processed 299250 samples → 299250 spectrograms (0 skipped) in 62981.3s
Processed 299500 samples → 299500 spectrograms (0 skipped) in 63057.1s
Processed 299750 samples → 299750 spectrograms (0 skipped) in 63112.7s
Processed 300000 samples → 300000 spectrograms (0 skipped) in 63167.3s
Processed 300250 samples → 300250 spectrograms (0 skipped) in 63213.3s
Processed 300500 samples → 300500 spectrograms (0 skipped) in 63287.6s
Processed 300750 samples → 300750 spectrograms (0 skipped) in 63354.7s
Processed 301000 samples → 301000 spectrograms (0 skipped) in 63403.0s
Processed 301250 samples → 301250 spectrograms (0 skipped) in 63447.6s
Processed 301500 samples → 301500 spectrograms (0 skipped) in 63483.5s
Processed 301750 samples → 301750 spectrograms (0 skipped) in 63539.8s
Processed 302000 samples → 302000 spectrograms (0 skipped) in 63632.4s
Processed 302250 samples → 302250 spectrograms (0 skipped) in 63694.2s
Processed 302500 samples → 302500 spectrograms (0 skipped) in 63738.8s
Processed 302750 samples → 302750 spectrograms (0 skipped) in 63783.1s
Processed 303000 samples → 303000 spectrograms (0 skipped) in 63821.4s
Processed 303250 samples → 303250 spectrograms (0 skipped) in 63894.2s
Processed 303500 samples → 303500 spectrograms (0 skipped) in 63943.1s
Processed 303750 samples → 303750 spectrograms (0 skipped) in 63980.9s
Processed 304000 samples → 304000 spectrograms (0 skipped) in 64027.7s
Processed 304250 samples → 304250 spectrograms (0 skipped) in 64067.1s
Processed 304500 samples → 304500 spectrograms (0 skipped) in 64112.0s
Processed 304750 samples → 304750 spectrograms (0 skipped) in 64156.9s
Processed 305000 samples → 305000 spectrograms (0 skipped) in 64195.8s
Processed 305250 samples → 305250 spectrograms (0 skipped) in 64233.5s
Processed 305500 samples → 305500 spectrograms (0 skipped) in 64289.6s
Processed 305750 samples → 305750 spectrograms (0 skipped) in 64349.0s
Processed 306000 samples → 306000 spectrograms (0 skipped) in 64397.4s
Processed 306250 samples → 306250 spectrograms (0 skipped) in 64456.6s
Processed 306500 samples → 306500 spectrograms (0 skipped) in 64501.3s
Processed 306750 samples → 306750 spectrograms (0 skipped) in 64578.3s
Processed 307000 samples → 307000 spectrograms (0 skipped) in 64628.9s
Processed 307250 samples → 307250 spectrograms (0 skipped) in 64697.2s
Processed 307500 samples → 307500 spectrograms (0 skipped) in 64751.1s
Processed 307750 samples → 307750 spectrograms (0 skipped) in 64808.6s
Processed 308000 samples → 308000 spectrograms (0 skipped) in 64877.5s
Processed 308250 samples → 308250 spectrograms (0 skipped) in 64948.6s
Processed 308500 samples → 308500 spectrograms (0 skipped) in 65028.5s
Processed 308750 samples → 308750 spectrograms (0 skipped) in 65093.5s
Processed 309000 samples → 309000 spectrograms (0 skipped) in 65137.7s
Processed 309250 samples → 309250 spectrograms (0 skipped) in 65190.9s
Processed 309500 samples → 309500 spectrograms (0 skipped) in 65278.8s
Processed 309750 samples → 309750 spectrograms (0 skipped) in 65355.6s
Processed 310000 samples → 310000 spectrograms (0 skipped) in 65417.7s
Processed 310250 samples → 310250 spectrograms (0 skipped) in 65479.2s
Processed 310500 samples → 310500 spectrograms (0 skipped) in 65546.6s
Processed 310750 samples → 310750 spectrograms (0 skipped) in 65629.1s
Processed 311000 samples → 311000 spectrograms (0 skipped) in 65712.7s
Processed 311250 samples → 311250 spectrograms (0 skipped) in 65778.6s
Processed 311500 samples → 311500 spectrograms (0 skipped) in 65839.4s
Processed 311750 samples → 311750 spectrograms (0 skipped) in 65905.9s
Processed 312000 samples → 312000 spectrograms (0 skipped) in 65965.9s
Processed 312250 samples → 312250 spectrograms (0 skipped) in 66025.7s
Processed 312500 samples → 312500 spectrograms (0 skipped) in 66078.8s
Processed 312750 samples → 312750 spectrograms (0 skipped) in 66144.6s
Processed 313000 samples → 313000 spectrograms (0 skipped) in 66209.1s
Processed 313250 samples → 313250 spectrograms (0 skipped) in 66267.6s
Processed 313500 samples → 313500 spectrograms (0 skipped) in 66324.9s
Processed 313750 samples → 313750 spectrograms (0 skipped) in 66385.9s
Processed 314000 samples → 314000 spectrograms (0 skipped) in 66444.8s
Processed 314250 samples → 314250 spectrograms (0 skipped) in 66509.6s
Processed 314500 samples → 314500 spectrograms (0 skipped) in 66562.6s
Processed 314750 samples → 314750 spectrograms (0 skipped) in 66623.7s
Processed 315000 samples → 315000 spectrograms (0 skipped) in 66690.3s
Processed 315250 samples → 315250 spectrograms (0 skipped) in 66742.7s
Processed 315500 samples → 315500 spectrograms (0 skipped) in 66795.3s
Processed 315750 samples → 315750 spectrograms (0 skipped) in 66857.3s
Processed 316000 samples → 316000 spectrograms (0 skipped) in 66923.2s
Processed 316250 samples → 316250 spectrograms (0 skipped) in 66981.3s
Processed 316500 samples → 316500 spectrograms (0 skipped) in 67047.3s
Processed 316750 samples → 316750 spectrograms (0 skipped) in 67115.4s
Processed 317000 samples → 317000 spectrograms (0 skipped) in 67178.7s
Processed 317250 samples → 317250 spectrograms (0 skipped) in 67254.6s
Processed 317500 samples → 317500 spectrograms (0 skipped) in 67315.8s
Processed 317750 samples → 317750 spectrograms (0 skipped) in 67398.7s
Processed 318000 samples → 318000 spectrograms (0 skipped) in 67469.3s
Processed 318250 samples → 318250 spectrograms (0 skipped) in 67568.5s
Processed 318500 samples → 318500 spectrograms (0 skipped) in 67643.0s
Processed 318750 samples → 318750 spectrograms (0 skipped) in 67712.5s
Processed 319000 samples → 319000 spectrograms (0 skipped) in 67795.3s
Processed 319250 samples → 319250 spectrograms (0 skipped) in 67886.1s
Processed 319500 samples → 319500 spectrograms (0 skipped) in 68038.9s
Processed 319750 samples → 319750 spectrograms (0 skipped) in 68205.7s
Processed 320000 samples → 320000 spectrograms (0 skipped) in 68313.9s
Processed 320250 samples → 320250 spectrograms (0 skipped) in 68418.1s
Processed 320500 samples → 320500 spectrograms (0 skipped) in 68491.4s
Processed 320750 samples → 320750 spectrograms (0 skipped) in 68547.8s
Processed 321000 samples → 321000 spectrograms (0 skipped) in 68602.4s
Processed 321250 samples → 321250 spectrograms (0 skipped) in 68662.0s
Processed 321500 samples → 321500 spectrograms (0 skipped) in 68713.8s
Processed 321750 samples → 321750 spectrograms (0 skipped) in 68761.9s
Processed 322000 samples → 322000 spectrograms (0 skipped) in 68810.5s
Processed 322250 samples → 322250 spectrograms (0 skipped) in 68868.8s
Processed 322500 samples → 322500 spectrograms (0 skipped) in 68927.0s
Processed 322750 samples → 322750 spectrograms (0 skipped) in 68988.4s
Processed 323000 samples → 323000 spectrograms (0 skipped) in 69062.2s
Processed 323250 samples → 323250 spectrograms (0 skipped) in 69134.1s
Processed 323500 samples → 323500 spectrograms (0 skipped) in 69192.5s
Processed 323750 samples → 323750 spectrograms (0 skipped) in 69265.7s
Processed 324000 samples → 324000 spectrograms (0 skipped) in 69334.2s
Processed 324250 samples → 324250 spectrograms (0 skipped) in 69400.3s
Processed 324500 samples → 324500 spectrograms (0 skipped) in 69459.2s
Processed 324750 samples → 324750 spectrograms (0 skipped) in 69526.0s
Processed 325000 samples → 325000 spectrograms (0 skipped) in 69591.4s
Processed 325250 samples → 325250 spectrograms (0 skipped) in 69651.1s
Processed 325500 samples → 325500 spectrograms (0 skipped) in 69708.9s
Processed 325750 samples → 325750 spectrograms (0 skipped) in 69778.6s
Processed 326000 samples → 326000 spectrograms (0 skipped) in 69846.7s
Processed 326250 samples → 326250 spectrograms (0 skipped) in 69898.2s
Processed 326500 samples → 326500 spectrograms (0 skipped) in 69965.1s
Processed 326750 samples → 326750 spectrograms (0 skipped) in 70017.7s
Processed 327000 samples → 327000 spectrograms (0 skipped) in 70093.8s
Processed 327250 samples → 327250 spectrograms (0 skipped) in 70150.4s
Processed 327500 samples → 327500 spectrograms (0 skipped) in 70211.1s
Processed 327750 samples → 327750 spectrograms (0 skipped) in 70263.2s
Processed 328000 samples → 328000 spectrograms (0 skipped) in 70320.5s
Processed 328250 samples → 328250 spectrograms (0 skipped) in 70399.2s
Processed 328500 samples → 328500 spectrograms (0 skipped) in 70461.6s
Processed 328750 samples → 328750 spectrograms (0 skipped) in 70619.9s
Processed 329000 samples → 329000 spectrograms (0 skipped) in 70721.9s
Processed 329250 samples → 329250 spectrograms (0 skipped) in 70788.6s
Processed 329500 samples → 329500 spectrograms (0 skipped) in 70878.5s
Processed 329750 samples → 329750 spectrograms (0 skipped) in 70974.2s
Processed 330000 samples → 330000 spectrograms (0 skipped) in 71130.3s
Processed 330250 samples → 330250 spectrograms (0 skipped) in 71230.5s
Processed 330500 samples → 330500 spectrograms (0 skipped) in 71339.8s
Processed 330750 samples → 330750 spectrograms (0 skipped) in 71486.5s
Processed 331000 samples → 331000 spectrograms (0 skipped) in 71558.5s
Processed 331250 samples → 331250 spectrograms (0 skipped) in 71624.9s
Processed 331500 samples → 331500 spectrograms (0 skipped) in 71723.1s
Processed 331750 samples → 331750 spectrograms (0 skipped) in 71790.5s
Processed 332000 samples → 332000 spectrograms (0 skipped) in 72041.6s
Processed 332250 samples → 332250 spectrograms (0 skipped) in 72238.6s
Processed 332500 samples → 332500 spectrograms (0 skipped) in 72365.1s
Processed 332750 samples → 332750 spectrograms (0 skipped) in 72505.5s
Processed 333000 samples → 333000 spectrograms (0 skipped) in 72590.2s
Processed 333250 samples → 333250 spectrograms (0 skipped) in 72747.0s
Processed 333500 samples → 333500 spectrograms (0 skipped) in 72846.2s
Processed 333750 samples → 333750 spectrograms (0 skipped) in 72962.6s
Processed 334000 samples → 334000 spectrograms (0 skipped) in 73049.8s
Processed 334250 samples → 334250 spectrograms (0 skipped) in 73136.9s
Processed 334500 samples → 334500 spectrograms (0 skipped) in 73372.4s
Processed 334750 samples → 334750 spectrograms (0 skipped) in 73636.2s
Processed 335000 samples → 335000 spectrograms (0 skipped) in 73745.7s
Processed 335250 samples → 335250 spectrograms (0 skipped) in 73916.4s
Processed 335500 samples → 335500 spectrograms (0 skipped) in 74065.1s
Processed 335750 samples → 335750 spectrograms (0 skipped) in 74165.7s
Processed 336000 samples → 336000 spectrograms (0 skipped) in 74248.9s
Processed 336250 samples → 336250 spectrograms (0 skipped) in 74313.7s
Processed 336500 samples → 336500 spectrograms (0 skipped) in 74421.3s
Processed 336750 samples → 336750 spectrograms (0 skipped) in 74515.6s
Processed 337000 samples → 337000 spectrograms (0 skipped) in 74632.0s
Processed 337250 samples → 337250 spectrograms (0 skipped) in 74772.0s
Processed 337500 samples → 337500 spectrograms (0 skipped) in 74943.6s
Processed 337750 samples → 337750 spectrograms (0 skipped) in 75049.4s
Processed 338000 samples → 338000 spectrograms (0 skipped) in 75135.5s
Processed 338250 samples → 338250 spectrograms (0 skipped) in 75262.9s
Processed 338500 samples → 338500 spectrograms (0 skipped) in 75350.0s
Processed 338750 samples → 338750 spectrograms (0 skipped) in 75508.7s
Processed 339000 samples → 339000 spectrograms (0 skipped) in 75653.4s
Processed 339250 samples → 339250 spectrograms (0 skipped) in 75774.2s
Processed 339500 samples → 339500 spectrograms (0 skipped) in 75850.7s
Processed 339750 samples → 339750 spectrograms (0 skipped) in 75929.3s
Processed 340000 samples → 340000 spectrograms (0 skipped) in 75988.2s
Processed 340250 samples → 340250 spectrograms (0 skipped) in 76044.4s
Processed 340500 samples → 340500 spectrograms (0 skipped) in 76117.1s
Processed 340750 samples → 340750 spectrograms (0 skipped) in 76171.2s
Processed 341000 samples → 341000 spectrograms (0 skipped) in 76223.9s
Processed 341250 samples → 341250 spectrograms (0 skipped) in 76275.3s
Processed 341500 samples → 341500 spectrograms (0 skipped) in 76333.0s
Processed 341750 samples → 341750 spectrograms (0 skipped) in 76384.0s
Processed 342000 samples → 342000 spectrograms (0 skipped) in 76432.3s
Processed 342250 samples → 342250 spectrograms (0 skipped) in 76517.3s
Processed 342500 samples → 342500 spectrograms (0 skipped) in 76588.8s
Processed 342750 samples → 342750 spectrograms (0 skipped) in 76665.8s
Processed 343000 samples → 343000 spectrograms (0 skipped) in 76765.8s
Processed 343250 samples → 343250 spectrograms (0 skipped) in 76855.4s
Processed 343500 samples → 343500 spectrograms (0 skipped) in 76909.4s
Processed 343750 samples → 343750 spectrograms (0 skipped) in 76999.6s
Processed 344000 samples → 344000 spectrograms (0 skipped) in 77127.8s
Processed 344250 samples → 344250 spectrograms (0 skipped) in 77196.7s
Processed 344500 samples → 344500 spectrograms (0 skipped) in 77306.9s
Processed 344750 samples → 344750 spectrograms (0 skipped) in 77417.7s
Processed 345000 samples → 345000 spectrograms (0 skipped) in 77575.2s
Processed 345250 samples → 345250 spectrograms (0 skipped) in 77633.3s
Processed 345500 samples → 345500 spectrograms (0 skipped) in 77688.4s
Processed 345750 samples → 345750 spectrograms (0 skipped) in 77735.1s
Processed 346000 samples → 346000 spectrograms (0 skipped) in 77820.7s
Processed 346250 samples → 346250 spectrograms (0 skipped) in 77879.9s
Processed 346500 samples → 346500 spectrograms (0 skipped) in 77927.5s
Processed 346750 samples → 346750 spectrograms (0 skipped) in 77974.8s
Processed 347000 samples → 347000 spectrograms (0 skipped) in 78017.8s
Processed 347250 samples → 347250 spectrograms (0 skipped) in 78077.3s
Processed 347500 samples → 347500 spectrograms (0 skipped) in 78154.5s
Processed 347750 samples → 347750 spectrograms (0 skipped) in 78211.5s
Processed 348000 samples → 348000 spectrograms (0 skipped) in 78295.0s
Processed 348250 samples → 348250 spectrograms (0 skipped) in 78348.6s
Processed 348500 samples → 348500 spectrograms (0 skipped) in 78448.9s
Processed 348750 samples → 348750 spectrograms (0 skipped) in 78543.5s
Processed 349000 samples → 349000 spectrograms (0 skipped) in 78617.8s
Processed 349250 samples → 349250 spectrograms (0 skipped) in 78699.5s
Processed 349500 samples → 349500 spectrograms (0 skipped) in 78793.1s
Processed 349750 samples → 349750 spectrograms (0 skipped) in 78887.2s
Processed 350000 samples → 350000 spectrograms (0 skipped) in 78957.3s
Processed 350250 samples → 350250 spectrograms (0 skipped) in 79049.2s
Processed 350500 samples → 350500 spectrograms (0 skipped) in 79134.8s
Processed 350750 samples → 350750 spectrograms (0 skipped) in 79242.0s
Processed 351000 samples → 351000 spectrograms (0 skipped) in 79320.9s
Processed 351250 samples → 351250 spectrograms (0 skipped) in 79395.9s
Processed 351500 samples → 351500 spectrograms (0 skipped) in 79485.7s
Processed 351750 samples → 351750 spectrograms (0 skipped) in 79534.1s
Processed 352000 samples → 352000 spectrograms (0 skipped) in 79610.8s
Processed 352250 samples → 352250 spectrograms (0 skipped) in 79647.4s
Processed 352500 samples → 352500 spectrograms (0 skipped) in 79718.9s
Processed 352750 samples → 352750 spectrograms (0 skipped) in 79792.5s
Processed 353000 samples → 353000 spectrograms (0 skipped) in 79868.2s
Processed 353250 samples → 353250 spectrograms (0 skipped) in 79929.6s
Processed 353500 samples → 353500 spectrograms (0 skipped) in 79995.0s
Processed 353750 samples → 353750 spectrograms (0 skipped) in 80042.0s
Processed 354000 samples → 354000 spectrograms (0 skipped) in 80098.5s
Processed 354250 samples → 354250 spectrograms (0 skipped) in 80164.1s
Processed 354500 samples → 354500 spectrograms (0 skipped) in 80229.8s
Processed 354750 samples → 354750 spectrograms (0 skipped) in 80310.1s
Processed 355000 samples → 355000 spectrograms (0 skipped) in 80372.7s
Processed 355250 samples → 355250 spectrograms (0 skipped) in 80427.8s
Processed 355500 samples → 355500 spectrograms (0 skipped) in 80501.7s
Processed 355750 samples → 355750 spectrograms (0 skipped) in 80663.2s
Processed 356000 samples → 356000 spectrograms (0 skipped) in 80866.2s
Processed 356250 samples → 356250 spectrograms (0 skipped) in 80970.8s
Processed 356500 samples → 356500 spectrograms (0 skipped) in 81104.0s
Processed 356750 samples → 356750 spectrograms (0 skipped) in 81192.2s
Processed 357000 samples → 357000 spectrograms (0 skipped) in 81287.1s
Processed 357250 samples → 357250 spectrograms (0 skipped) in 81393.7s
Processed 357500 samples → 357500 spectrograms (0 skipped) in 81469.8s
Processed 357750 samples → 357750 spectrograms (0 skipped) in 81527.0s
Processed 358000 samples → 358000 spectrograms (0 skipped) in 81599.3s
Processed 358250 samples → 358250 spectrograms (0 skipped) in 81662.6s
Processed 358500 samples → 358500 spectrograms (0 skipped) in 81730.4s
Processed 358750 samples → 358750 spectrograms (0 skipped) in 81786.5s
Processed 359000 samples → 359000 spectrograms (0 skipped) in 81877.8s
Processed 359250 samples → 359250 spectrograms (0 skipped) in 81947.5s
Processed 359500 samples → 359500 spectrograms (0 skipped) in 82015.1s
Processed 359750 samples → 359750 spectrograms (0 skipped) in 82068.6s
Processed 360000 samples → 360000 spectrograms (0 skipped) in 82130.3s
Processed 360250 samples → 360250 spectrograms (0 skipped) in 82179.7s
Processed 360500 samples → 360500 spectrograms (0 skipped) in 82257.1s
Processed 360750 samples → 360750 spectrograms (0 skipped) in 82317.6s
Processed 361000 samples → 361000 spectrograms (0 skipped) in 82406.1s
Processed 361250 samples → 361250 spectrograms (0 skipped) in 82501.2s
Processed 361500 samples → 361500 spectrograms (0 skipped) in 82619.2s
Processed 361750 samples → 361750 spectrograms (0 skipped) in 82699.4s
Processed 362000 samples → 362000 spectrograms (0 skipped) in 82811.5s
Processed 362250 samples → 362250 spectrograms (0 skipped) in 82898.8s
Processed 362500 samples → 362500 spectrograms (0 skipped) in 82983.7s
Processed 362750 samples → 362750 spectrograms (0 skipped) in 83040.9s
Processed 363000 samples → 363000 spectrograms (0 skipped) in 83113.9s
Processed 363250 samples → 363250 spectrograms (0 skipped) in 83156.6s
Processed 363500 samples → 363500 spectrograms (0 skipped) in 83290.1s
Processed 363750 samples → 363750 spectrograms (0 skipped) in 83358.2s
Processed 364000 samples → 364000 spectrograms (0 skipped) in 83437.5s
Processed 364250 samples → 364250 spectrograms (0 skipped) in 83501.6s
Processed 364500 samples → 364500 spectrograms (0 skipped) in 83568.8s
Processed 364750 samples → 364750 spectrograms (0 skipped) in 83626.1s
Processed 365000 samples → 365000 spectrograms (0 skipped) in 83664.8s
Processed 365250 samples → 365250 spectrograms (0 skipped) in 83697.7s
Processed 365500 samples → 365500 spectrograms (0 skipped) in 83741.9s
Processed 365750 samples → 365750 spectrograms (0 skipped) in 83779.6s
Processed 366000 samples → 366000 spectrograms (0 skipped) in 83826.4s
Processed 366250 samples → 366250 spectrograms (0 skipped) in 83885.8s
Processed 366500 samples → 366500 spectrograms (0 skipped) in 83933.5s
Processed 366750 samples → 366750 spectrograms (0 skipped) in 84009.6s
Processed 367000 samples → 367000 spectrograms (0 skipped) in 84078.8s
Processed 367250 samples → 367250 spectrograms (0 skipped) in 84139.0s
Processed 367500 samples → 367500 spectrograms (0 skipped) in 84201.2s
Processed 367750 samples → 367750 spectrograms (0 skipped) in 84275.2s
Processed 368000 samples → 368000 spectrograms (0 skipped) in 84336.2s
Processed 368250 samples → 368250 spectrograms (0 skipped) in 84391.4s
Processed 368500 samples → 368500 spectrograms (0 skipped) in 84459.2s
Processed 368750 samples → 368750 spectrograms (0 skipped) in 84530.1s
Processed 369000 samples → 369000 spectrograms (0 skipped) in 84608.6s
Processed 369250 samples → 369250 spectrograms (0 skipped) in 84692.3s
Processed 369500 samples → 369500 spectrograms (0 skipped) in 84755.6s
Processed 369750 samples → 369750 spectrograms (0 skipped) in 84829.4s
Processed 370000 samples → 370000 spectrograms (0 skipped) in 84874.9s
Processed 370250 samples → 370250 spectrograms (0 skipped) in 84924.9s
Processed 370500 samples → 370500 spectrograms (0 skipped) in 84980.8s
Processed 370750 samples → 370750 spectrograms (0 skipped) in 85036.7s
Processed 371000 samples → 371000 spectrograms (0 skipped) in 85104.8s
Processed 371250 samples → 371250 spectrograms (0 skipped) in 85149.9s
Processed 371500 samples → 371500 spectrograms (0 skipped) in 85219.5s
Processed 371750 samples → 371750 spectrograms (0 skipped) in 85278.3s
Processed 372000 samples → 372000 spectrograms (0 skipped) in 85344.1s
Processed 372250 samples → 372250 spectrograms (0 skipped) in 85398.2s
Processed 372500 samples → 372500 spectrograms (0 skipped) in 85438.5s
Processed 372750 samples → 372750 spectrograms (0 skipped) in 85489.5s
Processed 373000 samples → 373000 spectrograms (0 skipped) in 85544.0s
Processed 373250 samples → 373250 spectrograms (0 skipped) in 85601.0s
Processed 373500 samples → 373500 spectrograms (0 skipped) in 85647.9s
Processed 373750 samples → 373750 spectrograms (0 skipped) in 85708.8s
Processed 374000 samples → 374000 spectrograms (0 skipped) in 85765.7s
Processed 374250 samples → 374250 spectrograms (0 skipped) in 85817.1s
Processed 374500 samples → 374500 spectrograms (0 skipped) in 85871.6s
Processed 374750 samples → 374750 spectrograms (0 skipped) in 85935.6s
Processed 375000 samples → 375000 spectrograms (0 skipped) in 85983.9s
Processed 375250 samples → 375250 spectrograms (0 skipped) in 86057.0s
Processed 375500 samples → 375500 spectrograms (0 skipped) in 86132.4s
Processed 375750 samples → 375750 spectrograms (0 skipped) in 86192.7s
Processed 376000 samples → 376000 spectrograms (0 skipped) in 86253.4s
Processed 376250 samples → 376250 spectrograms (0 skipped) in 86299.8s
Processed 376500 samples → 376500 spectrograms (0 skipped) in 86348.1s
Processed 376750 samples → 376750 spectrograms (0 skipped) in 86413.9s
Processed 377000 samples → 377000 spectrograms (0 skipped) in 86465.2s
Processed 377250 samples → 377250 spectrograms (0 skipped) in 86517.7s
Processed 377500 samples → 377500 spectrograms (0 skipped) in 86566.7s
Processed 377750 samples → 377750 spectrograms (0 skipped) in 86622.9s
Processed 378000 samples → 378000 spectrograms (0 skipped) in 86682.7s
Processed 378250 samples → 378250 spectrograms (0 skipped) in 86756.4s
Processed 378500 samples → 378500 spectrograms (0 skipped) in 86800.3s
Processed 378750 samples → 378750 spectrograms (0 skipped) in 86877.7s
Processed 379000 samples → 379000 spectrograms (0 skipped) in 86920.5s
Processed 379250 samples → 379250 spectrograms (0 skipped) in 86984.5s
Processed 379500 samples → 379500 spectrograms (0 skipped) in 87117.3s
Processed 379750 samples → 379750 spectrograms (0 skipped) in 87266.1s
Processed 380000 samples → 380000 spectrograms (0 skipped) in 87474.1s
Processed 380250 samples → 380250 spectrograms (0 skipped) in 87641.3s
Processed 380500 samples → 380500 spectrograms (0 skipped) in 87790.4s
Processed 380750 samples → 380750 spectrograms (0 skipped) in 87910.4s
Processed 381000 samples → 381000 spectrograms (0 skipped) in 88062.3s
Processed 381250 samples → 381250 spectrograms (0 skipped) in 88149.1s
Processed 381500 samples → 381500 spectrograms (0 skipped) in 88268.9s
Processed 381750 samples → 381750 spectrograms (0 skipped) in 88355.9s
Processed 382000 samples → 382000 spectrograms (0 skipped) in 88497.1s
Processed 382250 samples → 382250 spectrograms (0 skipped) in 88607.4s
Processed 382500 samples → 382500 spectrograms (0 skipped) in 88714.2s
Processed 382750 samples → 382750 spectrograms (0 skipped) in 88883.1s
Processed 383000 samples → 383000 spectrograms (0 skipped) in 89077.9s
Processed 383250 samples → 383250 spectrograms (0 skipped) in 89275.2s
Processed 383500 samples → 383500 spectrograms (0 skipped) in 89361.2s
Processed 383750 samples → 383750 spectrograms (0 skipped) in 89425.8s
Processed 384000 samples → 384000 spectrograms (0 skipped) in 89476.2s
Processed 384250 samples → 384250 spectrograms (0 skipped) in 89537.3s
Processed 384500 samples → 384500 spectrograms (0 skipped) in 89592.9s
Processed 384750 samples → 384750 spectrograms (0 skipped) in 89672.4s
Processed 385000 samples → 385000 spectrograms (0 skipped) in 89750.5s
Processed 385250 samples → 385250 spectrograms (0 skipped) in 89799.9s
Processed 385500 samples → 385500 spectrograms (0 skipped) in 89859.6s
Processed 385750 samples → 385750 spectrograms (0 skipped) in 89939.0s
Processed 386000 samples → 386000 spectrograms (0 skipped) in 90026.9s
Processed 386250 samples → 386250 spectrograms (0 skipped) in 90111.0s
Processed 386500 samples → 386500 spectrograms (0 skipped) in 90178.2s
Processed 386750 samples → 386750 spectrograms (0 skipped) in 90238.3s
Processed 387000 samples → 387000 spectrograms (0 skipped) in 90312.3s
Processed 387250 samples → 387250 spectrograms (0 skipped) in 90369.6s
Processed 387500 samples → 387500 spectrograms (0 skipped) in 90418.4s
Processed 387750 samples → 387750 spectrograms (0 skipped) in 90476.9s
Processed 388000 samples → 388000 spectrograms (0 skipped) in 90529.7s
Processed 388250 samples → 388250 spectrograms (0 skipped) in 90570.6s
Processed 388500 samples → 388500 spectrograms (0 skipped) in 90603.8s
Processed 388750 samples → 388750 spectrograms (0 skipped) in 90665.0s
Processed 389000 samples → 389000 spectrograms (0 skipped) in 90724.5s
Processed 389250 samples → 389250 spectrograms (0 skipped) in 90775.5s
Processed 389500 samples → 389500 spectrograms (0 skipped) in 90852.1s
Processed 389750 samples → 389750 spectrograms (0 skipped) in 90913.1s
Processed 390000 samples → 390000 spectrograms (0 skipped) in 90982.6s
Processed 390250 samples → 390250 spectrograms (0 skipped) in 91059.8s
Processed 390500 samples → 390500 spectrograms (0 skipped) in 91128.5s
Processed 390750 samples → 390750 spectrograms (0 skipped) in 91208.0s
Processed 391000 samples → 391000 spectrograms (0 skipped) in 91274.3s
Processed 391250 samples → 391250 spectrograms (0 skipped) in 91440.1s
Processed 391500 samples → 391500 spectrograms (0 skipped) in 91531.5s
Processed 391750 samples → 391750 spectrograms (0 skipped) in 91609.6s
Processed 392000 samples → 392000 spectrograms (0 skipped) in 91716.9s
Processed 392250 samples → 392250 spectrograms (0 skipped) in 91851.4s
Processed 392500 samples → 392500 spectrograms (0 skipped) in 91981.0s
Processed 392750 samples → 392750 spectrograms (0 skipped) in 92091.8s
Processed 393000 samples → 393000 spectrograms (0 skipped) in 92172.5s
Processed 393250 samples → 393250 spectrograms (0 skipped) in 92247.4s
Processed 393500 samples → 393500 spectrograms (0 skipped) in 92317.0s
Processed 393750 samples → 393750 spectrograms (0 skipped) in 92395.2s
Processed 394000 samples → 394000 spectrograms (0 skipped) in 92459.9s
Processed 394250 samples → 394250 spectrograms (0 skipped) in 92525.5s
Processed 394500 samples → 394500 spectrograms (0 skipped) in 92605.6s
Processed 394750 samples → 394750 spectrograms (0 skipped) in 92687.8s
Processed 395000 samples → 395000 spectrograms (0 skipped) in 92742.4s
Processed 395250 samples → 395250 spectrograms (0 skipped) in 92831.4s
Processed 395500 samples → 395500 spectrograms (0 skipped) in 92908.5s
Processed 395750 samples → 395750 spectrograms (0 skipped) in 92998.9s
Processed 396000 samples → 396000 spectrograms (0 skipped) in 93079.3s
Processed 396250 samples → 396250 spectrograms (0 skipped) in 93148.2s
Processed 396500 samples → 396500 spectrograms (0 skipped) in 93247.9s
Processed 396750 samples → 396750 spectrograms (0 skipped) in 93314.5s
Processed 397000 samples → 397000 spectrograms (0 skipped) in 93386.9s
Processed 397250 samples → 397250 spectrograms (0 skipped) in 93449.7s
Processed 397500 samples → 397500 spectrograms (0 skipped) in 93513.2s
Processed 397750 samples → 397750 spectrograms (0 skipped) in 93575.8s
Processed 398000 samples → 398000 spectrograms (0 skipped) in 93628.2s
Processed 398250 samples → 398250 spectrograms (0 skipped) in 93686.8s
Processed 398500 samples → 398500 spectrograms (0 skipped) in 93796.8s
Processed 398750 samples → 398750 spectrograms (0 skipped) in 93876.3s
Processed 399000 samples → 399000 spectrograms (0 skipped) in 93958.3s
Processed 399250 samples → 399250 spectrograms (0 skipped) in 94036.1s
Processed 399500 samples → 399500 spectrograms (0 skipped) in 94106.6s
Processed 399750 samples → 399750 spectrograms (0 skipped) in 94165.2s
Processed 400000 samples → 400000 spectrograms (0 skipped) in 94226.9s
Processed 400250 samples → 400250 spectrograms (0 skipped) in 94307.2s
Processed 400500 samples → 400500 spectrograms (0 skipped) in 94372.4s
Processed 400750 samples → 400750 spectrograms (0 skipped) in 94433.7s
Processed 401000 samples → 401000 spectrograms (0 skipped) in 94531.6s
Processed 401250 samples → 401250 spectrograms (0 skipped) in 94602.8s
Processed 401500 samples → 401500 spectrograms (0 skipped) in 94689.0s
Processed 401750 samples → 401750 spectrograms (0 skipped) in 94751.1s
Processed 402000 samples → 402000 spectrograms (0 skipped) in 94869.5s
Processed 402250 samples → 402250 spectrograms (0 skipped) in 94958.1s
Processed 402500 samples → 402500 spectrograms (0 skipped) in 95017.8s
Processed 402750 samples → 402750 spectrograms (0 skipped) in 95078.7s
Processed 403000 samples → 403000 spectrograms (0 skipped) in 95187.7s
Processed 403250 samples → 403250 spectrograms (0 skipped) in 95240.8s
Processed 403500 samples → 403500 spectrograms (0 skipped) in 95315.6s
Processed 403750 samples → 403750 spectrograms (0 skipped) in 95377.7s
Processed 404000 samples → 404000 spectrograms (0 skipped) in 95440.1s
Processed 404250 samples → 404250 spectrograms (0 skipped) in 95483.7s
Processed 404500 samples → 404500 spectrograms (0 skipped) in 95550.8s
Processed 404750 samples → 404750 spectrograms (0 skipped) in 95595.5s
Processed 405000 samples → 405000 spectrograms (0 skipped) in 95650.4s
Processed 405250 samples → 405250 spectrograms (0 skipped) in 95708.8s
Processed 405500 samples → 405500 spectrograms (0 skipped) in 95749.8s
Processed 405750 samples → 405750 spectrograms (0 skipped) in 95816.7s
Processed 406000 samples → 406000 spectrograms (0 skipped) in 95895.6s
Processed 406250 samples → 406250 spectrograms (0 skipped) in 95971.1s
Processed 406500 samples → 406500 spectrograms (0 skipped) in 96029.4s
Processed 406750 samples → 406750 spectrograms (0 skipped) in 96100.5s
Processed 407000 samples → 407000 spectrograms (0 skipped) in 96164.5s
Processed 407250 samples → 407250 spectrograms (0 skipped) in 96247.2s
Processed 407500 samples → 407500 spectrograms (0 skipped) in 96318.6s
Processed 407750 samples → 407750 spectrograms (0 skipped) in 96394.9s
Processed 408000 samples → 408000 spectrograms (0 skipped) in 96499.3s
Processed 408250 samples → 408250 spectrograms (0 skipped) in 96589.8s
Processed 408500 samples → 408500 spectrograms (0 skipped) in 96689.8s
Processed 408750 samples → 408750 spectrograms (0 skipped) in 96741.5s
Processed 409000 samples → 409000 spectrograms (0 skipped) in 96817.0s
Processed 409250 samples → 409250 spectrograms (0 skipped) in 96879.0s
Processed 409500 samples → 409500 spectrograms (0 skipped) in 96975.3s
Processed 409750 samples → 409750 spectrograms (0 skipped) in 97033.1s
Processed 410000 samples → 410000 spectrograms (0 skipped) in 97133.9s
Processed 410250 samples → 410250 spectrograms (0 skipped) in 97188.5s
Processed 410500 samples → 410500 spectrograms (0 skipped) in 97279.3s
Processed 410750 samples → 410750 spectrograms (0 skipped) in 97340.0s
Processed 411000 samples → 411000 spectrograms (0 skipped) in 97417.4s
Processed 411250 samples → 411250 spectrograms (0 skipped) in 97472.6s
Processed 411500 samples → 411500 spectrograms (0 skipped) in 97537.9s
Processed 411750 samples → 411750 spectrograms (0 skipped) in 97585.5s
Processed 412000 samples → 412000 spectrograms (0 skipped) in 97648.8s
Processed 412250 samples → 412250 spectrograms (0 skipped) in 97702.5s
Processed 412500 samples → 412500 spectrograms (0 skipped) in 97774.3s
Processed 412750 samples → 412750 spectrograms (0 skipped) in 97837.9s
Processed 413000 samples → 413000 spectrograms (0 skipped) in 97904.9s
Processed 413250 samples → 413250 spectrograms (0 skipped) in 97955.7s
Processed 413500 samples → 413500 spectrograms (0 skipped) in 98021.6s
Processed 413750 samples → 413750 spectrograms (0 skipped) in 98084.0s
Processed 414000 samples → 414000 spectrograms (0 skipped) in 98133.7s
Processed 414250 samples → 414250 spectrograms (0 skipped) in 98195.4s
Processed 414500 samples → 414500 spectrograms (0 skipped) in 98254.7s
Processed 414750 samples → 414750 spectrograms (0 skipped) in 98307.5s
Processed 415000 samples → 415000 spectrograms (0 skipped) in 98368.2s
Processed 415250 samples → 415250 spectrograms (0 skipped) in 98430.7s
Processed 415500 samples → 415500 spectrograms (0 skipped) in 98498.7s
Processed 415750 samples → 415750 spectrograms (0 skipped) in 98558.0s
Processed 416000 samples → 416000 spectrograms (0 skipped) in 98621.4s
Processed 416250 samples → 416250 spectrograms (0 skipped) in 98677.7s
Processed 416500 samples → 416500 spectrograms (0 skipped) in 98740.7s
Processed 416750 samples → 416750 spectrograms (0 skipped) in 98791.8s
Processed 417000 samples → 417000 spectrograms (0 skipped) in 98846.9s
Processed 417250 samples → 417250 spectrograms (0 skipped) in 98895.2s
Processed 417500 samples → 417500 spectrograms (0 skipped) in 98962.7s
Processed 417750 samples → 417750 spectrograms (0 skipped) in 99020.2s
Processed 418000 samples → 418000 spectrograms (0 skipped) in 99077.5s
Processed 418250 samples → 418250 spectrograms (0 skipped) in 99125.8s
Processed 418500 samples → 418500 spectrograms (0 skipped) in 99180.9s
Processed 418750 samples → 418750 spectrograms (0 skipped) in 99226.7s
Processed 419000 samples → 419000 spectrograms (0 skipped) in 99274.4s
Processed 419250 samples → 419250 spectrograms (0 skipped) in 99373.1s
Processed 419500 samples → 419500 spectrograms (0 skipped) in 99465.8s
Processed 419750 samples → 419750 spectrograms (0 skipped) in 99572.4s
Processed 420000 samples → 420000 spectrograms (0 skipped) in 99674.2s
Processed 420250 samples → 420250 spectrograms (0 skipped) in 99760.1s
Processed 420500 samples → 420500 spectrograms (0 skipped) in 99852.4s
Processed 420750 samples → 420750 spectrograms (0 skipped) in 99939.1s
Processed 421000 samples → 421000 spectrograms (0 skipped) in 100040.1s
Processed 421250 samples → 421250 spectrograms (0 skipped) in 100132.0s
Processed 421500 samples → 421500 spectrograms (0 skipped) in 100237.0s
Processed 421750 samples → 421750 spectrograms (0 skipped) in 100295.0s
Processed 422000 samples → 422000 spectrograms (0 skipped) in 100353.7s
Processed 422250 samples → 422250 spectrograms (0 skipped) in 100422.4s
Processed 422500 samples → 422500 spectrograms (0 skipped) in 100480.9s
Processed 422750 samples → 422750 spectrograms (0 skipped) in 100539.2s
Processed 423000 samples → 423000 spectrograms (0 skipped) in 100597.0s
Processed 423250 samples → 423250 spectrograms (0 skipped) in 100647.4s
Processed 423500 samples → 423500 spectrograms (0 skipped) in 100705.0s
Processed 423750 samples → 423750 spectrograms (0 skipped) in 100751.4s
Processed 424000 samples → 424000 spectrograms (0 skipped) in 100798.0s
Processed 424250 samples → 424250 spectrograms (0 skipped) in 100838.6s
Processed 424500 samples → 424500 spectrograms (0 skipped) in 100891.9s
Processed 424750 samples → 424750 spectrograms (0 skipped) in 100929.3s
Processed 425000 samples → 425000 spectrograms (0 skipped) in 100976.9s
Processed 425250 samples → 425250 spectrograms (0 skipped) in 101016.7s
Processed 425500 samples → 425500 spectrograms (0 skipped) in 101069.8s
Processed 425750 samples → 425750 spectrograms (0 skipped) in 101125.0s
Processed 426000 samples → 426000 spectrograms (0 skipped) in 101168.4s
Processed 426250 samples → 426250 spectrograms (0 skipped) in 101225.3s
Processed 426500 samples → 426500 spectrograms (0 skipped) in 101281.4s
Processed 426750 samples → 426750 spectrograms (0 skipped) in 101339.5s
Processed 427000 samples → 427000 spectrograms (0 skipped) in 101380.3s
Processed 427250 samples → 427250 spectrograms (0 skipped) in 101435.2s
Processed 427500 samples → 427500 spectrograms (0 skipped) in 101474.4s
Processed 427750 samples → 427750 spectrograms (0 skipped) in 101514.8s
Processed 428000 samples → 428000 spectrograms (0 skipped) in 101556.7s
Processed 428250 samples → 428250 spectrograms (0 skipped) in 101599.0s
Processed 428500 samples → 428500 spectrograms (0 skipped) in 101649.7s
Processed 428750 samples → 428750 spectrograms (0 skipped) in 101689.5s
Processed 429000 samples → 429000 spectrograms (0 skipped) in 101729.7s
Processed 429250 samples → 429250 spectrograms (0 skipped) in 101806.2s
Processed 429500 samples → 429500 spectrograms (0 skipped) in 101906.4s
Processed 429750 samples → 429750 spectrograms (0 skipped) in 101974.0s
Processed 430000 samples → 430000 spectrograms (0 skipped) in 102046.0s
Processed 430250 samples → 430250 spectrograms (0 skipped) in 102115.4s
Processed 430500 samples → 430500 spectrograms (0 skipped) in 102217.7s
Processed 430750 samples → 430750 spectrograms (0 skipped) in 102315.9s
Processed 431000 samples → 431000 spectrograms (0 skipped) in 102464.5s
Processed 431250 samples → 431250 spectrograms (0 skipped) in 102549.5s
Processed 431500 samples → 431500 spectrograms (0 skipped) in 102635.1s
Processed 431750 samples → 431750 spectrograms (0 skipped) in 102705.5s
Processed 432000 samples → 432000 spectrograms (0 skipped) in 102766.3s
Processed 432250 samples → 432250 spectrograms (0 skipped) in 102823.1s
Processed 432500 samples → 432500 spectrograms (0 skipped) in 102888.6s
Processed 432750 samples → 432750 spectrograms (0 skipped) in 102967.8s
Processed 433000 samples → 433000 spectrograms (0 skipped) in 103078.4s
Processed 433250 samples → 433250 spectrograms (0 skipped) in 103145.7s
Processed 433500 samples → 433500 spectrograms (0 skipped) in 103251.7s
Processed 433750 samples → 433750 spectrograms (0 skipped) in 103400.8s
Processed 434000 samples → 434000 spectrograms (0 skipped) in 103594.3s
Processed 434250 samples → 434250 spectrograms (0 skipped) in 103716.0s
Processed 434500 samples → 434500 spectrograms (0 skipped) in 103844.9s
Processed 434750 samples → 434750 spectrograms (0 skipped) in 103973.1s
Processed 435000 samples → 435000 spectrograms (0 skipped) in 104091.2s
Processed 435250 samples → 435250 spectrograms (0 skipped) in 104255.6s
Processed 435500 samples → 435500 spectrograms (0 skipped) in 104517.5s
Processed 435750 samples → 435750 spectrograms (0 skipped) in 104706.9s
Processed 436000 samples → 436000 spectrograms (0 skipped) in 104926.4s
Processed 436250 samples → 436250 spectrograms (0 skipped) in 105124.1s
Processed 436500 samples → 436500 spectrograms (0 skipped) in 105213.4s
Processed 436750 samples → 436750 spectrograms (0 skipped) in 105297.2s
Processed 437000 samples → 437000 spectrograms (0 skipped) in 105387.0s
Processed 437250 samples → 437250 spectrograms (0 skipped) in 105488.7s
Processed 437500 samples → 437500 spectrograms (0 skipped) in 105659.6s
Processed 437750 samples → 437750 spectrograms (0 skipped) in 105716.8s
Processed 438000 samples → 438000 spectrograms (0 skipped) in 105777.8s
Processed 438250 samples → 438250 spectrograms (0 skipped) in 105832.9s
Processed 438500 samples → 438500 spectrograms (0 skipped) in 105882.1s
Processed 438750 samples → 438750 spectrograms (0 skipped) in 105953.1s
Processed 439000 samples → 439000 spectrograms (0 skipped) in 106004.8s
Processed 439250 samples → 439250 spectrograms (0 skipped) in 106065.4s
Processed 439500 samples → 439500 spectrograms (0 skipped) in 106142.8s
Processed 439750 samples → 439750 spectrograms (0 skipped) in 106202.2s
Processed 440000 samples → 440000 spectrograms (0 skipped) in 106265.9s
Processed 440250 samples → 440250 spectrograms (0 skipped) in 106321.6s
Processed 440500 samples → 440500 spectrograms (0 skipped) in 106389.5s
Processed 440750 samples → 440750 spectrograms (0 skipped) in 106458.2s
Processed 441000 samples → 441000 spectrograms (0 skipped) in 106521.7s
Processed 441250 samples → 441250 spectrograms (0 skipped) in 106594.2s
Processed 441500 samples → 441500 spectrograms (0 skipped) in 106647.9s
Processed 441750 samples → 441750 spectrograms (0 skipped) in 106725.9s
Processed 442000 samples → 442000 spectrograms (0 skipped) in 106782.9s
Processed 442250 samples → 442250 spectrograms (0 skipped) in 106866.5s
Processed 442500 samples → 442500 spectrograms (0 skipped) in 106934.5s
Processed 442750 samples → 442750 spectrograms (0 skipped) in 107015.7s
Processed 443000 samples → 443000 spectrograms (0 skipped) in 107075.1s
Processed 443250 samples → 443250 spectrograms (0 skipped) in 107220.2s
Processed 443500 samples → 443500 spectrograms (0 skipped) in 107308.1s
Processed 443750 samples → 443750 spectrograms (0 skipped) in 107375.8s
Processed 444000 samples → 444000 spectrograms (0 skipped) in 107430.8s
Processed 444250 samples → 444250 spectrograms (0 skipped) in 107486.2s
Processed 444500 samples → 444500 spectrograms (0 skipped) in 107538.4s
Processed 444750 samples → 444750 spectrograms (0 skipped) in 107604.0s
Processed 445000 samples → 445000 spectrograms (0 skipped) in 107656.1s
Processed 445250 samples → 445250 spectrograms (0 skipped) in 107717.3s
Processed 445500 samples → 445500 spectrograms (0 skipped) in 107767.6s
Processed 445750 samples → 445750 spectrograms (0 skipped) in 107814.9s
Processed 446000 samples → 446000 spectrograms (0 skipped) in 107887.1s
Processed 446250 samples → 446250 spectrograms (0 skipped) in 107961.6s
Processed 446500 samples → 446500 spectrograms (0 skipped) in 108034.7s
Processed 446750 samples → 446750 spectrograms (0 skipped) in 108145.0s
Processed 447000 samples → 447000 spectrograms (0 skipped) in 108206.4s
Processed 447250 samples → 447250 spectrograms (0 skipped) in 108270.5s
Processed 447500 samples → 447500 spectrograms (0 skipped) in 108361.4s
Processed 447750 samples → 447750 spectrograms (0 skipped) in 108469.3s
Processed 448000 samples → 448000 spectrograms (0 skipped) in 108555.3s
Processed 448250 samples → 448250 spectrograms (0 skipped) in 108658.5s
Processed 448500 samples → 448500 spectrograms (0 skipped) in 108743.4s
Processed 448750 samples → 448750 spectrograms (0 skipped) in 108825.3s
Processed 449000 samples → 449000 spectrograms (0 skipped) in 108893.1s
Processed 449250 samples → 449250 spectrograms (0 skipped) in 108967.0s
Processed 449500 samples → 449500 spectrograms (0 skipped) in 109051.8s
Processed 449750 samples → 449750 spectrograms (0 skipped) in 109150.9s
Processed 450000 samples → 450000 spectrograms (0 skipped) in 109229.2s
Processed 450250 samples → 450250 spectrograms (0 skipped) in 109312.0s
Processed 450500 samples → 450500 spectrograms (0 skipped) in 109382.0s
Processed 450750 samples → 450750 spectrograms (0 skipped) in 109431.9s
Processed 451000 samples → 451000 spectrograms (0 skipped) in 109496.5s
Processed 451250 samples → 451250 spectrograms (0 skipped) in 109558.2s
Processed 451500 samples → 451500 spectrograms (0 skipped) in 109633.8s
Processed 451750 samples → 451750 spectrograms (0 skipped) in 109720.0s
Processed 452000 samples → 452000 spectrograms (0 skipped) in 109796.8s
Processed 452250 samples → 452250 spectrograms (0 skipped) in 109877.6s
Processed 452500 samples → 452500 spectrograms (0 skipped) in 109958.8s
Processed 452750 samples → 452750 spectrograms (0 skipped) in 110051.2s
Processed 453000 samples → 453000 spectrograms (0 skipped) in 110135.4s
Processed 453250 samples → 453250 spectrograms (0 skipped) in 110209.6s
Processed 453500 samples → 453500 spectrograms (0 skipped) in 110300.6s
Processed 453750 samples → 453750 spectrograms (0 skipped) in 110365.3s
Processed 454000 samples → 454000 spectrograms (0 skipped) in 110441.6s
Processed 454250 samples → 454250 spectrograms (0 skipped) in 110504.0s
Processed 454500 samples → 454500 spectrograms (0 skipped) in 110548.8s
Processed 454750 samples → 454750 spectrograms (0 skipped) in 110600.9s
Processed 455000 samples → 455000 spectrograms (0 skipped) in 110656.0s
Processed 455250 samples → 455250 spectrograms (0 skipped) in 110718.8s
Processed 455500 samples → 455500 spectrograms (0 skipped) in 110767.1s
Processed 455750 samples → 455750 spectrograms (0 skipped) in 110803.8s
Processed 456000 samples → 456000 spectrograms (0 skipped) in 110850.7s
Processed 456250 samples → 456250 spectrograms (0 skipped) in 110906.5s
Processed 456500 samples → 456500 spectrograms (0 skipped) in 110953.9s
Processed 456750 samples → 456750 spectrograms (0 skipped) in 111008.8s
Processed 457000 samples → 457000 spectrograms (0 skipped) in 111054.1s
Processed 457250 samples → 457250 spectrograms (0 skipped) in 111094.2s
Processed 457500 samples → 457500 spectrograms (0 skipped) in 111140.1s
Processed 457750 samples → 457750 spectrograms (0 skipped) in 111191.5s
Processed 458000 samples → 458000 spectrograms (0 skipped) in 111246.7s
Processed 458250 samples → 458250 spectrograms (0 skipped) in 111297.1s
Processed 458500 samples → 458500 spectrograms (0 skipped) in 111354.2s
Processed 458750 samples → 458750 spectrograms (0 skipped) in 111401.0s
Processed 459000 samples → 459000 spectrograms (0 skipped) in 111445.1s
Processed 459250 samples → 459250 spectrograms (0 skipped) in 111487.6s
Processed 459500 samples → 459500 spectrograms (0 skipped) in 111535.4s
Processed 459750 samples → 459750 spectrograms (0 skipped) in 111594.2s
Processed 460000 samples → 460000 spectrograms (0 skipped) in 111638.3s
Processed 460250 samples → 460250 spectrograms (0 skipped) in 111680.1s
Processed 460500 samples → 460500 spectrograms (0 skipped) in 111720.2s
Processed 460750 samples → 460750 spectrograms (0 skipped) in 111756.0s
Processed 461000 samples → 461000 spectrograms (0 skipped) in 111786.9s
Processed 461250 samples → 461250 spectrograms (0 skipped) in 111822.2s
Processed 461500 samples → 461500 spectrograms (0 skipped) in 111862.2s
Processed 461750 samples → 461750 spectrograms (0 skipped) in 111902.1s
Processed 462000 samples → 462000 spectrograms (0 skipped) in 111954.6s
Processed 462250 samples → 462250 spectrograms (0 skipped) in 112016.0s
Processed 462500 samples → 462500 spectrograms (0 skipped) in 112066.4s
Processed 462750 samples → 462750 spectrograms (0 skipped) in 112125.5s
Processed 463000 samples → 463000 spectrograms (0 skipped) in 112180.6s
Processed 463250 samples → 463250 spectrograms (0 skipped) in 112281.1s
Processed 463500 samples → 463500 spectrograms (0 skipped) in 112352.4s
Processed 463750 samples → 463750 spectrograms (0 skipped) in 112427.6s
Processed 464000 samples → 464000 spectrograms (0 skipped) in 112540.8s
Processed 464250 samples → 464250 spectrograms (0 skipped) in 112656.5s
Processed 464500 samples → 464500 spectrograms (0 skipped) in 112744.4s
Processed 464750 samples → 464750 spectrograms (0 skipped) in 112818.3s
Processed 465000 samples → 465000 spectrograms (0 skipped) in 112891.8s
Processed 465250 samples → 465250 spectrograms (0 skipped) in 112968.4s
Processed 465500 samples → 465500 spectrograms (0 skipped) in 113049.3s
Processed 465750 samples → 465750 spectrograms (0 skipped) in 113153.5s
Processed 466000 samples → 466000 spectrograms (0 skipped) in 113248.6s
Processed 466250 samples → 466250 spectrograms (0 skipped) in 113318.3s
Processed 466500 samples → 466500 spectrograms (0 skipped) in 113392.0s
Processed 466750 samples → 466750 spectrograms (0 skipped) in 113441.5s
Processed 467000 samples → 467000 spectrograms (0 skipped) in 113502.4s
Processed 467250 samples → 467250 spectrograms (0 skipped) in 113563.2s
Processed 467500 samples → 467500 spectrograms (0 skipped) in 113647.8s
Processed 467750 samples → 467750 spectrograms (0 skipped) in 113704.1s
Processed 468000 samples → 468000 spectrograms (0 skipped) in 113775.1s
Processed 468250 samples → 468250 spectrograms (0 skipped) in 113837.2s
Processed 468500 samples → 468500 spectrograms (0 skipped) in 113879.8s
Processed 468750 samples → 468750 spectrograms (0 skipped) in 113927.7s
Processed 469000 samples → 469000 spectrograms (0 skipped) in 113983.5s
Processed 469250 samples → 469250 spectrograms (0 skipped) in 114039.4s
Processed 469500 samples → 469500 spectrograms (0 skipped) in 114102.9s
Processed 469750 samples → 469750 spectrograms (0 skipped) in 114152.4s
Processed 470000 samples → 470000 spectrograms (0 skipped) in 114201.6s
Processed 470250 samples → 470250 spectrograms (0 skipped) in 114261.1s
Processed 470500 samples → 470500 spectrograms (0 skipped) in 114323.0s
Processed 470750 samples → 470750 spectrograms (0 skipped) in 114373.6s
Processed 471000 samples → 471000 spectrograms (0 skipped) in 114417.2s
Processed 471250 samples → 471250 spectrograms (0 skipped) in 114490.8s
Processed 471500 samples → 471500 spectrograms (0 skipped) in 114546.5s
Processed 471750 samples → 471750 spectrograms (0 skipped) in 114601.9s
Processed 472000 samples → 472000 spectrograms (0 skipped) in 114649.4s
Processed 472250 samples → 472250 spectrograms (0 skipped) in 114714.5s
Processed 472500 samples → 472500 spectrograms (0 skipped) in 114767.4s
Processed 472750 samples → 472750 spectrograms (0 skipped) in 114830.7s
Processed 473000 samples → 473000 spectrograms (0 skipped) in 114891.9s
Processed 473250 samples → 473250 spectrograms (0 skipped) in 114952.0s
Processed 473500 samples → 473500 spectrograms (0 skipped) in 115009.0s
Processed 473750 samples → 473750 spectrograms (0 skipped) in 115069.4s
Processed 474000 samples → 474000 spectrograms (0 skipped) in 115120.3s
Processed 474250 samples → 474250 spectrograms (0 skipped) in 115189.4s
Processed 474500 samples → 474500 spectrograms (0 skipped) in 115247.6s
Processed 474750 samples → 474750 spectrograms (0 skipped) in 115304.6s
Processed 475000 samples → 475000 spectrograms (0 skipped) in 115362.2s
Processed 475250 samples → 475250 spectrograms (0 skipped) in 115419.4s
Processed 475500 samples → 475500 spectrograms (0 skipped) in 115480.6s
Processed 475750 samples → 475750 spectrograms (0 skipped) in 115538.1s
Processed 476000 samples → 476000 spectrograms (0 skipped) in 115588.5s
Processed 476250 samples → 476250 spectrograms (0 skipped) in 115649.0s
Processed 476500 samples → 476500 spectrograms (0 skipped) in 115688.2s
Processed 476750 samples → 476750 spectrograms (0 skipped) in 115737.9s
Processed 477000 samples → 477000 spectrograms (0 skipped) in 115790.0s
Processed 477250 samples → 477250 spectrograms (0 skipped) in 115840.5s
Processed 477500 samples → 477500 spectrograms (0 skipped) in 115893.9s
Processed 477750 samples → 477750 spectrograms (0 skipped) in 115938.7s
Processed 478000 samples → 478000 spectrograms (0 skipped) in 115991.4s
Processed 478250 samples → 478250 spectrograms (0 skipped) in 116048.2s
Processed 478500 samples → 478500 spectrograms (0 skipped) in 116092.8s
Processed 478750 samples → 478750 spectrograms (0 skipped) in 116143.5s
Processed 479000 samples → 479000 spectrograms (0 skipped) in 116187.0s
Processed 479250 samples → 479250 spectrograms (0 skipped) in 116241.4s
Processed 479500 samples → 479500 spectrograms (0 skipped) in 116290.6s
Processed 479750 samples → 479750 spectrograms (0 skipped) in 116330.0s
Processed 480000 samples → 480000 spectrograms (0 skipped) in 116373.7s
Processed 480250 samples → 480250 spectrograms (0 skipped) in 116417.9s
Processed 480500 samples → 480500 spectrograms (0 skipped) in 116463.1s
Processed 480750 samples → 480750 spectrograms (0 skipped) in 116514.6s
Processed 481000 samples → 481000 spectrograms (0 skipped) in 116568.9s
Processed 481250 samples → 481250 spectrograms (0 skipped) in 116619.5s
Processed 481500 samples → 481500 spectrograms (0 skipped) in 116682.6s
Processed 481750 samples → 481750 spectrograms (0 skipped) in 116744.9s
Processed 482000 samples → 482000 spectrograms (0 skipped) in 116786.1s
Processed 482250 samples → 482250 spectrograms (0 skipped) in 116829.5s
Processed 482500 samples → 482500 spectrograms (0 skipped) in 116883.0s
Processed 482750 samples → 482750 spectrograms (0 skipped) in 116936.2s
Processed 483000 samples → 483000 spectrograms (0 skipped) in 116985.4s
Processed 483250 samples → 483250 spectrograms (0 skipped) in 117035.0s
Processed 483500 samples → 483500 spectrograms (0 skipped) in 117079.7s
Processed 483750 samples → 483750 spectrograms (0 skipped) in 117122.7s
Processed 484000 samples → 484000 spectrograms (0 skipped) in 117166.1s
Processed 484250 samples → 484250 spectrograms (0 skipped) in 117200.3s
Processed 484500 samples → 484500 spectrograms (0 skipped) in 117265.1s
Processed 484750 samples → 484750 spectrograms (0 skipped) in 117329.5s
Processed 485000 samples → 485000 spectrograms (0 skipped) in 117396.1s
Processed 485250 samples → 485250 spectrograms (0 skipped) in 117443.3s
Processed 485500 samples → 485500 spectrograms (0 skipped) in 117503.7s
Processed 485750 samples → 485750 spectrograms (0 skipped) in 117559.5s
Processed 486000 samples → 486000 spectrograms (0 skipped) in 117626.4s
Processed 486250 samples → 486250 spectrograms (0 skipped) in 117705.3s
Processed 486500 samples → 486500 spectrograms (0 skipped) in 117778.1s
Processed 486750 samples → 486750 spectrograms (0 skipped) in 117820.1s
Processed 487000 samples → 487000 spectrograms (0 skipped) in 117872.2s
Processed 487250 samples → 487250 spectrograms (0 skipped) in 117919.6s
Processed 487500 samples → 487500 spectrograms (0 skipped) in 117982.9s
Processed 487750 samples → 487750 spectrograms (0 skipped) in 118051.6s
Processed 488000 samples → 488000 spectrograms (0 skipped) in 118112.8s
Processed 488250 samples → 488250 spectrograms (0 skipped) in 118209.9s
Processed 488500 samples → 488500 spectrograms (0 skipped) in 118281.7s
Processed 488750 samples → 488750 spectrograms (0 skipped) in 118356.7s
Processed 489000 samples → 489000 spectrograms (0 skipped) in 118431.6s
Processed 489250 samples → 489250 spectrograms (0 skipped) in 118494.0s
Processed 489500 samples → 489500 spectrograms (0 skipped) in 118585.4s
Processed 489750 samples → 489750 spectrograms (0 skipped) in 118634.7s
Processed 490000 samples → 490000 spectrograms (0 skipped) in 118693.0s
Processed 490250 samples → 490250 spectrograms (0 skipped) in 118758.8s
Processed 490500 samples → 490500 spectrograms (0 skipped) in 118849.4s
Processed 490750 samples → 490750 spectrograms (0 skipped) in 118915.1s
Processed 491000 samples → 491000 spectrograms (0 skipped) in 119017.8s
Processed 491250 samples → 491250 spectrograms (0 skipped) in 119068.5s
Processed 491500 samples → 491500 spectrograms (0 skipped) in 119113.4s
Processed 491750 samples → 491750 spectrograms (0 skipped) in 119161.5s
Processed 492000 samples → 492000 spectrograms (0 skipped) in 119203.5s
Processed 492250 samples → 492250 spectrograms (0 skipped) in 119253.0s
Processed 492500 samples → 492500 spectrograms (0 skipped) in 119312.0s
Processed 492750 samples → 492750 spectrograms (0 skipped) in 119373.2s
Processed 493000 samples → 493000 spectrograms (0 skipped) in 119414.2s
Processed 493250 samples → 493250 spectrograms (0 skipped) in 119460.0s
Processed 493500 samples → 493500 spectrograms (0 skipped) in 119506.9s
Processed 493750 samples → 493750 spectrograms (0 skipped) in 119554.8s
Processed 494000 samples → 494000 spectrograms (0 skipped) in 119601.0s
Processed 494250 samples → 494250 spectrograms (0 skipped) in 119650.8s
Processed 494500 samples → 494500 spectrograms (0 skipped) in 119700.5s
Processed 494750 samples → 494750 spectrograms (0 skipped) in 119753.4s
Processed 495000 samples → 495000 spectrograms (0 skipped) in 119798.5s
Processed 495250 samples → 495250 spectrograms (0 skipped) in 119844.3s
Processed 495500 samples → 495500 spectrograms (0 skipped) in 119897.2s
Processed 495750 samples → 495750 spectrograms (0 skipped) in 119932.8s
Processed 496000 samples → 496000 spectrograms (0 skipped) in 119972.1s
Processed 496250 samples → 496250 spectrograms (0 skipped) in 120012.9s
Processed 496500 samples → 496500 spectrograms (0 skipped) in 120059.6s
Processed 496750 samples → 496750 spectrograms (0 skipped) in 120106.3s
Processed 497000 samples → 497000 spectrograms (0 skipped) in 120142.0s
Processed 497250 samples → 497250 spectrograms (0 skipped) in 120195.5s
Processed 497500 samples → 497500 spectrograms (0 skipped) in 120228.4s
Processed 497750 samples → 497750 spectrograms (0 skipped) in 120279.2s
Processed 498000 samples → 498000 spectrograms (0 skipped) in 120322.0s
Processed 498250 samples → 498250 spectrograms (0 skipped) in 120365.1s
Processed 498500 samples → 498500 spectrograms (0 skipped) in 120397.9s
Processed 498750 samples → 498750 spectrograms (0 skipped) in 120451.2s
Processed 499000 samples → 499000 spectrograms (0 skipped) in 120495.9s
Processed 499250 samples → 499250 spectrograms (0 skipped) in 120534.3s
Processed 499500 samples → 499500 spectrograms (0 skipped) in 120571.5s
Processed 499750 samples → 499750 spectrograms (0 skipped) in 120612.6s
Processed 500000 samples → 500000 spectrograms (0 skipped) in 120650.4s
Processed 500250 samples → 500250 spectrograms (0 skipped) in 120690.6s
Processed 500500 samples → 500500 spectrograms (0 skipped) in 120728.9s
Processed 500750 samples → 500750 spectrograms (0 skipped) in 120781.1s
Processed 501000 samples → 501000 spectrograms (0 skipped) in 120824.7s
Processed 501250 samples → 501250 spectrograms (0 skipped) in 120864.4s
Processed 501500 samples → 501500 spectrograms (0 skipped) in 120901.9s
Processed 501750 samples → 501750 spectrograms (0 skipped) in 120948.8s
Processed 502000 samples → 502000 spectrograms (0 skipped) in 121022.4s
Processed 502250 samples → 502250 spectrograms (0 skipped) in 121130.2s
Processed 502500 samples → 502500 spectrograms (0 skipped) in 121294.9s
Processed 502750 samples → 502750 spectrograms (0 skipped) in 121388.9s
Processed 503000 samples → 503000 spectrograms (0 skipped) in 121426.4s
Processed 503250 samples → 503250 spectrograms (0 skipped) in 121477.8s
Processed 503500 samples → 503500 spectrograms (0 skipped) in 121522.4s
Processed 503750 samples → 503750 spectrograms (0 skipped) in 121585.9s
Processed 504000 samples → 504000 spectrograms (0 skipped) in 121637.2s
Processed 504250 samples → 504250 spectrograms (0 skipped) in 121714.6s
Processed 504500 samples → 504500 spectrograms (0 skipped) in 121779.3s
Processed 504750 samples → 504750 spectrograms (0 skipped) in 121834.7s
Processed 505000 samples → 505000 spectrograms (0 skipped) in 121882.1s
Processed 505250 samples → 505250 spectrograms (0 skipped) in 121919.8s
Processed 505500 samples → 505500 spectrograms (0 skipped) in 121963.0s
Processed 505750 samples → 505750 spectrograms (0 skipped) in 122005.0s
Processed 506000 samples → 506000 spectrograms (0 skipped) in 122041.4s
Processed 506250 samples → 506250 spectrograms (0 skipped) in 122076.8s
Processed 506500 samples → 506500 spectrograms (0 skipped) in 122127.3s
Processed 506750 samples → 506750 spectrograms (0 skipped) in 122185.3s
Processed 507000 samples → 507000 spectrograms (0 skipped) in 122231.7s
Processed 507250 samples → 507250 spectrograms (0 skipped) in 122273.8s
Processed 507500 samples → 507500 spectrograms (0 skipped) in 122313.3s
Processed 507750 samples → 507750 spectrograms (0 skipped) in 122365.0s
Processed 508000 samples → 508000 spectrograms (0 skipped) in 122402.1s
Processed 508250 samples → 508250 spectrograms (0 skipped) in 122459.0s
Processed 508500 samples → 508500 spectrograms (0 skipped) in 122514.0s
Processed 508750 samples → 508750 spectrograms (0 skipped) in 122559.4s
Processed 509000 samples → 509000 spectrograms (0 skipped) in 122628.4s
Processed 509250 samples → 509250 spectrograms (0 skipped) in 122696.1s
Processed 509500 samples → 509500 spectrograms (0 skipped) in 122745.8s
Processed 509750 samples → 509750 spectrograms (0 skipped) in 122801.8s
Processed 510000 samples → 510000 spectrograms (0 skipped) in 122865.8s
Processed 510250 samples → 510250 spectrograms (0 skipped) in 122931.1s
Processed 510500 samples → 510500 spectrograms (0 skipped) in 122985.0s
Processed 510750 samples → 510750 spectrograms (0 skipped) in 123029.3s
Processed 511000 samples → 511000 spectrograms (0 skipped) in 123095.7s
Processed 511250 samples → 511250 spectrograms (0 skipped) in 123148.7s
Processed 511500 samples → 511500 spectrograms (0 skipped) in 123200.3s
Processed 511750 samples → 511750 spectrograms (0 skipped) in 123259.6s
Processed 512000 samples → 512000 spectrograms (0 skipped) in 123320.3s
Processed 512250 samples → 512250 spectrograms (0 skipped) in 123377.7s
Processed 512500 samples → 512500 spectrograms (0 skipped) in 123433.3s
Processed 512750 samples → 512750 spectrograms (0 skipped) in 123494.4s
Processed 513000 samples → 513000 spectrograms (0 skipped) in 123552.1s
Processed 513250 samples → 513250 spectrograms (0 skipped) in 123609.5s
Processed 513500 samples → 513500 spectrograms (0 skipped) in 123667.9s
Processed 513750 samples → 513750 spectrograms (0 skipped) in 123722.6s
Processed 514000 samples → 514000 spectrograms (0 skipped) in 123783.2s
Processed 514250 samples → 514250 spectrograms (0 skipped) in 123829.3s
Processed 514500 samples → 514500 spectrograms (0 skipped) in 123890.4s
Processed 514750 samples → 514750 spectrograms (0 skipped) in 123955.6s
Processed 515000 samples → 515000 spectrograms (0 skipped) in 124041.5s
Processed 515250 samples → 515250 spectrograms (0 skipped) in 124122.2s
Processed 515500 samples → 515500 spectrograms (0 skipped) in 124184.7s
Processed 515750 samples → 515750 spectrograms (0 skipped) in 124253.1s
Processed 516000 samples → 516000 spectrograms (0 skipped) in 124348.4s
Processed 516250 samples → 516250 spectrograms (0 skipped) in 124421.9s
Processed 516500 samples → 516500 spectrograms (0 skipped) in 124527.3s
Processed 516750 samples → 516750 spectrograms (0 skipped) in 124592.2s
Processed 517000 samples → 517000 spectrograms (0 skipped) in 124660.7s
Processed 517250 samples → 517250 spectrograms (0 skipped) in 124760.6s
Processed 517500 samples → 517500 spectrograms (0 skipped) in 124827.6s
Processed 517750 samples → 517750 spectrograms (0 skipped) in 124928.3s
Processed 518000 samples → 518000 spectrograms (0 skipped) in 125004.6s
Processed 518250 samples → 518250 spectrograms (0 skipped) in 125063.4s
Processed 518500 samples → 518500 spectrograms (0 skipped) in 125197.4s
Processed 518750 samples → 518750 spectrograms (0 skipped) in 125286.5s
Processed 519000 samples → 519000 spectrograms (0 skipped) in 125405.4s
Processed 519250 samples → 519250 spectrograms (0 skipped) in 125514.1s
Processed 519500 samples → 519500 spectrograms (0 skipped) in 125627.5s
Processed 519750 samples → 519750 spectrograms (0 skipped) in 125717.3s
Processed 520000 samples → 520000 spectrograms (0 skipped) in 125833.2s
Processed 520250 samples → 520250 spectrograms (0 skipped) in 125972.5s
Processed 520500 samples → 520500 spectrograms (0 skipped) in 126103.1s
Processed 520750 samples → 520750 spectrograms (0 skipped) in 126237.1s
Processed 521000 samples → 521000 spectrograms (0 skipped) in 126284.3s
Processed 521250 samples → 521250 spectrograms (0 skipped) in 126352.6s
Processed 521500 samples → 521500 spectrograms (0 skipped) in 126406.0s
Processed 521750 samples → 521750 spectrograms (0 skipped) in 126462.6s
Processed 522000 samples → 522000 spectrograms (0 skipped) in 126515.3s
Processed 522250 samples → 522250 spectrograms (0 skipped) in 126550.3s
Processed 522500 samples → 522500 spectrograms (0 skipped) in 126590.3s
Processed 522750 samples → 522750 spectrograms (0 skipped) in 126618.1s
Processed 523000 samples → 523000 spectrograms (0 skipped) in 126664.5s
Processed 523250 samples → 523250 spectrograms (0 skipped) in 126703.2s
Processed 523500 samples → 523500 spectrograms (0 skipped) in 126776.9s
Processed 523750 samples → 523750 spectrograms (0 skipped) in 126972.5s
Processed 524000 samples → 524000 spectrograms (0 skipped) in 127031.1s
Processed 524250 samples → 524250 spectrograms (0 skipped) in 127077.7s
Processed 524500 samples → 524500 spectrograms (0 skipped) in 127142.5s
Processed 524750 samples → 524750 spectrograms (0 skipped) in 127173.8s
Processed 525000 samples → 525000 spectrograms (0 skipped) in 127205.7s
Processed 525250 samples → 525250 spectrograms (0 skipped) in 127252.0s
Processed 525500 samples → 525500 spectrograms (0 skipped) in 127288.5s
Processed 525750 samples → 525750 spectrograms (0 skipped) in 127334.9s
Processed 526000 samples → 526000 spectrograms (0 skipped) in 127376.4s
Processed 526250 samples → 526250 spectrograms (0 skipped) in 127436.0s
Processed 526500 samples → 526500 spectrograms (0 skipped) in 127492.4s
Processed 526750 samples → 526750 spectrograms (0 skipped) in 127557.9s
Processed 527000 samples → 527000 spectrograms (0 skipped) in 127637.7s
Processed 527250 samples → 527250 spectrograms (0 skipped) in 127695.0s
Processed 527500 samples → 527500 spectrograms (0 skipped) in 127745.0s
Processed 527750 samples → 527750 spectrograms (0 skipped) in 127797.5s
Processed 528000 samples → 528000 spectrograms (0 skipped) in 127842.7s
Processed 528250 samples → 528250 spectrograms (0 skipped) in 127905.3s
BirdSet processing complete: 528422 spectrograms created, 0 skipped (examined 528422 samples) in 127942.2s
BirdSet processing completed.
Done. Specs under: /scratch/gardnerlab/georgev/XCL_corpus_v2
