species,bird,condition,layer,seed,k,purity,purity_all_classes
bf,bird0,birdaves_biox_base,3,42,1,85.2083,85.2083
bf,bird0,birdaves_biox_base,3,42,5,84.8552,84.8552
bf,bird0,birdaves_biox_base,3,42,10,84.0152,84.0152
bf,bird0,birdaves_biox_base,3,42,50,76.7472,76.7472
bf,bird0,birdaves_biox_base,3,42,100,65.3244,65.3244
bf,bird0,birdaves_biox_base,3,43,1,86.6024,86.6024
bf,bird0,birdaves_biox_base,3,43,5,84.5676,84.5676
bf,bird0,birdaves_biox_base,3,43,10,83.8752,83.8752
bf,bird0,birdaves_biox_base,3,43,50,76.8346,76.8346
bf,bird0,birdaves_biox_base,3,43,100,65.4177,65.4177
bf,bird0,birdaves_biox_base,3,44,1,87.7427,87.7427
bf,bird0,birdaves_biox_base,3,44,5,85.5113,85.5113
bf,bird0,birdaves_biox_base,3,44,10,84.0569,84.0569
bf,bird0,birdaves_biox_base,3,44,50,76.7673,76.7673
bf,bird0,birdaves_biox_base,3,44,100,64.8994,64.8994
bf,bird0,birdaves_biox_base,3,45,1,88.4167,88.4167
bf,bird0,birdaves_biox_base,3,45,5,86.4661,86.4661
bf,bird0,birdaves_biox_base,3,45,10,84.9374,84.9374
bf,bird0,birdaves_biox_base,3,45,50,78.0895,78.0895
bf,bird0,birdaves_biox_base,3,45,100,65.858,65.858
bf,bird0,birdaves_biox_base,3,46,1,83.9262,83.9262
bf,bird0,birdaves_biox_base,3,46,5,82.8992,82.8992
bf,bird0,birdaves_biox_base,3,46,10,82.0529,82.0529
bf,bird0,birdaves_biox_base,3,46,50,76.649,76.649
bf,bird0,birdaves_biox_base,3,46,100,65.3403,65.3403
bf,bird0,birdaves_biox_base,7,42,1,85.5256,85.5256
bf,bird0,birdaves_biox_base,7,42,5,85.3817,85.3817
bf,bird0,birdaves_biox_base,7,42,10,84.2618,84.2618
bf,bird0,birdaves_biox_base,7,42,50,78.0329,78.0329
bf,bird0,birdaves_biox_base,7,42,100,67.128,67.128
bf,bird0,birdaves_biox_base,7,43,1,86.5327,86.5327
bf,bird0,birdaves_biox_base,7,43,5,85.2552,85.2552
bf,bird0,birdaves_biox_base,7,43,10,84.9275,84.9275
bf,bird0,birdaves_biox_base,7,43,50,78.6505,78.6505
bf,bird0,birdaves_biox_base,7,43,100,67.3613,67.3613
bf,bird0,birdaves_biox_base,7,44,1,87.3994,87.3994
bf,bird0,birdaves_biox_base,7,44,5,86.1336,86.1336
bf,bird0,birdaves_biox_base,7,44,10,84.7908,84.7908
bf,bird0,birdaves_biox_base,7,44,50,77.9565,77.9565
bf,bird0,birdaves_biox_base,7,44,100,66.7081,66.7081
bf,bird0,birdaves_biox_base,7,45,1,88.0381,88.0381
bf,bird0,birdaves_biox_base,7,45,5,86.9754,86.9754
bf,bird0,birdaves_biox_base,7,45,10,86.1383,86.1383
bf,bird0,birdaves_biox_base,7,45,50,79.7083,79.7083
bf,bird0,birdaves_biox_base,7,45,100,68.066,68.066
bf,bird0,birdaves_biox_base,7,46,1,84.2917,84.2917
bf,bird0,birdaves_biox_base,7,46,5,83.5245,83.5245
bf,bird0,birdaves_biox_base,7,46,10,83.0342,83.0342
bf,bird0,birdaves_biox_base,7,46,50,77.5964,77.5964
bf,bird0,birdaves_biox_base,7,46,100,66.8976,66.8976
bf,bird0,birdaves_biox_base_speed0p25,3,42,1,91.5941,91.5941
bf,bird0,birdaves_biox_base_speed0p25,3,42,5,89.7588,89.7588
bf,bird0,birdaves_biox_base_speed0p25,3,42,10,88.2295,88.2295
bf,bird0,birdaves_biox_base_speed0p25,3,42,50,79.2742,79.2742
bf,bird0,birdaves_biox_base_speed0p25,3,42,100,65.7971,65.7971
bf,bird0,birdaves_biox_base_speed0p25,3,43,1,90.8812,90.8812
bf,bird0,birdaves_biox_base_speed0p25,3,43,5,88.4781,88.4781
bf,bird0,birdaves_biox_base_speed0p25,3,43,10,86.4593,86.4593
bf,bird0,birdaves_biox_base_speed0p25,3,43,50,77.3774,77.3774
bf,bird0,birdaves_biox_base_speed0p25,3,43,100,64.1871,64.1871
bf,bird0,birdaves_biox_base_speed0p25,3,44,1,90.4177,90.4177
bf,bird0,birdaves_biox_base_speed0p25,3,44,5,88.6946,88.6946
bf,bird0,birdaves_biox_base_speed0p25,3,44,10,87.1709,87.1709
bf,bird0,birdaves_biox_base_speed0p25,3,44,50,77.598,77.598
bf,bird0,birdaves_biox_base_speed0p25,3,44,100,64.6315,64.6315
bf,bird0,birdaves_biox_base_speed0p25,3,45,1,92.3619,92.3619
bf,bird0,birdaves_biox_base_speed0p25,3,45,5,90.1935,90.1935
bf,bird0,birdaves_biox_base_speed0p25,3,45,10,88.527,88.527
bf,bird0,birdaves_biox_base_speed0p25,3,45,50,78.9298,78.9298
bf,bird0,birdaves_biox_base_speed0p25,3,45,100,65.7614,65.7614
bf,bird0,birdaves_biox_base_speed0p25,3,46,1,88.4306,88.4306
bf,bird0,birdaves_biox_base_speed0p25,3,46,5,86.9345,86.9345
bf,bird0,birdaves_biox_base_speed0p25,3,46,10,85.0436,85.0436
bf,bird0,birdaves_biox_base_speed0p25,3,46,50,76.372,76.372
bf,bird0,birdaves_biox_base_speed0p25,3,46,100,63.812,63.812
bf,bird0,birdaves_biox_base_speed0p25,4,42,1,91.9782,91.9782
bf,bird0,birdaves_biox_base_speed0p25,4,42,5,90.1289,90.1289
bf,bird0,birdaves_biox_base_speed0p25,4,42,10,88.8778,88.8778
bf,bird0,birdaves_biox_base_speed0p25,4,42,50,80.7026,80.7026
bf,bird0,birdaves_biox_base_speed0p25,4,42,100,67.8093,67.8093
bf,bird0,birdaves_biox_base_speed0p25,4,43,1,91.766,91.766
bf,bird0,birdaves_biox_base_speed0p25,4,43,5,88.7319,88.7319
bf,bird0,birdaves_biox_base_speed0p25,4,43,10,87.0872,87.0872
bf,bird0,birdaves_biox_base_speed0p25,4,43,50,79.1373,79.1373
bf,bird0,birdaves_biox_base_speed0p25,4,43,100,66.235,66.235
bf,bird0,birdaves_biox_base_speed0p25,4,44,1,91.002,91.002
bf,bird0,birdaves_biox_base_speed0p25,4,44,5,89.2476,89.2476
bf,bird0,birdaves_biox_base_speed0p25,4,44,10,87.791,87.791
bf,bird0,birdaves_biox_base_speed0p25,4,44,50,79.3188,79.3188
bf,bird0,birdaves_biox_base_speed0p25,4,44,100,66.7974,66.7974
bf,bird0,birdaves_biox_base_speed0p25,4,45,1,93.3587,93.3587
bf,bird0,birdaves_biox_base_speed0p25,4,45,5,90.6712,90.6712
bf,bird0,birdaves_biox_base_speed0p25,4,45,10,89.1357,89.1357
bf,bird0,birdaves_biox_base_speed0p25,4,45,50,80.3622,80.3622
bf,bird0,birdaves_biox_base_speed0p25,4,45,100,67.74,67.74
bf,bird0,birdaves_biox_base_speed0p25,4,46,1,88.4442,88.4442
bf,bird0,birdaves_biox_base_speed0p25,4,46,5,87.0185,87.0185
bf,bird0,birdaves_biox_base_speed0p25,4,46,10,85.2585,85.2585
bf,bird0,birdaves_biox_base_speed0p25,4,46,50,77.8988,77.8988
bf,bird0,birdaves_biox_base_speed0p25,4,46,100,66.0283,66.0283
bf,bird0,birdaves_biox_base_speed0p5,3,42,1,90.9277,90.9277
bf,bird0,birdaves_biox_base_speed0p5,3,42,5,89.0032,89.0032
bf,bird0,birdaves_biox_base_speed0p5,3,42,10,88.1416,88.1416
bf,bird0,birdaves_biox_base_speed0p5,3,42,50,81.9255,81.9255
bf,bird0,birdaves_biox_base_speed0p5,3,42,100,70.1174,70.1174
bf,bird0,birdaves_biox_base_speed0p5,3,43,1,89.3095,89.3095
bf,bird0,birdaves_biox_base_speed0p5,3,43,5,87.7686,87.7686
bf,bird0,birdaves_biox_base_speed0p5,3,43,10,86.3365,86.3365
bf,bird0,birdaves_biox_base_speed0p5,3,43,50,80.8881,80.8881
bf,bird0,birdaves_biox_base_speed0p5,3,43,100,69.4479,69.4479
bf,bird0,birdaves_biox_base_speed0p5,3,44,1,90.9005,90.9005
bf,bird0,birdaves_biox_base_speed0p5,3,44,5,89.4942,89.4942
bf,bird0,birdaves_biox_base_speed0p5,3,44,10,88.1444,88.1444
bf,bird0,birdaves_biox_base_speed0p5,3,44,50,81.5269,81.5269
bf,bird0,birdaves_biox_base_speed0p5,3,44,100,69.8829,69.8829
bf,bird0,birdaves_biox_base_speed0p5,3,45,1,91.9485,91.9485
bf,bird0,birdaves_biox_base_speed0p5,3,45,5,90.1201,90.1201
bf,bird0,birdaves_biox_base_speed0p5,3,45,10,89.1491,89.1491
bf,bird0,birdaves_biox_base_speed0p5,3,45,50,82.5587,82.5587
bf,bird0,birdaves_biox_base_speed0p5,3,45,100,70.7021,70.7021
bf,bird0,birdaves_biox_base_speed0p5,3,46,1,88.4624,88.4624
bf,bird0,birdaves_biox_base_speed0p5,3,46,5,85.6123,85.6123
bf,bird0,birdaves_biox_base_speed0p5,3,46,10,85.3918,85.3918
bf,bird0,birdaves_biox_base_speed0p5,3,46,50,80.1357,80.1357
bf,bird0,birdaves_biox_base_speed0p5,3,46,100,69.1041,69.1041
bf,bird0,birdaves_biox_base_speed0p5,6,42,1,91.0804,91.0804
bf,bird0,birdaves_biox_base_speed0p5,6,42,5,89.3949,89.3949
bf,bird0,birdaves_biox_base_speed0p5,6,42,10,88.5227,88.5227
bf,bird0,birdaves_biox_base_speed0p5,6,42,50,82.7314,82.7314
bf,bird0,birdaves_biox_base_speed0p5,6,42,100,71.4304,71.4304
bf,bird0,birdaves_biox_base_speed0p5,6,43,1,89.8143,89.8143
bf,bird0,birdaves_biox_base_speed0p5,6,43,5,88.3998,88.3998
bf,bird0,birdaves_biox_base_speed0p5,6,43,10,87.3321,87.3321
bf,bird0,birdaves_biox_base_speed0p5,6,43,50,81.9544,81.9544
bf,bird0,birdaves_biox_base_speed0p5,6,43,100,70.6587,70.6587
bf,bird0,birdaves_biox_base_speed0p5,6,44,1,91.4697,91.4697
bf,bird0,birdaves_biox_base_speed0p5,6,44,5,89.7374,89.7374
bf,bird0,birdaves_biox_base_speed0p5,6,44,10,88.4156,88.4156
bf,bird0,birdaves_biox_base_speed0p5,6,44,50,82.5202,82.5202
bf,bird0,birdaves_biox_base_speed0p5,6,44,100,71.3724,71.3724
bf,bird0,birdaves_biox_base_speed0p5,6,45,1,92.4515,92.4515
bf,bird0,birdaves_biox_base_speed0p5,6,45,5,90.8646,90.8646
bf,bird0,birdaves_biox_base_speed0p5,6,45,10,89.6424,89.6424
bf,bird0,birdaves_biox_base_speed0p5,6,45,50,83.5396,83.5396
bf,bird0,birdaves_biox_base_speed0p5,6,45,100,71.9324,71.9324
bf,bird0,birdaves_biox_base_speed0p5,6,46,1,87.3738,87.3738
bf,bird0,birdaves_biox_base_speed0p5,6,46,5,86.0772,86.0772
bf,bird0,birdaves_biox_base_speed0p5,6,46,10,85.4745,85.4745
bf,bird0,birdaves_biox_base_speed0p5,6,46,50,81.2712,81.2712
bf,bird0,birdaves_biox_base_speed0p5,6,46,100,70.3439,70.3439
canary,llb11_annot,birdaves_biox_base,3,42,1,89.2722,89.2722
canary,llb11_annot,birdaves_biox_base,3,42,5,85.4117,85.4117
canary,llb11_annot,birdaves_biox_base,3,42,10,81.6698,81.6698
canary,llb11_annot,birdaves_biox_base,3,42,50,61.2964,61.2964
canary,llb11_annot,birdaves_biox_base,3,42,100,43.0077,43.0077
canary,llb11_annot,birdaves_biox_base,3,43,1,89.1031,89.1031
canary,llb11_annot,birdaves_biox_base,3,43,5,84.4352,84.4352
canary,llb11_annot,birdaves_biox_base,3,43,10,81.1016,81.1016
canary,llb11_annot,birdaves_biox_base,3,43,50,60.6878,60.6878
canary,llb11_annot,birdaves_biox_base,3,43,100,42.7933,42.7933
canary,llb11_annot,birdaves_biox_base,3,44,1,88.1091,88.1091
canary,llb11_annot,birdaves_biox_base,3,44,5,84.1857,84.1857
canary,llb11_annot,birdaves_biox_base,3,44,10,80.5804,80.5804
canary,llb11_annot,birdaves_biox_base,3,44,50,60.1923,60.1923
canary,llb11_annot,birdaves_biox_base,3,44,100,42.1118,42.1118
canary,llb11_annot,birdaves_biox_base,3,45,1,90.2924,90.2924
canary,llb11_annot,birdaves_biox_base,3,45,5,85.3739,85.3739
canary,llb11_annot,birdaves_biox_base,3,45,10,81.8716,81.8716
canary,llb11_annot,birdaves_biox_base,3,45,50,60.9622,60.9622
canary,llb11_annot,birdaves_biox_base,3,45,100,42.6568,42.6568
canary,llb11_annot,birdaves_biox_base,3,46,1,88.6841,88.6841
canary,llb11_annot,birdaves_biox_base,3,46,5,85.6436,85.6436
canary,llb11_annot,birdaves_biox_base,3,46,10,81.8426,81.8426
canary,llb11_annot,birdaves_biox_base,3,46,50,60.8849,60.8849
canary,llb11_annot,birdaves_biox_base,3,46,100,42.4706,42.4706
canary,llb11_annot,birdaves_biox_base,7,42,1,88.9802,88.9802
canary,llb11_annot,birdaves_biox_base,7,42,5,84.7261,84.7261
canary,llb11_annot,birdaves_biox_base,7,42,10,80.4342,80.4342
canary,llb11_annot,birdaves_biox_base,7,42,50,59.9054,59.9054
canary,llb11_annot,birdaves_biox_base,7,42,100,42.2492,42.2492
canary,llb11_annot,birdaves_biox_base,7,43,1,88.8667,88.8667
canary,llb11_annot,birdaves_biox_base,7,43,5,83.4508,83.4508
canary,llb11_annot,birdaves_biox_base,7,43,10,79.8328,79.8328
canary,llb11_annot,birdaves_biox_base,7,43,50,58.9802,58.9802
canary,llb11_annot,birdaves_biox_base,7,43,100,41.4941,41.4941
canary,llb11_annot,birdaves_biox_base,7,44,1,87.5836,87.5836
canary,llb11_annot,birdaves_biox_base,7,44,5,84.2527,84.2527
canary,llb11_annot,birdaves_biox_base,7,44,10,79.6661,79.6661
canary,llb11_annot,birdaves_biox_base,7,44,50,58.5896,58.5896
canary,llb11_annot,birdaves_biox_base,7,44,100,40.8894,40.8894
canary,llb11_annot,birdaves_biox_base,7,45,1,89.0199,89.0199
canary,llb11_annot,birdaves_biox_base,7,45,5,85.2287,85.2287
canary,llb11_annot,birdaves_biox_base,7,45,10,81.181,81.181
canary,llb11_annot,birdaves_biox_base,7,45,50,59.8703,59.8703
canary,llb11_annot,birdaves_biox_base,7,45,100,41.8467,41.8467
canary,llb11_annot,birdaves_biox_base,7,46,1,88.8266,88.8266
canary,llb11_annot,birdaves_biox_base,7,46,5,85.0566,85.0566
canary,llb11_annot,birdaves_biox_base,7,46,10,80.7713,80.7713
canary,llb11_annot,birdaves_biox_base,7,46,50,59.4269,59.4269
canary,llb11_annot,birdaves_biox_base,7,46,100,41.4452,41.4452
canary,llb11_annot,birdaves_biox_base_speed0p25,3,42,1,90.3664,90.3664
canary,llb11_annot,birdaves_biox_base_speed0p25,3,42,5,85.5626,85.5626
canary,llb11_annot,birdaves_biox_base_speed0p25,3,42,10,81.2624,81.2624
canary,llb11_annot,birdaves_biox_base_speed0p25,3,42,50,63.0688,63.0688
canary,llb11_annot,birdaves_biox_base_speed0p25,3,42,100,45.2248,45.2248
canary,llb11_annot,birdaves_biox_base_speed0p25,3,43,1,90.259,90.259
canary,llb11_annot,birdaves_biox_base_speed0p25,3,43,5,85.2878,85.2878
canary,llb11_annot,birdaves_biox_base_speed0p25,3,43,10,81.2206,81.2206
canary,llb11_annot,birdaves_biox_base_speed0p25,3,43,50,62.9875,62.9875
canary,llb11_annot,birdaves_biox_base_speed0p25,3,43,100,45.1562,45.1562
canary,llb11_annot,birdaves_biox_base_speed0p25,3,44,1,89.5608,89.5608
canary,llb11_annot,birdaves_biox_base_speed0p25,3,44,5,85.2772,85.2772
canary,llb11_annot,birdaves_biox_base_speed0p25,3,44,10,80.916,80.916
canary,llb11_annot,birdaves_biox_base_speed0p25,3,44,50,62.3685,62.3685
canary,llb11_annot,birdaves_biox_base_speed0p25,3,44,100,44.7445,44.7445
canary,llb11_annot,birdaves_biox_base_speed0p25,3,45,1,90.6906,90.6906
canary,llb11_annot,birdaves_biox_base_speed0p25,3,45,5,86.6735,86.6735
canary,llb11_annot,birdaves_biox_base_speed0p25,3,45,10,82.5496,82.5496
canary,llb11_annot,birdaves_biox_base_speed0p25,3,45,50,63.1155,63.1155
canary,llb11_annot,birdaves_biox_base_speed0p25,3,45,100,44.9703,44.9703
canary,llb11_annot,birdaves_biox_base_speed0p25,3,46,1,91.4671,91.4671
canary,llb11_annot,birdaves_biox_base_speed0p25,3,46,5,86.7982,86.7982
canary,llb11_annot,birdaves_biox_base_speed0p25,3,46,10,82.5746,82.5746
canary,llb11_annot,birdaves_biox_base_speed0p25,3,46,50,63.4639,63.4639
canary,llb11_annot,birdaves_biox_base_speed0p25,3,46,100,45.3027,45.3027
canary,llb11_annot,birdaves_biox_base_speed0p25,4,42,1,89.8479,89.8479
canary,llb11_annot,birdaves_biox_base_speed0p25,4,42,5,84.9972,84.9972
canary,llb11_annot,birdaves_biox_base_speed0p25,4,42,10,80.747,80.747
canary,llb11_annot,birdaves_biox_base_speed0p25,4,42,50,62.0898,62.0898
canary,llb11_annot,birdaves_biox_base_speed0p25,4,42,100,44.3017,44.3017
canary,llb11_annot,birdaves_biox_base_speed0p25,4,43,1,90.1603,90.1603
canary,llb11_annot,birdaves_biox_base_speed0p25,4,43,5,84.9909,84.9909
canary,llb11_annot,birdaves_biox_base_speed0p25,4,43,10,80.6215,80.6215
canary,llb11_annot,birdaves_biox_base_speed0p25,4,43,50,61.9351,61.9351
canary,llb11_annot,birdaves_biox_base_speed0p25,4,43,100,44.344,44.344
canary,llb11_annot,birdaves_biox_base_speed0p25,4,44,1,88.8578,88.8578
canary,llb11_annot,birdaves_biox_base_speed0p25,4,44,5,84.7203,84.7203
canary,llb11_annot,birdaves_biox_base_speed0p25,4,44,10,80.4143,80.4143
canary,llb11_annot,birdaves_biox_base_speed0p25,4,44,50,61.4297,61.4297
canary,llb11_annot,birdaves_biox_base_speed0p25,4,44,100,44.0114,44.0114
canary,llb11_annot,birdaves_biox_base_speed0p25,4,45,1,89.792,89.792
canary,llb11_annot,birdaves_biox_base_speed0p25,4,45,5,86.1038,86.1038
canary,llb11_annot,birdaves_biox_base_speed0p25,4,45,10,81.8912,81.8912
canary,llb11_annot,birdaves_biox_base_speed0p25,4,45,50,62.0846,62.0846
canary,llb11_annot,birdaves_biox_base_speed0p25,4,45,100,44.0538,44.0538
canary,llb11_annot,birdaves_biox_base_speed0p25,4,46,1,90.8661,90.8661
canary,llb11_annot,birdaves_biox_base_speed0p25,4,46,5,86.4505,86.4505
canary,llb11_annot,birdaves_biox_base_speed0p25,4,46,10,82.0771,82.0771
canary,llb11_annot,birdaves_biox_base_speed0p25,4,46,50,62.6518,62.6518
canary,llb11_annot,birdaves_biox_base_speed0p25,4,46,100,44.5052,44.5052
canary,llb11_annot,birdaves_biox_base_speed0p5,3,42,1,88.5283,88.5283
canary,llb11_annot,birdaves_biox_base_speed0p5,3,42,5,85.0635,85.0635
canary,llb11_annot,birdaves_biox_base_speed0p5,3,42,10,82.0166,82.0166
canary,llb11_annot,birdaves_biox_base_speed0p5,3,42,50,63.7706,63.7706
canary,llb11_annot,birdaves_biox_base_speed0p5,3,42,100,45.5833,45.5833
canary,llb11_annot,birdaves_biox_base_speed0p5,3,43,1,89.521,89.521
canary,llb11_annot,birdaves_biox_base_speed0p5,3,43,5,85.572,85.572
canary,llb11_annot,birdaves_biox_base_speed0p5,3,43,10,82.4326,82.4326
canary,llb11_annot,birdaves_biox_base_speed0p5,3,43,50,63.6206,63.6206
canary,llb11_annot,birdaves_biox_base_speed0p5,3,43,100,45.4869,45.4869
canary,llb11_annot,birdaves_biox_base_speed0p5,3,44,1,88.0978,88.0978
canary,llb11_annot,birdaves_biox_base_speed0p5,3,44,5,84.6068,84.6068
canary,llb11_annot,birdaves_biox_base_speed0p5,3,44,10,81.591,81.591
canary,llb11_annot,birdaves_biox_base_speed0p5,3,44,50,62.9203,62.9203
canary,llb11_annot,birdaves_biox_base_speed0p5,3,44,100,45.0307,45.0307
canary,llb11_annot,birdaves_biox_base_speed0p5,3,45,1,88.9497,88.9497
canary,llb11_annot,birdaves_biox_base_speed0p5,3,45,5,86.2404,86.2404
canary,llb11_annot,birdaves_biox_base_speed0p5,3,45,10,83.0195,83.0195
canary,llb11_annot,birdaves_biox_base_speed0p5,3,45,50,63.7178,63.7178
canary,llb11_annot,birdaves_biox_base_speed0p5,3,45,100,45.2992,45.2992
canary,llb11_annot,birdaves_biox_base_speed0p5,3,46,1,89.9293,89.9293
canary,llb11_annot,birdaves_biox_base_speed0p5,3,46,5,85.9696,85.9696
canary,llb11_annot,birdaves_biox_base_speed0p5,3,46,10,82.3613,82.3613
canary,llb11_annot,birdaves_biox_base_speed0p5,3,46,50,63.7707,63.7707
canary,llb11_annot,birdaves_biox_base_speed0p5,3,46,100,45.2184,45.2184
canary,llb11_annot,birdaves_biox_base_speed0p5,6,42,1,87.3518,87.3518
canary,llb11_annot,birdaves_biox_base_speed0p5,6,42,5,83.1165,83.1165
canary,llb11_annot,birdaves_biox_base_speed0p5,6,42,10,79.7538,79.7538
canary,llb11_annot,birdaves_biox_base_speed0p5,6,42,50,60.4363,60.4363
canary,llb11_annot,birdaves_biox_base_speed0p5,6,42,100,42.7432,42.7432
canary,llb11_annot,birdaves_biox_base_speed0p5,6,43,1,88.4283,88.4283
canary,llb11_annot,birdaves_biox_base_speed0p5,6,43,5,83.6003,83.6003
canary,llb11_annot,birdaves_biox_base_speed0p5,6,43,10,80.1338,80.1338
canary,llb11_annot,birdaves_biox_base_speed0p5,6,43,50,60.0977,60.0977
canary,llb11_annot,birdaves_biox_base_speed0p5,6,43,100,42.464,42.464
canary,llb11_annot,birdaves_biox_base_speed0p5,6,44,1,87.7762,87.7762
canary,llb11_annot,birdaves_biox_base_speed0p5,6,44,5,82.8316,82.8316
canary,llb11_annot,birdaves_biox_base_speed0p5,6,44,10,79.2442,79.2442
canary,llb11_annot,birdaves_biox_base_speed0p5,6,44,50,59.46,59.46
canary,llb11_annot,birdaves_biox_base_speed0p5,6,44,100,42.2195,42.2195
canary,llb11_annot,birdaves_biox_base_speed0p5,6,45,1,88.57,88.57
canary,llb11_annot,birdaves_biox_base_speed0p5,6,45,5,84.2489,84.2489
canary,llb11_annot,birdaves_biox_base_speed0p5,6,45,10,80.8471,80.8471
canary,llb11_annot,birdaves_biox_base_speed0p5,6,45,50,60.4184,60.4184
canary,llb11_annot,birdaves_biox_base_speed0p5,6,45,100,42.4646,42.4646
canary,llb11_annot,birdaves_biox_base_speed0p5,6,46,1,88.1649,88.1649
canary,llb11_annot,birdaves_biox_base_speed0p5,6,46,5,83.7478,83.7478
canary,llb11_annot,birdaves_biox_base_speed0p5,6,46,10,80.4844,80.4844
canary,llb11_annot,birdaves_biox_base_speed0p5,6,46,50,60.5353,60.5353
canary,llb11_annot,birdaves_biox_base_speed0p5,6,46,100,42.3967,42.3967
canary,llb11_annot,hubert_base_ls960,0,42,1,85.7699,85.7699
canary,llb11_annot,hubert_base_ls960,0,42,5,80.9328,80.9328
canary,llb11_annot,hubert_base_ls960,0,42,10,76.98,76.98
canary,llb11_annot,hubert_base_ls960,0,42,50,55.4596,55.4596
canary,llb11_annot,hubert_base_ls960,0,42,100,39.1809,39.1809
canary,llb11_annot,hubert_base_ls960,0,43,1,85.3876,85.3876
canary,llb11_annot,hubert_base_ls960,0,43,5,80.468,80.468
canary,llb11_annot,hubert_base_ls960,0,43,10,76.5602,76.5602
canary,llb11_annot,hubert_base_ls960,0,43,50,55.2433,55.2433
canary,llb11_annot,hubert_base_ls960,0,43,100,39.0896,39.0896
canary,llb11_annot,hubert_base_ls960,0,44,1,85.9957,85.9957
canary,llb11_annot,hubert_base_ls960,0,44,5,80.1663,80.1663
canary,llb11_annot,hubert_base_ls960,0,44,10,76.4007,76.4007
canary,llb11_annot,hubert_base_ls960,0,44,50,54.7772,54.7772
canary,llb11_annot,hubert_base_ls960,0,44,100,38.3966,38.3966
canary,llb11_annot,hubert_base_ls960,0,45,1,85.2871,85.2871
canary,llb11_annot,hubert_base_ls960,0,45,5,81.3306,81.3306
canary,llb11_annot,hubert_base_ls960,0,45,10,77.9014,77.9014
canary,llb11_annot,hubert_base_ls960,0,45,50,55.5137,55.5137
canary,llb11_annot,hubert_base_ls960,0,45,100,39.2157,39.2157
canary,llb11_annot,hubert_base_ls960,0,46,1,85.6235,85.6235
canary,llb11_annot,hubert_base_ls960,0,46,5,81.2225,81.2225
canary,llb11_annot,hubert_base_ls960,0,46,10,77.1837,77.1837
canary,llb11_annot,hubert_base_ls960,0,46,50,55.3826,55.3826
canary,llb11_annot,hubert_base_ls960,0,46,100,38.9589,38.9589
canary,llb11_annot,hubert_base_ls960,3,42,1,84.2766,84.2766
canary,llb11_annot,hubert_base_ls960,3,42,5,79.1307,79.1307
canary,llb11_annot,hubert_base_ls960,3,42,10,75.3088,75.3088
canary,llb11_annot,hubert_base_ls960,3,42,50,56.326,56.326
canary,llb11_annot,hubert_base_ls960,3,42,100,40.8477,40.8477
canary,llb11_annot,hubert_base_ls960,3,43,1,83.6338,83.6338
canary,llb11_annot,hubert_base_ls960,3,43,5,78.1876,78.1876
canary,llb11_annot,hubert_base_ls960,3,43,10,74.7063,74.7063
canary,llb11_annot,hubert_base_ls960,3,43,50,55.8735,55.8735
canary,llb11_annot,hubert_base_ls960,3,43,100,40.4371,40.4371
canary,llb11_annot,hubert_base_ls960,3,44,1,82.8445,82.8445
canary,llb11_annot,hubert_base_ls960,3,44,5,77.5235,77.5235
canary,llb11_annot,hubert_base_ls960,3,44,10,73.8275,73.8275
canary,llb11_annot,hubert_base_ls960,3,44,50,55.1352,55.1352
canary,llb11_annot,hubert_base_ls960,3,44,100,39.8463,39.8463
canary,llb11_annot,hubert_base_ls960,3,45,1,85.1514,85.1514
canary,llb11_annot,hubert_base_ls960,3,45,5,78.9341,78.9341
canary,llb11_annot,hubert_base_ls960,3,45,10,75.5375,75.5375
canary,llb11_annot,hubert_base_ls960,3,45,50,56.1812,56.1812
canary,llb11_annot,hubert_base_ls960,3,45,100,40.3425,40.3425
canary,llb11_annot,hubert_base_ls960,3,46,1,83.0129,83.0129
canary,llb11_annot,hubert_base_ls960,3,46,5,78.5651,78.5651
canary,llb11_annot,hubert_base_ls960,3,46,10,74.7173,74.7173
canary,llb11_annot,hubert_base_ls960,3,46,50,55.3251,55.3251
canary,llb11_annot,hubert_base_ls960,3,46,100,39.6448,39.6448
canary,llb11_annot,xcl_base_500k_p32x1_c005,5,42,1,89.867,89.867
canary,llb11_annot,xcl_base_500k_p32x1_c005,5,42,5,87.1172,87.1172
canary,llb11_annot,xcl_base_500k_p32x1_c005,5,42,10,83.9257,83.9257
canary,llb11_annot,xcl_base_500k_p32x1_c005,5,42,50,66.202,66.202
canary,llb11_annot,xcl_base_500k_p32x1_c005,5,42,100,49.9727,49.9727
canary,llb11_annot,xcl_base_500k_p32x1_c005,5,43,1,88.4288,88.4288
canary,llb11_annot,xcl_base_500k_p32x1_c005,5,43,5,86.6504,86.6504
canary,llb11_annot,xcl_base_500k_p32x1_c005,5,43,10,83.2657,83.2657
canary,llb11_annot,xcl_base_500k_p32x1_c005,5,43,50,65.3309,65.3309
canary,llb11_annot,xcl_base_500k_p32x1_c005,5,43,100,49.3173,49.3173
canary,llb11_annot,xcl_base_500k_p32x1_c005,5,44,1,89.0979,89.0979
canary,llb11_annot,xcl_base_500k_p32x1_c005,5,44,5,85.6791,85.6791
canary,llb11_annot,xcl_base_500k_p32x1_c005,5,44,10,82.6744,82.6744
canary,llb11_annot,xcl_base_500k_p32x1_c005,5,44,50,65.0438,65.0438
canary,llb11_annot,xcl_base_500k_p32x1_c005,5,44,100,49.1008,49.1008
canary,llb11_annot,xcl_base_500k_p32x1_c005,5,45,1,89.6988,89.6988
canary,llb11_annot,xcl_base_500k_p32x1_c005,5,45,5,87.3415,87.3415
canary,llb11_annot,xcl_base_500k_p32x1_c005,5,45,10,83.9961,83.9961
canary,llb11_annot,xcl_base_500k_p32x1_c005,5,45,50,65.8535,65.8535
canary,llb11_annot,xcl_base_500k_p32x1_c005,5,45,100,49.663,49.663
canary,llb11_annot,xcl_base_500k_p32x1_c005,5,46,1,90.3343,90.3343
canary,llb11_annot,xcl_base_500k_p32x1_c005,5,46,5,87.1515,87.1515
canary,llb11_annot,xcl_base_500k_p32x1_c005,5,46,10,83.8003,83.8003
canary,llb11_annot,xcl_base_500k_p32x1_c005,5,46,50,65.6608,65.6608
canary,llb11_annot,xcl_base_500k_p32x1_c005,5,46,100,49.3293,49.3293
canary,llb11_annot,xcl_base_500k_p32x4_c010,3,42,1,88.6809,88.6809
canary,llb11_annot,xcl_base_500k_p32x4_c010,3,42,5,84.8113,84.8113
canary,llb11_annot,xcl_base_500k_p32x4_c010,3,42,10,81.444,81.444
canary,llb11_annot,xcl_base_500k_p32x4_c010,3,42,50,59.2759,59.2759
canary,llb11_annot,xcl_base_500k_p32x4_c010,3,42,100,42.6805,42.6805
canary,llb11_annot,xcl_base_500k_p32x4_c010,3,43,1,87.7229,87.7229
canary,llb11_annot,xcl_base_500k_p32x4_c010,3,43,5,84.0919,84.0919
canary,llb11_annot,xcl_base_500k_p32x4_c010,3,43,10,80.4118,80.4118
canary,llb11_annot,xcl_base_500k_p32x4_c010,3,43,50,58.5815,58.5815
canary,llb11_annot,xcl_base_500k_p32x4_c010,3,43,100,42.0986,42.0986
canary,llb11_annot,xcl_base_500k_p32x4_c010,3,44,1,87.6681,87.6681
canary,llb11_annot,xcl_base_500k_p32x4_c010,3,44,5,84.2655,84.2655
canary,llb11_annot,xcl_base_500k_p32x4_c010,3,44,10,80.7892,80.7892
canary,llb11_annot,xcl_base_500k_p32x4_c010,3,44,50,58.494,58.494
canary,llb11_annot,xcl_base_500k_p32x4_c010,3,44,100,41.6171,41.6171
canary,llb11_annot,xcl_base_500k_p32x4_c010,3,45,1,88.0657,88.0657
canary,llb11_annot,xcl_base_500k_p32x4_c010,3,45,5,85.4651,85.4651
canary,llb11_annot,xcl_base_500k_p32x4_c010,3,45,10,82.4949,82.4949
canary,llb11_annot,xcl_base_500k_p32x4_c010,3,45,50,59.5423,59.5423
canary,llb11_annot,xcl_base_500k_p32x4_c010,3,45,100,42.5306,42.5306
canary,llb11_annot,xcl_base_500k_p32x4_c010,3,46,1,87.9068,87.9068
canary,llb11_annot,xcl_base_500k_p32x4_c010,3,46,5,85.0031,85.0031
canary,llb11_annot,xcl_base_500k_p32x4_c010,3,46,10,81.0609,81.0609
canary,llb11_annot,xcl_base_500k_p32x4_c010,3,46,50,58.4944,58.4944
canary,llb11_annot,xcl_base_500k_p32x4_c010,3,46,100,41.8503,41.8503
canary,llb11_annot,xcl_base_500k_p32x4_c010,4,42,1,88.9551,88.9551
canary,llb11_annot,xcl_base_500k_p32x4_c010,4,42,5,85.2494,85.2494
canary,llb11_annot,xcl_base_500k_p32x4_c010,4,42,10,81.7938,81.7938
canary,llb11_annot,xcl_base_500k_p32x4_c010,4,42,50,59.9441,59.9441
canary,llb11_annot,xcl_base_500k_p32x4_c010,4,42,100,43.2224,43.2224
canary,llb11_annot,xcl_base_500k_p32x4_c010,4,43,1,87.8194,87.8194
canary,llb11_annot,xcl_base_500k_p32x4_c010,4,43,5,84.5985,84.5985
canary,llb11_annot,xcl_base_500k_p32x4_c010,4,43,10,80.9498,80.9498
canary,llb11_annot,xcl_base_500k_p32x4_c010,4,43,50,59.1937,59.1937
canary,llb11_annot,xcl_base_500k_p32x4_c010,4,43,100,42.5752,42.5752
canary,llb11_annot,xcl_base_500k_p32x4_c010,4,44,1,87.5751,87.5751
canary,llb11_annot,xcl_base_500k_p32x4_c010,4,44,5,84.4783,84.4783
canary,llb11_annot,xcl_base_500k_p32x4_c010,4,44,10,81.0223,81.0223
canary,llb11_annot,xcl_base_500k_p32x4_c010,4,44,50,58.9685,58.9685
canary,llb11_annot,xcl_base_500k_p32x4_c010,4,44,100,42.1091,42.1091
canary,llb11_annot,xcl_base_500k_p32x4_c010,4,45,1,88.2726,88.2726
canary,llb11_annot,xcl_base_500k_p32x4_c010,4,45,5,85.9829,85.9829
canary,llb11_annot,xcl_base_500k_p32x4_c010,4,45,10,82.7517,82.7517
canary,llb11_annot,xcl_base_500k_p32x4_c010,4,45,50,60.1639,60.1639
canary,llb11_annot,xcl_base_500k_p32x4_c010,4,45,100,42.974,42.974
canary,llb11_annot,xcl_base_500k_p32x4_c010,4,46,1,88.6161,88.6161
canary,llb11_annot,xcl_base_500k_p32x4_c010,4,46,5,85.063,85.063
canary,llb11_annot,xcl_base_500k_p32x4_c010,4,46,10,81.3646,81.3646
canary,llb11_annot,xcl_base_500k_p32x4_c010,4,46,50,59.1086,59.1086
canary,llb11_annot,xcl_base_500k_p32x4_c010,4,46,100,42.3299,42.3299
canary,llb11_annot,xcl_large_500k_p32x1_c005,11,42,1,90.6784,90.6784
canary,llb11_annot,xcl_large_500k_p32x1_c005,11,42,5,88.2298,88.2298
canary,llb11_annot,xcl_large_500k_p32x1_c005,11,42,10,84.6619,84.6619
canary,llb11_annot,xcl_large_500k_p32x1_c005,11,42,50,66.5601,66.5601
canary,llb11_annot,xcl_large_500k_p32x1_c005,11,42,100,49.9203,49.9203
canary,llb11_annot,xcl_large_500k_p32x1_c005,11,43,1,90.0592,90.0592
canary,llb11_annot,xcl_large_500k_p32x1_c005,11,43,5,87.5346,87.5346
canary,llb11_annot,xcl_large_500k_p32x1_c005,11,43,10,84.0687,84.0687
canary,llb11_annot,xcl_large_500k_p32x1_c005,11,43,50,65.871,65.871
canary,llb11_annot,xcl_large_500k_p32x1_c005,11,43,100,49.3324,49.3324
canary,llb11_annot,xcl_large_500k_p32x1_c005,11,44,1,90.2459,90.2459
canary,llb11_annot,xcl_large_500k_p32x1_c005,11,44,5,86.6482,86.6482
canary,llb11_annot,xcl_large_500k_p32x1_c005,11,44,10,83.3193,83.3193
canary,llb11_annot,xcl_large_500k_p32x1_c005,11,44,50,65.5295,65.5295
canary,llb11_annot,xcl_large_500k_p32x1_c005,11,44,100,49.09,49.09
canary,llb11_annot,xcl_large_500k_p32x1_c005,11,45,1,91.1678,91.1678
canary,llb11_annot,xcl_large_500k_p32x1_c005,11,45,5,87.9171,87.9171
canary,llb11_annot,xcl_large_500k_p32x1_c005,11,45,10,84.6977,84.6977
canary,llb11_annot,xcl_large_500k_p32x1_c005,11,45,50,66.5299,66.5299
canary,llb11_annot,xcl_large_500k_p32x1_c005,11,45,100,49.6976,49.6976
canary,llb11_annot,xcl_large_500k_p32x1_c005,11,46,1,91.0762,91.0762
canary,llb11_annot,xcl_large_500k_p32x1_c005,11,46,5,87.8969,87.8969
canary,llb11_annot,xcl_large_500k_p32x1_c005,11,46,10,84.4135,84.4135
canary,llb11_annot,xcl_large_500k_p32x1_c005,11,46,50,66.3674,66.3674
canary,llb11_annot,xcl_large_500k_p32x1_c005,11,46,100,49.5319,49.5319
canary,llb11_annot,xcl_large_500k_p32x4_c0025,9,42,1,88.6667,88.6667
canary,llb11_annot,xcl_large_500k_p32x4_c0025,9,42,5,86.0611,86.0611
canary,llb11_annot,xcl_large_500k_p32x4_c0025,9,42,10,82.6247,82.6247
canary,llb11_annot,xcl_large_500k_p32x4_c0025,9,42,50,61.4993,61.4993
canary,llb11_annot,xcl_large_500k_p32x4_c0025,9,42,100,44.6943,44.6943
canary,llb11_annot,xcl_large_500k_p32x4_c0025,9,43,1,87.9695,87.9695
canary,llb11_annot,xcl_large_500k_p32x4_c0025,9,43,5,85.2223,85.2223
canary,llb11_annot,xcl_large_500k_p32x4_c0025,9,43,10,81.8718,81.8718
canary,llb11_annot,xcl_large_500k_p32x4_c0025,9,43,50,60.5907,60.5907
canary,llb11_annot,xcl_large_500k_p32x4_c0025,9,43,100,43.8134,43.8134
canary,llb11_annot,xcl_large_500k_p32x4_c0025,9,44,1,87.9007,87.9007
canary,llb11_annot,xcl_large_500k_p32x4_c0025,9,44,5,84.5991,84.5991
canary,llb11_annot,xcl_large_500k_p32x4_c0025,9,44,10,81.2647,81.2647
canary,llb11_annot,xcl_large_500k_p32x4_c0025,9,44,50,60.2732,60.2732
canary,llb11_annot,xcl_large_500k_p32x4_c0025,9,44,100,43.4189,43.4189
canary,llb11_annot,xcl_large_500k_p32x4_c0025,9,45,1,87.6982,87.6982
canary,llb11_annot,xcl_large_500k_p32x4_c0025,9,45,5,86.2608,86.2608
canary,llb11_annot,xcl_large_500k_p32x4_c0025,9,45,10,83.0293,83.0293
canary,llb11_annot,xcl_large_500k_p32x4_c0025,9,45,50,61.8013,61.8013
canary,llb11_annot,xcl_large_500k_p32x4_c0025,9,45,100,44.496,44.496
canary,llb11_annot,xcl_large_500k_p32x4_c0025,9,46,1,87.7639,87.7639
canary,llb11_annot,xcl_large_500k_p32x4_c0025,9,46,5,85.7841,85.7841
canary,llb11_annot,xcl_large_500k_p32x4_c0025,9,46,10,82.2205,82.2205
canary,llb11_annot,xcl_large_500k_p32x4_c0025,9,46,50,60.8907,60.8907
canary,llb11_annot,xcl_large_500k_p32x4_c0025,9,46,100,43.9159,43.9159
canary,llb11_annot,xcl_large_500k_p32x4_c010,10,42,1,89.7922,89.7922
canary,llb11_annot,xcl_large_500k_p32x4_c010,10,42,5,86.7776,86.7776
canary,llb11_annot,xcl_large_500k_p32x4_c010,10,42,10,83.1129,83.1129
canary,llb11_annot,xcl_large_500k_p32x4_c010,10,42,50,62.4427,62.4427
canary,llb11_annot,xcl_large_500k_p32x4_c010,10,42,100,45.0355,45.0355
canary,llb11_annot,xcl_large_500k_p32x4_c010,10,43,1,89.6702,89.6702
canary,llb11_annot,xcl_large_500k_p32x4_c010,10,43,5,86.3029,86.3029
canary,llb11_annot,xcl_large_500k_p32x4_c010,10,43,10,82.7569,82.7569
canary,llb11_annot,xcl_large_500k_p32x4_c010,10,43,50,61.7923,61.7923
canary,llb11_annot,xcl_large_500k_p32x4_c010,10,43,100,44.4047,44.4047
canary,llb11_annot,xcl_large_500k_p32x4_c010,10,44,1,88.6671,88.6671
canary,llb11_annot,xcl_large_500k_p32x4_c010,10,44,5,85.6082,85.6082
canary,llb11_annot,xcl_large_500k_p32x4_c010,10,44,10,82.1985,82.1985
canary,llb11_annot,xcl_large_500k_p32x4_c010,10,44,50,61.4048,61.4048
canary,llb11_annot,xcl_large_500k_p32x4_c010,10,44,100,43.9401,43.9401
canary,llb11_annot,xcl_large_500k_p32x4_c010,10,45,1,90.595,90.595
canary,llb11_annot,xcl_large_500k_p32x4_c010,10,45,5,87.091,87.091
canary,llb11_annot,xcl_large_500k_p32x4_c010,10,45,10,83.9311,83.9311
canary,llb11_annot,xcl_large_500k_p32x4_c010,10,45,50,63.0083,63.0083
canary,llb11_annot,xcl_large_500k_p32x4_c010,10,45,100,45.0482,45.0482
canary,llb11_annot,xcl_large_500k_p32x4_c010,10,46,1,89.7268,89.7268
canary,llb11_annot,xcl_large_500k_p32x4_c010,10,46,5,86.5667,86.5667
canary,llb11_annot,xcl_large_500k_p32x4_c010,10,46,10,82.8449,82.8449
canary,llb11_annot,xcl_large_500k_p32x4_c010,10,46,50,61.9036,61.9036
canary,llb11_annot,xcl_large_500k_p32x4_c010,10,46,100,44.2127,44.2127
canary,llb11_annot,xcl_micro_500k_p32x1_c005,4,42,1,84.5852,84.5852
canary,llb11_annot,xcl_micro_500k_p32x1_c005,4,42,5,80.9259,80.9259
canary,llb11_annot,xcl_micro_500k_p32x1_c005,4,42,10,77.1424,77.1424
canary,llb11_annot,xcl_micro_500k_p32x1_c005,4,42,50,58.3278,58.3278
canary,llb11_annot,xcl_micro_500k_p32x1_c005,4,42,100,44.0289,44.0289
canary,llb11_annot,xcl_micro_500k_p32x1_c005,4,43,1,83.4825,83.4825
canary,llb11_annot,xcl_micro_500k_p32x1_c005,4,43,5,80.2722,80.2722
canary,llb11_annot,xcl_micro_500k_p32x1_c005,4,43,10,76.4069,76.4069
canary,llb11_annot,xcl_micro_500k_p32x1_c005,4,43,50,57.3511,57.3511
canary,llb11_annot,xcl_micro_500k_p32x1_c005,4,43,100,43.2901,43.2901
canary,llb11_annot,xcl_micro_500k_p32x1_c005,4,44,1,82.9616,82.9616
canary,llb11_annot,xcl_micro_500k_p32x1_c005,4,44,5,79.4838,79.4838
canary,llb11_annot,xcl_micro_500k_p32x1_c005,4,44,10,75.7197,75.7197
canary,llb11_annot,xcl_micro_500k_p32x1_c005,4,44,50,57.2378,57.2378
canary,llb11_annot,xcl_micro_500k_p32x1_c005,4,44,100,43.1708,43.1708
canary,llb11_annot,xcl_micro_500k_p32x1_c005,4,45,1,85.0446,85.0446
canary,llb11_annot,xcl_micro_500k_p32x1_c005,4,45,5,81.36,81.36
canary,llb11_annot,xcl_micro_500k_p32x1_c005,4,45,10,77.3224,77.3224
canary,llb11_annot,xcl_micro_500k_p32x1_c005,4,45,50,58.0193,58.0193
canary,llb11_annot,xcl_micro_500k_p32x1_c005,4,45,100,43.736,43.736
canary,llb11_annot,xcl_micro_500k_p32x1_c005,4,46,1,84.8304,84.8304
canary,llb11_annot,xcl_micro_500k_p32x1_c005,4,46,5,80.7759,80.7759
canary,llb11_annot,xcl_micro_500k_p32x1_c005,4,46,10,77.0542,77.0542
canary,llb11_annot,xcl_micro_500k_p32x1_c005,4,46,50,58.4442,58.4442
canary,llb11_annot,xcl_micro_500k_p32x1_c005,4,46,100,44.0018,44.0018
canary,llb11_annot,xcl_micro_500k_p32x1_c005,5,42,1,84.2502,84.2502
canary,llb11_annot,xcl_micro_500k_p32x1_c005,5,42,5,80.5348,80.5348
canary,llb11_annot,xcl_micro_500k_p32x1_c005,5,42,10,76.8641,76.8641
canary,llb11_annot,xcl_micro_500k_p32x1_c005,5,42,50,57.8579,57.8579
canary,llb11_annot,xcl_micro_500k_p32x1_c005,5,42,100,43.5655,43.5655
canary,llb11_annot,xcl_micro_500k_p32x1_c005,5,43,1,83.4151,83.4151
canary,llb11_annot,xcl_micro_500k_p32x1_c005,5,43,5,79.8725,79.8725
canary,llb11_annot,xcl_micro_500k_p32x1_c005,5,43,10,76.0056,76.0056
canary,llb11_annot,xcl_micro_500k_p32x1_c005,5,43,50,56.7469,56.7469
canary,llb11_annot,xcl_micro_500k_p32x1_c005,5,43,100,42.7697,42.7697
canary,llb11_annot,xcl_micro_500k_p32x1_c005,5,44,1,83.0509,83.0509
canary,llb11_annot,xcl_micro_500k_p32x1_c005,5,44,5,79.2881,79.2881
canary,llb11_annot,xcl_micro_500k_p32x1_c005,5,44,10,75.489,75.489
canary,llb11_annot,xcl_micro_500k_p32x1_c005,5,44,50,56.6855,56.6855
canary,llb11_annot,xcl_micro_500k_p32x1_c005,5,44,100,42.6744,42.6744
canary,llb11_annot,xcl_micro_500k_p32x1_c005,5,45,1,85.1228,85.1228
canary,llb11_annot,xcl_micro_500k_p32x1_c005,5,45,5,80.6652,80.6652
canary,llb11_annot,xcl_micro_500k_p32x1_c005,5,45,10,77.0852,77.0852
canary,llb11_annot,xcl_micro_500k_p32x1_c005,5,45,50,57.4782,57.4782
canary,llb11_annot,xcl_micro_500k_p32x1_c005,5,45,100,43.2891,43.2891
canary,llb11_annot,xcl_micro_500k_p32x1_c005,5,46,1,85.1252,85.1252
canary,llb11_annot,xcl_micro_500k_p32x1_c005,5,46,5,80.7307,80.7307
canary,llb11_annot,xcl_micro_500k_p32x1_c005,5,46,10,76.7449,76.7449
canary,llb11_annot,xcl_micro_500k_p32x1_c005,5,46,50,57.9149,57.9149
canary,llb11_annot,xcl_micro_500k_p32x1_c005,5,46,100,43.5469,43.5469
canary,llb11_annot,xcl_micro_500k_p32x4_c010,3,42,1,87.1229,87.1229
canary,llb11_annot,xcl_micro_500k_p32x4_c010,3,42,5,82.9815,82.9815
canary,llb11_annot,xcl_micro_500k_p32x4_c010,3,42,10,78.7102,78.7102
canary,llb11_annot,xcl_micro_500k_p32x4_c010,3,42,50,55.7854,55.7854
canary,llb11_annot,xcl_micro_500k_p32x4_c010,3,42,100,39.621,39.621
canary,llb11_annot,xcl_micro_500k_p32x4_c010,3,43,1,83.975,83.975
canary,llb11_annot,xcl_micro_500k_p32x4_c010,3,43,5,81.0909,81.0909
canary,llb11_annot,xcl_micro_500k_p32x4_c010,3,43,10,77.4433,77.4433
canary,llb11_annot,xcl_micro_500k_p32x4_c010,3,43,50,54.9137,54.9137
canary,llb11_annot,xcl_micro_500k_p32x4_c010,3,43,100,39.145,39.145
canary,llb11_annot,xcl_micro_500k_p32x4_c010,3,44,1,83.7034,83.7034
canary,llb11_annot,xcl_micro_500k_p32x4_c010,3,44,5,81.6264,81.6264
canary,llb11_annot,xcl_micro_500k_p32x4_c010,3,44,10,77.6747,77.6747
canary,llb11_annot,xcl_micro_500k_p32x4_c010,3,44,50,54.9318,54.9318
canary,llb11_annot,xcl_micro_500k_p32x4_c010,3,44,100,38.854,38.854
canary,llb11_annot,xcl_micro_500k_p32x4_c010,3,45,1,85.9972,85.9972
canary,llb11_annot,xcl_micro_500k_p32x4_c010,3,45,5,82.9904,82.9904
canary,llb11_annot,xcl_micro_500k_p32x4_c010,3,45,10,79.5165,79.5165
canary,llb11_annot,xcl_micro_500k_p32x4_c010,3,45,50,55.9448,55.9448
canary,llb11_annot,xcl_micro_500k_p32x4_c010,3,45,100,39.4312,39.4312
canary,llb11_annot,xcl_micro_500k_p32x4_c010,3,46,1,84.9822,84.9822
canary,llb11_annot,xcl_micro_500k_p32x4_c010,3,46,5,82.2227,82.2227
canary,llb11_annot,xcl_micro_500k_p32x4_c010,3,46,10,78.4244,78.4244
canary,llb11_annot,xcl_micro_500k_p32x4_c010,3,46,50,55.3971,55.3971
canary,llb11_annot,xcl_micro_500k_p32x4_c010,3,46,100,39.1886,39.1886
canary,llb16_annot,birdaves_biox_base,3,42,1,82.303,76.9931
canary,llb16_annot,birdaves_biox_base,3,42,5,72.6791,67.9901
canary,llb16_annot,birdaves_biox_base,3,42,10,66.6018,62.3049
canary,llb16_annot,birdaves_biox_base,3,42,50,49.8124,46.5987
canary,llb16_annot,birdaves_biox_base,3,42,100,37.5258,35.1048
canary,llb16_annot,birdaves_biox_base,3,43,1,82.8329,77.4888
canary,llb16_annot,birdaves_biox_base,3,43,5,73.2543,68.5282
canary,llb16_annot,birdaves_biox_base,3,43,10,67.4475,63.096
canary,llb16_annot,birdaves_biox_base,3,43,50,50.8158,47.5373
canary,llb16_annot,birdaves_biox_base,3,43,100,38.333,35.8599
canary,llb16_annot,birdaves_biox_base,3,44,1,81.4117,76.1594
canary,llb16_annot,birdaves_biox_base,3,44,5,71.4619,66.8514
canary,llb16_annot,birdaves_biox_base,3,44,10,66.019,61.7597
canary,llb16_annot,birdaves_biox_base,3,44,50,49.8774,46.6595
canary,llb16_annot,birdaves_biox_base,3,44,100,37.843,35.4015
canary,llb16_annot,birdaves_biox_base,3,45,1,81.1119,75.8789
canary,llb16_annot,birdaves_biox_base,3,45,5,72.0632,67.4139
canary,llb16_annot,birdaves_biox_base,3,45,10,65.9702,61.7141
canary,llb16_annot,birdaves_biox_base,3,45,50,48.8807,45.7271
canary,llb16_annot,birdaves_biox_base,3,45,100,36.8417,34.4649
canary,llb16_annot,birdaves_biox_base,3,46,1,81.4814,76.2245
canary,llb16_annot,birdaves_biox_base,3,46,5,72.0038,67.3584
canary,llb16_annot,birdaves_biox_base,3,46,10,66.31,62.032
canary,llb16_annot,birdaves_biox_base,3,46,50,50.1865,46.9487
canary,llb16_annot,birdaves_biox_base,3,46,100,37.8509,35.4089
canary,llb16_annot,birdaves_biox_base,7,42,1,80.267,75.0885
canary,llb16_annot,birdaves_biox_base,7,42,5,71.031,66.4483
canary,llb16_annot,birdaves_biox_base,7,42,10,65.0598,60.8624
canary,llb16_annot,birdaves_biox_base,7,42,50,48.9121,45.7565
canary,llb16_annot,birdaves_biox_base,7,42,100,37.3741,34.9628
canary,llb16_annot,birdaves_biox_base,7,43,1,81.137,75.9023
canary,llb16_annot,birdaves_biox_base,7,43,5,71.2233,66.6282
canary,llb16_annot,birdaves_biox_base,7,43,10,65.5025,61.2765
canary,llb16_annot,birdaves_biox_base,7,43,50,49.5855,46.3865
canary,llb16_annot,birdaves_biox_base,7,43,100,38.0668,35.6108
canary,llb16_annot,birdaves_biox_base,7,44,1,79.3091,74.1924
canary,llb16_annot,birdaves_biox_base,7,44,5,69.3957,64.9185
canary,llb16_annot,birdaves_biox_base,7,44,10,63.9876,59.8594
canary,llb16_annot,birdaves_biox_base,7,44,50,48.9018,45.7468
canary,llb16_annot,birdaves_biox_base,7,44,100,37.6825,35.2514
canary,llb16_annot,birdaves_biox_base,7,45,1,80.118,74.9491
canary,llb16_annot,birdaves_biox_base,7,45,5,70.1528,65.6268
canary,llb16_annot,birdaves_biox_base,7,45,10,63.9578,59.8315
canary,llb16_annot,birdaves_biox_base,7,45,50,47.6235,44.551
canary,llb16_annot,birdaves_biox_base,7,45,100,36.5882,34.2277
canary,llb16_annot,birdaves_biox_base,7,46,1,79.211,74.1006
canary,llb16_annot,birdaves_biox_base,7,46,5,70.4364,65.8921
canary,llb16_annot,birdaves_biox_base,7,46,10,64.7936,60.6134
canary,llb16_annot,birdaves_biox_base,7,46,50,49.3205,46.1385
canary,llb16_annot,birdaves_biox_base,7,46,100,38.0156,35.563
canary,llb16_annot,birdaves_biox_base_speed0p25,3,42,1,80.8385,75.6231
canary,llb16_annot,birdaves_biox_base_speed0p25,3,42,5,71.9812,67.3373
canary,llb16_annot,birdaves_biox_base_speed0p25,3,42,10,66.4577,62.1701
canary,llb16_annot,birdaves_biox_base_speed0p25,3,42,50,51.163,47.8622
canary,llb16_annot,birdaves_biox_base_speed0p25,3,42,100,39.7657,37.2002
canary,llb16_annot,birdaves_biox_base_speed0p25,3,43,1,81.8712,76.5892
canary,llb16_annot,birdaves_biox_base_speed0p25,3,43,5,72.2006,67.5425
canary,llb16_annot,birdaves_biox_base_speed0p25,3,43,10,66.5779,62.2825
canary,llb16_annot,birdaves_biox_base_speed0p25,3,43,50,51.0537,47.7599
canary,llb16_annot,birdaves_biox_base_speed0p25,3,43,100,39.8092,37.2409
canary,llb16_annot,birdaves_biox_base_speed0p25,3,44,1,80.6547,75.4511
canary,llb16_annot,birdaves_biox_base_speed0p25,3,44,5,70.9633,66.385
canary,llb16_annot,birdaves_biox_base_speed0p25,3,44,10,65.3032,61.0901
canary,llb16_annot,birdaves_biox_base_speed0p25,3,44,50,50.2132,46.9737
canary,llb16_annot,birdaves_biox_base_speed0p25,3,44,100,39.1408,36.6156
canary,llb16_annot,birdaves_biox_base_speed0p25,3,45,1,80.198,75.0239
canary,llb16_annot,birdaves_biox_base_speed0p25,3,45,5,70.9158,66.3406
canary,llb16_annot,birdaves_biox_base_speed0p25,3,45,10,65.4567,61.2337
canary,llb16_annot,birdaves_biox_base_speed0p25,3,45,50,50.0188,46.7918
canary,llb16_annot,birdaves_biox_base_speed0p25,3,45,100,38.8025,36.2991
canary,llb16_annot,birdaves_biox_base_speed0p25,3,46,1,80.8179,75.6039
canary,llb16_annot,birdaves_biox_base_speed0p25,3,46,5,71.3895,66.7837
canary,llb16_annot,birdaves_biox_base_speed0p25,3,46,10,65.6785,61.4412
canary,llb16_annot,birdaves_biox_base_speed0p25,3,46,50,50.8527,47.5719
canary,llb16_annot,birdaves_biox_base_speed0p25,3,46,100,39.5925,37.0382
canary,llb16_annot,birdaves_biox_base_speed0p25,4,42,1,80.8071,75.5938
canary,llb16_annot,birdaves_biox_base_speed0p25,4,42,5,72.6069,67.9226
canary,llb16_annot,birdaves_biox_base_speed0p25,4,42,10,66.6143,62.3166
canary,llb16_annot,birdaves_biox_base_speed0p25,4,42,50,50.7093,47.4378
canary,llb16_annot,birdaves_biox_base_speed0p25,4,42,100,39.0278,36.5099
canary,llb16_annot,birdaves_biox_base_speed0p25,4,43,1,81.86,76.5787
canary,llb16_annot,birdaves_biox_base_speed0p25,4,43,5,72.5762,67.8939
canary,llb16_annot,birdaves_biox_base_speed0p25,4,43,10,66.5719,62.2769
canary,llb16_annot,birdaves_biox_base_speed0p25,4,43,50,50.7646,47.4894
canary,llb16_annot,birdaves_biox_base_speed0p25,4,43,100,39.289,36.7542
canary,llb16_annot,birdaves_biox_base_speed0p25,4,44,1,81.09,75.8584
canary,llb16_annot,birdaves_biox_base_speed0p25,4,44,5,71.9007,67.262
canary,llb16_annot,birdaves_biox_base_speed0p25,4,44,10,65.9666,61.7107
canary,llb16_annot,birdaves_biox_base_speed0p25,4,44,50,49.9055,46.6858
canary,llb16_annot,birdaves_biox_base_speed0p25,4,44,100,38.5898,36.1002
canary,llb16_annot,birdaves_biox_base_speed0p25,4,45,1,80.5673,75.3694
canary,llb16_annot,birdaves_biox_base_speed0p25,4,45,5,71.2223,66.6273
canary,llb16_annot,birdaves_biox_base_speed0p25,4,45,10,65.5403,61.3119
canary,llb16_annot,birdaves_biox_base_speed0p25,4,45,50,49.5555,46.3584
canary,llb16_annot,birdaves_biox_base_speed0p25,4,45,100,38.1999,35.7354
canary,llb16_annot,birdaves_biox_base_speed0p25,4,46,1,80.2935,75.1133
canary,llb16_annot,birdaves_biox_base_speed0p25,4,46,5,71.91,67.2707
canary,llb16_annot,birdaves_biox_base_speed0p25,4,46,10,66.0369,61.7765
canary,llb16_annot,birdaves_biox_base_speed0p25,4,46,50,50.6322,47.3656
canary,llb16_annot,birdaves_biox_base_speed0p25,4,46,100,39.0795,36.5582
canary,llb16_annot,birdaves_biox_base_speed0p5,3,42,1,82.0241,76.7322
canary,llb16_annot,birdaves_biox_base_speed0p5,3,42,5,73.2857,68.5576
canary,llb16_annot,birdaves_biox_base_speed0p5,3,42,10,67.2731,62.9329
canary,llb16_annot,birdaves_biox_base_speed0p5,3,42,50,51.8721,48.5255
canary,llb16_annot,birdaves_biox_base_speed0p5,3,42,100,40.3264,37.7247
canary,llb16_annot,birdaves_biox_base_speed0p5,3,43,1,84.256,78.8201
canary,llb16_annot,birdaves_biox_base_speed0p5,3,43,5,74.008,69.2333
canary,llb16_annot,birdaves_biox_base_speed0p5,3,43,10,67.5402,63.1827
canary,llb16_annot,birdaves_biox_base_speed0p5,3,43,50,52.3124,48.9374
canary,llb16_annot,birdaves_biox_base_speed0p5,3,43,100,40.5633,37.9463
canary,llb16_annot,birdaves_biox_base_speed0p5,3,44,1,83.124,77.7611
canary,llb16_annot,birdaves_biox_base_speed0p5,3,44,5,72.3716,67.7025
canary,llb16_annot,birdaves_biox_base_speed0p5,3,44,10,66.1392,61.8722
canary,llb16_annot,birdaves_biox_base_speed0p5,3,44,50,51.0733,47.7782
canary,llb16_annot,birdaves_biox_base_speed0p5,3,44,100,39.7961,37.2286
canary,llb16_annot,birdaves_biox_base_speed0p5,3,45,1,81.8712,76.5892
canary,llb16_annot,birdaves_biox_base_speed0p5,3,45,5,71.8215,67.1879
canary,llb16_annot,birdaves_biox_base_speed0p5,3,45,10,65.5045,61.2784
canary,llb16_annot,birdaves_biox_base_speed0p5,3,45,50,50.988,47.6984
canary,llb16_annot,birdaves_biox_base_speed0p5,3,45,100,39.5269,36.9768
canary,llb16_annot,birdaves_biox_base_speed0p5,3,46,1,82.9438,77.5926
canary,llb16_annot,birdaves_biox_base_speed0p5,3,46,5,72.9274,68.2224
canary,llb16_annot,birdaves_biox_base_speed0p5,3,46,10,66.7745,62.4665
canary,llb16_annot,birdaves_biox_base_speed0p5,3,46,50,51.9266,48.5765
canary,llb16_annot,birdaves_biox_base_speed0p5,3,46,100,40.3627,37.7587
canary,llb16_annot,birdaves_biox_base_speed0p5,6,42,1,80.8693,75.6519
canary,llb16_annot,birdaves_biox_base_speed0p5,6,42,5,71.9937,67.3489
canary,llb16_annot,birdaves_biox_base_speed0p5,6,42,10,65.2419,61.0327
canary,llb16_annot,birdaves_biox_base_speed0p5,6,42,50,49.0423,45.8783
canary,llb16_annot,birdaves_biox_base_speed0p5,6,42,100,37.8235,35.3833
canary,llb16_annot,birdaves_biox_base_speed0p5,6,43,1,83.3053,77.9308
canary,llb16_annot,birdaves_biox_base_speed0p5,6,43,5,72.7729,68.0779
canary,llb16_annot,birdaves_biox_base_speed0p5,6,43,10,65.9492,61.6944
canary,llb16_annot,birdaves_biox_base_speed0p5,6,43,50,49.6107,46.41
canary,llb16_annot,birdaves_biox_base_speed0p5,6,43,100,38.0349,35.581
canary,llb16_annot,birdaves_biox_base_speed0p5,6,44,1,81.182,75.9445
canary,llb16_annot,birdaves_biox_base_speed0p5,6,44,5,71.3573,66.7536
canary,llb16_annot,birdaves_biox_base_speed0p5,6,44,10,64.7539,60.5762
canary,llb16_annot,birdaves_biox_base_speed0p5,6,44,50,48.5278,45.3969
canary,llb16_annot,birdaves_biox_base_speed0p5,6,44,100,37.4572,35.0406
canary,llb16_annot,birdaves_biox_base_speed0p5,6,45,1,80.7865,75.5745
canary,llb16_annot,birdaves_biox_base_speed0p5,6,45,5,70.5381,65.9873
canary,llb16_annot,birdaves_biox_base_speed0p5,6,45,10,64.2141,60.0713
canary,llb16_annot,birdaves_biox_base_speed0p5,6,45,50,48.1684,45.0608
canary,llb16_annot,birdaves_biox_base_speed0p5,6,45,100,36.8659,34.4874
canary,llb16_annot,birdaves_biox_base_speed0p5,6,46,1,82.3507,77.0378
canary,llb16_annot,birdaves_biox_base_speed0p5,6,46,5,72.0073,67.3617
canary,llb16_annot,birdaves_biox_base_speed0p5,6,46,10,65.5801,61.3491
canary,llb16_annot,birdaves_biox_base_speed0p5,6,46,50,49.6466,46.4436
canary,llb16_annot,birdaves_biox_base_speed0p5,6,46,100,38.2157,35.7501
canary,llb16_annot,hubert_base_ls960,0,42,1,74.4022,69.602
canary,llb16_annot,hubert_base_ls960,0,42,5,64.8688,60.6838
canary,llb16_annot,hubert_base_ls960,0,42,10,59.0062,55.1993
canary,llb16_annot,hubert_base_ls960,0,42,50,41.9507,39.2442
canary,llb16_annot,hubert_base_ls960,0,42,100,31.9086,29.85
canary,llb16_annot,hubert_base_ls960,0,43,1,76.4939,71.5589
canary,llb16_annot,hubert_base_ls960,0,43,5,65.9005,61.6488
canary,llb16_annot,hubert_base_ls960,0,43,10,59.8295,55.9695
canary,llb16_annot,hubert_base_ls960,0,43,50,42.4821,39.7414
canary,llb16_annot,hubert_base_ls960,0,43,100,32.1791,30.1031
canary,llb16_annot,hubert_base_ls960,0,44,1,74.1003,69.3197
canary,llb16_annot,hubert_base_ls960,0,44,5,64.7581,60.5802
canary,llb16_annot,hubert_base_ls960,0,44,10,58.8517,55.0548
canary,llb16_annot,hubert_base_ls960,0,44,50,42.0996,39.3835
canary,llb16_annot,hubert_base_ls960,0,44,100,32.1642,30.0891
canary,llb16_annot,hubert_base_ls960,0,45,1,73.6967,68.9421
canary,llb16_annot,hubert_base_ls960,0,45,5,64.1398,60.0018
canary,llb16_annot,hubert_base_ls960,0,45,10,58.1192,54.3696
canary,llb16_annot,hubert_base_ls960,0,45,50,40.9935,38.3488
canary,llb16_annot,hubert_base_ls960,0,45,100,31.0724,29.0677
canary,llb16_annot,hubert_base_ls960,0,46,1,73.2836,68.5556
canary,llb16_annot,hubert_base_ls960,0,46,5,65.1914,60.9855
canary,llb16_annot,hubert_base_ls960,0,46,10,59.0157,55.2082
canary,llb16_annot,hubert_base_ls960,0,46,50,42.489,39.7478
canary,llb16_annot,hubert_base_ls960,0,46,100,32.2205,30.1418
canary,llb16_annot,hubert_base_ls960,3,42,1,73.207,68.4839
canary,llb16_annot,hubert_base_ls960,3,42,5,63.9799,59.8522
canary,llb16_annot,hubert_base_ls960,3,42,10,58.3537,54.589
canary,llb16_annot,hubert_base_ls960,3,42,50,42.5148,39.7719
canary,llb16_annot,hubert_base_ls960,3,42,100,32.4912,30.395
canary,llb16_annot,hubert_base_ls960,3,43,1,74.4422,69.6395
canary,llb16_annot,hubert_base_ls960,3,43,5,65.5092,61.2828
canary,llb16_annot,hubert_base_ls960,3,43,10,59.9217,56.0558
canary,llb16_annot,hubert_base_ls960,3,43,50,43.3654,40.5676
canary,llb16_annot,hubert_base_ls960,3,43,100,32.8722,30.7514
canary,llb16_annot,hubert_base_ls960,3,44,1,71.965,67.3221
canary,llb16_annot,hubert_base_ls960,3,44,5,64.2033,60.0612
canary,llb16_annot,hubert_base_ls960,3,44,10,58.7866,54.994
canary,llb16_annot,hubert_base_ls960,3,44,50,43.1997,40.4126
canary,llb16_annot,hubert_base_ls960,3,44,100,33.0215,30.8911
canary,llb16_annot,hubert_base_ls960,3,45,1,73.2695,68.5425
canary,llb16_annot,hubert_base_ls960,3,45,5,63.2673,59.1855
canary,llb16_annot,hubert_base_ls960,3,45,10,57.6472,53.928
canary,llb16_annot,hubert_base_ls960,3,45,50,41.4034,38.7323
canary,llb16_annot,hubert_base_ls960,3,45,100,31.6336,29.5928
canary,llb16_annot,hubert_base_ls960,3,46,1,72.5041,67.8264
canary,llb16_annot,hubert_base_ls960,3,46,5,64.3345,60.1839
canary,llb16_annot,hubert_base_ls960,3,46,10,58.8979,55.0981
canary,llb16_annot,hubert_base_ls960,3,46,50,43.1599,40.3754
canary,llb16_annot,hubert_base_ls960,3,46,100,32.7987,30.6826
canary,llb16_annot,xcl_base_500k_p32x1_c005,5,42,1,82.3957,77.0799
canary,llb16_annot,xcl_base_500k_p32x1_c005,5,42,5,74.9798,70.1424
canary,llb16_annot,xcl_base_500k_p32x1_c005,5,42,10,69.9388,65.4266
canary,llb16_annot,xcl_base_500k_p32x1_c005,5,42,50,55.1924,51.6316
canary,llb16_annot,xcl_base_500k_p32x1_c005,5,42,100,44.1788,41.3286
canary,llb16_annot,xcl_base_500k_p32x1_c005,5,43,1,83.6708,78.2727
canary,llb16_annot,xcl_base_500k_p32x1_c005,5,43,5,75.3844,70.5209
canary,llb16_annot,xcl_base_500k_p32x1_c005,5,43,10,70.2748,65.741
canary,llb16_annot,xcl_base_500k_p32x1_c005,5,43,50,55.412,51.837
canary,llb16_annot,xcl_base_500k_p32x1_c005,5,43,100,44.4121,41.5468
canary,llb16_annot,xcl_base_500k_p32x1_c005,5,44,1,82.2083,76.9045
canary,llb16_annot,xcl_base_500k_p32x1_c005,5,44,5,74.4302,69.6283
canary,llb16_annot,xcl_base_500k_p32x1_c005,5,44,10,69.5447,65.0579
canary,llb16_annot,xcl_base_500k_p32x1_c005,5,44,50,54.863,51.3234
canary,llb16_annot,xcl_base_500k_p32x1_c005,5,44,100,44.032,41.1912
canary,llb16_annot,xcl_base_500k_p32x1_c005,5,45,1,81.1373,75.9027
canary,llb16_annot,xcl_base_500k_p32x1_c005,5,45,5,73.7802,69.0202
canary,llb16_annot,xcl_base_500k_p32x1_c005,5,45,10,68.7002,64.2679
canary,llb16_annot,xcl_base_500k_p32x1_c005,5,45,50,54.2096,50.7122
canary,llb16_annot,xcl_base_500k_p32x1_c005,5,45,100,43.3552,40.558
canary,llb16_annot,xcl_base_500k_p32x1_c005,5,46,1,81.5899,76.3261
canary,llb16_annot,xcl_base_500k_p32x1_c005,5,46,5,74.6328,69.8178
canary,llb16_annot,xcl_base_500k_p32x1_c005,5,46,10,69.2759,64.8065
canary,llb16_annot,xcl_base_500k_p32x1_c005,5,46,50,54.7055,51.1761
canary,llb16_annot,xcl_base_500k_p32x1_c005,5,46,100,43.8983,41.0662
canary,llb16_annot,xcl_base_500k_p32x4_c010,3,42,1,83.1258,77.7628
canary,llb16_annot,xcl_base_500k_p32x4_c010,3,42,5,72.9334,68.228
canary,llb16_annot,xcl_base_500k_p32x4_c010,3,42,10,66.7367,62.4311
canary,llb16_annot,xcl_base_500k_p32x4_c010,3,42,50,47.4844,44.4209
canary,llb16_annot,xcl_base_500k_p32x4_c010,3,42,100,36.1645,33.8313
canary,llb16_annot,xcl_base_500k_p32x4_c010,3,43,1,85.4144,79.9038
canary,llb16_annot,xcl_base_500k_p32x4_c010,3,43,5,73.7445,68.9868
canary,llb16_annot,xcl_base_500k_p32x4_c010,3,43,10,67.0513,62.7254
canary,llb16_annot,xcl_base_500k_p32x4_c010,3,43,50,47.9529,44.8591
canary,llb16_annot,xcl_base_500k_p32x4_c010,3,43,100,36.2281,33.8908
canary,llb16_annot,xcl_base_500k_p32x4_c010,3,44,1,81.6915,76.421
canary,llb16_annot,xcl_base_500k_p32x4_c010,3,44,5,71.9969,67.3519
canary,llb16_annot,xcl_base_500k_p32x4_c010,3,44,10,65.6951,61.4567
canary,llb16_annot,xcl_base_500k_p32x4_c010,3,44,50,46.88,43.8555
canary,llb16_annot,xcl_base_500k_p32x4_c010,3,44,100,35.8703,33.5561
canary,llb16_annot,xcl_base_500k_p32x4_c010,3,45,1,81.4023,76.1505
canary,llb16_annot,xcl_base_500k_p32x4_c010,3,45,5,71.716,67.0892
canary,llb16_annot,xcl_base_500k_p32x4_c010,3,45,10,65.4401,61.2182
canary,llb16_annot,xcl_base_500k_p32x4_c010,3,45,50,46.7568,43.7402
canary,llb16_annot,xcl_base_500k_p32x4_c010,3,45,100,35.5737,33.2786
canary,llb16_annot,xcl_base_500k_p32x4_c010,3,46,1,81.3957,76.1444
canary,llb16_annot,xcl_base_500k_p32x4_c010,3,46,5,72.0807,67.4304
canary,llb16_annot,xcl_base_500k_p32x4_c010,3,46,10,65.3693,61.1519
canary,llb16_annot,xcl_base_500k_p32x4_c010,3,46,50,47.2589,44.21
canary,llb16_annot,xcl_base_500k_p32x4_c010,3,46,100,36.2669,33.9271
canary,llb16_annot,xcl_base_500k_p32x4_c010,4,42,1,83.9901,78.5714
canary,llb16_annot,xcl_base_500k_p32x4_c010,4,42,5,73.4336,68.6959
canary,llb16_annot,xcl_base_500k_p32x4_c010,4,42,10,67.0804,62.7527
canary,llb16_annot,xcl_base_500k_p32x4_c010,4,42,50,47.6776,44.6016
canary,llb16_annot,xcl_base_500k_p32x4_c010,4,42,100,36.2301,33.8926
canary,llb16_annot,xcl_base_500k_p32x4_c010,4,43,1,85.521,80.0035
canary,llb16_annot,xcl_base_500k_p32x4_c010,4,43,5,74.0554,69.2776
canary,llb16_annot,xcl_base_500k_p32x4_c010,4,43,10,67.4053,63.0566
canary,llb16_annot,xcl_base_500k_p32x4_c010,4,43,50,48.066,44.965
canary,llb16_annot,xcl_base_500k_p32x4_c010,4,43,100,36.2642,33.9246
canary,llb16_annot,xcl_base_500k_p32x4_c010,4,44,1,82.7096,77.3735
canary,llb16_annot,xcl_base_500k_p32x4_c010,4,44,5,72.1487,67.494
canary,llb16_annot,xcl_base_500k_p32x4_c010,4,44,10,66.0223,61.7628
canary,llb16_annot,xcl_base_500k_p32x4_c010,4,44,50,47.1429,44.1014
canary,llb16_annot,xcl_base_500k_p32x4_c010,4,44,100,35.9472,33.628
canary,llb16_annot,xcl_base_500k_p32x4_c010,4,45,1,81.3265,76.0796
canary,llb16_annot,xcl_base_500k_p32x4_c010,4,45,5,72.143,67.4886
canary,llb16_annot,xcl_base_500k_p32x4_c010,4,45,10,65.9113,61.659
canary,llb16_annot,xcl_base_500k_p32x4_c010,4,45,50,46.934,43.906
canary,llb16_annot,xcl_base_500k_p32x4_c010,4,45,100,35.7006,33.3973
canary,llb16_annot,xcl_base_500k_p32x4_c010,4,46,1,81.7605,76.4857
canary,llb16_annot,xcl_base_500k_p32x4_c010,4,46,5,72.6789,67.9899
canary,llb16_annot,xcl_base_500k_p32x4_c010,4,46,10,65.7563,61.5139
canary,llb16_annot,xcl_base_500k_p32x4_c010,4,46,50,47.4323,44.3721
canary,llb16_annot,xcl_base_500k_p32x4_c010,4,46,100,36.2295,33.8921
canary,llb16_annot,xcl_large_500k_p32x1_c005,11,42,1,85.0168,79.5318
canary,llb16_annot,xcl_large_500k_p32x1_c005,11,42,5,75.567,70.6917
canary,llb16_annot,xcl_large_500k_p32x1_c005,11,42,10,70.0201,65.5026
canary,llb16_annot,xcl_large_500k_p32x1_c005,11,42,50,55.5218,51.9398
canary,llb16_annot,xcl_large_500k_p32x1_c005,11,42,100,44.4778,41.6083
canary,llb16_annot,xcl_large_500k_p32x1_c005,11,43,1,84.3183,78.8784
canary,llb16_annot,xcl_large_500k_p32x1_c005,11,43,5,76.3366,71.4117
canary,llb16_annot,xcl_large_500k_p32x1_c005,11,43,10,70.5852,66.0313
canary,llb16_annot,xcl_large_500k_p32x1_c005,11,43,50,55.6173,52.0291
canary,llb16_annot,xcl_large_500k_p32x1_c005,11,43,100,44.6623,41.7808
canary,llb16_annot,xcl_large_500k_p32x1_c005,11,44,1,83.8618,78.4514
canary,llb16_annot,xcl_large_500k_p32x1_c005,11,44,5,75.8733,70.9782
canary,llb16_annot,xcl_large_500k_p32x1_c005,11,44,10,70.0927,65.5706
canary,llb16_annot,xcl_large_500k_p32x1_c005,11,44,50,55.341,51.7706
canary,llb16_annot,xcl_large_500k_p32x1_c005,11,44,100,44.5826,41.7063
canary,llb16_annot,xcl_large_500k_p32x1_c005,11,45,1,82.3298,77.0182
canary,llb16_annot,xcl_large_500k_p32x1_c005,11,45,5,74.5052,69.6984
canary,llb16_annot,xcl_large_500k_p32x1_c005,11,45,10,68.8628,64.4201
canary,llb16_annot,xcl_large_500k_p32x1_c005,11,45,50,54.4703,50.9561
canary,llb16_annot,xcl_large_500k_p32x1_c005,11,45,100,43.5918,40.7794
canary,llb16_annot,xcl_large_500k_p32x1_c005,11,46,1,83.8747,78.4635
canary,llb16_annot,xcl_large_500k_p32x1_c005,11,46,5,75.4866,70.6165
canary,llb16_annot,xcl_large_500k_p32x1_c005,11,46,10,69.7498,65.2498
canary,llb16_annot,xcl_large_500k_p32x1_c005,11,46,50,54.9857,51.4382
canary,llb16_annot,xcl_large_500k_p32x1_c005,11,46,100,44.3276,41.4678
canary,llb16_annot,xcl_large_500k_p32x4_c0025,9,42,1,81.5169,76.2577
canary,llb16_annot,xcl_large_500k_p32x4_c0025,9,42,5,72.038,67.3904
canary,llb16_annot,xcl_large_500k_p32x4_c0025,9,42,10,66.1457,61.8782
canary,llb16_annot,xcl_large_500k_p32x4_c0025,9,42,50,49.0021,45.8406
canary,llb16_annot,xcl_large_500k_p32x4_c0025,9,42,100,37.5415,35.1195
canary,llb16_annot,xcl_large_500k_p32x4_c0025,9,43,1,84.5401,79.0859
canary,llb16_annot,xcl_large_500k_p32x4_c0025,9,43,5,73.3239,68.5933
canary,llb16_annot,xcl_large_500k_p32x4_c0025,9,43,10,67.2228,62.8858
canary,llb16_annot,xcl_large_500k_p32x4_c0025,9,43,50,49.4485,46.2583
canary,llb16_annot,xcl_large_500k_p32x4_c0025,9,43,100,37.8547,35.4125
canary,llb16_annot,xcl_large_500k_p32x4_c0025,9,44,1,80.6166,75.4156
canary,llb16_annot,xcl_large_500k_p32x4_c0025,9,44,5,71.9438,67.3022
canary,llb16_annot,xcl_large_500k_p32x4_c0025,9,44,10,65.7545,61.5123
canary,llb16_annot,xcl_large_500k_p32x4_c0025,9,44,50,48.4659,45.3391
canary,llb16_annot,xcl_large_500k_p32x4_c0025,9,44,100,37.422,35.0077
canary,llb16_annot,xcl_large_500k_p32x4_c0025,9,45,1,80.5626,75.365
canary,llb16_annot,xcl_large_500k_p32x4_c0025,9,45,5,70.8234,66.2541
canary,llb16_annot,xcl_large_500k_p32x4_c0025,9,45,10,65.1276,60.9259
canary,llb16_annot,xcl_large_500k_p32x4_c0025,9,45,50,47.9572,44.8632
canary,llb16_annot,xcl_large_500k_p32x4_c0025,9,45,100,36.9806,34.5948
canary,llb16_annot,xcl_large_500k_p32x4_c0025,9,46,1,81.2134,75.9738
canary,llb16_annot,xcl_large_500k_p32x4_c0025,9,46,5,72.2131,67.5542
canary,llb16_annot,xcl_large_500k_p32x4_c0025,9,46,10,65.8573,61.6084
canary,llb16_annot,xcl_large_500k_p32x4_c0025,9,46,50,48.631,45.4935
canary,llb16_annot,xcl_large_500k_p32x4_c0025,9,46,100,37.6031,35.1771
canary,llb16_annot,xcl_large_500k_p32x4_c010,10,42,1,83.546,78.156
canary,llb16_annot,xcl_large_500k_p32x4_c010,10,42,5,74.2634,69.4722
canary,llb16_annot,xcl_large_500k_p32x4_c010,10,42,10,67.7201,63.3511
canary,llb16_annot,xcl_large_500k_p32x4_c010,10,42,50,48.9649,45.8059
canary,llb16_annot,xcl_large_500k_p32x4_c010,10,42,100,37.3003,34.8938
canary,llb16_annot,xcl_large_500k_p32x4_c010,10,43,1,84.8976,79.4203
canary,llb16_annot,xcl_large_500k_p32x4_c010,10,43,5,74.9603,70.1242
canary,llb16_annot,xcl_large_500k_p32x4_c010,10,43,10,68.4259,64.0113
canary,llb16_annot,xcl_large_500k_p32x4_c010,10,43,50,49.26,46.0819
canary,llb16_annot,xcl_large_500k_p32x4_c010,10,43,100,37.3551,34.9451
canary,llb16_annot,xcl_large_500k_p32x4_c010,10,44,1,82.7929,77.4514
canary,llb16_annot,xcl_large_500k_p32x4_c010,10,44,5,72.8432,68.1436
canary,llb16_annot,xcl_large_500k_p32x4_c010,10,44,10,66.7816,62.4731
canary,llb16_annot,xcl_large_500k_p32x4_c010,10,44,50,48.6054,45.4695
canary,llb16_annot,xcl_large_500k_p32x4_c010,10,44,100,37.1124,34.7181
canary,llb16_annot,xcl_large_500k_p32x4_c010,10,45,1,81.4503,76.1954
canary,llb16_annot,xcl_large_500k_p32x4_c010,10,45,5,72.6849,67.9956
canary,llb16_annot,xcl_large_500k_p32x4_c010,10,45,10,66.381,62.0983
canary,llb16_annot,xcl_large_500k_p32x4_c010,10,45,50,48.0528,44.9527
canary,llb16_annot,xcl_large_500k_p32x4_c010,10,45,100,36.4899,34.1357
canary,llb16_annot,xcl_large_500k_p32x4_c010,10,46,1,81.7558,76.4813
canary,llb16_annot,xcl_large_500k_p32x4_c010,10,46,5,73.0687,68.3546
canary,llb16_annot,xcl_large_500k_p32x4_c010,10,46,10,66.4769,62.188
canary,llb16_annot,xcl_large_500k_p32x4_c010,10,46,50,48.716,45.5731
canary,llb16_annot,xcl_large_500k_p32x4_c010,10,46,100,37.2156,34.8146
canary,llb16_annot,xcl_micro_500k_p32x1_c005,4,42,1,76.7718,71.8188
canary,llb16_annot,xcl_micro_500k_p32x1_c005,4,42,5,69.3285,64.8557
canary,llb16_annot,xcl_micro_500k_p32x1_c005,4,42,10,64.4892,60.3286
canary,llb16_annot,xcl_micro_500k_p32x1_c005,4,42,50,50.1629,46.9266
canary,llb16_annot,xcl_micro_500k_p32x1_c005,4,42,100,40.139,37.5494
canary,llb16_annot,xcl_micro_500k_p32x1_c005,4,43,1,77.8958,72.8702
canary,llb16_annot,xcl_micro_500k_p32x1_c005,4,43,5,70.1266,65.6023
canary,llb16_annot,xcl_micro_500k_p32x1_c005,4,43,10,65.2889,61.0767
canary,llb16_annot,xcl_micro_500k_p32x1_c005,4,43,50,50.6741,47.4048
canary,llb16_annot,xcl_micro_500k_p32x1_c005,4,43,100,40.5194,37.9052
canary,llb16_annot,xcl_micro_500k_p32x1_c005,4,44,1,75.8041,70.9135
canary,llb16_annot,xcl_micro_500k_p32x1_c005,4,44,5,68.8158,64.376
canary,llb16_annot,xcl_micro_500k_p32x1_c005,4,44,10,63.9941,59.8655
canary,llb16_annot,xcl_micro_500k_p32x1_c005,4,44,50,50.012,46.7854
canary,llb16_annot,xcl_micro_500k_p32x1_c005,4,44,100,40.2271,37.6318
canary,llb16_annot,xcl_micro_500k_p32x1_c005,4,45,1,75.5222,70.6498
canary,llb16_annot,xcl_micro_500k_p32x1_c005,4,45,5,68.4915,64.0727
canary,llb16_annot,xcl_micro_500k_p32x1_c005,4,45,10,63.4443,59.3511
canary,llb16_annot,xcl_micro_500k_p32x1_c005,4,45,50,49.5629,46.3653
canary,llb16_annot,xcl_micro_500k_p32x1_c005,4,45,100,39.5478,36.9963
canary,llb16_annot,xcl_micro_500k_p32x1_c005,4,46,1,76.4708,71.5372
canary,llb16_annot,xcl_micro_500k_p32x1_c005,4,46,5,68.747,64.3117
canary,llb16_annot,xcl_micro_500k_p32x1_c005,4,46,10,64.0202,59.8898
canary,llb16_annot,xcl_micro_500k_p32x1_c005,4,46,50,49.9897,46.7645
canary,llb16_annot,xcl_micro_500k_p32x1_c005,4,46,100,40.0657,37.4808
canary,llb16_annot,xcl_micro_500k_p32x1_c005,5,42,1,76.3264,71.4022
canary,llb16_annot,xcl_micro_500k_p32x1_c005,5,42,5,69.0023,64.5505
canary,llb16_annot,xcl_micro_500k_p32x1_c005,5,42,10,64.0903,59.9555
canary,llb16_annot,xcl_micro_500k_p32x1_c005,5,42,50,49.7113,46.5042
canary,llb16_annot,xcl_micro_500k_p32x1_c005,5,42,100,39.8025,37.2346
canary,llb16_annot,xcl_micro_500k_p32x1_c005,5,43,1,77.6333,72.6247
canary,llb16_annot,xcl_micro_500k_p32x1_c005,5,43,5,69.7579,65.2574
canary,llb16_annot,xcl_micro_500k_p32x1_c005,5,43,10,65.0531,60.8561
canary,llb16_annot,xcl_micro_500k_p32x1_c005,5,43,50,50.3384,47.0908
canary,llb16_annot,xcl_micro_500k_p32x1_c005,5,43,100,40.1877,37.595
canary,llb16_annot,xcl_micro_500k_p32x1_c005,5,44,1,75.8949,70.9985
canary,llb16_annot,xcl_micro_500k_p32x1_c005,5,44,5,68.6316,64.2037
canary,llb16_annot,xcl_micro_500k_p32x1_c005,5,44,10,63.5364,59.4373
canary,llb16_annot,xcl_micro_500k_p32x1_c005,5,44,50,49.7052,46.4984
canary,llb16_annot,xcl_micro_500k_p32x1_c005,5,44,100,39.9525,37.3749
canary,llb16_annot,xcl_micro_500k_p32x1_c005,5,45,1,75.3046,70.4463
canary,llb16_annot,xcl_micro_500k_p32x1_c005,5,45,5,68.1695,63.7715
canary,llb16_annot,xcl_micro_500k_p32x1_c005,5,45,10,63.2052,59.1275
canary,llb16_annot,xcl_micro_500k_p32x1_c005,5,45,50,49.2233,46.0476
canary,llb16_annot,xcl_micro_500k_p32x1_c005,5,45,100,39.2477,36.7156
canary,llb16_annot,xcl_micro_500k_p32x1_c005,5,46,1,75.9707,71.0693
canary,llb16_annot,xcl_micro_500k_p32x1_c005,5,46,5,68.5094,64.0895
canary,llb16_annot,xcl_micro_500k_p32x1_c005,5,46,10,63.8011,59.6849
canary,llb16_annot,xcl_micro_500k_p32x1_c005,5,46,50,49.6049,46.4045
canary,llb16_annot,xcl_micro_500k_p32x1_c005,5,46,100,39.7765,37.2103
canary,llb16_annot,xcl_micro_500k_p32x4_c010,3,42,1,81.0217,75.7944
canary,llb16_annot,xcl_micro_500k_p32x4_c010,3,42,5,70.6207,66.0645
canary,llb16_annot,xcl_micro_500k_p32x4_c010,3,42,10,64.1326,59.995
canary,llb16_annot,xcl_micro_500k_p32x4_c010,3,42,50,44.7267,41.8411
canary,llb16_annot,xcl_micro_500k_p32x4_c010,3,42,100,33.8506,31.6667
canary,llb16_annot,xcl_micro_500k_p32x4_c010,3,43,1,82.2494,76.943
canary,llb16_annot,xcl_micro_500k_p32x4_c010,3,43,5,70.9607,66.3826
canary,llb16_annot,xcl_micro_500k_p32x4_c010,3,43,10,64.826,60.6437
canary,llb16_annot,xcl_micro_500k_p32x4_c010,3,43,50,45.5191,42.5823
canary,llb16_annot,xcl_micro_500k_p32x4_c010,3,43,100,34.4874,32.2624
canary,llb16_annot,xcl_micro_500k_p32x4_c010,3,44,1,80.0606,74.8954
canary,llb16_annot,xcl_micro_500k_p32x4_c010,3,44,5,69.3138,64.8419
canary,llb16_annot,xcl_micro_500k_p32x4_c010,3,44,10,63.1427,59.069
canary,llb16_annot,xcl_micro_500k_p32x4_c010,3,44,50,44.3027,41.4445
canary,llb16_annot,xcl_micro_500k_p32x4_c010,3,44,100,33.8273,31.6449
canary,llb16_annot,xcl_micro_500k_p32x4_c010,3,45,1,79.2432,74.1308
canary,llb16_annot,xcl_micro_500k_p32x4_c010,3,45,5,69.0024,64.5506
canary,llb16_annot,xcl_micro_500k_p32x4_c010,3,45,10,62.7841,58.7335
canary,llb16_annot,xcl_micro_500k_p32x4_c010,3,45,50,44.2392,41.3851
canary,llb16_annot,xcl_micro_500k_p32x4_c010,3,45,100,33.5685,31.4028
canary,llb16_annot,xcl_micro_500k_p32x4_c010,3,46,1,79.6666,74.5268
canary,llb16_annot,xcl_micro_500k_p32x4_c010,3,46,5,69.1325,64.6723
canary,llb16_annot,xcl_micro_500k_p32x4_c010,3,46,10,63.0583,58.99
canary,llb16_annot,xcl_micro_500k_p32x4_c010,3,46,50,44.7878,41.8983
canary,llb16_annot,xcl_micro_500k_p32x4_c010,3,46,100,34.233,32.0244
canary,llb3_annot,birdaves_biox_base,3,42,1,91.2335,91.2335
canary,llb3_annot,birdaves_biox_base,3,42,5,87.7659,87.7659
canary,llb3_annot,birdaves_biox_base,3,42,10,83.959,83.959
canary,llb3_annot,birdaves_biox_base,3,42,50,69.2902,69.2902
canary,llb3_annot,birdaves_biox_base,3,42,100,51.9097,51.9097
canary,llb3_annot,birdaves_biox_base,3,43,1,90.5207,90.5207
canary,llb3_annot,birdaves_biox_base,3,43,5,87.3387,87.3387
canary,llb3_annot,birdaves_biox_base,3,43,10,83.7858,83.7858
canary,llb3_annot,birdaves_biox_base,3,43,50,69.1707,69.1707
canary,llb3_annot,birdaves_biox_base,3,43,100,51.7721,51.7721
canary,llb3_annot,birdaves_biox_base,3,44,1,90.1029,90.1029
canary,llb3_annot,birdaves_biox_base,3,44,5,86.5239,86.5239
canary,llb3_annot,birdaves_biox_base,3,44,10,82.6926,82.6926
canary,llb3_annot,birdaves_biox_base,3,44,50,68.5183,68.5183
canary,llb3_annot,birdaves_biox_base,3,44,100,51.3817,51.3817
canary,llb3_annot,birdaves_biox_base,3,45,1,90.5596,90.5596
canary,llb3_annot,birdaves_biox_base,3,45,5,87.1313,87.1313
canary,llb3_annot,birdaves_biox_base,3,45,10,83.7895,83.7895
canary,llb3_annot,birdaves_biox_base,3,45,50,69.0691,69.0691
canary,llb3_annot,birdaves_biox_base,3,45,100,51.7522,51.7522
canary,llb3_annot,birdaves_biox_base,3,46,1,90.1892,90.1892
canary,llb3_annot,birdaves_biox_base,3,46,5,86.0565,86.0565
canary,llb3_annot,birdaves_biox_base,3,46,10,82.566,82.566
canary,llb3_annot,birdaves_biox_base,3,46,50,68.6434,68.6434
canary,llb3_annot,birdaves_biox_base,3,46,100,51.099,51.099
canary,llb3_annot,birdaves_biox_base,7,42,1,90.1877,90.1877
canary,llb3_annot,birdaves_biox_base,7,42,5,86.5465,86.5465
canary,llb3_annot,birdaves_biox_base,7,42,10,82.8164,82.8164
canary,llb3_annot,birdaves_biox_base,7,42,50,67.4503,67.4503
canary,llb3_annot,birdaves_biox_base,7,42,100,50.4892,50.4892
canary,llb3_annot,birdaves_biox_base,7,43,1,89.7293,89.7293
canary,llb3_annot,birdaves_biox_base,7,43,5,86.5027,86.5027
canary,llb3_annot,birdaves_biox_base,7,43,10,82.5409,82.5409
canary,llb3_annot,birdaves_biox_base,7,43,50,67.1254,67.1254
canary,llb3_annot,birdaves_biox_base,7,43,100,50.3883,50.3883
canary,llb3_annot,birdaves_biox_base,7,44,1,89.1215,89.1215
canary,llb3_annot,birdaves_biox_base,7,44,5,85.5417,85.5417
canary,llb3_annot,birdaves_biox_base,7,44,10,82.0339,82.0339
canary,llb3_annot,birdaves_biox_base,7,44,50,66.7777,66.7777
canary,llb3_annot,birdaves_biox_base,7,44,100,49.9324,49.9324
canary,llb3_annot,birdaves_biox_base,7,45,1,90.0041,90.0041
canary,llb3_annot,birdaves_biox_base,7,45,5,86.53,86.53
canary,llb3_annot,birdaves_biox_base,7,45,10,82.7805,82.7805
canary,llb3_annot,birdaves_biox_base,7,45,50,67.4171,67.4171
canary,llb3_annot,birdaves_biox_base,7,45,100,50.3902,50.3902
canary,llb3_annot,birdaves_biox_base,7,46,1,89.6993,89.6993
canary,llb3_annot,birdaves_biox_base,7,46,5,85.2117,85.2117
canary,llb3_annot,birdaves_biox_base,7,46,10,81.5522,81.5522
canary,llb3_annot,birdaves_biox_base,7,46,50,66.5504,66.5504
canary,llb3_annot,birdaves_biox_base,7,46,100,49.6476,49.6476
canary,llb3_annot,birdaves_biox_base_speed0p25,3,42,1,91.0503,91.0503
canary,llb3_annot,birdaves_biox_base_speed0p25,3,42,5,87.3117,87.3117
canary,llb3_annot,birdaves_biox_base_speed0p25,3,42,10,83.9247,83.9247
canary,llb3_annot,birdaves_biox_base_speed0p25,3,42,50,70.1982,70.1982
canary,llb3_annot,birdaves_biox_base_speed0p25,3,42,100,54.079,54.079
canary,llb3_annot,birdaves_biox_base_speed0p25,3,43,1,91.2652,91.2652
canary,llb3_annot,birdaves_biox_base_speed0p25,3,43,5,87.3487,87.3487
canary,llb3_annot,birdaves_biox_base_speed0p25,3,43,10,83.8845,83.8845
canary,llb3_annot,birdaves_biox_base_speed0p25,3,43,50,69.9996,69.9996
canary,llb3_annot,birdaves_biox_base_speed0p25,3,43,100,53.5456,53.5456
canary,llb3_annot,birdaves_biox_base_speed0p25,3,44,1,90.7973,90.7973
canary,llb3_annot,birdaves_biox_base_speed0p25,3,44,5,87.3286,87.3286
canary,llb3_annot,birdaves_biox_base_speed0p25,3,44,10,83.7094,83.7094
canary,llb3_annot,birdaves_biox_base_speed0p25,3,44,50,69.594,69.594
canary,llb3_annot,birdaves_biox_base_speed0p25,3,44,100,53.3963,53.3963
canary,llb3_annot,birdaves_biox_base_speed0p25,3,45,1,90.4677,90.4677
canary,llb3_annot,birdaves_biox_base_speed0p25,3,45,5,86.9369,86.9369
canary,llb3_annot,birdaves_biox_base_speed0p25,3,45,10,83.5876,83.5876
canary,llb3_annot,birdaves_biox_base_speed0p25,3,45,50,69.3748,69.3748
canary,llb3_annot,birdaves_biox_base_speed0p25,3,45,100,53.0662,53.0662
canary,llb3_annot,birdaves_biox_base_speed0p25,3,46,1,90.2774,90.2774
canary,llb3_annot,birdaves_biox_base_speed0p25,3,46,5,86.0381,86.0381
canary,llb3_annot,birdaves_biox_base_speed0p25,3,46,10,82.6677,82.6677
canary,llb3_annot,birdaves_biox_base_speed0p25,3,46,50,69.1028,69.1028
canary,llb3_annot,birdaves_biox_base_speed0p25,3,46,100,53.1427,53.1427
canary,llb3_annot,birdaves_biox_base_speed0p25,4,42,1,91.3917,91.3917
canary,llb3_annot,birdaves_biox_base_speed0p25,4,42,5,87.6879,87.6879
canary,llb3_annot,birdaves_biox_base_speed0p25,4,42,10,84.2769,84.2769
canary,llb3_annot,birdaves_biox_base_speed0p25,4,42,50,70.1954,70.1954
canary,llb3_annot,birdaves_biox_base_speed0p25,4,42,100,53.6475,53.6475
canary,llb3_annot,birdaves_biox_base_speed0p25,4,43,1,91.8583,91.8583
canary,llb3_annot,birdaves_biox_base_speed0p25,4,43,5,87.673,87.673
canary,llb3_annot,birdaves_biox_base_speed0p25,4,43,10,83.8146,83.8146
canary,llb3_annot,birdaves_biox_base_speed0p25,4,43,50,69.8051,69.8051
canary,llb3_annot,birdaves_biox_base_speed0p25,4,43,100,53.2488,53.2488
canary,llb3_annot,birdaves_biox_base_speed0p25,4,44,1,90.97,90.97
canary,llb3_annot,birdaves_biox_base_speed0p25,4,44,5,87.2616,87.2616
canary,llb3_annot,birdaves_biox_base_speed0p25,4,44,10,83.455,83.455
canary,llb3_annot,birdaves_biox_base_speed0p25,4,44,50,69.4992,69.4992
canary,llb3_annot,birdaves_biox_base_speed0p25,4,44,100,53.0187,53.0187
canary,llb3_annot,birdaves_biox_base_speed0p25,4,45,1,91.3117,91.3117
canary,llb3_annot,birdaves_biox_base_speed0p25,4,45,5,87.1731,87.1731
canary,llb3_annot,birdaves_biox_base_speed0p25,4,45,10,83.687,83.687
canary,llb3_annot,birdaves_biox_base_speed0p25,4,45,50,69.3463,69.3463
canary,llb3_annot,birdaves_biox_base_speed0p25,4,45,100,52.8924,52.8924
canary,llb3_annot,birdaves_biox_base_speed0p25,4,46,1,90.3214,90.3214
canary,llb3_annot,birdaves_biox_base_speed0p25,4,46,5,86.304,86.304
canary,llb3_annot,birdaves_biox_base_speed0p25,4,46,10,82.5231,82.5231
canary,llb3_annot,birdaves_biox_base_speed0p25,4,46,50,68.9252,68.9252
canary,llb3_annot,birdaves_biox_base_speed0p25,4,46,100,52.6814,52.6814
canary,llb3_annot,birdaves_biox_base_speed0p5,3,42,1,91.6974,91.6974
canary,llb3_annot,birdaves_biox_base_speed0p5,3,42,5,88.817,88.817
canary,llb3_annot,birdaves_biox_base_speed0p5,3,42,10,84.6496,84.6496
canary,llb3_annot,birdaves_biox_base_speed0p5,3,42,50,70.0708,70.0708
canary,llb3_annot,birdaves_biox_base_speed0p5,3,42,100,53.7291,53.7291
canary,llb3_annot,birdaves_biox_base_speed0p5,3,43,1,93.323,93.323
canary,llb3_annot,birdaves_biox_base_speed0p5,3,43,5,89.6432,89.6432
canary,llb3_annot,birdaves_biox_base_speed0p5,3,43,10,85.0461,85.0461
canary,llb3_annot,birdaves_biox_base_speed0p5,3,43,50,70.0594,70.0594
canary,llb3_annot,birdaves_biox_base_speed0p5,3,43,100,53.6532,53.6532
canary,llb3_annot,birdaves_biox_base_speed0p5,3,44,1,91.2599,91.2599
canary,llb3_annot,birdaves_biox_base_speed0p5,3,44,5,88.6907,88.6907
canary,llb3_annot,birdaves_biox_base_speed0p5,3,44,10,84.3996,84.3996
canary,llb3_annot,birdaves_biox_base_speed0p5,3,44,50,69.8413,69.8413
canary,llb3_annot,birdaves_biox_base_speed0p5,3,44,100,53.465,53.465
canary,llb3_annot,birdaves_biox_base_speed0p5,3,45,1,92.0942,92.0942
canary,llb3_annot,birdaves_biox_base_speed0p5,3,45,5,89.4942,89.4942
canary,llb3_annot,birdaves_biox_base_speed0p5,3,45,10,85.5111,85.5111
canary,llb3_annot,birdaves_biox_base_speed0p5,3,45,50,70.4439,70.4439
canary,llb3_annot,birdaves_biox_base_speed0p5,3,45,100,54.0692,54.0692
canary,llb3_annot,birdaves_biox_base_speed0p5,3,46,1,91.9797,91.9797
canary,llb3_annot,birdaves_biox_base_speed0p5,3,46,5,88.3071,88.3071
canary,llb3_annot,birdaves_biox_base_speed0p5,3,46,10,84.0853,84.0853
canary,llb3_annot,birdaves_biox_base_speed0p5,3,46,50,70.1191,70.1191
canary,llb3_annot,birdaves_biox_base_speed0p5,3,46,100,53.685,53.685
canary,llb3_annot,birdaves_biox_base_speed0p5,6,42,1,91.0748,91.0748
canary,llb3_annot,birdaves_biox_base_speed0p5,6,42,5,86.9997,86.9997
canary,llb3_annot,birdaves_biox_base_speed0p5,6,42,10,82.8376,82.8376
canary,llb3_annot,birdaves_biox_base_speed0p5,6,42,50,66.5644,66.5644
canary,llb3_annot,birdaves_biox_base_speed0p5,6,42,100,49.7265,49.7265
canary,llb3_annot,birdaves_biox_base_speed0p5,6,43,1,93.462,93.462
canary,llb3_annot,birdaves_biox_base_speed0p5,6,43,5,88.3705,88.3705
canary,llb3_annot,birdaves_biox_base_speed0p5,6,43,10,83.3226,83.3226
canary,llb3_annot,birdaves_biox_base_speed0p5,6,43,50,66.7292,66.7292
canary,llb3_annot,birdaves_biox_base_speed0p5,6,43,100,49.603,49.603
canary,llb3_annot,birdaves_biox_base_speed0p5,6,44,1,90.6804,90.6804
canary,llb3_annot,birdaves_biox_base_speed0p5,6,44,5,86.5823,86.5823
canary,llb3_annot,birdaves_biox_base_speed0p5,6,44,10,82.4102,82.4102
canary,llb3_annot,birdaves_biox_base_speed0p5,6,44,50,66.5565,66.5565
canary,llb3_annot,birdaves_biox_base_speed0p5,6,44,100,49.7268,49.7268
canary,llb3_annot,birdaves_biox_base_speed0p5,6,45,1,91.6743,91.6743
canary,llb3_annot,birdaves_biox_base_speed0p5,6,45,5,87.4147,87.4147
canary,llb3_annot,birdaves_biox_base_speed0p5,6,45,10,83.2738,83.2738
canary,llb3_annot,birdaves_biox_base_speed0p5,6,45,50,66.7373,66.7373
canary,llb3_annot,birdaves_biox_base_speed0p5,6,45,100,50.1204,50.1204
canary,llb3_annot,birdaves_biox_base_speed0p5,6,46,1,92.0634,92.0634
canary,llb3_annot,birdaves_biox_base_speed0p5,6,46,5,86.7188,86.7188
canary,llb3_annot,birdaves_biox_base_speed0p5,6,46,10,82.2549,82.2549
canary,llb3_annot,birdaves_biox_base_speed0p5,6,46,50,66.6202,66.6202
canary,llb3_annot,birdaves_biox_base_speed0p5,6,46,100,49.4934,49.4934
canary,llb3_annot,hubert_base_ls960,0,42,1,89.5468,89.5468
canary,llb3_annot,hubert_base_ls960,0,42,5,84.3009,84.3009
canary,llb3_annot,hubert_base_ls960,0,42,10,80.0258,80.0258
canary,llb3_annot,hubert_base_ls960,0,42,50,61.8226,61.8226
canary,llb3_annot,hubert_base_ls960,0,42,100,46.0642,46.0642
canary,llb3_annot,hubert_base_ls960,0,43,1,87.8617,87.8617
canary,llb3_annot,hubert_base_ls960,0,43,5,84.2618,84.2618
canary,llb3_annot,hubert_base_ls960,0,43,10,79.5548,79.5548
canary,llb3_annot,hubert_base_ls960,0,43,50,61.8673,61.8673
canary,llb3_annot,hubert_base_ls960,0,43,100,46.424,46.424
canary,llb3_annot,hubert_base_ls960,0,44,1,89.6101,89.6101
canary,llb3_annot,hubert_base_ls960,0,44,5,83.4863,83.4863
canary,llb3_annot,hubert_base_ls960,0,44,10,78.8785,78.8785
canary,llb3_annot,hubert_base_ls960,0,44,50,61.5309,61.5309
canary,llb3_annot,hubert_base_ls960,0,44,100,45.9232,45.9232
canary,llb3_annot,hubert_base_ls960,0,45,1,88.4722,88.4722
canary,llb3_annot,hubert_base_ls960,0,45,5,83.5794,83.5794
canary,llb3_annot,hubert_base_ls960,0,45,10,79.4358,79.4358
canary,llb3_annot,hubert_base_ls960,0,45,50,61.6386,61.6386
canary,llb3_annot,hubert_base_ls960,0,45,100,46.0176,46.0176
canary,llb3_annot,hubert_base_ls960,0,46,1,88.0159,88.0159
canary,llb3_annot,hubert_base_ls960,0,46,5,83.3248,83.3248
canary,llb3_annot,hubert_base_ls960,0,46,10,78.8806,78.8806
canary,llb3_annot,hubert_base_ls960,0,46,50,61.8359,61.8359
canary,llb3_annot,hubert_base_ls960,0,46,100,46.1222,46.1222
canary,llb3_annot,hubert_base_ls960,3,42,1,87.5562,87.5562
canary,llb3_annot,hubert_base_ls960,3,42,5,83.0273,83.0273
canary,llb3_annot,hubert_base_ls960,3,42,10,77.9754,77.9754
canary,llb3_annot,hubert_base_ls960,3,42,50,60.4221,60.4221
canary,llb3_annot,hubert_base_ls960,3,42,100,46.1986,46.1986
canary,llb3_annot,hubert_base_ls960,3,43,1,88.2186,88.2186
canary,llb3_annot,hubert_base_ls960,3,43,5,83.295,83.295
canary,llb3_annot,hubert_base_ls960,3,43,10,78.0251,78.0251
canary,llb3_annot,hubert_base_ls960,3,43,50,60.692,60.692
canary,llb3_annot,hubert_base_ls960,3,43,100,46.5938,46.5938
canary,llb3_annot,hubert_base_ls960,3,44,1,87.8706,87.8706
canary,llb3_annot,hubert_base_ls960,3,44,5,81.8076,81.8076
canary,llb3_annot,hubert_base_ls960,3,44,10,76.9071,76.9071
canary,llb3_annot,hubert_base_ls960,3,44,50,59.6236,59.6236
canary,llb3_annot,hubert_base_ls960,3,44,100,45.7856,45.7856
canary,llb3_annot,hubert_base_ls960,3,45,1,88.4737,88.4737
canary,llb3_annot,hubert_base_ls960,3,45,5,82.3927,82.3927
canary,llb3_annot,hubert_base_ls960,3,45,10,77.7198,77.7198
canary,llb3_annot,hubert_base_ls960,3,45,50,59.8847,59.8847
canary,llb3_annot,hubert_base_ls960,3,45,100,45.9583,45.9583
canary,llb3_annot,hubert_base_ls960,3,46,1,86.1468,86.1468
canary,llb3_annot,hubert_base_ls960,3,46,5,81.3623,81.3623
canary,llb3_annot,hubert_base_ls960,3,46,10,76.8896,76.8896
canary,llb3_annot,hubert_base_ls960,3,46,50,60.5432,60.5432
canary,llb3_annot,hubert_base_ls960,3,46,100,46.2004,46.2004
canary,llb3_annot,xcl_base_500k_p32x1_c005,5,42,1,91.7557,91.7557
canary,llb3_annot,xcl_base_500k_p32x1_c005,5,42,5,89.36,89.36
canary,llb3_annot,xcl_base_500k_p32x1_c005,5,42,10,85.4483,85.4483
canary,llb3_annot,xcl_base_500k_p32x1_c005,5,42,50,71.5971,71.5971
canary,llb3_annot,xcl_base_500k_p32x1_c005,5,42,100,57.8302,57.8302
canary,llb3_annot,xcl_base_500k_p32x1_c005,5,43,1,92.3227,92.3227
canary,llb3_annot,xcl_base_500k_p32x1_c005,5,43,5,89.9178,89.9178
canary,llb3_annot,xcl_base_500k_p32x1_c005,5,43,10,85.6202,85.6202
canary,llb3_annot,xcl_base_500k_p32x1_c005,5,43,50,71.5206,71.5206
canary,llb3_annot,xcl_base_500k_p32x1_c005,5,43,100,57.6405,57.6405
canary,llb3_annot,xcl_base_500k_p32x1_c005,5,44,1,91.0855,91.0855
canary,llb3_annot,xcl_base_500k_p32x1_c005,5,44,5,88.6375,88.6375
canary,llb3_annot,xcl_base_500k_p32x1_c005,5,44,10,84.9255,84.9255
canary,llb3_annot,xcl_base_500k_p32x1_c005,5,44,50,70.8164,70.8164
canary,llb3_annot,xcl_base_500k_p32x1_c005,5,44,100,57.2661,57.2661
canary,llb3_annot,xcl_base_500k_p32x1_c005,5,45,1,91.0388,91.0388
canary,llb3_annot,xcl_base_500k_p32x1_c005,5,45,5,88.7538,88.7538
canary,llb3_annot,xcl_base_500k_p32x1_c005,5,45,10,85.0706,85.0706
canary,llb3_annot,xcl_base_500k_p32x1_c005,5,45,50,71.4972,71.4972
canary,llb3_annot,xcl_base_500k_p32x1_c005,5,45,100,57.8235,57.8235
canary,llb3_annot,xcl_base_500k_p32x1_c005,5,46,1,91.2996,91.2996
canary,llb3_annot,xcl_base_500k_p32x1_c005,5,46,5,88.3351,88.3351
canary,llb3_annot,xcl_base_500k_p32x1_c005,5,46,10,84.6339,84.6339
canary,llb3_annot,xcl_base_500k_p32x1_c005,5,46,50,71.0294,71.0294
canary,llb3_annot,xcl_base_500k_p32x1_c005,5,46,100,57.3695,57.3695
canary,llb3_annot,xcl_base_500k_p32x4_c010,3,42,1,89.3454,89.3454
canary,llb3_annot,xcl_base_500k_p32x4_c010,3,42,5,86.4679,86.4679
canary,llb3_annot,xcl_base_500k_p32x4_c010,3,42,10,82.5999,82.5999
canary,llb3_annot,xcl_base_500k_p32x4_c010,3,42,50,66.6224,66.6224
canary,llb3_annot,xcl_base_500k_p32x4_c010,3,42,100,52.037,52.037
canary,llb3_annot,xcl_base_500k_p32x4_c010,3,43,1,89.6064,89.6064
canary,llb3_annot,xcl_base_500k_p32x4_c010,3,43,5,85.9966,85.9966
canary,llb3_annot,xcl_base_500k_p32x4_c010,3,43,10,81.9717,81.9717
canary,llb3_annot,xcl_base_500k_p32x4_c010,3,43,50,66.2528,66.2528
canary,llb3_annot,xcl_base_500k_p32x4_c010,3,43,100,51.3878,51.3878
canary,llb3_annot,xcl_base_500k_p32x4_c010,3,44,1,88.3454,88.3454
canary,llb3_annot,xcl_base_500k_p32x4_c010,3,44,5,85.105,85.105
canary,llb3_annot,xcl_base_500k_p32x4_c010,3,44,10,81.5674,81.5674
canary,llb3_annot,xcl_base_500k_p32x4_c010,3,44,50,66.4126,66.4126
canary,llb3_annot,xcl_base_500k_p32x4_c010,3,44,100,51.918,51.918
canary,llb3_annot,xcl_base_500k_p32x4_c010,3,45,1,88.8724,88.8724
canary,llb3_annot,xcl_base_500k_p32x4_c010,3,45,5,86.1018,86.1018
canary,llb3_annot,xcl_base_500k_p32x4_c010,3,45,10,82.3617,82.3617
canary,llb3_annot,xcl_base_500k_p32x4_c010,3,45,50,66.9178,66.9178
canary,llb3_annot,xcl_base_500k_p32x4_c010,3,45,100,52.1901,52.1901
canary,llb3_annot,xcl_base_500k_p32x4_c010,3,46,1,88.2675,88.2675
canary,llb3_annot,xcl_base_500k_p32x4_c010,3,46,5,85.4621,85.4621
canary,llb3_annot,xcl_base_500k_p32x4_c010,3,46,10,81.6676,81.6676
canary,llb3_annot,xcl_base_500k_p32x4_c010,3,46,50,66.2481,66.2481
canary,llb3_annot,xcl_base_500k_p32x4_c010,3,46,100,51.5492,51.5492
canary,llb3_annot,xcl_base_500k_p32x4_c010,4,42,1,89.2139,89.2139
canary,llb3_annot,xcl_base_500k_p32x4_c010,4,42,5,86.7275,86.7275
canary,llb3_annot,xcl_base_500k_p32x4_c010,4,42,10,82.6432,82.6432
canary,llb3_annot,xcl_base_500k_p32x4_c010,4,42,50,67.0067,67.0067
canary,llb3_annot,xcl_base_500k_p32x4_c010,4,42,100,52.38,52.38
canary,llb3_annot,xcl_base_500k_p32x4_c010,4,43,1,89.4644,89.4644
canary,llb3_annot,xcl_base_500k_p32x4_c010,4,43,5,86.2763,86.2763
canary,llb3_annot,xcl_base_500k_p32x4_c010,4,43,10,82.2498,82.2498
canary,llb3_annot,xcl_base_500k_p32x4_c010,4,43,50,66.6707,66.6707
canary,llb3_annot,xcl_base_500k_p32x4_c010,4,43,100,51.8199,51.8199
canary,llb3_annot,xcl_base_500k_p32x4_c010,4,44,1,88.4003,88.4003
canary,llb3_annot,xcl_base_500k_p32x4_c010,4,44,5,85.2095,85.2095
canary,llb3_annot,xcl_base_500k_p32x4_c010,4,44,10,81.7884,81.7884
canary,llb3_annot,xcl_base_500k_p32x4_c010,4,44,50,66.8099,66.8099
canary,llb3_annot,xcl_base_500k_p32x4_c010,4,44,100,52.2496,52.2496
canary,llb3_annot,xcl_base_500k_p32x4_c010,4,45,1,88.8982,88.8982
canary,llb3_annot,xcl_base_500k_p32x4_c010,4,45,5,86.5594,86.5594
canary,llb3_annot,xcl_base_500k_p32x4_c010,4,45,10,82.5183,82.5183
canary,llb3_annot,xcl_base_500k_p32x4_c010,4,45,50,67.2816,67.2816
canary,llb3_annot,xcl_base_500k_p32x4_c010,4,45,100,52.6062,52.6062
canary,llb3_annot,xcl_base_500k_p32x4_c010,4,46,1,87.8437,87.8437
canary,llb3_annot,xcl_base_500k_p32x4_c010,4,46,5,85.5623,85.5623
canary,llb3_annot,xcl_base_500k_p32x4_c010,4,46,10,81.7052,81.7052
canary,llb3_annot,xcl_base_500k_p32x4_c010,4,46,50,66.6437,66.6437
canary,llb3_annot,xcl_base_500k_p32x4_c010,4,46,100,51.934,51.934
canary,llb3_annot,xcl_large_500k_p32x1_c005,11,42,1,92.6356,92.6356
canary,llb3_annot,xcl_large_500k_p32x1_c005,11,42,5,90.7314,90.7314
canary,llb3_annot,xcl_large_500k_p32x1_c005,11,42,10,86.7367,86.7367
canary,llb3_annot,xcl_large_500k_p32x1_c005,11,42,50,73.1239,73.1239
canary,llb3_annot,xcl_large_500k_p32x1_c005,11,42,100,58.8496,58.8496
canary,llb3_annot,xcl_large_500k_p32x1_c005,11,43,1,93.5264,93.5264
canary,llb3_annot,xcl_large_500k_p32x1_c005,11,43,5,91.078,91.078
canary,llb3_annot,xcl_large_500k_p32x1_c005,11,43,10,86.8028,86.8028
canary,llb3_annot,xcl_large_500k_p32x1_c005,11,43,50,72.7926,72.7926
canary,llb3_annot,xcl_large_500k_p32x1_c005,11,43,100,58.5471,58.5471
canary,llb3_annot,xcl_large_500k_p32x1_c005,11,44,1,92.7254,92.7254
canary,llb3_annot,xcl_large_500k_p32x1_c005,11,44,5,90.3439,90.3439
canary,llb3_annot,xcl_large_500k_p32x1_c005,11,44,10,86.497,86.497
canary,llb3_annot,xcl_large_500k_p32x1_c005,11,44,50,72.2,72.2
canary,llb3_annot,xcl_large_500k_p32x1_c005,11,44,100,58.1619,58.1619
canary,llb3_annot,xcl_large_500k_p32x1_c005,11,45,1,92.3712,92.3712
canary,llb3_annot,xcl_large_500k_p32x1_c005,11,45,5,90.374,90.374
canary,llb3_annot,xcl_large_500k_p32x1_c005,11,45,10,86.3307,86.3307
canary,llb3_annot,xcl_large_500k_p32x1_c005,11,45,50,72.6573,72.6573
canary,llb3_annot,xcl_large_500k_p32x1_c005,11,45,100,58.6511,58.6511
canary,llb3_annot,xcl_large_500k_p32x1_c005,11,46,1,93.0402,93.0402
canary,llb3_annot,xcl_large_500k_p32x1_c005,11,46,5,89.7402,89.7402
canary,llb3_annot,xcl_large_500k_p32x1_c005,11,46,10,85.9046,85.9046
canary,llb3_annot,xcl_large_500k_p32x1_c005,11,46,50,72.3459,72.3459
canary,llb3_annot,xcl_large_500k_p32x1_c005,11,46,100,58.4206,58.4206
canary,llb3_annot,xcl_large_500k_p32x4_c0025,9,42,1,90.788,90.788
canary,llb3_annot,xcl_large_500k_p32x4_c0025,9,42,5,86.9206,86.9206
canary,llb3_annot,xcl_large_500k_p32x4_c0025,9,42,10,83.0219,83.0219
canary,llb3_annot,xcl_large_500k_p32x4_c0025,9,42,50,67.4204,67.4204
canary,llb3_annot,xcl_large_500k_p32x4_c0025,9,42,100,52.815,52.815
canary,llb3_annot,xcl_large_500k_p32x4_c0025,9,43,1,90.0166,90.0166
canary,llb3_annot,xcl_large_500k_p32x4_c0025,9,43,5,86.3887,86.3887
canary,llb3_annot,xcl_large_500k_p32x4_c0025,9,43,10,82.5959,82.5959
canary,llb3_annot,xcl_large_500k_p32x4_c0025,9,43,50,66.9917,66.9917
canary,llb3_annot,xcl_large_500k_p32x4_c0025,9,43,100,52.3727,52.3727
canary,llb3_annot,xcl_large_500k_p32x4_c0025,9,44,1,89.1807,89.1807
canary,llb3_annot,xcl_large_500k_p32x4_c0025,9,44,5,85.9374,85.9374
canary,llb3_annot,xcl_large_500k_p32x4_c0025,9,44,10,82.2343,82.2343
canary,llb3_annot,xcl_large_500k_p32x4_c0025,9,44,50,67.2148,67.2148
canary,llb3_annot,xcl_large_500k_p32x4_c0025,9,44,100,52.5191,52.5191
canary,llb3_annot,xcl_large_500k_p32x4_c0025,9,45,1,89.4381,89.4381
canary,llb3_annot,xcl_large_500k_p32x4_c0025,9,45,5,86.2963,86.2963
canary,llb3_annot,xcl_large_500k_p32x4_c0025,9,45,10,82.6515,82.6515
canary,llb3_annot,xcl_large_500k_p32x4_c0025,9,45,50,67.7395,67.7395
canary,llb3_annot,xcl_large_500k_p32x4_c0025,9,45,100,52.8657,52.8657
canary,llb3_annot,xcl_large_500k_p32x4_c0025,9,46,1,88.5363,88.5363
canary,llb3_annot,xcl_large_500k_p32x4_c0025,9,46,5,85.5632,85.5632
canary,llb3_annot,xcl_large_500k_p32x4_c0025,9,46,10,82.375,82.375
canary,llb3_annot,xcl_large_500k_p32x4_c0025,9,46,50,67.1639,67.1639
canary,llb3_annot,xcl_large_500k_p32x4_c0025,9,46,100,52.4151,52.4151
canary,llb3_annot,xcl_large_500k_p32x4_c010,10,42,1,90.6874,90.6874
canary,llb3_annot,xcl_large_500k_p32x4_c010,10,42,5,87.6318,87.6318
canary,llb3_annot,xcl_large_500k_p32x4_c010,10,42,10,83.7447,83.7447
canary,llb3_annot,xcl_large_500k_p32x4_c010,10,42,50,68.7614,68.7614
canary,llb3_annot,xcl_large_500k_p32x4_c010,10,42,100,53.8409,53.8409
canary,llb3_annot,xcl_large_500k_p32x4_c010,10,43,1,90.233,90.233
canary,llb3_annot,xcl_large_500k_p32x4_c010,10,43,5,87.0076,87.0076
canary,llb3_annot,xcl_large_500k_p32x4_c010,10,43,10,82.8367,82.8367
canary,llb3_annot,xcl_large_500k_p32x4_c010,10,43,50,68.2985,68.2985
canary,llb3_annot,xcl_large_500k_p32x4_c010,10,43,100,53.117,53.117
canary,llb3_annot,xcl_large_500k_p32x4_c010,10,44,1,89.0815,89.0815
canary,llb3_annot,xcl_large_500k_p32x4_c010,10,44,5,86.7595,86.7595
canary,llb3_annot,xcl_large_500k_p32x4_c010,10,44,10,83.3049,83.3049
canary,llb3_annot,xcl_large_500k_p32x4_c010,10,44,50,68.7745,68.7745
canary,llb3_annot,xcl_large_500k_p32x4_c010,10,44,100,53.629,53.629
canary,llb3_annot,xcl_large_500k_p32x4_c010,10,45,1,89.2188,89.2188
canary,llb3_annot,xcl_large_500k_p32x4_c010,10,45,5,87.0012,87.0012
canary,llb3_annot,xcl_large_500k_p32x4_c010,10,45,10,83.0698,83.0698
canary,llb3_annot,xcl_large_500k_p32x4_c010,10,45,50,68.666,68.666
canary,llb3_annot,xcl_large_500k_p32x4_c010,10,45,100,53.9562,53.9562
canary,llb3_annot,xcl_large_500k_p32x4_c010,10,46,1,89.2163,89.2163
canary,llb3_annot,xcl_large_500k_p32x4_c010,10,46,5,86.8882,86.8882
canary,llb3_annot,xcl_large_500k_p32x4_c010,10,46,10,82.9411,82.9411
canary,llb3_annot,xcl_large_500k_p32x4_c010,10,46,50,68.278,68.278
canary,llb3_annot,xcl_large_500k_p32x4_c010,10,46,100,53.333,53.333
canary,llb3_annot,xcl_micro_500k_p32x1_c005,4,42,1,87.4649,87.4649
canary,llb3_annot,xcl_micro_500k_p32x1_c005,4,42,5,84.5388,84.5388
canary,llb3_annot,xcl_micro_500k_p32x1_c005,4,42,10,80.0214,80.0214
canary,llb3_annot,xcl_micro_500k_p32x1_c005,4,42,50,63.9196,63.9196
canary,llb3_annot,xcl_micro_500k_p32x1_c005,4,42,100,50.851,50.851
canary,llb3_annot,xcl_micro_500k_p32x1_c005,4,43,1,87.4299,87.4299
canary,llb3_annot,xcl_micro_500k_p32x1_c005,4,43,5,84.8207,84.8207
canary,llb3_annot,xcl_micro_500k_p32x1_c005,4,43,10,80.3746,80.3746
canary,llb3_annot,xcl_micro_500k_p32x1_c005,4,43,50,63.7169,63.7169
canary,llb3_annot,xcl_micro_500k_p32x1_c005,4,43,100,50.4703,50.4703
canary,llb3_annot,xcl_micro_500k_p32x1_c005,4,44,1,86.5167,86.5167
canary,llb3_annot,xcl_micro_500k_p32x1_c005,4,44,5,83.4817,83.4817
canary,llb3_annot,xcl_micro_500k_p32x1_c005,4,44,10,79.2156,79.2156
canary,llb3_annot,xcl_micro_500k_p32x1_c005,4,44,50,62.8839,62.8839
canary,llb3_annot,xcl_micro_500k_p32x1_c005,4,44,100,50.1523,50.1523
canary,llb3_annot,xcl_micro_500k_p32x1_c005,4,45,1,86.6105,86.6105
canary,llb3_annot,xcl_micro_500k_p32x1_c005,4,45,5,83.9007,83.9007
canary,llb3_annot,xcl_micro_500k_p32x1_c005,4,45,10,79.8891,79.8891
canary,llb3_annot,xcl_micro_500k_p32x1_c005,4,45,50,63.5821,63.5821
canary,llb3_annot,xcl_micro_500k_p32x1_c005,4,45,100,50.5833,50.5833
canary,llb3_annot,xcl_micro_500k_p32x1_c005,4,46,1,87.0564,87.0564
canary,llb3_annot,xcl_micro_500k_p32x1_c005,4,46,5,83.4213,83.4213
canary,llb3_annot,xcl_micro_500k_p32x1_c005,4,46,10,78.9809,78.9809
canary,llb3_annot,xcl_micro_500k_p32x1_c005,4,46,50,62.8966,62.8966
canary,llb3_annot,xcl_micro_500k_p32x1_c005,4,46,100,50.3013,50.3013
canary,llb3_annot,xcl_micro_500k_p32x1_c005,5,42,1,87.7119,87.7119
canary,llb3_annot,xcl_micro_500k_p32x1_c005,5,42,5,84.609,84.609
canary,llb3_annot,xcl_micro_500k_p32x1_c005,5,42,10,80.0501,80.0501
canary,llb3_annot,xcl_micro_500k_p32x1_c005,5,42,50,63.5492,63.5492
canary,llb3_annot,xcl_micro_500k_p32x1_c005,5,42,100,50.4586,50.4586
canary,llb3_annot,xcl_micro_500k_p32x1_c005,5,43,1,87.8642,87.8642
canary,llb3_annot,xcl_micro_500k_p32x1_c005,5,43,5,84.798,84.798
canary,llb3_annot,xcl_micro_500k_p32x1_c005,5,43,10,80.3222,80.3222
canary,llb3_annot,xcl_micro_500k_p32x1_c005,5,43,50,63.2515,63.2515
canary,llb3_annot,xcl_micro_500k_p32x1_c005,5,43,100,50.057,50.057
canary,llb3_annot,xcl_micro_500k_p32x1_c005,5,44,1,86.5413,86.5413
canary,llb3_annot,xcl_micro_500k_p32x1_c005,5,44,5,83.289,83.289
canary,llb3_annot,xcl_micro_500k_p32x1_c005,5,44,10,79.0857,79.0857
canary,llb3_annot,xcl_micro_500k_p32x1_c005,5,44,50,62.4819,62.4819
canary,llb3_annot,xcl_micro_500k_p32x1_c005,5,44,100,49.7505,49.7505
canary,llb3_annot,xcl_micro_500k_p32x1_c005,5,45,1,86.9395,86.9395
canary,llb3_annot,xcl_micro_500k_p32x1_c005,5,45,5,84.0785,84.0785
canary,llb3_annot,xcl_micro_500k_p32x1_c005,5,45,10,79.9014,79.9014
canary,llb3_annot,xcl_micro_500k_p32x1_c005,5,45,50,63.2133,63.2133
canary,llb3_annot,xcl_micro_500k_p32x1_c005,5,45,100,50.1933,50.1933
canary,llb3_annot,xcl_micro_500k_p32x1_c005,5,46,1,87.3919,87.3919
canary,llb3_annot,xcl_micro_500k_p32x1_c005,5,46,5,83.4924,83.4924
canary,llb3_annot,xcl_micro_500k_p32x1_c005,5,46,10,78.8718,78.8718
canary,llb3_annot,xcl_micro_500k_p32x1_c005,5,46,50,62.5374,62.5374
canary,llb3_annot,xcl_micro_500k_p32x1_c005,5,46,100,49.9232,49.9232
canary,llb3_annot,xcl_micro_500k_p32x4_c010,3,42,1,89.0101,89.0101
canary,llb3_annot,xcl_micro_500k_p32x4_c010,3,42,5,85.1814,85.1814
canary,llb3_annot,xcl_micro_500k_p32x4_c010,3,42,10,80.9023,80.9023
canary,llb3_annot,xcl_micro_500k_p32x4_c010,3,42,50,63.5979,63.5979
canary,llb3_annot,xcl_micro_500k_p32x4_c010,3,42,100,49.0602,49.0602
canary,llb3_annot,xcl_micro_500k_p32x4_c010,3,43,1,88.2239,88.2239
canary,llb3_annot,xcl_micro_500k_p32x4_c010,3,43,5,84.0332,84.0332
canary,llb3_annot,xcl_micro_500k_p32x4_c010,3,43,10,79.9048,79.9048
canary,llb3_annot,xcl_micro_500k_p32x4_c010,3,43,50,62.6776,62.6776
canary,llb3_annot,xcl_micro_500k_p32x4_c010,3,43,100,48.4039,48.4039
canary,llb3_annot,xcl_micro_500k_p32x4_c010,3,44,1,87.9908,87.9908
canary,llb3_annot,xcl_micro_500k_p32x4_c010,3,44,5,83.9245,83.9245
canary,llb3_annot,xcl_micro_500k_p32x4_c010,3,44,10,80.1812,80.1812
canary,llb3_annot,xcl_micro_500k_p32x4_c010,3,44,50,63.3216,63.3216
canary,llb3_annot,xcl_micro_500k_p32x4_c010,3,44,100,48.9976,48.9976
canary,llb3_annot,xcl_micro_500k_p32x4_c010,3,45,1,87.6061,87.6061
canary,llb3_annot,xcl_micro_500k_p32x4_c010,3,45,5,84.5198,84.5198
canary,llb3_annot,xcl_micro_500k_p32x4_c010,3,45,10,80.7979,80.7979
canary,llb3_annot,xcl_micro_500k_p32x4_c010,3,45,50,63.817,63.817
canary,llb3_annot,xcl_micro_500k_p32x4_c010,3,45,100,49.2913,49.2913
canary,llb3_annot,xcl_micro_500k_p32x4_c010,3,46,1,87.4846,87.4846
canary,llb3_annot,xcl_micro_500k_p32x4_c010,3,46,5,83.9089,83.9089
canary,llb3_annot,xcl_micro_500k_p32x4_c010,3,46,10,79.7372,79.7372
canary,llb3_annot,xcl_micro_500k_p32x4_c010,3,46,50,62.9602,62.9602
canary,llb3_annot,xcl_micro_500k_p32x4_c010,3,46,100,48.5666,48.5666
zf,B145,birdaves_biox_base,3,42,1,80.1514,80.1514
zf,B145,birdaves_biox_base,3,42,5,78.8069,78.8069
zf,B145,birdaves_biox_base,3,42,10,78.9305,78.9305
zf,B145,birdaves_biox_base,3,42,50,70.5029,70.5029
zf,B145,birdaves_biox_base,3,42,100,53.5159,53.5159
zf,B145,birdaves_biox_base,3,43,1,78.9392,78.9392
zf,B145,birdaves_biox_base,3,43,5,77.5282,77.5282
zf,B145,birdaves_biox_base,3,43,10,77.7297,77.7297
zf,B145,birdaves_biox_base,3,43,50,69.4781,69.4781
zf,B145,birdaves_biox_base,3,43,100,52.2448,52.2448
zf,B145,birdaves_biox_base,3,44,1,81.3682,81.3682
zf,B145,birdaves_biox_base,3,44,5,79.2738,79.2738
zf,B145,birdaves_biox_base,3,44,10,79.4679,79.4679
zf,B145,birdaves_biox_base,3,44,50,70.8965,70.8965
zf,B145,birdaves_biox_base,3,44,100,53.0651,53.0651
zf,B145,birdaves_biox_base,3,45,1,81.1514,81.1514
zf,B145,birdaves_biox_base,3,45,5,78.7812,78.7812
zf,B145,birdaves_biox_base,3,45,10,78.3967,78.3967
zf,B145,birdaves_biox_base,3,45,50,69.6748,69.6748
zf,B145,birdaves_biox_base,3,45,100,52.5625,52.5625
zf,B145,birdaves_biox_base,3,46,1,79.352,79.352
zf,B145,birdaves_biox_base,3,46,5,78.3895,78.3895
zf,B145,birdaves_biox_base,3,46,10,77.9048,77.9048
zf,B145,birdaves_biox_base,3,46,50,70.0529,70.0529
zf,B145,birdaves_biox_base,3,46,100,52.7636,52.7636
zf,B145,birdaves_biox_base,7,42,1,81.3714,81.3714
zf,B145,birdaves_biox_base,7,42,5,78.653,78.653
zf,B145,birdaves_biox_base,7,42,10,78.0264,78.0264
zf,B145,birdaves_biox_base,7,42,50,69.3043,69.3043
zf,B145,birdaves_biox_base,7,42,100,52.3891,52.3891
zf,B145,birdaves_biox_base,7,43,1,79.4753,79.4753
zf,B145,birdaves_biox_base,7,43,5,77.601,77.601
zf,B145,birdaves_biox_base,7,43,10,77.8148,77.8148
zf,B145,birdaves_biox_base,7,43,50,68.5443,68.5443
zf,B145,birdaves_biox_base,7,43,100,51.2944,51.2944
zf,B145,birdaves_biox_base,7,44,1,82.7137,82.7137
zf,B145,birdaves_biox_base,7,44,5,79.3611,79.3611
zf,B145,birdaves_biox_base,7,44,10,79.1142,79.1142
zf,B145,birdaves_biox_base,7,44,50,69.5098,69.5098
zf,B145,birdaves_biox_base,7,44,100,51.9282,51.9282
zf,B145,birdaves_biox_base,7,45,1,79.9754,79.9754
zf,B145,birdaves_biox_base,7,45,5,79.1044,79.1044
zf,B145,birdaves_biox_base,7,45,10,78.0749,78.0749
zf,B145,birdaves_biox_base,7,45,50,68.2466,68.2466
zf,B145,birdaves_biox_base,7,45,100,51.5051,51.5051
zf,B145,birdaves_biox_base,7,46,1,79.8689,79.8689
zf,B145,birdaves_biox_base,7,46,5,78.4063,78.4063
zf,B145,birdaves_biox_base,7,46,10,77.9231,77.9231
zf,B145,birdaves_biox_base,7,46,50,68.6087,68.6087
zf,B145,birdaves_biox_base,7,46,100,51.4575,51.4575
zf,B145,birdaves_biox_base_speed0p25,3,42,1,84.2055,84.2055
zf,B145,birdaves_biox_base_speed0p25,3,42,5,82.7435,82.7435
zf,B145,birdaves_biox_base_speed0p25,3,42,10,81.6201,81.6201
zf,B145,birdaves_biox_base_speed0p25,3,42,50,71.0895,71.0895
zf,B145,birdaves_biox_base_speed0p25,3,42,100,52.3358,52.3358
zf,B145,birdaves_biox_base_speed0p25,3,43,1,83.0919,83.0919
zf,B145,birdaves_biox_base_speed0p25,3,43,5,81.8492,81.8492
zf,B145,birdaves_biox_base_speed0p25,3,43,10,80.6361,80.6361
zf,B145,birdaves_biox_base_speed0p25,3,43,50,69.6242,69.6242
zf,B145,birdaves_biox_base_speed0p25,3,43,100,50.863,50.863
zf,B145,birdaves_biox_base_speed0p25,3,44,1,85.9976,85.9976
zf,B145,birdaves_biox_base_speed0p25,3,44,5,83.8717,83.8717
zf,B145,birdaves_biox_base_speed0p25,3,44,10,82.4197,82.4197
zf,B145,birdaves_biox_base_speed0p25,3,44,50,70.9842,70.9842
zf,B145,birdaves_biox_base_speed0p25,3,44,100,51.9341,51.9341
zf,B145,birdaves_biox_base_speed0p25,3,45,1,84.2914,84.2914
zf,B145,birdaves_biox_base_speed0p25,3,45,5,82.3588,82.3588
zf,B145,birdaves_biox_base_speed0p25,3,45,10,80.6043,80.6043
zf,B145,birdaves_biox_base_speed0p25,3,45,50,69.5643,69.5643
zf,B145,birdaves_biox_base_speed0p25,3,45,100,51.5407,51.5407
zf,B145,birdaves_biox_base_speed0p25,3,46,1,84.4202,84.4202
zf,B145,birdaves_biox_base_speed0p25,3,46,5,82.7627,82.7627
zf,B145,birdaves_biox_base_speed0p25,3,46,10,81.3606,81.3606
zf,B145,birdaves_biox_base_speed0p25,3,46,50,70.3247,70.3247
zf,B145,birdaves_biox_base_speed0p25,3,46,100,51.7959,51.7959
zf,B145,birdaves_biox_base_speed0p25,4,42,1,84.5334,84.5334
zf,B145,birdaves_biox_base_speed0p25,4,42,5,83.408,83.408
zf,B145,birdaves_biox_base_speed0p25,4,42,10,82.3386,82.3386
zf,B145,birdaves_biox_base_speed0p25,4,42,50,71.5408,71.5408
zf,B145,birdaves_biox_base_speed0p25,4,42,100,52.678,52.678
zf,B145,birdaves_biox_base_speed0p25,4,43,1,84.0591,84.0591
zf,B145,birdaves_biox_base_speed0p25,4,43,5,82.615,82.615
zf,B145,birdaves_biox_base_speed0p25,4,43,10,81.4566,81.4566
zf,B145,birdaves_biox_base_speed0p25,4,43,50,70.3602,70.3602
zf,B145,birdaves_biox_base_speed0p25,4,43,100,51.3641,51.3641
zf,B145,birdaves_biox_base_speed0p25,4,44,1,86.2374,86.2374
zf,B145,birdaves_biox_base_speed0p25,4,44,5,84.5669,84.5669
zf,B145,birdaves_biox_base_speed0p25,4,44,10,82.9417,82.9417
zf,B145,birdaves_biox_base_speed0p25,4,44,50,71.5356,71.5356
zf,B145,birdaves_biox_base_speed0p25,4,44,100,52.3182,52.3182
zf,B145,birdaves_biox_base_speed0p25,4,45,1,83.9693,83.9693
zf,B145,birdaves_biox_base_speed0p25,4,45,5,83.2965,83.2965
zf,B145,birdaves_biox_base_speed0p25,4,45,10,81.5682,81.5682
zf,B145,birdaves_biox_base_speed0p25,4,45,50,70.2102,70.2102
zf,B145,birdaves_biox_base_speed0p25,4,45,100,51.8815,51.8815
zf,B145,birdaves_biox_base_speed0p25,4,46,1,84.8411,84.8411
zf,B145,birdaves_biox_base_speed0p25,4,46,5,83.4175,83.4175
zf,B145,birdaves_biox_base_speed0p25,4,46,10,81.8185,81.8185
zf,B145,birdaves_biox_base_speed0p25,4,46,50,70.8387,70.8387
zf,B145,birdaves_biox_base_speed0p25,4,46,100,52.1726,52.1726
zf,B145,birdaves_biox_base_speed0p5,3,42,1,83.8901,83.8901
zf,B145,birdaves_biox_base_speed0p5,3,42,5,82.6016,82.6016
zf,B145,birdaves_biox_base_speed0p5,3,42,10,81.7176,81.7176
zf,B145,birdaves_biox_base_speed0p5,3,42,50,73.0507,73.0507
zf,B145,birdaves_biox_base_speed0p5,3,42,100,54.277,54.277
zf,B145,birdaves_biox_base_speed0p5,3,43,1,82.5474,82.5474
zf,B145,birdaves_biox_base_speed0p5,3,43,5,81.7995,81.7995
zf,B145,birdaves_biox_base_speed0p5,3,43,10,81.3511,81.3511
zf,B145,birdaves_biox_base_speed0p5,3,43,50,72.4462,72.4462
zf,B145,birdaves_biox_base_speed0p5,3,43,100,53.2329,53.2329
zf,B145,birdaves_biox_base_speed0p5,3,44,1,85.0947,85.0947
zf,B145,birdaves_biox_base_speed0p5,3,44,5,83.7237,83.7237
zf,B145,birdaves_biox_base_speed0p5,3,44,10,82.5915,82.5915
zf,B145,birdaves_biox_base_speed0p5,3,44,50,73.3059,73.3059
zf,B145,birdaves_biox_base_speed0p5,3,44,100,53.9256,53.9256
zf,B145,birdaves_biox_base_speed0p5,3,45,1,83.8407,83.8407
zf,B145,birdaves_biox_base_speed0p5,3,45,5,82.4658,82.4658
zf,B145,birdaves_biox_base_speed0p5,3,45,10,81.308,81.308
zf,B145,birdaves_biox_base_speed0p5,3,45,50,71.8513,71.8513
zf,B145,birdaves_biox_base_speed0p5,3,45,100,53.3833,53.3833
zf,B145,birdaves_biox_base_speed0p5,3,46,1,84.4872,84.4872
zf,B145,birdaves_biox_base_speed0p5,3,46,5,82.2118,82.2118
zf,B145,birdaves_biox_base_speed0p5,3,46,10,81.3415,81.3415
zf,B145,birdaves_biox_base_speed0p5,3,46,50,72.7355,72.7355
zf,B145,birdaves_biox_base_speed0p5,3,46,100,53.7639,53.7639
zf,B145,birdaves_biox_base_speed0p5,6,42,1,84.3737,84.3737
zf,B145,birdaves_biox_base_speed0p5,6,42,5,82.7288,82.7288
zf,B145,birdaves_biox_base_speed0p5,6,42,10,82.1555,82.1555
zf,B145,birdaves_biox_base_speed0p5,6,42,50,73.3024,73.3024
zf,B145,birdaves_biox_base_speed0p5,6,42,100,53.9671,53.9671
zf,B145,birdaves_biox_base_speed0p5,6,43,1,83.3305,83.3305
zf,B145,birdaves_biox_base_speed0p5,6,43,5,82.1135,82.1135
zf,B145,birdaves_biox_base_speed0p5,6,43,10,81.4925,81.4925
zf,B145,birdaves_biox_base_speed0p5,6,43,50,72.5914,72.5914
zf,B145,birdaves_biox_base_speed0p5,6,43,100,52.7714,52.7714
zf,B145,birdaves_biox_base_speed0p5,6,44,1,86.4602,86.4602
zf,B145,birdaves_biox_base_speed0p5,6,44,5,83.7111,83.7111
zf,B145,birdaves_biox_base_speed0p5,6,44,10,82.4307,82.4307
zf,B145,birdaves_biox_base_speed0p5,6,44,50,73.2503,73.2503
zf,B145,birdaves_biox_base_speed0p5,6,44,100,53.3138,53.3138
zf,B145,birdaves_biox_base_speed0p5,6,45,1,83.8472,83.8472
zf,B145,birdaves_biox_base_speed0p5,6,45,5,82.3677,82.3677
zf,B145,birdaves_biox_base_speed0p5,6,45,10,81.5043,81.5043
zf,B145,birdaves_biox_base_speed0p5,6,45,50,72.2099,72.2099
zf,B145,birdaves_biox_base_speed0p5,6,45,100,53.213,53.213
zf,B145,birdaves_biox_base_speed0p5,6,46,1,84.7488,84.7488
zf,B145,birdaves_biox_base_speed0p5,6,46,5,82.4079,82.4079
zf,B145,birdaves_biox_base_speed0p5,6,46,10,81.4698,81.4698
zf,B145,birdaves_biox_base_speed0p5,6,46,50,72.6604,72.6604
zf,B145,birdaves_biox_base_speed0p5,6,46,100,53.3318,53.3318
zf,B145,hubert_base_ls960,0,42,1,80.4631,80.4631
zf,B145,hubert_base_ls960,0,42,5,76.4605,76.4605
zf,B145,hubert_base_ls960,0,42,10,75.1075,75.1075
zf,B145,hubert_base_ls960,0,42,50,64.1477,64.1477
zf,B145,hubert_base_ls960,0,42,100,48.0019,48.0019
zf,B145,hubert_base_ls960,0,43,1,77.178,77.178
zf,B145,hubert_base_ls960,0,43,5,75.5954,75.5954
zf,B145,hubert_base_ls960,0,43,10,74.5774,74.5774
zf,B145,hubert_base_ls960,0,43,50,63.2399,63.2399
zf,B145,hubert_base_ls960,0,43,100,47.0224,47.0224
zf,B145,hubert_base_ls960,0,44,1,80.0515,80.0515
zf,B145,hubert_base_ls960,0,44,5,76.737,76.737
zf,B145,hubert_base_ls960,0,44,10,75.5041,75.5041
zf,B145,hubert_base_ls960,0,44,50,64.0368,64.0368
zf,B145,hubert_base_ls960,0,44,100,47.4153,47.4153
zf,B145,hubert_base_ls960,0,45,1,80.4225,80.4225
zf,B145,hubert_base_ls960,0,45,5,76.9538,76.9538
zf,B145,hubert_base_ls960,0,45,10,75.3516,75.3516
zf,B145,hubert_base_ls960,0,45,50,63.4208,63.4208
zf,B145,hubert_base_ls960,0,45,100,47.3888,47.3888
zf,B145,hubert_base_ls960,0,46,1,80.1562,80.1562
zf,B145,hubert_base_ls960,0,46,5,76.5996,76.5996
zf,B145,hubert_base_ls960,0,46,10,74.8344,74.8344
zf,B145,hubert_base_ls960,0,46,50,63.6229,63.6229
zf,B145,hubert_base_ls960,0,46,100,47.3869,47.3869
zf,B145,hubert_base_ls960,3,42,1,78.7851,78.7851
zf,B145,hubert_base_ls960,3,42,5,75.1469,75.1469
zf,B145,hubert_base_ls960,3,42,10,72.9537,72.9537
zf,B145,hubert_base_ls960,3,42,50,59.5817,59.5817
zf,B145,hubert_base_ls960,3,42,100,43.9094,43.9094
zf,B145,hubert_base_ls960,3,43,1,78.9153,78.9153
zf,B145,hubert_base_ls960,3,43,5,74.2755,74.2755
zf,B145,hubert_base_ls960,3,43,10,73.0151,73.0151
zf,B145,hubert_base_ls960,3,43,50,58.4861,58.4861
zf,B145,hubert_base_ls960,3,43,100,43.0262,43.0262
zf,B145,hubert_base_ls960,3,44,1,78.7754,78.7754
zf,B145,hubert_base_ls960,3,44,5,74.9412,74.9412
zf,B145,hubert_base_ls960,3,44,10,72.9515,72.9515
zf,B145,hubert_base_ls960,3,44,50,59.4234,59.4234
zf,B145,hubert_base_ls960,3,44,100,43.76,43.76
zf,B145,hubert_base_ls960,3,45,1,78.666,78.666
zf,B145,hubert_base_ls960,3,45,5,75.5892,75.5892
zf,B145,hubert_base_ls960,3,45,10,72.8899,72.8899
zf,B145,hubert_base_ls960,3,45,50,59.2069,59.2069
zf,B145,hubert_base_ls960,3,45,100,43.8655,43.8655
zf,B145,hubert_base_ls960,3,46,1,78.7239,78.7239
zf,B145,hubert_base_ls960,3,46,5,74.7119,74.7119
zf,B145,hubert_base_ls960,3,46,10,73.0116,73.0116
zf,B145,hubert_base_ls960,3,46,50,58.8792,58.8792
zf,B145,hubert_base_ls960,3,46,100,43.4857,43.4857
zf,B145,xcl_base_500k_p32x1_c005,5,42,1,86.743,86.743
zf,B145,xcl_base_500k_p32x1_c005,5,42,5,84.4293,84.4293
zf,B145,xcl_base_500k_p32x1_c005,5,42,10,83.1326,83.1326
zf,B145,xcl_base_500k_p32x1_c005,5,42,50,73.0751,73.0751
zf,B145,xcl_base_500k_p32x1_c005,5,42,100,54.8654,54.8654
zf,B145,xcl_base_500k_p32x1_c005,5,43,1,85.274,85.274
zf,B145,xcl_base_500k_p32x1_c005,5,43,5,83.7178,83.7178
zf,B145,xcl_base_500k_p32x1_c005,5,43,10,82.2359,82.2359
zf,B145,xcl_base_500k_p32x1_c005,5,43,50,72.0943,72.0943
zf,B145,xcl_base_500k_p32x1_c005,5,43,100,54.0575,54.0575
zf,B145,xcl_base_500k_p32x1_c005,5,44,1,87.4153,87.4153
zf,B145,xcl_base_500k_p32x1_c005,5,44,5,85.4745,85.4745
zf,B145,xcl_base_500k_p32x1_c005,5,44,10,84.0065,84.0065
zf,B145,xcl_base_500k_p32x1_c005,5,44,50,73.2179,73.2179
zf,B145,xcl_base_500k_p32x1_c005,5,44,100,54.5982,54.5982
zf,B145,xcl_base_500k_p32x1_c005,5,45,1,86.1387,86.1387
zf,B145,xcl_base_500k_p32x1_c005,5,45,5,85.0031,85.0031
zf,B145,xcl_base_500k_p32x1_c005,5,45,10,83.459,83.459
zf,B145,xcl_base_500k_p32x1_c005,5,45,50,72.3847,72.3847
zf,B145,xcl_base_500k_p32x1_c005,5,45,100,54.6244,54.6244
zf,B145,xcl_base_500k_p32x1_c005,5,46,1,86.9386,86.9386
zf,B145,xcl_base_500k_p32x1_c005,5,46,5,84.835,84.835
zf,B145,xcl_base_500k_p32x1_c005,5,46,10,83.4699,83.4699
zf,B145,xcl_base_500k_p32x1_c005,5,46,50,73.3184,73.3184
zf,B145,xcl_base_500k_p32x1_c005,5,46,100,55.1499,55.1499
zf,B145,xcl_base_500k_p32x4_c010,3,42,1,83.6439,83.6439
zf,B145,xcl_base_500k_p32x4_c010,3,42,5,78.5053,78.5053
zf,B145,xcl_base_500k_p32x4_c010,3,42,10,76.9716,76.9716
zf,B145,xcl_base_500k_p32x4_c010,3,42,50,67.7485,67.7485
zf,B145,xcl_base_500k_p32x4_c010,3,42,100,51.9273,51.9273
zf,B145,xcl_base_500k_p32x4_c010,3,43,1,81.2825,81.2825
zf,B145,xcl_base_500k_p32x4_c010,3,43,5,77.9433,77.9433
zf,B145,xcl_base_500k_p32x4_c010,3,43,10,76.5818,76.5818
zf,B145,xcl_base_500k_p32x4_c010,3,43,50,66.9208,66.9208
zf,B145,xcl_base_500k_p32x4_c010,3,43,100,50.4892,50.4892
zf,B145,xcl_base_500k_p32x4_c010,3,44,1,82.4853,82.4853
zf,B145,xcl_base_500k_p32x4_c010,3,44,5,79.6879,79.6879
zf,B145,xcl_base_500k_p32x4_c010,3,44,10,77.8919,77.8919
zf,B145,xcl_base_500k_p32x4_c010,3,44,50,68.2438,68.2438
zf,B145,xcl_base_500k_p32x4_c010,3,44,100,51.4116,51.4116
zf,B145,xcl_base_500k_p32x4_c010,3,45,1,80.8956,80.8956
zf,B145,xcl_base_500k_p32x4_c010,3,45,5,79.2045,79.2045
zf,B145,xcl_base_500k_p32x4_c010,3,45,10,77.3971,77.3971
zf,B145,xcl_base_500k_p32x4_c010,3,45,50,66.806,66.806
zf,B145,xcl_base_500k_p32x4_c010,3,45,100,51.1816,51.1816
zf,B145,xcl_base_500k_p32x4_c010,3,46,1,81.5965,81.5965
zf,B145,xcl_base_500k_p32x4_c010,3,46,5,78.5332,78.5332
zf,B145,xcl_base_500k_p32x4_c010,3,46,10,77.2093,77.2093
zf,B145,xcl_base_500k_p32x4_c010,3,46,50,67.9495,67.9495
zf,B145,xcl_base_500k_p32x4_c010,3,46,100,51.8757,51.8757
zf,B145,xcl_base_500k_p32x4_c010,4,42,1,83.1411,83.1411
zf,B145,xcl_base_500k_p32x4_c010,4,42,5,78.4316,78.4316
zf,B145,xcl_base_500k_p32x4_c010,4,42,10,76.9191,76.9191
zf,B145,xcl_base_500k_p32x4_c010,4,42,50,67.3935,67.3935
zf,B145,xcl_base_500k_p32x4_c010,4,42,100,51.7414,51.7414
zf,B145,xcl_base_500k_p32x4_c010,4,43,1,80.5989,80.5989
zf,B145,xcl_base_500k_p32x4_c010,4,43,5,78.0099,78.0099
zf,B145,xcl_base_500k_p32x4_c010,4,43,10,76.4282,76.4282
zf,B145,xcl_base_500k_p32x4_c010,4,43,50,66.6472,66.6472
zf,B145,xcl_base_500k_p32x4_c010,4,43,100,50.3298,50.3298
zf,B145,xcl_base_500k_p32x4_c010,4,44,1,82.3214,82.3214
zf,B145,xcl_base_500k_p32x4_c010,4,44,5,79.3546,79.3546
zf,B145,xcl_base_500k_p32x4_c010,4,44,10,77.8477,77.8477
zf,B145,xcl_base_500k_p32x4_c010,4,44,50,67.997,67.997
zf,B145,xcl_base_500k_p32x4_c010,4,44,100,51.299,51.299
zf,B145,xcl_base_500k_p32x4_c010,4,45,1,80.6274,80.6274
zf,B145,xcl_base_500k_p32x4_c010,4,45,5,78.8991,78.8991
zf,B145,xcl_base_500k_p32x4_c010,4,45,10,77.228,77.228
zf,B145,xcl_base_500k_p32x4_c010,4,45,50,66.5552,66.5552
zf,B145,xcl_base_500k_p32x4_c010,4,45,100,51.0566,51.0566
zf,B145,xcl_base_500k_p32x4_c010,4,46,1,81.2544,81.2544
zf,B145,xcl_base_500k_p32x4_c010,4,46,5,78.3592,78.3592
zf,B145,xcl_base_500k_p32x4_c010,4,46,10,77.0296,77.0296
zf,B145,xcl_base_500k_p32x4_c010,4,46,50,67.541,67.541
zf,B145,xcl_base_500k_p32x4_c010,4,46,100,51.7077,51.7077
zf,B145,xcl_large_500k_p32x1_c005,11,42,1,86.0521,86.0521
zf,B145,xcl_large_500k_p32x1_c005,11,42,5,84.5225,84.5225
zf,B145,xcl_large_500k_p32x1_c005,11,42,10,83.236,83.236
zf,B145,xcl_large_500k_p32x1_c005,11,42,50,74.6255,74.6255
zf,B145,xcl_large_500k_p32x1_c005,11,42,100,55.461,55.461
zf,B145,xcl_large_500k_p32x1_c005,11,43,1,85.3658,85.3658
zf,B145,xcl_large_500k_p32x1_c005,11,43,5,83.6628,83.6628
zf,B145,xcl_large_500k_p32x1_c005,11,43,10,82.5717,82.5717
zf,B145,xcl_large_500k_p32x1_c005,11,43,50,73.9362,73.9362
zf,B145,xcl_large_500k_p32x1_c005,11,43,100,54.919,54.919
zf,B145,xcl_large_500k_p32x1_c005,11,44,1,87.2701,87.2701
zf,B145,xcl_large_500k_p32x1_c005,11,44,5,85.0584,85.0584
zf,B145,xcl_large_500k_p32x1_c005,11,44,10,83.8525,83.8525
zf,B145,xcl_large_500k_p32x1_c005,11,44,50,74.6895,74.6895
zf,B145,xcl_large_500k_p32x1_c005,11,44,100,55.1933,55.1933
zf,B145,xcl_large_500k_p32x1_c005,11,45,1,86.7877,86.7877
zf,B145,xcl_large_500k_p32x1_c005,11,45,5,84.7472,84.7472
zf,B145,xcl_large_500k_p32x1_c005,11,45,10,83.4898,83.4898
zf,B145,xcl_large_500k_p32x1_c005,11,45,50,74.1565,74.1565
zf,B145,xcl_large_500k_p32x1_c005,11,45,100,55.3395,55.3395
zf,B145,xcl_large_500k_p32x1_c005,11,46,1,86.9079,86.9079
zf,B145,xcl_large_500k_p32x1_c005,11,46,5,84.6811,84.6811
zf,B145,xcl_large_500k_p32x1_c005,11,46,10,83.7838,83.7838
zf,B145,xcl_large_500k_p32x1_c005,11,46,50,74.7307,74.7307
zf,B145,xcl_large_500k_p32x1_c005,11,46,100,55.5882,55.5882
zf,B145,xcl_large_500k_p32x4_c0025,9,42,1,82.8721,82.8721
zf,B145,xcl_large_500k_p32x4_c0025,9,42,5,78.6503,78.6503
zf,B145,xcl_large_500k_p32x4_c0025,9,42,10,76.9747,76.9747
zf,B145,xcl_large_500k_p32x4_c0025,9,42,50,67.1099,67.1099
zf,B145,xcl_large_500k_p32x4_c0025,9,42,100,51.0862,51.0862
zf,B145,xcl_large_500k_p32x4_c0025,9,43,1,80.7983,80.7983
zf,B145,xcl_large_500k_p32x4_c0025,9,43,5,77.7951,77.7951
zf,B145,xcl_large_500k_p32x4_c0025,9,43,10,76.501,76.501
zf,B145,xcl_large_500k_p32x4_c0025,9,43,50,66.1626,66.1626
zf,B145,xcl_large_500k_p32x4_c0025,9,43,100,49.8636,49.8636
zf,B145,xcl_large_500k_p32x4_c0025,9,44,1,81.7681,81.7681
zf,B145,xcl_large_500k_p32x4_c0025,9,44,5,79.2149,79.2149
zf,B145,xcl_large_500k_p32x4_c0025,9,44,10,77.3133,77.3133
zf,B145,xcl_large_500k_p32x4_c0025,9,44,50,67.1894,67.1894
zf,B145,xcl_large_500k_p32x4_c0025,9,44,100,50.5365,50.5365
zf,B145,xcl_large_500k_p32x4_c0025,9,45,1,79.7312,79.7312
zf,B145,xcl_large_500k_p32x4_c0025,9,45,5,78.8942,78.8942
zf,B145,xcl_large_500k_p32x4_c0025,9,45,10,76.7015,76.7015
zf,B145,xcl_large_500k_p32x4_c0025,9,45,50,66.2177,66.2177
zf,B145,xcl_large_500k_p32x4_c0025,9,45,100,50.4762,50.4762
zf,B145,xcl_large_500k_p32x4_c0025,9,46,1,82.0591,82.0591
zf,B145,xcl_large_500k_p32x4_c0025,9,46,5,78.2388,78.2388
zf,B145,xcl_large_500k_p32x4_c0025,9,46,10,76.7207,76.7207
zf,B145,xcl_large_500k_p32x4_c0025,9,46,50,67.3463,67.3463
zf,B145,xcl_large_500k_p32x4_c0025,9,46,100,50.9262,50.9262
zf,B145,xcl_large_500k_p32x4_c010,10,42,1,83.5355,83.5355
zf,B145,xcl_large_500k_p32x4_c010,10,42,5,78.8996,78.8996
zf,B145,xcl_large_500k_p32x4_c010,10,42,10,77.46,77.46
zf,B145,xcl_large_500k_p32x4_c010,10,42,50,68.7754,68.7754
zf,B145,xcl_large_500k_p32x4_c010,10,42,100,52.0778,52.0778
zf,B145,xcl_large_500k_p32x4_c010,10,43,1,80.4588,80.4588
zf,B145,xcl_large_500k_p32x4_c010,10,43,5,78.0783,78.0783
zf,B145,xcl_large_500k_p32x4_c010,10,43,10,77.2844,77.2844
zf,B145,xcl_large_500k_p32x4_c010,10,43,50,68.0703,68.0703
zf,B145,xcl_large_500k_p32x4_c010,10,43,100,51.186,51.186
zf,B145,xcl_large_500k_p32x4_c010,10,44,1,83.14,83.14
zf,B145,xcl_large_500k_p32x4_c010,10,44,5,79.7827,79.7827
zf,B145,xcl_large_500k_p32x4_c010,10,44,10,78.5457,78.5457
zf,B145,xcl_large_500k_p32x4_c010,10,44,50,69.1477,69.1477
zf,B145,xcl_large_500k_p32x4_c010,10,44,100,51.6776,51.6776
zf,B145,xcl_large_500k_p32x4_c010,10,45,1,81.592,81.592
zf,B145,xcl_large_500k_p32x4_c010,10,45,5,79.5356,79.5356
zf,B145,xcl_large_500k_p32x4_c010,10,45,10,77.6226,77.6226
zf,B145,xcl_large_500k_p32x4_c010,10,45,50,67.713,67.713
zf,B145,xcl_large_500k_p32x4_c010,10,45,100,51.5416,51.5416
zf,B145,xcl_large_500k_p32x4_c010,10,46,1,81.0291,81.0291
zf,B145,xcl_large_500k_p32x4_c010,10,46,5,79.0079,79.0079
zf,B145,xcl_large_500k_p32x4_c010,10,46,10,77.8746,77.8746
zf,B145,xcl_large_500k_p32x4_c010,10,46,50,69.0451,69.0451
zf,B145,xcl_large_500k_p32x4_c010,10,46,100,52.107,52.107
zf,B145,xcl_micro_500k_p32x1_c005,4,42,1,85.94,85.94
zf,B145,xcl_micro_500k_p32x1_c005,4,42,5,82.1836,82.1836
zf,B145,xcl_micro_500k_p32x1_c005,4,42,10,80.155,80.155
zf,B145,xcl_micro_500k_p32x1_c005,4,42,50,69.3367,69.3367
zf,B145,xcl_micro_500k_p32x1_c005,4,42,100,52.8177,52.8177
zf,B145,xcl_micro_500k_p32x1_c005,4,43,1,84.6081,84.6081
zf,B145,xcl_micro_500k_p32x1_c005,4,43,5,81.3999,81.3999
zf,B145,xcl_micro_500k_p32x1_c005,4,43,10,79.5684,79.5684
zf,B145,xcl_micro_500k_p32x1_c005,4,43,50,67.7028,67.7028
zf,B145,xcl_micro_500k_p32x1_c005,4,43,100,51.9335,51.9335
zf,B145,xcl_micro_500k_p32x1_c005,4,44,1,86.8088,86.8088
zf,B145,xcl_micro_500k_p32x1_c005,4,44,5,82.7765,82.7765
zf,B145,xcl_micro_500k_p32x1_c005,4,44,10,80.4215,80.4215
zf,B145,xcl_micro_500k_p32x1_c005,4,44,50,69.1212,69.1212
zf,B145,xcl_micro_500k_p32x1_c005,4,44,100,52.4822,52.4822
zf,B145,xcl_micro_500k_p32x1_c005,4,45,1,86.8385,86.8385
zf,B145,xcl_micro_500k_p32x1_c005,4,45,5,82.8055,82.8055
zf,B145,xcl_micro_500k_p32x1_c005,4,45,10,80.6569,80.6569
zf,B145,xcl_micro_500k_p32x1_c005,4,45,50,68.5456,68.5456
zf,B145,xcl_micro_500k_p32x1_c005,4,45,100,52.4443,52.4443
zf,B145,xcl_micro_500k_p32x1_c005,4,46,1,84.8326,84.8326
zf,B145,xcl_micro_500k_p32x1_c005,4,46,5,82.1827,82.1827
zf,B145,xcl_micro_500k_p32x1_c005,4,46,10,80.4852,80.4852
zf,B145,xcl_micro_500k_p32x1_c005,4,46,50,69.1814,69.1814
zf,B145,xcl_micro_500k_p32x1_c005,4,46,100,52.875,52.875
zf,B145,xcl_micro_500k_p32x1_c005,5,42,1,86.0257,86.0257
zf,B145,xcl_micro_500k_p32x1_c005,5,42,5,81.8502,81.8502
zf,B145,xcl_micro_500k_p32x1_c005,5,42,10,79.9668,79.9668
zf,B145,xcl_micro_500k_p32x1_c005,5,42,50,68.9129,68.9129
zf,B145,xcl_micro_500k_p32x1_c005,5,42,100,52.6547,52.6547
zf,B145,xcl_micro_500k_p32x1_c005,5,43,1,84.3538,84.3538
zf,B145,xcl_micro_500k_p32x1_c005,5,43,5,81.3185,81.3185
zf,B145,xcl_micro_500k_p32x1_c005,5,43,10,79.2215,79.2215
zf,B145,xcl_micro_500k_p32x1_c005,5,43,50,67.3739,67.3739
zf,B145,xcl_micro_500k_p32x1_c005,5,43,100,51.7338,51.7338
zf,B145,xcl_micro_500k_p32x1_c005,5,44,1,87.1307,87.1307
zf,B145,xcl_micro_500k_p32x1_c005,5,44,5,82.3347,82.3347
zf,B145,xcl_micro_500k_p32x1_c005,5,44,10,80.2724,80.2724
zf,B145,xcl_micro_500k_p32x1_c005,5,44,50,68.8336,68.8336
zf,B145,xcl_micro_500k_p32x1_c005,5,44,100,52.3065,52.3065
zf,B145,xcl_micro_500k_p32x1_c005,5,45,1,86.021,86.021
zf,B145,xcl_micro_500k_p32x1_c005,5,45,5,82.3946,82.3946
zf,B145,xcl_micro_500k_p32x1_c005,5,45,10,80.1079,80.1079
zf,B145,xcl_micro_500k_p32x1_c005,5,45,50,68.2958,68.2958
zf,B145,xcl_micro_500k_p32x1_c005,5,45,100,52.2921,52.2921
zf,B145,xcl_micro_500k_p32x1_c005,5,46,1,84.8664,84.8664
zf,B145,xcl_micro_500k_p32x1_c005,5,46,5,81.8991,81.8991
zf,B145,xcl_micro_500k_p32x1_c005,5,46,10,80.2357,80.2357
zf,B145,xcl_micro_500k_p32x1_c005,5,46,50,68.7651,68.7651
zf,B145,xcl_micro_500k_p32x1_c005,5,46,100,52.6517,52.6517
zf,B145,xcl_micro_500k_p32x4_c010,3,42,1,83.3779,83.3779
zf,B145,xcl_micro_500k_p32x4_c010,3,42,5,77.5732,77.5732
zf,B145,xcl_micro_500k_p32x4_c010,3,42,10,75.1935,75.1935
zf,B145,xcl_micro_500k_p32x4_c010,3,42,50,64.6845,64.6845
zf,B145,xcl_micro_500k_p32x4_c010,3,42,100,49.3076,49.3076
zf,B145,xcl_micro_500k_p32x4_c010,3,43,1,80.5272,80.5272
zf,B145,xcl_micro_500k_p32x4_c010,3,43,5,76.6389,76.6389
zf,B145,xcl_micro_500k_p32x4_c010,3,43,10,74.8043,74.8043
zf,B145,xcl_micro_500k_p32x4_c010,3,43,50,63.6143,63.6143
zf,B145,xcl_micro_500k_p32x4_c010,3,43,100,48.0082,48.0082
zf,B145,xcl_micro_500k_p32x4_c010,3,44,1,81.6699,81.6699
zf,B145,xcl_micro_500k_p32x4_c010,3,44,5,78.3263,78.3263
zf,B145,xcl_micro_500k_p32x4_c010,3,44,10,75.8833,75.8833
zf,B145,xcl_micro_500k_p32x4_c010,3,44,50,64.8043,64.8043
zf,B145,xcl_micro_500k_p32x4_c010,3,44,100,48.7298,48.7298
zf,B145,xcl_micro_500k_p32x4_c010,3,45,1,80.4096,80.4096
zf,B145,xcl_micro_500k_p32x4_c010,3,45,5,77.4347,77.4347
zf,B145,xcl_micro_500k_p32x4_c010,3,45,10,75.3595,75.3595
zf,B145,xcl_micro_500k_p32x4_c010,3,45,50,63.7402,63.7402
zf,B145,xcl_micro_500k_p32x4_c010,3,45,100,48.8305,48.8305
zf,B145,xcl_micro_500k_p32x4_c010,3,46,1,80.9693,80.9693
zf,B145,xcl_micro_500k_p32x4_c010,3,46,5,77.1821,77.1821
zf,B145,xcl_micro_500k_p32x4_c010,3,46,10,75.5986,75.5986
zf,B145,xcl_micro_500k_p32x4_c010,3,46,50,64.6168,64.6168
zf,B145,xcl_micro_500k_p32x4_c010,3,46,100,49.2598,49.2598
zf,B236,birdaves_biox_base,3,42,1,58.1511,58.1511
zf,B236,birdaves_biox_base,3,42,5,53.7379,53.7379
zf,B236,birdaves_biox_base,3,42,10,50.5732,50.5732
zf,B236,birdaves_biox_base,3,42,50,39.4154,39.4154
zf,B236,birdaves_biox_base,3,42,100,28.7198,28.7198
zf,B236,birdaves_biox_base,3,43,1,59.2904,59.2904
zf,B236,birdaves_biox_base,3,43,5,56.6677,56.6677
zf,B236,birdaves_biox_base,3,43,10,53.6429,53.6429
zf,B236,birdaves_biox_base,3,43,50,41.4791,41.4791
zf,B236,birdaves_biox_base,3,43,100,29.8189,29.8189
zf,B236,birdaves_biox_base,3,44,1,56.86,56.86
zf,B236,birdaves_biox_base,3,44,5,53.8754,53.8754
zf,B236,birdaves_biox_base,3,44,10,51.6007,51.6007
zf,B236,birdaves_biox_base,3,44,50,40.1232,40.1232
zf,B236,birdaves_biox_base,3,44,100,29.1058,29.1058
zf,B236,birdaves_biox_base,3,45,1,63.7207,63.7207
zf,B236,birdaves_biox_base,3,45,5,57.3002,57.3002
zf,B236,birdaves_biox_base,3,45,10,54.1194,54.1194
zf,B236,birdaves_biox_base,3,45,50,42.2483,42.2483
zf,B236,birdaves_biox_base,3,45,100,30.0576,30.0576
zf,B236,birdaves_biox_base,3,46,1,60.9794,60.9794
zf,B236,birdaves_biox_base,3,46,5,56.2996,56.2996
zf,B236,birdaves_biox_base,3,46,10,52.2771,52.2771
zf,B236,birdaves_biox_base,3,46,50,40.0668,40.0668
zf,B236,birdaves_biox_base,3,46,100,29.5293,29.5293
zf,B236,birdaves_biox_base,7,42,1,60.1438,60.1438
zf,B236,birdaves_biox_base,7,42,5,54.7951,54.7951
zf,B236,birdaves_biox_base,7,42,10,51.9782,51.9782
zf,B236,birdaves_biox_base,7,42,50,40.6729,40.6729
zf,B236,birdaves_biox_base,7,42,100,29.7146,29.7146
zf,B236,birdaves_biox_base,7,43,1,62.4201,62.4201
zf,B236,birdaves_biox_base,7,43,5,56.605,56.605
zf,B236,birdaves_biox_base,7,43,10,53.9389,53.9389
zf,B236,birdaves_biox_base,7,43,50,41.7323,41.7323
zf,B236,birdaves_biox_base,7,43,100,30.1507,30.1507
zf,B236,birdaves_biox_base,7,44,1,59.1514,59.1514
zf,B236,birdaves_biox_base,7,44,5,56.1678,56.1678
zf,B236,birdaves_biox_base,7,44,10,52.6515,52.6515
zf,B236,birdaves_biox_base,7,44,50,41.1656,41.1656
zf,B236,birdaves_biox_base,7,44,100,29.8715,29.8715
zf,B236,birdaves_biox_base,7,45,1,61.9601,61.9601
zf,B236,birdaves_biox_base,7,45,5,58.1315,58.1315
zf,B236,birdaves_biox_base,7,45,10,55.2984,55.2984
zf,B236,birdaves_biox_base,7,45,50,43.0567,43.0567
zf,B236,birdaves_biox_base,7,45,100,30.6141,30.6141
zf,B236,birdaves_biox_base,7,46,1,60.3489,60.3489
zf,B236,birdaves_biox_base,7,46,5,56.9588,56.9588
zf,B236,birdaves_biox_base,7,46,10,53.717,53.717
zf,B236,birdaves_biox_base,7,46,50,41.3778,41.3778
zf,B236,birdaves_biox_base,7,46,100,30.2037,30.2037
zf,B236,birdaves_biox_base_speed0p25,3,42,1,59.646,59.646
zf,B236,birdaves_biox_base_speed0p25,3,42,5,53.9989,53.9989
zf,B236,birdaves_biox_base_speed0p25,3,42,10,51.1236,51.1236
zf,B236,birdaves_biox_base_speed0p25,3,42,50,39.4521,39.4521
zf,B236,birdaves_biox_base_speed0p25,3,42,100,29.4534,29.4534
zf,B236,birdaves_biox_base_speed0p25,3,43,1,60.5871,60.5871
zf,B236,birdaves_biox_base_speed0p25,3,43,5,55.7027,55.7027
zf,B236,birdaves_biox_base_speed0p25,3,43,10,52.4256,52.4256
zf,B236,birdaves_biox_base_speed0p25,3,43,50,40.2227,40.2227
zf,B236,birdaves_biox_base_speed0p25,3,43,100,29.6521,29.6521
zf,B236,birdaves_biox_base_speed0p25,3,44,1,59.7823,59.7823
zf,B236,birdaves_biox_base_speed0p25,3,44,5,53.8108,53.8108
zf,B236,birdaves_biox_base_speed0p25,3,44,10,51.3076,51.3076
zf,B236,birdaves_biox_base_speed0p25,3,44,50,39.7782,39.7782
zf,B236,birdaves_biox_base_speed0p25,3,44,100,29.5537,29.5537
zf,B236,birdaves_biox_base_speed0p25,3,45,1,58.7928,58.7928
zf,B236,birdaves_biox_base_speed0p25,3,45,5,55.0272,55.0272
zf,B236,birdaves_biox_base_speed0p25,3,45,10,52.2666,52.2666
zf,B236,birdaves_biox_base_speed0p25,3,45,50,40.597,40.597
zf,B236,birdaves_biox_base_speed0p25,3,45,100,29.8211,29.8211
zf,B236,birdaves_biox_base_speed0p25,3,46,1,60.7441,60.7441
zf,B236,birdaves_biox_base_speed0p25,3,46,5,55.9695,55.9695
zf,B236,birdaves_biox_base_speed0p25,3,46,10,52.861,52.861
zf,B236,birdaves_biox_base_speed0p25,3,46,50,40.8833,40.8833
zf,B236,birdaves_biox_base_speed0p25,3,46,100,30.505,30.505
zf,B236,birdaves_biox_base_speed0p25,4,42,1,59.1761,59.1761
zf,B236,birdaves_biox_base_speed0p25,4,42,5,55.146,55.146
zf,B236,birdaves_biox_base_speed0p25,4,42,10,51.6101,51.6101
zf,B236,birdaves_biox_base_speed0p25,4,42,50,40.1489,40.1489
zf,B236,birdaves_biox_base_speed0p25,4,42,100,29.894,29.894
zf,B236,birdaves_biox_base_speed0p25,4,43,1,60.9432,60.9432
zf,B236,birdaves_biox_base_speed0p25,4,43,5,56.2328,56.2328
zf,B236,birdaves_biox_base_speed0p25,4,43,10,53.0219,53.0219
zf,B236,birdaves_biox_base_speed0p25,4,43,50,41.2214,41.2214
zf,B236,birdaves_biox_base_speed0p25,4,43,100,30.2947,30.2947
zf,B236,birdaves_biox_base_speed0p25,4,44,1,60.7808,60.7808
zf,B236,birdaves_biox_base_speed0p25,4,44,5,55.3363,55.3363
zf,B236,birdaves_biox_base_speed0p25,4,44,10,52.1341,52.1341
zf,B236,birdaves_biox_base_speed0p25,4,44,50,40.6422,40.6422
zf,B236,birdaves_biox_base_speed0p25,4,44,100,30.0432,30.0432
zf,B236,birdaves_biox_base_speed0p25,4,45,1,60.6927,60.6927
zf,B236,birdaves_biox_base_speed0p25,4,45,5,56.1554,56.1554
zf,B236,birdaves_biox_base_speed0p25,4,45,10,53.2153,53.2153
zf,B236,birdaves_biox_base_speed0p25,4,45,50,41.2646,41.2646
zf,B236,birdaves_biox_base_speed0p25,4,45,100,30.1315,30.1315
zf,B236,birdaves_biox_base_speed0p25,4,46,1,61.7478,61.7478
zf,B236,birdaves_biox_base_speed0p25,4,46,5,56.8374,56.8374
zf,B236,birdaves_biox_base_speed0p25,4,46,10,53.5665,53.5665
zf,B236,birdaves_biox_base_speed0p25,4,46,50,41.7182,41.7182
zf,B236,birdaves_biox_base_speed0p25,4,46,100,30.8846,30.8846
zf,B236,birdaves_biox_base_speed0p5,3,42,1,61.8578,61.8578
zf,B236,birdaves_biox_base_speed0p5,3,42,5,56.4483,56.4483
zf,B236,birdaves_biox_base_speed0p5,3,42,10,53.3962,53.3962
zf,B236,birdaves_biox_base_speed0p5,3,42,50,41.8382,41.8382
zf,B236,birdaves_biox_base_speed0p5,3,42,100,30.5061,30.5061
zf,B236,birdaves_biox_base_speed0p5,3,43,1,62.7307,62.7307
zf,B236,birdaves_biox_base_speed0p5,3,43,5,58.5231,58.5231
zf,B236,birdaves_biox_base_speed0p5,3,43,10,55.655,55.655
zf,B236,birdaves_biox_base_speed0p5,3,43,50,43.7098,43.7098
zf,B236,birdaves_biox_base_speed0p5,3,43,100,31.3952,31.3952
zf,B236,birdaves_biox_base_speed0p5,3,44,1,61.1085,61.1085
zf,B236,birdaves_biox_base_speed0p5,3,44,5,56.6566,56.6566
zf,B236,birdaves_biox_base_speed0p5,3,44,10,53.805,53.805
zf,B236,birdaves_biox_base_speed0p5,3,44,50,41.9149,41.9149
zf,B236,birdaves_biox_base_speed0p5,3,44,100,30.4652,30.4652
zf,B236,birdaves_biox_base_speed0p5,3,45,1,62.8143,62.8143
zf,B236,birdaves_biox_base_speed0p5,3,45,5,59.3472,59.3472
zf,B236,birdaves_biox_base_speed0p5,3,45,10,56.5799,56.5799
zf,B236,birdaves_biox_base_speed0p5,3,45,50,43.8804,43.8804
zf,B236,birdaves_biox_base_speed0p5,3,45,100,31.0154,31.0154
zf,B236,birdaves_biox_base_speed0p5,3,46,1,64.5142,64.5142
zf,B236,birdaves_biox_base_speed0p5,3,46,5,58.57,58.57
zf,B236,birdaves_biox_base_speed0p5,3,46,10,54.7894,54.7894
zf,B236,birdaves_biox_base_speed0p5,3,46,50,42.7594,42.7594
zf,B236,birdaves_biox_base_speed0p5,3,46,100,31.3369,31.3369
zf,B236,birdaves_biox_base_speed0p5,6,42,1,62.5853,62.5853
zf,B236,birdaves_biox_base_speed0p5,6,42,5,56.7432,56.7432
zf,B236,birdaves_biox_base_speed0p5,6,42,10,53.5277,53.5277
zf,B236,birdaves_biox_base_speed0p5,6,42,50,41.3349,41.3349
zf,B236,birdaves_biox_base_speed0p5,6,42,100,30.1387,30.1387
zf,B236,birdaves_biox_base_speed0p5,6,43,1,64.2267,64.2267
zf,B236,birdaves_biox_base_speed0p5,6,43,5,58.8843,58.8843
zf,B236,birdaves_biox_base_speed0p5,6,43,10,56.0975,56.0975
zf,B236,birdaves_biox_base_speed0p5,6,43,50,43.3617,43.3617
zf,B236,birdaves_biox_base_speed0p5,6,43,100,31.0449,31.0449
zf,B236,birdaves_biox_base_speed0p5,6,44,1,62.4367,62.4367
zf,B236,birdaves_biox_base_speed0p5,6,44,5,56.5129,56.5129
zf,B236,birdaves_biox_base_speed0p5,6,44,10,54.0152,54.0152
zf,B236,birdaves_biox_base_speed0p5,6,44,50,41.4459,41.4459
zf,B236,birdaves_biox_base_speed0p5,6,44,100,30.0963,30.0963
zf,B236,birdaves_biox_base_speed0p5,6,45,1,64.8047,64.8047
zf,B236,birdaves_biox_base_speed0p5,6,45,5,59.7822,59.7822
zf,B236,birdaves_biox_base_speed0p5,6,45,10,56.3845,56.3845
zf,B236,birdaves_biox_base_speed0p5,6,45,50,43.3216,43.3216
zf,B236,birdaves_biox_base_speed0p5,6,45,100,30.7134,30.7134
zf,B236,birdaves_biox_base_speed0p5,6,46,1,64.7504,64.7504
zf,B236,birdaves_biox_base_speed0p5,6,46,5,58.2693,58.2693
zf,B236,birdaves_biox_base_speed0p5,6,46,10,54.9309,54.9309
zf,B236,birdaves_biox_base_speed0p5,6,46,50,42.2311,42.2311
zf,B236,birdaves_biox_base_speed0p5,6,46,100,30.8438,30.8438
zf,B236,hubert_base_ls960,0,42,1,54.584,54.584
zf,B236,hubert_base_ls960,0,42,5,50.2259,50.2259
zf,B236,hubert_base_ls960,0,42,10,47.2518,47.2518
zf,B236,hubert_base_ls960,0,42,50,35.8494,35.8494
zf,B236,hubert_base_ls960,0,42,100,26.6836,26.6836
zf,B236,hubert_base_ls960,0,43,1,56.442,56.442
zf,B236,hubert_base_ls960,0,43,5,52.3449,52.3449
zf,B236,hubert_base_ls960,0,43,10,49.4201,49.4201
zf,B236,hubert_base_ls960,0,43,50,36.6796,36.6796
zf,B236,hubert_base_ls960,0,43,100,27.0087,27.0087
zf,B236,hubert_base_ls960,0,44,1,55.9924,55.9924
zf,B236,hubert_base_ls960,0,44,5,52.5995,52.5995
zf,B236,hubert_base_ls960,0,44,10,48.9552,48.9552
zf,B236,hubert_base_ls960,0,44,50,36.2093,36.2093
zf,B236,hubert_base_ls960,0,44,100,26.882,26.882
zf,B236,hubert_base_ls960,0,45,1,60.9749,60.9749
zf,B236,hubert_base_ls960,0,45,5,54.6908,54.6908
zf,B236,hubert_base_ls960,0,45,10,51.0202,51.0202
zf,B236,hubert_base_ls960,0,45,50,38.1449,38.1449
zf,B236,hubert_base_ls960,0,45,100,27.3541,27.3541
zf,B236,hubert_base_ls960,0,46,1,56.3475,56.3475
zf,B236,hubert_base_ls960,0,46,5,51.8267,51.8267
zf,B236,hubert_base_ls960,0,46,10,48.7277,48.7277
zf,B236,hubert_base_ls960,0,46,50,36.2521,36.2521
zf,B236,hubert_base_ls960,0,46,100,27.0744,27.0744
zf,B236,hubert_base_ls960,3,42,1,52.6796,52.6796
zf,B236,hubert_base_ls960,3,42,5,50.0649,50.0649
zf,B236,hubert_base_ls960,3,42,10,46.0006,46.0006
zf,B236,hubert_base_ls960,3,42,50,33.6122,33.6122
zf,B236,hubert_base_ls960,3,42,100,25.4921,25.4921
zf,B236,hubert_base_ls960,3,43,1,53.0162,53.0162
zf,B236,hubert_base_ls960,3,43,5,51.3268,51.3268
zf,B236,hubert_base_ls960,3,43,10,48.022,48.022
zf,B236,hubert_base_ls960,3,43,50,34.8738,34.8738
zf,B236,hubert_base_ls960,3,43,100,25.996,25.996
zf,B236,hubert_base_ls960,3,44,1,55.8751,55.8751
zf,B236,hubert_base_ls960,3,44,5,49.8018,49.8018
zf,B236,hubert_base_ls960,3,44,10,46.0217,46.0217
zf,B236,hubert_base_ls960,3,44,50,33.2333,33.2333
zf,B236,hubert_base_ls960,3,44,100,25.181,25.181
zf,B236,hubert_base_ls960,3,45,1,56.5303,56.5303
zf,B236,hubert_base_ls960,3,45,5,53.2351,53.2351
zf,B236,hubert_base_ls960,3,45,10,49.5978,49.5978
zf,B236,hubert_base_ls960,3,45,50,35.9792,35.9792
zf,B236,hubert_base_ls960,3,45,100,26.5909,26.5909
zf,B236,hubert_base_ls960,3,46,1,55.4367,55.4367
zf,B236,hubert_base_ls960,3,46,5,50.1189,50.1189
zf,B236,hubert_base_ls960,3,46,10,46.4513,46.4513
zf,B236,hubert_base_ls960,3,46,50,33.8394,33.8394
zf,B236,hubert_base_ls960,3,46,100,25.9612,25.9612
zf,B236,xcl_base_500k_p32x1_c005,5,42,1,59.7523,59.7523
zf,B236,xcl_base_500k_p32x1_c005,5,42,5,57.0301,57.0301
zf,B236,xcl_base_500k_p32x1_c005,5,42,10,54.9616,54.9616
zf,B236,xcl_base_500k_p32x1_c005,5,42,50,45.933,45.933
zf,B236,xcl_base_500k_p32x1_c005,5,42,100,33.6186,33.6186
zf,B236,xcl_base_500k_p32x1_c005,5,43,1,61.4761,61.4761
zf,B236,xcl_base_500k_p32x1_c005,5,43,5,60.0209,60.0209
zf,B236,xcl_base_500k_p32x1_c005,5,43,10,57.7994,57.7994
zf,B236,xcl_base_500k_p32x1_c005,5,43,50,47.8038,47.8038
zf,B236,xcl_base_500k_p32x1_c005,5,43,100,34.6197,34.6197
zf,B236,xcl_base_500k_p32x1_c005,5,44,1,60.6829,60.6829
zf,B236,xcl_base_500k_p32x1_c005,5,44,5,57.9123,57.9123
zf,B236,xcl_base_500k_p32x1_c005,5,44,10,56.1389,56.1389
zf,B236,xcl_base_500k_p32x1_c005,5,44,50,46.7025,46.7025
zf,B236,xcl_base_500k_p32x1_c005,5,44,100,33.842,33.842
zf,B236,xcl_base_500k_p32x1_c005,5,45,1,63.1425,63.1425
zf,B236,xcl_base_500k_p32x1_c005,5,45,5,60.4058,60.4058
zf,B236,xcl_base_500k_p32x1_c005,5,45,10,58.1167,58.1167
zf,B236,xcl_base_500k_p32x1_c005,5,45,50,48.8834,48.8834
zf,B236,xcl_base_500k_p32x1_c005,5,45,100,34.7761,34.7761
zf,B236,xcl_base_500k_p32x1_c005,5,46,1,64.0666,64.0666
zf,B236,xcl_base_500k_p32x1_c005,5,46,5,60.2717,60.2717
zf,B236,xcl_base_500k_p32x1_c005,5,46,10,57.4058,57.4058
zf,B236,xcl_base_500k_p32x1_c005,5,46,50,47.8554,47.8554
zf,B236,xcl_base_500k_p32x1_c005,5,46,100,34.8494,34.8494
zf,B236,xcl_base_500k_p32x4_c010,3,42,1,55.1387,55.1387
zf,B236,xcl_base_500k_p32x4_c010,3,42,5,51.9907,51.9907
zf,B236,xcl_base_500k_p32x4_c010,3,42,10,50.1116,50.1116
zf,B236,xcl_base_500k_p32x4_c010,3,42,50,41.8113,41.8113
zf,B236,xcl_base_500k_p32x4_c010,3,42,100,30.5995,30.5995
zf,B236,xcl_base_500k_p32x4_c010,3,43,1,57.8435,57.8435
zf,B236,xcl_base_500k_p32x4_c010,3,43,5,54.6644,54.6644
zf,B236,xcl_base_500k_p32x4_c010,3,43,10,52.2896,52.2896
zf,B236,xcl_base_500k_p32x4_c010,3,43,50,43.2455,43.2455
zf,B236,xcl_base_500k_p32x4_c010,3,43,100,31.2997,31.2997
zf,B236,xcl_base_500k_p32x4_c010,3,44,1,57.3911,57.3911
zf,B236,xcl_base_500k_p32x4_c010,3,44,5,54.8005,54.8005
zf,B236,xcl_base_500k_p32x4_c010,3,44,10,52.1556,52.1556
zf,B236,xcl_base_500k_p32x4_c010,3,44,50,42.9099,42.9099
zf,B236,xcl_base_500k_p32x4_c010,3,44,100,30.8179,30.8179
zf,B236,xcl_base_500k_p32x4_c010,3,45,1,57.6358,57.6358
zf,B236,xcl_base_500k_p32x4_c010,3,45,5,55.6557,55.6557
zf,B236,xcl_base_500k_p32x4_c010,3,45,10,53.6483,53.6483
zf,B236,xcl_base_500k_p32x4_c010,3,45,50,44.4281,44.4281
zf,B236,xcl_base_500k_p32x4_c010,3,45,100,31.466,31.466
zf,B236,xcl_base_500k_p32x4_c010,3,46,1,58.6581,58.6581
zf,B236,xcl_base_500k_p32x4_c010,3,46,5,54.2071,54.2071
zf,B236,xcl_base_500k_p32x4_c010,3,46,10,51.9163,51.9163
zf,B236,xcl_base_500k_p32x4_c010,3,46,50,42.671,42.671
zf,B236,xcl_base_500k_p32x4_c010,3,46,100,31.2383,31.2383
zf,B236,xcl_base_500k_p32x4_c010,4,42,1,54.4919,54.4919
zf,B236,xcl_base_500k_p32x4_c010,4,42,5,52.4745,52.4745
zf,B236,xcl_base_500k_p32x4_c010,4,42,10,49.9404,49.9404
zf,B236,xcl_base_500k_p32x4_c010,4,42,50,42.1306,42.1306
zf,B236,xcl_base_500k_p32x4_c010,4,42,100,30.7891,30.7891
zf,B236,xcl_base_500k_p32x4_c010,4,43,1,55.9459,55.9459
zf,B236,xcl_base_500k_p32x4_c010,4,43,5,54.9782,54.9782
zf,B236,xcl_base_500k_p32x4_c010,4,43,10,51.8591,51.8591
zf,B236,xcl_base_500k_p32x4_c010,4,43,50,43.4727,43.4727
zf,B236,xcl_base_500k_p32x4_c010,4,43,100,31.4543,31.4543
zf,B236,xcl_base_500k_p32x4_c010,4,44,1,57.3159,57.3159
zf,B236,xcl_base_500k_p32x4_c010,4,44,5,54.8516,54.8516
zf,B236,xcl_base_500k_p32x4_c010,4,44,10,52.1481,52.1481
zf,B236,xcl_base_500k_p32x4_c010,4,44,50,43.067,43.067
zf,B236,xcl_base_500k_p32x4_c010,4,44,100,30.9551,30.9551
zf,B236,xcl_base_500k_p32x4_c010,4,45,1,57.3357,57.3357
zf,B236,xcl_base_500k_p32x4_c010,4,45,5,55.9538,55.9538
zf,B236,xcl_base_500k_p32x4_c010,4,45,10,53.3994,53.3994
zf,B236,xcl_base_500k_p32x4_c010,4,45,50,44.6133,44.6133
zf,B236,xcl_base_500k_p32x4_c010,4,45,100,31.601,31.601
zf,B236,xcl_base_500k_p32x4_c010,4,46,1,57.1253,57.1253
zf,B236,xcl_base_500k_p32x4_c010,4,46,5,54.4816,54.4816
zf,B236,xcl_base_500k_p32x4_c010,4,46,10,52.1058,52.1058
zf,B236,xcl_base_500k_p32x4_c010,4,46,50,42.9978,42.9978
zf,B236,xcl_base_500k_p32x4_c010,4,46,100,31.4557,31.4557
zf,B236,xcl_large_500k_p32x1_c005,11,42,1,60.1054,60.1054
zf,B236,xcl_large_500k_p32x1_c005,11,42,5,57.5178,57.5178
zf,B236,xcl_large_500k_p32x1_c005,11,42,10,55.6207,55.6207
zf,B236,xcl_large_500k_p32x1_c005,11,42,50,46.9947,46.9947
zf,B236,xcl_large_500k_p32x1_c005,11,42,100,33.977,33.977
zf,B236,xcl_large_500k_p32x1_c005,11,43,1,62.3218,62.3218
zf,B236,xcl_large_500k_p32x1_c005,11,43,5,60.2349,60.2349
zf,B236,xcl_large_500k_p32x1_c005,11,43,10,58.3304,58.3304
zf,B236,xcl_large_500k_p32x1_c005,11,43,50,49.2275,49.2275
zf,B236,xcl_large_500k_p32x1_c005,11,43,100,35.1442,35.1442
zf,B236,xcl_large_500k_p32x1_c005,11,44,1,62.6452,62.6452
zf,B236,xcl_large_500k_p32x1_c005,11,44,5,58.8859,58.8859
zf,B236,xcl_large_500k_p32x1_c005,11,44,10,56.604,56.604
zf,B236,xcl_large_500k_p32x1_c005,11,44,50,47.9477,47.9477
zf,B236,xcl_large_500k_p32x1_c005,11,44,100,34.3112,34.3112
zf,B236,xcl_large_500k_p32x1_c005,11,45,1,63.7758,63.7758
zf,B236,xcl_large_500k_p32x1_c005,11,45,5,60.9109,60.9109
zf,B236,xcl_large_500k_p32x1_c005,11,45,10,58.8902,58.8902
zf,B236,xcl_large_500k_p32x1_c005,11,45,50,50.0061,50.0061
zf,B236,xcl_large_500k_p32x1_c005,11,45,100,35.4143,35.4143
zf,B236,xcl_large_500k_p32x1_c005,11,46,1,64.9091,64.9091
zf,B236,xcl_large_500k_p32x1_c005,11,46,5,61.182,61.182
zf,B236,xcl_large_500k_p32x1_c005,11,46,10,58.7947,58.7947
zf,B236,xcl_large_500k_p32x1_c005,11,46,50,49.0709,49.0709
zf,B236,xcl_large_500k_p32x1_c005,11,46,100,35.5224,35.5224
zf,B236,xcl_large_500k_p32x4_c0025,9,42,1,54.9009,54.9009
zf,B236,xcl_large_500k_p32x4_c0025,9,42,5,52.4497,52.4497
zf,B236,xcl_large_500k_p32x4_c0025,9,42,10,50.9124,50.9124
zf,B236,xcl_large_500k_p32x4_c0025,9,42,50,42.5869,42.5869
zf,B236,xcl_large_500k_p32x4_c0025,9,42,100,31.2778,31.2778
zf,B236,xcl_large_500k_p32x4_c0025,9,43,1,57.5879,57.5879
zf,B236,xcl_large_500k_p32x4_c0025,9,43,5,54.8572,54.8572
zf,B236,xcl_large_500k_p32x4_c0025,9,43,10,53.0658,53.0658
zf,B236,xcl_large_500k_p32x4_c0025,9,43,50,43.9788,43.9788
zf,B236,xcl_large_500k_p32x4_c0025,9,43,100,32.0087,32.0087
zf,B236,xcl_large_500k_p32x4_c0025,9,44,1,57.9455,57.9455
zf,B236,xcl_large_500k_p32x4_c0025,9,44,5,55.1896,55.1896
zf,B236,xcl_large_500k_p32x4_c0025,9,44,10,52.3161,52.3161
zf,B236,xcl_large_500k_p32x4_c0025,9,44,50,43.3094,43.3094
zf,B236,xcl_large_500k_p32x4_c0025,9,44,100,31.3682,31.3682
zf,B236,xcl_large_500k_p32x4_c0025,9,45,1,59.4373,59.4373
zf,B236,xcl_large_500k_p32x4_c0025,9,45,5,56.2591,56.2591
zf,B236,xcl_large_500k_p32x4_c0025,9,45,10,54.0226,54.0226
zf,B236,xcl_large_500k_p32x4_c0025,9,45,50,44.8384,44.8384
zf,B236,xcl_large_500k_p32x4_c0025,9,45,100,31.9195,31.9195
zf,B236,xcl_large_500k_p32x4_c0025,9,46,1,59.5968,59.5968
zf,B236,xcl_large_500k_p32x4_c0025,9,46,5,55.5702,55.5702
zf,B236,xcl_large_500k_p32x4_c0025,9,46,10,53.1702,53.1702
zf,B236,xcl_large_500k_p32x4_c0025,9,46,50,43.6907,43.6907
zf,B236,xcl_large_500k_p32x4_c0025,9,46,100,32.0571,32.0571
zf,B236,xcl_large_500k_p32x4_c010,10,42,1,56.2486,56.2486
zf,B236,xcl_large_500k_p32x4_c010,10,42,5,53.1113,53.1113
zf,B236,xcl_large_500k_p32x4_c010,10,42,10,50.9094,50.9094
zf,B236,xcl_large_500k_p32x4_c010,10,42,50,42.5432,42.5432
zf,B236,xcl_large_500k_p32x4_c010,10,42,100,31.2026,31.2026
zf,B236,xcl_large_500k_p32x4_c010,10,43,1,58.824,58.824
zf,B236,xcl_large_500k_p32x4_c010,10,43,5,55.2635,55.2635
zf,B236,xcl_large_500k_p32x4_c010,10,43,10,52.7712,52.7712
zf,B236,xcl_large_500k_p32x4_c010,10,43,50,44.3209,44.3209
zf,B236,xcl_large_500k_p32x4_c010,10,43,100,32.214,32.214
zf,B236,xcl_large_500k_p32x4_c010,10,44,1,57.1792,57.1792
zf,B236,xcl_large_500k_p32x4_c010,10,44,5,54.4082,54.4082
zf,B236,xcl_large_500k_p32x4_c010,10,44,10,52.375,52.375
zf,B236,xcl_large_500k_p32x4_c010,10,44,50,43.5728,43.5728
zf,B236,xcl_large_500k_p32x4_c010,10,44,100,31.5229,31.5229
zf,B236,xcl_large_500k_p32x4_c010,10,45,1,59.4641,59.4641
zf,B236,xcl_large_500k_p32x4_c010,10,45,5,56.5273,56.5273
zf,B236,xcl_large_500k_p32x4_c010,10,45,10,54.3048,54.3048
zf,B236,xcl_large_500k_p32x4_c010,10,45,50,45.254,45.254
zf,B236,xcl_large_500k_p32x4_c010,10,45,100,32.0037,32.0037
zf,B236,xcl_large_500k_p32x4_c010,10,46,1,60.1746,60.1746
zf,B236,xcl_large_500k_p32x4_c010,10,46,5,56.4423,56.4423
zf,B236,xcl_large_500k_p32x4_c010,10,46,10,53.5783,53.5783
zf,B236,xcl_large_500k_p32x4_c010,10,46,50,43.8692,43.8692
zf,B236,xcl_large_500k_p32x4_c010,10,46,100,32.0872,32.0872
zf,B236,xcl_micro_500k_p32x1_c005,4,42,1,56.0399,56.0399
zf,B236,xcl_micro_500k_p32x1_c005,4,42,5,53.9439,53.9439
zf,B236,xcl_micro_500k_p32x1_c005,4,42,10,51.8228,51.8228
zf,B236,xcl_micro_500k_p32x1_c005,4,42,50,43.3094,43.3094
zf,B236,xcl_micro_500k_p32x1_c005,4,42,100,32.1647,32.1647
zf,B236,xcl_micro_500k_p32x1_c005,4,43,1,59.8377,59.8377
zf,B236,xcl_micro_500k_p32x1_c005,4,43,5,57.0201,57.0201
zf,B236,xcl_micro_500k_p32x1_c005,4,43,10,54.5306,54.5306
zf,B236,xcl_micro_500k_p32x1_c005,4,43,50,44.8452,44.8452
zf,B236,xcl_micro_500k_p32x1_c005,4,43,100,33.0971,33.0971
zf,B236,xcl_micro_500k_p32x1_c005,4,44,1,58.2119,58.2119
zf,B236,xcl_micro_500k_p32x1_c005,4,44,5,54.51,54.51
zf,B236,xcl_micro_500k_p32x1_c005,4,44,10,52.8357,52.8357
zf,B236,xcl_micro_500k_p32x1_c005,4,44,50,43.7669,43.7669
zf,B236,xcl_micro_500k_p32x1_c005,4,44,100,32.2958,32.2958
zf,B236,xcl_micro_500k_p32x1_c005,4,45,1,59.0462,59.0462
zf,B236,xcl_micro_500k_p32x1_c005,4,45,5,57.1888,57.1888
zf,B236,xcl_micro_500k_p32x1_c005,4,45,10,54.9909,54.9909
zf,B236,xcl_micro_500k_p32x1_c005,4,45,50,45.6226,45.6226
zf,B236,xcl_micro_500k_p32x1_c005,4,45,100,33.0295,33.0295
zf,B236,xcl_micro_500k_p32x1_c005,4,46,1,61.4545,61.4545
zf,B236,xcl_micro_500k_p32x1_c005,4,46,5,56.3854,56.3854
zf,B236,xcl_micro_500k_p32x1_c005,4,46,10,53.9948,53.9948
zf,B236,xcl_micro_500k_p32x1_c005,4,46,50,44.9212,44.9212
zf,B236,xcl_micro_500k_p32x1_c005,4,46,100,33.2251,33.2251
zf,B236,xcl_micro_500k_p32x1_c005,5,42,1,56.2089,56.2089
zf,B236,xcl_micro_500k_p32x1_c005,5,42,5,53.9637,53.9637
zf,B236,xcl_micro_500k_p32x1_c005,5,42,10,51.9336,51.9336
zf,B236,xcl_micro_500k_p32x1_c005,5,42,50,43.1804,43.1804
zf,B236,xcl_micro_500k_p32x1_c005,5,42,100,32.0467,32.0467
zf,B236,xcl_micro_500k_p32x1_c005,5,43,1,60.5153,60.5153
zf,B236,xcl_micro_500k_p32x1_c005,5,43,5,56.5341,56.5341
zf,B236,xcl_micro_500k_p32x1_c005,5,43,10,54.5379,54.5379
zf,B236,xcl_micro_500k_p32x1_c005,5,43,50,44.618,44.618
zf,B236,xcl_micro_500k_p32x1_c005,5,43,100,32.9146,32.9146
zf,B236,xcl_micro_500k_p32x1_c005,5,44,1,58.2091,58.2091
zf,B236,xcl_micro_500k_p32x1_c005,5,44,5,54.528,54.528
zf,B236,xcl_micro_500k_p32x1_c005,5,44,10,52.8898,52.8898
zf,B236,xcl_micro_500k_p32x1_c005,5,44,50,43.8214,43.8214
zf,B236,xcl_micro_500k_p32x1_c005,5,44,100,32.3279,32.3279
zf,B236,xcl_micro_500k_p32x1_c005,5,45,1,59.0312,59.0312
zf,B236,xcl_micro_500k_p32x1_c005,5,45,5,57.0668,57.0668
zf,B236,xcl_micro_500k_p32x1_c005,5,45,10,55.0643,55.0643
zf,B236,xcl_micro_500k_p32x1_c005,5,45,50,45.5738,45.5738
zf,B236,xcl_micro_500k_p32x1_c005,5,45,100,32.9967,32.9967
zf,B236,xcl_micro_500k_p32x1_c005,5,46,1,61.583,61.583
zf,B236,xcl_micro_500k_p32x1_c005,5,46,5,56.2399,56.2399
zf,B236,xcl_micro_500k_p32x1_c005,5,46,10,54.0393,54.0393
zf,B236,xcl_micro_500k_p32x1_c005,5,46,50,44.7346,44.7346
zf,B236,xcl_micro_500k_p32x1_c005,5,46,100,33.1001,33.1001
zf,B236,xcl_micro_500k_p32x4_c010,3,42,1,54.4156,54.4156
zf,B236,xcl_micro_500k_p32x4_c010,3,42,5,51.3381,51.3381
zf,B236,xcl_micro_500k_p32x4_c010,3,42,10,49.2285,49.2285
zf,B236,xcl_micro_500k_p32x4_c010,3,42,50,39.7979,39.7979
zf,B236,xcl_micro_500k_p32x4_c010,3,42,100,28.9651,28.9651
zf,B236,xcl_micro_500k_p32x4_c010,3,43,1,55.8532,55.8532
zf,B236,xcl_micro_500k_p32x4_c010,3,43,5,52.569,52.569
zf,B236,xcl_micro_500k_p32x4_c010,3,43,10,50.0962,50.0962
zf,B236,xcl_micro_500k_p32x4_c010,3,43,50,40.5164,40.5164
zf,B236,xcl_micro_500k_p32x4_c010,3,43,100,29.3875,29.3875
zf,B236,xcl_micro_500k_p32x4_c010,3,44,1,56.4309,56.4309
zf,B236,xcl_micro_500k_p32x4_c010,3,44,5,53.7016,53.7016
zf,B236,xcl_micro_500k_p32x4_c010,3,44,10,50.4134,50.4134
zf,B236,xcl_micro_500k_p32x4_c010,3,44,50,40.6929,40.6929
zf,B236,xcl_micro_500k_p32x4_c010,3,44,100,29.1994,29.1994
zf,B236,xcl_micro_500k_p32x4_c010,3,45,1,57.7409,57.7409
zf,B236,xcl_micro_500k_p32x4_c010,3,45,5,53.8357,53.8357
zf,B236,xcl_micro_500k_p32x4_c010,3,45,10,51.5299,51.5299
zf,B236,xcl_micro_500k_p32x4_c010,3,45,50,41.8754,41.8754
zf,B236,xcl_micro_500k_p32x4_c010,3,45,100,29.6989,29.6989
zf,B236,xcl_micro_500k_p32x4_c010,3,46,1,57.0277,57.0277
zf,B236,xcl_micro_500k_p32x4_c010,3,46,5,53.4162,53.4162
zf,B236,xcl_micro_500k_p32x4_c010,3,46,10,50.481,50.481
zf,B236,xcl_micro_500k_p32x4_c010,3,46,50,40.7099,40.7099
zf,B236,xcl_micro_500k_p32x4_c010,3,46,100,29.5809,29.5809
zf,B258,birdaves_biox_base,3,42,1,76.3266,76.3266
zf,B258,birdaves_biox_base,3,42,5,67.6789,67.6789
zf,B258,birdaves_biox_base,3,42,10,64.5765,64.5765
zf,B258,birdaves_biox_base,3,42,50,49.6588,49.6588
zf,B258,birdaves_biox_base,3,42,100,40.6377,40.6377
zf,B258,birdaves_biox_base,3,43,1,75.962,75.962
zf,B258,birdaves_biox_base,3,43,5,67.3289,67.3289
zf,B258,birdaves_biox_base,3,43,10,64.3501,64.3501
zf,B258,birdaves_biox_base,3,43,50,48.6172,48.6172
zf,B258,birdaves_biox_base,3,43,100,39.6585,39.6585
zf,B258,birdaves_biox_base,3,44,1,76.3848,76.3848
zf,B258,birdaves_biox_base,3,44,5,68.2765,68.2765
zf,B258,birdaves_biox_base,3,44,10,64.7911,64.7911
zf,B258,birdaves_biox_base,3,44,50,49.0266,49.0266
zf,B258,birdaves_biox_base,3,44,100,39.9248,39.9248
zf,B258,birdaves_biox_base,3,45,1,77.0403,77.0403
zf,B258,birdaves_biox_base,3,45,5,66.1138,66.1138
zf,B258,birdaves_biox_base,3,45,10,63.2515,63.2515
zf,B258,birdaves_biox_base,3,45,50,48.8398,48.8398
zf,B258,birdaves_biox_base,3,45,100,40.2148,40.2148
zf,B258,birdaves_biox_base,3,46,1,75.9639,75.9639
zf,B258,birdaves_biox_base,3,46,5,66.7125,66.7125
zf,B258,birdaves_biox_base,3,46,10,63.5495,63.5495
zf,B258,birdaves_biox_base,3,46,50,48.1976,48.1976
zf,B258,birdaves_biox_base,3,46,100,39.7966,39.7966
zf,B258,birdaves_biox_base,7,42,1,75.2378,75.2378
zf,B258,birdaves_biox_base,7,42,5,67.6093,67.6093
zf,B258,birdaves_biox_base,7,42,10,65.1864,65.1864
zf,B258,birdaves_biox_base,7,42,50,49.7681,49.7681
zf,B258,birdaves_biox_base,7,42,100,40.7783,40.7783
zf,B258,birdaves_biox_base,7,43,1,75.3981,75.3981
zf,B258,birdaves_biox_base,7,43,5,67.961,67.961
zf,B258,birdaves_biox_base,7,43,10,65.4005,65.4005
zf,B258,birdaves_biox_base,7,43,50,48.8912,48.8912
zf,B258,birdaves_biox_base,7,43,100,39.943,39.943
zf,B258,birdaves_biox_base,7,44,1,75.2494,75.2494
zf,B258,birdaves_biox_base,7,44,5,68.6996,68.6996
zf,B258,birdaves_biox_base,7,44,10,66.617,66.617
zf,B258,birdaves_biox_base,7,44,50,49.1964,49.1964
zf,B258,birdaves_biox_base,7,44,100,39.9236,39.9236
zf,B258,birdaves_biox_base,7,45,1,75.8083,75.8083
zf,B258,birdaves_biox_base,7,45,5,66.9042,66.9042
zf,B258,birdaves_biox_base,7,45,10,64.6842,64.6842
zf,B258,birdaves_biox_base,7,45,50,49.3321,49.3321
zf,B258,birdaves_biox_base,7,45,100,40.2034,40.2034
zf,B258,birdaves_biox_base,7,46,1,74.2178,74.2178
zf,B258,birdaves_biox_base,7,46,5,66.9529,66.9529
zf,B258,birdaves_biox_base,7,46,10,64.5722,64.5722
zf,B258,birdaves_biox_base,7,46,50,48.526,48.526
zf,B258,birdaves_biox_base,7,46,100,39.528,39.528
zf,B258,birdaves_biox_base_speed0p25,3,42,1,76.5976,76.5976
zf,B258,birdaves_biox_base_speed0p25,3,42,5,72.7299,72.7299
zf,B258,birdaves_biox_base_speed0p25,3,42,10,69.663,69.663
zf,B258,birdaves_biox_base_speed0p25,3,42,50,52.1043,52.1043
zf,B258,birdaves_biox_base_speed0p25,3,42,100,41.3802,41.3802
zf,B258,birdaves_biox_base_speed0p25,3,43,1,75.2725,75.2725
zf,B258,birdaves_biox_base_speed0p25,3,43,5,70.7509,70.7509
zf,B258,birdaves_biox_base_speed0p25,3,43,10,68.0659,68.0659
zf,B258,birdaves_biox_base_speed0p25,3,43,50,50.5952,50.5952
zf,B258,birdaves_biox_base_speed0p25,3,43,100,40.4242,40.4242
zf,B258,birdaves_biox_base_speed0p25,3,44,1,76.6914,76.6914
zf,B258,birdaves_biox_base_speed0p25,3,44,5,72.5464,72.5464
zf,B258,birdaves_biox_base_speed0p25,3,44,10,69.0865,69.0865
zf,B258,birdaves_biox_base_speed0p25,3,44,50,51.0623,51.0623
zf,B258,birdaves_biox_base_speed0p25,3,44,100,40.7213,40.7213
zf,B258,birdaves_biox_base_speed0p25,3,45,1,77.523,77.523
zf,B258,birdaves_biox_base_speed0p25,3,45,5,72.4683,72.4683
zf,B258,birdaves_biox_base_speed0p25,3,45,10,69.3953,69.3953
zf,B258,birdaves_biox_base_speed0p25,3,45,50,51.3431,51.3431
zf,B258,birdaves_biox_base_speed0p25,3,45,100,41.4563,41.4563
zf,B258,birdaves_biox_base_speed0p25,3,46,1,76.3304,76.3304
zf,B258,birdaves_biox_base_speed0p25,3,46,5,71.6827,71.6827
zf,B258,birdaves_biox_base_speed0p25,3,46,10,68.7284,68.7284
zf,B258,birdaves_biox_base_speed0p25,3,46,50,50.9999,50.9999
zf,B258,birdaves_biox_base_speed0p25,3,46,100,41.1636,41.1636
zf,B258,birdaves_biox_base_speed0p25,4,42,1,75.976,75.976
zf,B258,birdaves_biox_base_speed0p25,4,42,5,73.1868,73.1868
zf,B258,birdaves_biox_base_speed0p25,4,42,10,70.2244,70.2244
zf,B258,birdaves_biox_base_speed0p25,4,42,50,52.3414,52.3414
zf,B258,birdaves_biox_base_speed0p25,4,42,100,41.5531,41.5531
zf,B258,birdaves_biox_base_speed0p25,4,43,1,75.6781,75.6781
zf,B258,birdaves_biox_base_speed0p25,4,43,5,71.1456,71.1456
zf,B258,birdaves_biox_base_speed0p25,4,43,10,68.3195,68.3195
zf,B258,birdaves_biox_base_speed0p25,4,43,50,50.7339,50.7339
zf,B258,birdaves_biox_base_speed0p25,4,43,100,40.385,40.385
zf,B258,birdaves_biox_base_speed0p25,4,44,1,76.4492,76.4492
zf,B258,birdaves_biox_base_speed0p25,4,44,5,72.8296,72.8296
zf,B258,birdaves_biox_base_speed0p25,4,44,10,69.8576,69.8576
zf,B258,birdaves_biox_base_speed0p25,4,44,50,51.3793,51.3793
zf,B258,birdaves_biox_base_speed0p25,4,44,100,40.8274,40.8274
zf,B258,birdaves_biox_base_speed0p25,4,45,1,77.3133,77.3133
zf,B258,birdaves_biox_base_speed0p25,4,45,5,72.5523,72.5523
zf,B258,birdaves_biox_base_speed0p25,4,45,10,69.6014,69.6014
zf,B258,birdaves_biox_base_speed0p25,4,45,50,51.5656,51.5656
zf,B258,birdaves_biox_base_speed0p25,4,45,100,41.3275,41.3275
zf,B258,birdaves_biox_base_speed0p25,4,46,1,76.7294,76.7294
zf,B258,birdaves_biox_base_speed0p25,4,46,5,71.8795,71.8795
zf,B258,birdaves_biox_base_speed0p25,4,46,10,69.0763,69.0763
zf,B258,birdaves_biox_base_speed0p25,4,46,50,51.1588,51.1588
zf,B258,birdaves_biox_base_speed0p25,4,46,100,41.0423,41.0423
zf,B258,birdaves_biox_base_speed0p5,3,42,1,78.7616,78.7616
zf,B258,birdaves_biox_base_speed0p5,3,42,5,72.2985,72.2985
zf,B258,birdaves_biox_base_speed0p5,3,42,10,69.4089,69.4089
zf,B258,birdaves_biox_base_speed0p5,3,42,50,52.1805,52.1805
zf,B258,birdaves_biox_base_speed0p5,3,42,100,41.9324,41.9324
zf,B258,birdaves_biox_base_speed0p5,3,43,1,76.7009,76.7009
zf,B258,birdaves_biox_base_speed0p5,3,43,5,70.2697,70.2697
zf,B258,birdaves_biox_base_speed0p5,3,43,10,67.7271,67.7271
zf,B258,birdaves_biox_base_speed0p5,3,43,50,50.5776,50.5776
zf,B258,birdaves_biox_base_speed0p5,3,43,100,40.8903,40.8903
zf,B258,birdaves_biox_base_speed0p5,3,44,1,79.9832,79.9832
zf,B258,birdaves_biox_base_speed0p5,3,44,5,72.8638,72.8638
zf,B258,birdaves_biox_base_speed0p5,3,44,10,69.3047,69.3047
zf,B258,birdaves_biox_base_speed0p5,3,44,50,51.6434,51.6434
zf,B258,birdaves_biox_base_speed0p5,3,44,100,41.6616,41.6616
zf,B258,birdaves_biox_base_speed0p5,3,45,1,79.1133,79.1133
zf,B258,birdaves_biox_base_speed0p5,3,45,5,71.1189,71.1189
zf,B258,birdaves_biox_base_speed0p5,3,45,10,68.4635,68.4635
zf,B258,birdaves_biox_base_speed0p5,3,45,50,51.052,51.052
zf,B258,birdaves_biox_base_speed0p5,3,45,100,40.9402,40.9402
zf,B258,birdaves_biox_base_speed0p5,3,46,1,79.5635,79.5635
zf,B258,birdaves_biox_base_speed0p5,3,46,5,72.4416,72.4416
zf,B258,birdaves_biox_base_speed0p5,3,46,10,68.8231,68.8231
zf,B258,birdaves_biox_base_speed0p5,3,46,50,51.0724,51.0724
zf,B258,birdaves_biox_base_speed0p5,3,46,100,41.2063,41.2063
zf,B258,birdaves_biox_base_speed0p5,6,42,1,79.5758,79.5758
zf,B258,birdaves_biox_base_speed0p5,6,42,5,73.056,73.056
zf,B258,birdaves_biox_base_speed0p5,6,42,10,70.2733,70.2733
zf,B258,birdaves_biox_base_speed0p5,6,42,50,52.6987,52.6987
zf,B258,birdaves_biox_base_speed0p5,6,42,100,41.9458,41.9458
zf,B258,birdaves_biox_base_speed0p5,6,43,1,75.8275,75.8275
zf,B258,birdaves_biox_base_speed0p5,6,43,5,70.4183,70.4183
zf,B258,birdaves_biox_base_speed0p5,6,43,10,68.5007,68.5007
zf,B258,birdaves_biox_base_speed0p5,6,43,50,51.0402,51.0402
zf,B258,birdaves_biox_base_speed0p5,6,43,100,40.9345,40.9345
zf,B258,birdaves_biox_base_speed0p5,6,44,1,79.3592,79.3592
zf,B258,birdaves_biox_base_speed0p5,6,44,5,73.5941,73.5941
zf,B258,birdaves_biox_base_speed0p5,6,44,10,70.3744,70.3744
zf,B258,birdaves_biox_base_speed0p5,6,44,50,51.9981,51.9981
zf,B258,birdaves_biox_base_speed0p5,6,44,100,41.5953,41.5953
zf,B258,birdaves_biox_base_speed0p5,6,45,1,78.7411,78.7411
zf,B258,birdaves_biox_base_speed0p5,6,45,5,71.6084,71.6084
zf,B258,birdaves_biox_base_speed0p5,6,45,10,69.3282,69.3282
zf,B258,birdaves_biox_base_speed0p5,6,45,50,51.5669,51.5669
zf,B258,birdaves_biox_base_speed0p5,6,45,100,41.2753,41.2753
zf,B258,birdaves_biox_base_speed0p5,6,46,1,78.304,78.304
zf,B258,birdaves_biox_base_speed0p5,6,46,5,72.4614,72.4614
zf,B258,birdaves_biox_base_speed0p5,6,46,10,69.8019,69.8019
zf,B258,birdaves_biox_base_speed0p5,6,46,50,51.6375,51.6375
zf,B258,birdaves_biox_base_speed0p5,6,46,100,41.1817,41.1817
zf,B258,hubert_base_ls960,0,42,1,72.0147,72.0147
zf,B258,hubert_base_ls960,0,42,5,65.0754,65.0754
zf,B258,hubert_base_ls960,0,42,10,61.8759,61.8759
zf,B258,hubert_base_ls960,0,42,50,46.3877,46.3877
zf,B258,hubert_base_ls960,0,42,100,37.5323,37.5323
zf,B258,hubert_base_ls960,0,43,1,70.2675,70.2675
zf,B258,hubert_base_ls960,0,43,5,63.8464,63.8464
zf,B258,hubert_base_ls960,0,43,10,60.5515,60.5515
zf,B258,hubert_base_ls960,0,43,50,44.8434,44.8434
zf,B258,hubert_base_ls960,0,43,100,36.4814,36.4814
zf,B258,hubert_base_ls960,0,44,1,71.8029,71.8029
zf,B258,hubert_base_ls960,0,44,5,64.7407,64.7407
zf,B258,hubert_base_ls960,0,44,10,61.615,61.615
zf,B258,hubert_base_ls960,0,44,50,45.3788,45.3788
zf,B258,hubert_base_ls960,0,44,100,36.4986,36.4986
zf,B258,hubert_base_ls960,0,45,1,69.5679,69.5679
zf,B258,hubert_base_ls960,0,45,5,63.1108,63.1108
zf,B258,hubert_base_ls960,0,45,10,60.4195,60.4195
zf,B258,hubert_base_ls960,0,45,50,45.523,45.523
zf,B258,hubert_base_ls960,0,45,100,36.7806,36.7806
zf,B258,hubert_base_ls960,0,46,1,70.048,70.048
zf,B258,hubert_base_ls960,0,46,5,64.0298,64.0298
zf,B258,hubert_base_ls960,0,46,10,60.559,60.559
zf,B258,hubert_base_ls960,0,46,50,45.1654,45.1654
zf,B258,hubert_base_ls960,0,46,100,36.7969,36.7969
zf,B258,hubert_base_ls960,3,42,1,68.1077,68.1077
zf,B258,hubert_base_ls960,3,42,5,64.4088,64.4088
zf,B258,hubert_base_ls960,3,42,10,59.6994,59.6994
zf,B258,hubert_base_ls960,3,42,50,45.7074,45.7074
zf,B258,hubert_base_ls960,3,42,100,37.1176,37.1176
zf,B258,hubert_base_ls960,3,43,1,65.9834,65.9834
zf,B258,hubert_base_ls960,3,43,5,62.0894,62.0894
zf,B258,hubert_base_ls960,3,43,10,57.9793,57.9793
zf,B258,hubert_base_ls960,3,43,50,44.1693,44.1693
zf,B258,hubert_base_ls960,3,43,100,36.0212,36.0212
zf,B258,hubert_base_ls960,3,44,1,67.3071,67.3071
zf,B258,hubert_base_ls960,3,44,5,62.8262,62.8262
zf,B258,hubert_base_ls960,3,44,10,59.0738,59.0738
zf,B258,hubert_base_ls960,3,44,50,45.014,45.014
zf,B258,hubert_base_ls960,3,44,100,36.5932,36.5932
zf,B258,hubert_base_ls960,3,45,1,64.202,64.202
zf,B258,hubert_base_ls960,3,45,5,61.4721,61.4721
zf,B258,hubert_base_ls960,3,45,10,58.0584,58.0584
zf,B258,hubert_base_ls960,3,45,50,44.7364,44.7364
zf,B258,hubert_base_ls960,3,45,100,36.4021,36.4021
zf,B258,hubert_base_ls960,3,46,1,64.4773,64.4773
zf,B258,hubert_base_ls960,3,46,5,62.2409,62.2409
zf,B258,hubert_base_ls960,3,46,10,58.6325,58.6325
zf,B258,hubert_base_ls960,3,46,50,44.5836,44.5836
zf,B258,hubert_base_ls960,3,46,100,36.4704,36.4704
zf,B258,xcl_base_500k_p32x1_c005,5,42,1,81.2522,81.2522
zf,B258,xcl_base_500k_p32x1_c005,5,42,5,76.341,76.341
zf,B258,xcl_base_500k_p32x1_c005,5,42,10,74.1652,74.1652
zf,B258,xcl_base_500k_p32x1_c005,5,42,50,54.7225,54.7225
zf,B258,xcl_base_500k_p32x1_c005,5,42,100,42.9103,42.9103
zf,B258,xcl_base_500k_p32x1_c005,5,43,1,78.2277,78.2277
zf,B258,xcl_base_500k_p32x1_c005,5,43,5,74.2937,74.2937
zf,B258,xcl_base_500k_p32x1_c005,5,43,10,72.378,72.378
zf,B258,xcl_base_500k_p32x1_c005,5,43,50,52.108,52.108
zf,B258,xcl_base_500k_p32x1_c005,5,43,100,41.1145,41.1145
zf,B258,xcl_base_500k_p32x1_c005,5,44,1,80.9479,80.9479
zf,B258,xcl_base_500k_p32x1_c005,5,44,5,76.4191,76.4191
zf,B258,xcl_base_500k_p32x1_c005,5,44,10,74.2713,74.2713
zf,B258,xcl_base_500k_p32x1_c005,5,44,50,53.0055,53.0055
zf,B258,xcl_base_500k_p32x1_c005,5,44,100,41.5015,41.5015
zf,B258,xcl_base_500k_p32x1_c005,5,45,1,81.388,81.388
zf,B258,xcl_base_500k_p32x1_c005,5,45,5,75.4532,75.4532
zf,B258,xcl_base_500k_p32x1_c005,5,45,10,73.0162,73.0162
zf,B258,xcl_base_500k_p32x1_c005,5,45,50,53.2034,53.2034
zf,B258,xcl_base_500k_p32x1_c005,5,45,100,41.9485,41.9485
zf,B258,xcl_base_500k_p32x1_c005,5,46,1,80.3199,80.3199
zf,B258,xcl_base_500k_p32x1_c005,5,46,5,75.697,75.697
zf,B258,xcl_base_500k_p32x1_c005,5,46,10,73.4562,73.4562
zf,B258,xcl_base_500k_p32x1_c005,5,46,50,53.188,53.188
zf,B258,xcl_base_500k_p32x1_c005,5,46,100,41.8737,41.8737
zf,B258,xcl_base_500k_p32x4_c010,3,42,1,71.5498,71.5498
zf,B258,xcl_base_500k_p32x4_c010,3,42,5,69.0992,69.0992
zf,B258,xcl_base_500k_p32x4_c010,3,42,10,67.6193,67.6193
zf,B258,xcl_base_500k_p32x4_c010,3,42,50,49.7328,49.7328
zf,B258,xcl_base_500k_p32x4_c010,3,42,100,39.7382,39.7382
zf,B258,xcl_base_500k_p32x4_c010,3,43,1,71.3298,71.3298
zf,B258,xcl_base_500k_p32x4_c010,3,43,5,67.7781,67.7781
zf,B258,xcl_base_500k_p32x4_c010,3,43,10,66.2176,66.2176
zf,B258,xcl_base_500k_p32x4_c010,3,43,50,47.7968,47.7968
zf,B258,xcl_base_500k_p32x4_c010,3,43,100,37.6689,37.6689
zf,B258,xcl_base_500k_p32x4_c010,3,44,1,73.0904,73.0904
zf,B258,xcl_base_500k_p32x4_c010,3,44,5,69.3345,69.3345
zf,B258,xcl_base_500k_p32x4_c010,3,44,10,67.6515,67.6515
zf,B258,xcl_base_500k_p32x4_c010,3,44,50,48.4557,48.4557
zf,B258,xcl_base_500k_p32x4_c010,3,44,100,38.2144,38.2144
zf,B258,xcl_base_500k_p32x4_c010,3,45,1,72.7313,72.7313
zf,B258,xcl_base_500k_p32x4_c010,3,45,5,68.107,68.107
zf,B258,xcl_base_500k_p32x4_c010,3,45,10,66.0024,66.0024
zf,B258,xcl_base_500k_p32x4_c010,3,45,50,48.2955,48.2955
zf,B258,xcl_base_500k_p32x4_c010,3,45,100,38.4894,38.4894
zf,B258,xcl_base_500k_p32x4_c010,3,46,1,71.2326,71.2326
zf,B258,xcl_base_500k_p32x4_c010,3,46,5,68.363,68.363
zf,B258,xcl_base_500k_p32x4_c010,3,46,10,66.4835,66.4835
zf,B258,xcl_base_500k_p32x4_c010,3,46,50,48.3361,48.3361
zf,B258,xcl_base_500k_p32x4_c010,3,46,100,38.2194,38.2194
zf,B258,xcl_base_500k_p32x4_c010,4,42,1,72.6383,72.6383
zf,B258,xcl_base_500k_p32x4_c010,4,42,5,68.9206,68.9206
zf,B258,xcl_base_500k_p32x4_c010,4,42,10,67.5745,67.5745
zf,B258,xcl_base_500k_p32x4_c010,4,42,50,49.7457,49.7457
zf,B258,xcl_base_500k_p32x4_c010,4,42,100,39.6501,39.6501
zf,B258,xcl_base_500k_p32x4_c010,4,43,1,72.1592,72.1592
zf,B258,xcl_base_500k_p32x4_c010,4,43,5,67.5144,67.5144
zf,B258,xcl_base_500k_p32x4_c010,4,43,10,66.3633,66.3633
zf,B258,xcl_base_500k_p32x4_c010,4,43,50,47.7314,47.7314
zf,B258,xcl_base_500k_p32x4_c010,4,43,100,37.5883,37.5883
zf,B258,xcl_base_500k_p32x4_c010,4,44,1,73.739,73.739
zf,B258,xcl_base_500k_p32x4_c010,4,44,5,68.4914,68.4914
zf,B258,xcl_base_500k_p32x4_c010,4,44,10,67.7687,67.7687
zf,B258,xcl_base_500k_p32x4_c010,4,44,50,48.4583,48.4583
zf,B258,xcl_base_500k_p32x4_c010,4,44,100,38.1702,38.1702
zf,B258,xcl_base_500k_p32x4_c010,4,45,1,72.391,72.391
zf,B258,xcl_base_500k_p32x4_c010,4,45,5,67.2863,67.2863
zf,B258,xcl_base_500k_p32x4_c010,4,45,10,66.4955,66.4955
zf,B258,xcl_base_500k_p32x4_c010,4,45,50,48.3022,48.3022
zf,B258,xcl_base_500k_p32x4_c010,4,45,100,38.4103,38.4103
zf,B258,xcl_base_500k_p32x4_c010,4,46,1,72.5808,72.5808
zf,B258,xcl_base_500k_p32x4_c010,4,46,5,67.8538,67.8538
zf,B258,xcl_base_500k_p32x4_c010,4,46,10,66.3176,66.3176
zf,B258,xcl_base_500k_p32x4_c010,4,46,50,48.4268,48.4268
zf,B258,xcl_base_500k_p32x4_c010,4,46,100,38.1629,38.1629
zf,B258,xcl_large_500k_p32x1_c005,11,42,1,82.3432,82.3432
zf,B258,xcl_large_500k_p32x1_c005,11,42,5,77.0161,77.0161
zf,B258,xcl_large_500k_p32x1_c005,11,42,10,75.5543,75.5543
zf,B258,xcl_large_500k_p32x1_c005,11,42,50,55.0332,55.0332
zf,B258,xcl_large_500k_p32x1_c005,11,42,100,43.8931,43.8931
zf,B258,xcl_large_500k_p32x1_c005,11,43,1,80.2288,80.2288
zf,B258,xcl_large_500k_p32x1_c005,11,43,5,75.9187,75.9187
zf,B258,xcl_large_500k_p32x1_c005,11,43,10,73.7056,73.7056
zf,B258,xcl_large_500k_p32x1_c005,11,43,50,52.566,52.566
zf,B258,xcl_large_500k_p32x1_c005,11,43,100,42.3813,42.3813
zf,B258,xcl_large_500k_p32x1_c005,11,44,1,81.1688,81.1688
zf,B258,xcl_large_500k_p32x1_c005,11,44,5,77.0174,77.0174
zf,B258,xcl_large_500k_p32x1_c005,11,44,10,75.3894,75.3894
zf,B258,xcl_large_500k_p32x1_c005,11,44,50,53.4617,53.4617
zf,B258,xcl_large_500k_p32x1_c005,11,44,100,42.4861,42.4861
zf,B258,xcl_large_500k_p32x1_c005,11,45,1,80.2874,80.2874
zf,B258,xcl_large_500k_p32x1_c005,11,45,5,76.241,76.241
zf,B258,xcl_large_500k_p32x1_c005,11,45,10,74.3662,74.3662
zf,B258,xcl_large_500k_p32x1_c005,11,45,50,53.5882,53.5882
zf,B258,xcl_large_500k_p32x1_c005,11,45,100,42.9579,42.9579
zf,B258,xcl_large_500k_p32x1_c005,11,46,1,81.1734,81.1734
zf,B258,xcl_large_500k_p32x1_c005,11,46,5,76.5999,76.5999
zf,B258,xcl_large_500k_p32x1_c005,11,46,10,75.0536,75.0536
zf,B258,xcl_large_500k_p32x1_c005,11,46,50,53.2803,53.2803
zf,B258,xcl_large_500k_p32x1_c005,11,46,100,43.0,43.0
zf,B258,xcl_large_500k_p32x4_c0025,9,42,1,75.5186,75.5186
zf,B258,xcl_large_500k_p32x4_c0025,9,42,5,68.8628,68.8628
zf,B258,xcl_large_500k_p32x4_c0025,9,42,10,66.9826,66.9826
zf,B258,xcl_large_500k_p32x4_c0025,9,42,50,49.4285,49.4285
zf,B258,xcl_large_500k_p32x4_c0025,9,42,100,39.4875,39.4875
zf,B258,xcl_large_500k_p32x4_c0025,9,43,1,73.4667,73.4667
zf,B258,xcl_large_500k_p32x4_c0025,9,43,5,67.6699,67.6699
zf,B258,xcl_large_500k_p32x4_c0025,9,43,10,65.4664,65.4664
zf,B258,xcl_large_500k_p32x4_c0025,9,43,50,47.5544,47.5544
zf,B258,xcl_large_500k_p32x4_c0025,9,43,100,37.7875,37.7875
zf,B258,xcl_large_500k_p32x4_c0025,9,44,1,77.1233,77.1233
zf,B258,xcl_large_500k_p32x4_c0025,9,44,5,69.2169,69.2169
zf,B258,xcl_large_500k_p32x4_c0025,9,44,10,67.1246,67.1246
zf,B258,xcl_large_500k_p32x4_c0025,9,44,50,48.2206,48.2206
zf,B258,xcl_large_500k_p32x4_c0025,9,44,100,38.0992,38.0992
zf,B258,xcl_large_500k_p32x4_c0025,9,45,1,72.4324,72.4324
zf,B258,xcl_large_500k_p32x4_c0025,9,45,5,67.4705,67.4705
zf,B258,xcl_large_500k_p32x4_c0025,9,45,10,65.9265,65.9265
zf,B258,xcl_large_500k_p32x4_c0025,9,45,50,48.2097,48.2097
zf,B258,xcl_large_500k_p32x4_c0025,9,45,100,38.512,38.512
zf,B258,xcl_large_500k_p32x4_c0025,9,46,1,73.5238,73.5238
zf,B258,xcl_large_500k_p32x4_c0025,9,46,5,67.6377,67.6377
zf,B258,xcl_large_500k_p32x4_c0025,9,46,10,65.8308,65.8308
zf,B258,xcl_large_500k_p32x4_c0025,9,46,50,48.1286,48.1286
zf,B258,xcl_large_500k_p32x4_c0025,9,46,100,38.3727,38.3727
zf,B258,xcl_large_500k_p32x4_c010,10,42,1,74.5912,74.5912
zf,B258,xcl_large_500k_p32x4_c010,10,42,5,69.1903,69.1903
zf,B258,xcl_large_500k_p32x4_c010,10,42,10,67.4468,67.4468
zf,B258,xcl_large_500k_p32x4_c010,10,42,50,49.6748,49.6748
zf,B258,xcl_large_500k_p32x4_c010,10,42,100,39.9975,39.9975
zf,B258,xcl_large_500k_p32x4_c010,10,43,1,73.2669,73.2669
zf,B258,xcl_large_500k_p32x4_c010,10,43,5,68.4684,68.4684
zf,B258,xcl_large_500k_p32x4_c010,10,43,10,66.2211,66.2211
zf,B258,xcl_large_500k_p32x4_c010,10,43,50,47.5432,47.5432
zf,B258,xcl_large_500k_p32x4_c010,10,43,100,38.0206,38.0206
zf,B258,xcl_large_500k_p32x4_c010,10,44,1,75.6975,75.6975
zf,B258,xcl_large_500k_p32x4_c010,10,44,5,69.974,69.974
zf,B258,xcl_large_500k_p32x4_c010,10,44,10,68.3128,68.3128
zf,B258,xcl_large_500k_p32x4_c010,10,44,50,48.2109,48.2109
zf,B258,xcl_large_500k_p32x4_c010,10,44,100,38.3803,38.3803
zf,B258,xcl_large_500k_p32x4_c010,10,45,1,73.5262,73.5262
zf,B258,xcl_large_500k_p32x4_c010,10,45,5,68.3917,68.3917
zf,B258,xcl_large_500k_p32x4_c010,10,45,10,66.3265,66.3265
zf,B258,xcl_large_500k_p32x4_c010,10,45,50,48.0936,48.0936
zf,B258,xcl_large_500k_p32x4_c010,10,45,100,38.7066,38.7066
zf,B258,xcl_large_500k_p32x4_c010,10,46,1,73.1533,73.1533
zf,B258,xcl_large_500k_p32x4_c010,10,46,5,68.5138,68.5138
zf,B258,xcl_large_500k_p32x4_c010,10,46,10,66.4739,66.4739
zf,B258,xcl_large_500k_p32x4_c010,10,46,50,47.9687,47.9687
zf,B258,xcl_large_500k_p32x4_c010,10,46,100,38.407,38.407
zf,B258,xcl_micro_500k_p32x1_c005,4,42,1,74.9159,74.9159
zf,B258,xcl_micro_500k_p32x1_c005,4,42,5,71.2304,71.2304
zf,B258,xcl_micro_500k_p32x1_c005,4,42,10,67.9334,67.9334
zf,B258,xcl_micro_500k_p32x1_c005,4,42,50,52.5422,52.5422
zf,B258,xcl_micro_500k_p32x1_c005,4,42,100,41.2741,41.2741
zf,B258,xcl_micro_500k_p32x1_c005,4,43,1,73.4491,73.4491
zf,B258,xcl_micro_500k_p32x1_c005,4,43,5,68.9571,68.9571
zf,B258,xcl_micro_500k_p32x1_c005,4,43,10,65.9946,65.9946
zf,B258,xcl_micro_500k_p32x1_c005,4,43,50,50.0758,50.0758
zf,B258,xcl_micro_500k_p32x1_c005,4,43,100,39.8068,39.8068
zf,B258,xcl_micro_500k_p32x1_c005,4,44,1,74.0902,74.0902
zf,B258,xcl_micro_500k_p32x1_c005,4,44,5,70.6088,70.6088
zf,B258,xcl_micro_500k_p32x1_c005,4,44,10,67.4591,67.4591
zf,B258,xcl_micro_500k_p32x1_c005,4,44,50,51.0714,51.0714
zf,B258,xcl_micro_500k_p32x1_c005,4,44,100,40.103,40.103
zf,B258,xcl_micro_500k_p32x1_c005,4,45,1,73.3995,73.3995
zf,B258,xcl_micro_500k_p32x1_c005,4,45,5,69.4705,69.4705
zf,B258,xcl_micro_500k_p32x1_c005,4,45,10,66.6563,66.6563
zf,B258,xcl_micro_500k_p32x1_c005,4,45,50,51.2565,51.2565
zf,B258,xcl_micro_500k_p32x1_c005,4,45,100,40.5374,40.5374
zf,B258,xcl_micro_500k_p32x1_c005,4,46,1,73.9082,73.9082
zf,B258,xcl_micro_500k_p32x1_c005,4,46,5,70.891,70.891
zf,B258,xcl_micro_500k_p32x1_c005,4,46,10,67.7306,67.7306
zf,B258,xcl_micro_500k_p32x1_c005,4,46,50,51.5847,51.5847
zf,B258,xcl_micro_500k_p32x1_c005,4,46,100,40.8687,40.8687
zf,B258,xcl_micro_500k_p32x1_c005,5,42,1,74.0448,74.0448
zf,B258,xcl_micro_500k_p32x1_c005,5,42,5,71.1916,71.1916
zf,B258,xcl_micro_500k_p32x1_c005,5,42,10,68.0219,68.0219
zf,B258,xcl_micro_500k_p32x1_c005,5,42,50,52.6936,52.6936
zf,B258,xcl_micro_500k_p32x1_c005,5,42,100,41.4857,41.4857
zf,B258,xcl_micro_500k_p32x1_c005,5,43,1,72.4364,72.4364
zf,B258,xcl_micro_500k_p32x1_c005,5,43,5,69.1334,69.1334
zf,B258,xcl_micro_500k_p32x1_c005,5,43,10,66.0325,66.0325
zf,B258,xcl_micro_500k_p32x1_c005,5,43,50,50.237,50.237
zf,B258,xcl_micro_500k_p32x1_c005,5,43,100,40.0107,40.0107
zf,B258,xcl_micro_500k_p32x1_c005,5,44,1,73.2686,73.2686
zf,B258,xcl_micro_500k_p32x1_c005,5,44,5,70.6834,70.6834
zf,B258,xcl_micro_500k_p32x1_c005,5,44,10,67.6461,67.6461
zf,B258,xcl_micro_500k_p32x1_c005,5,44,50,51.0729,51.0729
zf,B258,xcl_micro_500k_p32x1_c005,5,44,100,40.2859,40.2859
zf,B258,xcl_micro_500k_p32x1_c005,5,45,1,72.8662,72.8662
zf,B258,xcl_micro_500k_p32x1_c005,5,45,5,69.7908,69.7908
zf,B258,xcl_micro_500k_p32x1_c005,5,45,10,66.7339,66.7339
zf,B258,xcl_micro_500k_p32x1_c005,5,45,50,51.3922,51.3922
zf,B258,xcl_micro_500k_p32x1_c005,5,45,100,40.7119,40.7119
zf,B258,xcl_micro_500k_p32x1_c005,5,46,1,73.203,73.203
zf,B258,xcl_micro_500k_p32x1_c005,5,46,5,70.6727,70.6727
zf,B258,xcl_micro_500k_p32x1_c005,5,46,10,67.6941,67.6941
zf,B258,xcl_micro_500k_p32x1_c005,5,46,50,51.7129,51.7129
zf,B258,xcl_micro_500k_p32x1_c005,5,46,100,41.1292,41.1292
zf,B258,xcl_micro_500k_p32x4_c010,3,42,1,69.4364,69.4364
zf,B258,xcl_micro_500k_p32x4_c010,3,42,5,67.3113,67.3113
zf,B258,xcl_micro_500k_p32x4_c010,3,42,10,64.8707,64.8707
zf,B258,xcl_micro_500k_p32x4_c010,3,42,50,48.5895,48.5895
zf,B258,xcl_micro_500k_p32x4_c010,3,42,100,38.5391,38.5391
zf,B258,xcl_micro_500k_p32x4_c010,3,43,1,68.2062,68.2062
zf,B258,xcl_micro_500k_p32x4_c010,3,43,5,66.1046,66.1046
zf,B258,xcl_micro_500k_p32x4_c010,3,43,10,63.8021,63.8021
zf,B258,xcl_micro_500k_p32x4_c010,3,43,50,46.6782,46.6782
zf,B258,xcl_micro_500k_p32x4_c010,3,43,100,36.8672,36.8672
zf,B258,xcl_micro_500k_p32x4_c010,3,44,1,70.9904,70.9904
zf,B258,xcl_micro_500k_p32x4_c010,3,44,5,67.764,67.764
zf,B258,xcl_micro_500k_p32x4_c010,3,44,10,64.7791,64.7791
zf,B258,xcl_micro_500k_p32x4_c010,3,44,50,47.065,47.065
zf,B258,xcl_micro_500k_p32x4_c010,3,44,100,37.1014,37.1014
zf,B258,xcl_micro_500k_p32x4_c010,3,45,1,69.3307,69.3307
zf,B258,xcl_micro_500k_p32x4_c010,3,45,5,65.6676,65.6676
zf,B258,xcl_micro_500k_p32x4_c010,3,45,10,63.474,63.474
zf,B258,xcl_micro_500k_p32x4_c010,3,45,50,47.2311,47.2311
zf,B258,xcl_micro_500k_p32x4_c010,3,45,100,37.5144,37.5144
zf,B258,xcl_micro_500k_p32x4_c010,3,46,1,67.7982,67.7982
zf,B258,xcl_micro_500k_p32x4_c010,3,46,5,65.4402,65.4402
zf,B258,xcl_micro_500k_p32x4_c010,3,46,10,64.0437,64.0437
zf,B258,xcl_micro_500k_p32x4_c010,3,46,50,47.3329,47.3329
zf,B258,xcl_micro_500k_p32x4_c010,3,46,100,37.3789,37.3789
zf,B385,birdaves_biox_base,3,42,1,88.3168,88.3168
zf,B385,birdaves_biox_base,3,42,5,84.4929,84.4929
zf,B385,birdaves_biox_base,3,42,10,81.9923,81.9923
zf,B385,birdaves_biox_base,3,42,50,71.259,71.259
zf,B385,birdaves_biox_base,3,42,100,47.8799,47.8799
zf,B385,birdaves_biox_base,3,43,1,89.7188,89.7188
zf,B385,birdaves_biox_base,3,43,5,86.5798,86.5798
zf,B385,birdaves_biox_base,3,43,10,83.8525,83.8525
zf,B385,birdaves_biox_base,3,43,50,73.4479,73.4479
zf,B385,birdaves_biox_base,3,43,100,49.627,49.627
zf,B385,birdaves_biox_base,3,44,1,88.9639,88.9639
zf,B385,birdaves_biox_base,3,44,5,86.5529,86.5529
zf,B385,birdaves_biox_base,3,44,10,83.9271,83.9271
zf,B385,birdaves_biox_base,3,44,50,73.0686,73.0686
zf,B385,birdaves_biox_base,3,44,100,48.99,48.99
zf,B385,birdaves_biox_base,3,45,1,87.1583,87.1583
zf,B385,birdaves_biox_base,3,45,5,85.304,85.304
zf,B385,birdaves_biox_base,3,45,10,82.6604,82.6604
zf,B385,birdaves_biox_base,3,45,50,73.0069,73.0069
zf,B385,birdaves_biox_base,3,45,100,48.9982,48.9982
zf,B385,birdaves_biox_base,3,46,1,89.1253,89.1253
zf,B385,birdaves_biox_base,3,46,5,86.6937,86.6937
zf,B385,birdaves_biox_base,3,46,10,83.8439,83.8439
zf,B385,birdaves_biox_base,3,46,50,73.1267,73.1267
zf,B385,birdaves_biox_base,3,46,100,48.8831,48.8831
zf,B385,birdaves_biox_base,7,42,1,87.4053,87.4053
zf,B385,birdaves_biox_base,7,42,5,84.8405,84.8405
zf,B385,birdaves_biox_base,7,42,10,82.4481,82.4481
zf,B385,birdaves_biox_base,7,42,50,71.1639,71.1639
zf,B385,birdaves_biox_base,7,42,100,47.5019,47.5019
zf,B385,birdaves_biox_base,7,43,1,89.2582,89.2582
zf,B385,birdaves_biox_base,7,43,5,86.4149,86.4149
zf,B385,birdaves_biox_base,7,43,10,84.4523,84.4523
zf,B385,birdaves_biox_base,7,43,50,73.1747,73.1747
zf,B385,birdaves_biox_base,7,43,100,49.2328,49.2328
zf,B385,birdaves_biox_base,7,44,1,88.9332,88.9332
zf,B385,birdaves_biox_base,7,44,5,86.7016,86.7016
zf,B385,birdaves_biox_base,7,44,10,83.981,83.981
zf,B385,birdaves_biox_base,7,44,50,72.7078,72.7078
zf,B385,birdaves_biox_base,7,44,100,48.4936,48.4936
zf,B385,birdaves_biox_base,7,45,1,86.9365,86.9365
zf,B385,birdaves_biox_base,7,45,5,85.1871,85.1871
zf,B385,birdaves_biox_base,7,45,10,83.2063,83.2063
zf,B385,birdaves_biox_base,7,45,50,72.252,72.252
zf,B385,birdaves_biox_base,7,45,100,48.3384,48.3384
zf,B385,birdaves_biox_base,7,46,1,89.2668,89.2668
zf,B385,birdaves_biox_base,7,46,5,86.2944,86.2944
zf,B385,birdaves_biox_base,7,46,10,84.0696,84.0696
zf,B385,birdaves_biox_base,7,46,50,72.7932,72.7932
zf,B385,birdaves_biox_base,7,46,100,48.3186,48.3186
zf,B385,birdaves_biox_base_speed0p25,3,42,1,89.972,89.972
zf,B385,birdaves_biox_base_speed0p25,3,42,5,87.0152,87.0152
zf,B385,birdaves_biox_base_speed0p25,3,42,10,84.4422,84.4422
zf,B385,birdaves_biox_base_speed0p25,3,42,50,72.3294,72.3294
zf,B385,birdaves_biox_base_speed0p25,3,42,100,48.0537,48.0537
zf,B385,birdaves_biox_base_speed0p25,3,43,1,91.4131,91.4131
zf,B385,birdaves_biox_base_speed0p25,3,43,5,88.2396,88.2396
zf,B385,birdaves_biox_base_speed0p25,3,43,10,85.8276,85.8276
zf,B385,birdaves_biox_base_speed0p25,3,43,50,73.5353,73.5353
zf,B385,birdaves_biox_base_speed0p25,3,43,100,49.0211,49.0211
zf,B385,birdaves_biox_base_speed0p25,3,44,1,90.7007,90.7007
zf,B385,birdaves_biox_base_speed0p25,3,44,5,87.9328,87.9328
zf,B385,birdaves_biox_base_speed0p25,3,44,10,85.329,85.329
zf,B385,birdaves_biox_base_speed0p25,3,44,50,73.2391,73.2391
zf,B385,birdaves_biox_base_speed0p25,3,44,100,48.5872,48.5872
zf,B385,birdaves_biox_base_speed0p25,3,45,1,89.3034,89.3034
zf,B385,birdaves_biox_base_speed0p25,3,45,5,86.4386,86.4386
zf,B385,birdaves_biox_base_speed0p25,3,45,10,84.0313,84.0313
zf,B385,birdaves_biox_base_speed0p25,3,45,50,72.5263,72.5263
zf,B385,birdaves_biox_base_speed0p25,3,45,100,48.3135,48.3135
zf,B385,birdaves_biox_base_speed0p25,3,46,1,91.2472,91.2472
zf,B385,birdaves_biox_base_speed0p25,3,46,5,87.9187,87.9187
zf,B385,birdaves_biox_base_speed0p25,3,46,10,85.5262,85.5262
zf,B385,birdaves_biox_base_speed0p25,3,46,50,73.4742,73.4742
zf,B385,birdaves_biox_base_speed0p25,3,46,100,48.4161,48.4161
zf,B385,birdaves_biox_base_speed0p25,4,42,1,90.3835,90.3835
zf,B385,birdaves_biox_base_speed0p25,4,42,5,87.7603,87.7603
zf,B385,birdaves_biox_base_speed0p25,4,42,10,85.2575,85.2575
zf,B385,birdaves_biox_base_speed0p25,4,42,50,74.2212,74.2212
zf,B385,birdaves_biox_base_speed0p25,4,42,100,48.9265,48.9265
zf,B385,birdaves_biox_base_speed0p25,4,43,1,92.2576,92.2576
zf,B385,birdaves_biox_base_speed0p25,4,43,5,89.2165,89.2165
zf,B385,birdaves_biox_base_speed0p25,4,43,10,86.6972,86.6972
zf,B385,birdaves_biox_base_speed0p25,4,43,50,75.4176,75.4176
zf,B385,birdaves_biox_base_speed0p25,4,43,100,49.9316,49.9316
zf,B385,birdaves_biox_base_speed0p25,4,44,1,91.4556,91.4556
zf,B385,birdaves_biox_base_speed0p25,4,44,5,88.7967,88.7967
zf,B385,birdaves_biox_base_speed0p25,4,44,10,86.1272,86.1272
zf,B385,birdaves_biox_base_speed0p25,4,44,50,74.9216,74.9216
zf,B385,birdaves_biox_base_speed0p25,4,44,100,49.371,49.371
zf,B385,birdaves_biox_base_speed0p25,4,45,1,90.1017,90.1017
zf,B385,birdaves_biox_base_speed0p25,4,45,5,87.4506,87.4506
zf,B385,birdaves_biox_base_speed0p25,4,45,10,85.0771,85.0771
zf,B385,birdaves_biox_base_speed0p25,4,45,50,74.5088,74.5088
zf,B385,birdaves_biox_base_speed0p25,4,45,100,49.2493,49.2493
zf,B385,birdaves_biox_base_speed0p25,4,46,1,91.6144,91.6144
zf,B385,birdaves_biox_base_speed0p25,4,46,5,88.6033,88.6033
zf,B385,birdaves_biox_base_speed0p25,4,46,10,86.2668,86.2668
zf,B385,birdaves_biox_base_speed0p25,4,46,50,75.4562,75.4562
zf,B385,birdaves_biox_base_speed0p25,4,46,100,49.4083,49.4083
zf,B385,birdaves_biox_base_speed0p5,3,42,1,89.885,89.885
zf,B385,birdaves_biox_base_speed0p5,3,42,5,87.1313,87.1313
zf,B385,birdaves_biox_base_speed0p5,3,42,10,84.5234,84.5234
zf,B385,birdaves_biox_base_speed0p5,3,42,50,74.6064,74.6064
zf,B385,birdaves_biox_base_speed0p5,3,42,100,49.6671,49.6671
zf,B385,birdaves_biox_base_speed0p5,3,43,1,91.9038,91.9038
zf,B385,birdaves_biox_base_speed0p5,3,43,5,88.6494,88.6494
zf,B385,birdaves_biox_base_speed0p5,3,43,10,86.3703,86.3703
zf,B385,birdaves_biox_base_speed0p5,3,43,50,76.5691,76.5691
zf,B385,birdaves_biox_base_speed0p5,3,43,100,51.1942,51.1942
zf,B385,birdaves_biox_base_speed0p5,3,44,1,91.6197,91.6197
zf,B385,birdaves_biox_base_speed0p5,3,44,5,88.9216,88.9216
zf,B385,birdaves_biox_base_speed0p5,3,44,10,86.5182,86.5182
zf,B385,birdaves_biox_base_speed0p5,3,44,50,76.3568,76.3568
zf,B385,birdaves_biox_base_speed0p5,3,44,100,50.5903,50.5903
zf,B385,birdaves_biox_base_speed0p5,3,45,1,89.2998,89.2998
zf,B385,birdaves_biox_base_speed0p5,3,45,5,87.343,87.343
zf,B385,birdaves_biox_base_speed0p5,3,45,10,85.0436,85.0436
zf,B385,birdaves_biox_base_speed0p5,3,45,50,75.9694,75.9694
zf,B385,birdaves_biox_base_speed0p5,3,45,100,50.5718,50.5718
zf,B385,birdaves_biox_base_speed0p5,3,46,1,91.203,91.203
zf,B385,birdaves_biox_base_speed0p5,3,46,5,88.1473,88.1473
zf,B385,birdaves_biox_base_speed0p5,3,46,10,85.6017,85.6017
zf,B385,birdaves_biox_base_speed0p5,3,46,50,76.1926,76.1926
zf,B385,birdaves_biox_base_speed0p5,3,46,100,50.4473,50.4473
zf,B385,birdaves_biox_base_speed0p5,6,42,1,89.9191,89.9191
zf,B385,birdaves_biox_base_speed0p5,6,42,5,87.5791,87.5791
zf,B385,birdaves_biox_base_speed0p5,6,42,10,84.8944,84.8944
zf,B385,birdaves_biox_base_speed0p5,6,42,50,74.8162,74.8162
zf,B385,birdaves_biox_base_speed0p5,6,42,100,49.82,49.82
zf,B385,birdaves_biox_base_speed0p5,6,43,1,92.7864,92.7864
zf,B385,birdaves_biox_base_speed0p5,6,43,5,89.5178,89.5178
zf,B385,birdaves_biox_base_speed0p5,6,43,10,86.737,86.737
zf,B385,birdaves_biox_base_speed0p5,6,43,50,76.6545,76.6545
zf,B385,birdaves_biox_base_speed0p5,6,43,100,51.3537,51.3537
zf,B385,birdaves_biox_base_speed0p5,6,44,1,92.0129,92.0129
zf,B385,birdaves_biox_base_speed0p5,6,44,5,89.5481,89.5481
zf,B385,birdaves_biox_base_speed0p5,6,44,10,86.8335,86.8335
zf,B385,birdaves_biox_base_speed0p5,6,44,50,76.4568,76.4568
zf,B385,birdaves_biox_base_speed0p5,6,44,100,50.7876,50.7876
zf,B385,birdaves_biox_base_speed0p5,6,45,1,89.8234,89.8234
zf,B385,birdaves_biox_base_speed0p5,6,45,5,88.1958,88.1958
zf,B385,birdaves_biox_base_speed0p5,6,45,10,85.6883,85.6883
zf,B385,birdaves_biox_base_speed0p5,6,45,50,75.9867,75.9867
zf,B385,birdaves_biox_base_speed0p5,6,45,100,50.6113,50.6113
zf,B385,birdaves_biox_base_speed0p5,6,46,1,91.3387,91.3387
zf,B385,birdaves_biox_base_speed0p5,6,46,5,88.7065,88.7065
zf,B385,birdaves_biox_base_speed0p5,6,46,10,86.44,86.44
zf,B385,birdaves_biox_base_speed0p5,6,46,50,76.3834,76.3834
zf,B385,birdaves_biox_base_speed0p5,6,46,100,50.6714,50.6714
zf,B385,hubert_base_ls960,0,42,1,86.2261,86.2261
zf,B385,hubert_base_ls960,0,42,5,83.4112,83.4112
zf,B385,hubert_base_ls960,0,42,10,79.243,79.243
zf,B385,hubert_base_ls960,0,42,50,63.3818,63.3818
zf,B385,hubert_base_ls960,0,42,100,43.4218,43.4218
zf,B385,hubert_base_ls960,0,43,1,88.0524,88.0524
zf,B385,hubert_base_ls960,0,43,5,84.7161,84.7161
zf,B385,hubert_base_ls960,0,43,10,81.0393,81.0393
zf,B385,hubert_base_ls960,0,43,50,65.0406,65.0406
zf,B385,hubert_base_ls960,0,43,100,44.5526,44.5526
zf,B385,hubert_base_ls960,0,44,1,88.0992,88.0992
zf,B385,hubert_base_ls960,0,44,5,85.1608,85.1608
zf,B385,hubert_base_ls960,0,44,10,81.0774,81.0774
zf,B385,hubert_base_ls960,0,44,50,65.5475,65.5475
zf,B385,hubert_base_ls960,0,44,100,44.5383,44.5383
zf,B385,hubert_base_ls960,0,45,1,85.7894,85.7894
zf,B385,hubert_base_ls960,0,45,5,83.3801,83.3801
zf,B385,hubert_base_ls960,0,45,10,79.9127,79.9127
zf,B385,hubert_base_ls960,0,45,50,64.7666,64.7666
zf,B385,hubert_base_ls960,0,45,100,44.2001,44.2001
zf,B385,hubert_base_ls960,0,46,1,88.0978,88.0978
zf,B385,hubert_base_ls960,0,46,5,85.1726,85.1726
zf,B385,hubert_base_ls960,0,46,10,81.156,81.156
zf,B385,hubert_base_ls960,0,46,50,64.9991,64.9991
zf,B385,hubert_base_ls960,0,46,100,44.2907,44.2907
zf,B385,hubert_base_ls960,3,42,1,86.0095,86.0095
zf,B385,hubert_base_ls960,3,42,5,82.5558,82.5558
zf,B385,hubert_base_ls960,3,42,10,77.8539,77.8539
zf,B385,hubert_base_ls960,3,42,50,60.4031,60.4031
zf,B385,hubert_base_ls960,3,42,100,42.5207,42.5207
zf,B385,hubert_base_ls960,3,43,1,87.9216,87.9216
zf,B385,hubert_base_ls960,3,43,5,83.5336,83.5336
zf,B385,hubert_base_ls960,3,43,10,79.6599,79.6599
zf,B385,hubert_base_ls960,3,43,50,61.9789,61.9789
zf,B385,hubert_base_ls960,3,43,100,43.4892,43.4892
zf,B385,hubert_base_ls960,3,44,1,87.6638,87.6638
zf,B385,hubert_base_ls960,3,44,5,83.4614,83.4614
zf,B385,hubert_base_ls960,3,44,10,79.1687,79.1687
zf,B385,hubert_base_ls960,3,44,50,61.9219,61.9219
zf,B385,hubert_base_ls960,3,44,100,43.2046,43.2046
zf,B385,hubert_base_ls960,3,45,1,87.0525,87.0525
zf,B385,hubert_base_ls960,3,45,5,82.6092,82.6092
zf,B385,hubert_base_ls960,3,45,10,78.6349,78.6349
zf,B385,hubert_base_ls960,3,45,50,61.7352,61.7352
zf,B385,hubert_base_ls960,3,45,100,43.1393,43.1393
zf,B385,hubert_base_ls960,3,46,1,87.113,87.113
zf,B385,hubert_base_ls960,3,46,5,83.692,83.692
zf,B385,hubert_base_ls960,3,46,10,79.3461,79.3461
zf,B385,hubert_base_ls960,3,46,50,61.8814,61.8814
zf,B385,hubert_base_ls960,3,46,100,43.1539,43.1539
zf,B385,xcl_base_500k_p32x1_c005,5,42,1,90.834,90.834
zf,B385,xcl_base_500k_p32x1_c005,5,42,5,89.0441,89.0441
zf,B385,xcl_base_500k_p32x1_c005,5,42,10,86.0009,86.0009
zf,B385,xcl_base_500k_p32x1_c005,5,42,50,73.4122,73.4122
zf,B385,xcl_base_500k_p32x1_c005,5,42,100,49.8908,49.8908
zf,B385,xcl_base_500k_p32x1_c005,5,43,1,93.7286,93.7286
zf,B385,xcl_base_500k_p32x1_c005,5,43,5,90.7544,90.7544
zf,B385,xcl_base_500k_p32x1_c005,5,43,10,87.6912,87.6912
zf,B385,xcl_base_500k_p32x1_c005,5,43,50,74.6953,74.6953
zf,B385,xcl_base_500k_p32x1_c005,5,43,100,51.1609,51.1609
zf,B385,xcl_base_500k_p32x1_c005,5,44,1,93.3324,93.3324
zf,B385,xcl_base_500k_p32x1_c005,5,44,5,90.4836,90.4836
zf,B385,xcl_base_500k_p32x1_c005,5,44,10,87.5418,87.5418
zf,B385,xcl_base_500k_p32x1_c005,5,44,50,74.424,74.424
zf,B385,xcl_base_500k_p32x1_c005,5,44,100,50.6962,50.6962
zf,B385,xcl_base_500k_p32x1_c005,5,45,1,91.128,91.128
zf,B385,xcl_base_500k_p32x1_c005,5,45,5,89.0579,89.0579
zf,B385,xcl_base_500k_p32x1_c005,5,45,10,86.4178,86.4178
zf,B385,xcl_base_500k_p32x1_c005,5,45,50,73.9507,73.9507
zf,B385,xcl_base_500k_p32x1_c005,5,45,100,50.4028,50.4028
zf,B385,xcl_base_500k_p32x1_c005,5,46,1,92.8562,92.8562
zf,B385,xcl_base_500k_p32x1_c005,5,46,5,90.4118,90.4118
zf,B385,xcl_base_500k_p32x1_c005,5,46,10,87.3841,87.3841
zf,B385,xcl_base_500k_p32x1_c005,5,46,50,74.4674,74.4674
zf,B385,xcl_base_500k_p32x1_c005,5,46,100,50.6428,50.6428
zf,B385,xcl_base_500k_p32x4_c010,3,42,1,88.0347,88.0347
zf,B385,xcl_base_500k_p32x4_c010,3,42,5,85.8919,85.8919
zf,B385,xcl_base_500k_p32x4_c010,3,42,10,83.1758,83.1758
zf,B385,xcl_base_500k_p32x4_c010,3,42,50,71.1126,71.1126
zf,B385,xcl_base_500k_p32x4_c010,3,42,100,48.1909,48.1909
zf,B385,xcl_base_500k_p32x4_c010,3,43,1,88.1815,88.1815
zf,B385,xcl_base_500k_p32x4_c010,3,43,5,85.581,85.581
zf,B385,xcl_base_500k_p32x4_c010,3,43,10,83.2403,83.2403
zf,B385,xcl_base_500k_p32x4_c010,3,43,50,71.3966,71.3966
zf,B385,xcl_base_500k_p32x4_c010,3,43,100,48.8943,48.8943
zf,B385,xcl_base_500k_p32x4_c010,3,44,1,90.5262,90.5262
zf,B385,xcl_base_500k_p32x4_c010,3,44,5,86.7882,86.7882
zf,B385,xcl_base_500k_p32x4_c010,3,44,10,83.9911,83.9911
zf,B385,xcl_base_500k_p32x4_c010,3,44,50,71.9316,71.9316
zf,B385,xcl_base_500k_p32x4_c010,3,44,100,48.9168,48.9168
zf,B385,xcl_base_500k_p32x4_c010,3,45,1,88.2487,88.2487
zf,B385,xcl_base_500k_p32x4_c010,3,45,5,85.5541,85.5541
zf,B385,xcl_base_500k_p32x4_c010,3,45,10,83.1462,83.1462
zf,B385,xcl_base_500k_p32x4_c010,3,45,50,71.9925,71.9925
zf,B385,xcl_base_500k_p32x4_c010,3,45,100,48.8767,48.8767
zf,B385,xcl_base_500k_p32x4_c010,3,46,1,88.0602,88.0602
zf,B385,xcl_base_500k_p32x4_c010,3,46,5,85.9108,85.9108
zf,B385,xcl_base_500k_p32x4_c010,3,46,10,83.4093,83.4093
zf,B385,xcl_base_500k_p32x4_c010,3,46,50,71.3159,71.3159
zf,B385,xcl_base_500k_p32x4_c010,3,46,100,48.466,48.466
zf,B385,xcl_base_500k_p32x4_c010,4,42,1,87.5138,87.5138
zf,B385,xcl_base_500k_p32x4_c010,4,42,5,85.4943,85.4943
zf,B385,xcl_base_500k_p32x4_c010,4,42,10,82.5576,82.5576
zf,B385,xcl_base_500k_p32x4_c010,4,42,50,70.5653,70.5653
zf,B385,xcl_base_500k_p32x4_c010,4,42,100,48.0873,48.0873
zf,B385,xcl_base_500k_p32x4_c010,4,43,1,87.9516,87.9516
zf,B385,xcl_base_500k_p32x4_c010,4,43,5,85.5218,85.5218
zf,B385,xcl_base_500k_p32x4_c010,4,43,10,82.7638,82.7638
zf,B385,xcl_base_500k_p32x4_c010,4,43,50,70.9475,70.9475
zf,B385,xcl_base_500k_p32x4_c010,4,43,100,48.7764,48.7764
zf,B385,xcl_base_500k_p32x4_c010,4,44,1,90.4035,90.4035
zf,B385,xcl_base_500k_p32x4_c010,4,44,5,86.6339,86.6339
zf,B385,xcl_base_500k_p32x4_c010,4,44,10,83.5291,83.5291
zf,B385,xcl_base_500k_p32x4_c010,4,44,50,71.4148,71.4148
zf,B385,xcl_base_500k_p32x4_c010,4,44,100,48.7435,48.7435
zf,B385,xcl_base_500k_p32x4_c010,4,45,1,88.4071,88.4071
zf,B385,xcl_base_500k_p32x4_c010,4,45,5,85.2693,85.2693
zf,B385,xcl_base_500k_p32x4_c010,4,45,10,82.8777,82.8777
zf,B385,xcl_base_500k_p32x4_c010,4,45,50,71.5035,71.5035
zf,B385,xcl_base_500k_p32x4_c010,4,45,100,48.7757,48.7757
zf,B385,xcl_base_500k_p32x4_c010,4,46,1,87.589,87.589
zf,B385,xcl_base_500k_p32x4_c010,4,46,5,85.7351,85.7351
zf,B385,xcl_base_500k_p32x4_c010,4,46,10,82.8297,82.8297
zf,B385,xcl_base_500k_p32x4_c010,4,46,50,70.7228,70.7228
zf,B385,xcl_base_500k_p32x4_c010,4,46,100,48.2293,48.2293
zf,B385,xcl_large_500k_p32x1_c005,11,42,1,91.7103,91.7103
zf,B385,xcl_large_500k_p32x1_c005,11,42,5,89.5166,89.5166
zf,B385,xcl_large_500k_p32x1_c005,11,42,10,86.7904,86.7904
zf,B385,xcl_large_500k_p32x1_c005,11,42,50,75.0063,75.0063
zf,B385,xcl_large_500k_p32x1_c005,11,42,100,50.6264,50.6264
zf,B385,xcl_large_500k_p32x1_c005,11,43,1,93.899,93.899
zf,B385,xcl_large_500k_p32x1_c005,11,43,5,91.2202,91.2202
zf,B385,xcl_large_500k_p32x1_c005,11,43,10,88.4265,88.4265
zf,B385,xcl_large_500k_p32x1_c005,11,43,50,76.0988,76.0988
zf,B385,xcl_large_500k_p32x1_c005,11,43,100,51.768,51.768
zf,B385,xcl_large_500k_p32x1_c005,11,44,1,93.1814,93.1814
zf,B385,xcl_large_500k_p32x1_c005,11,44,5,90.6565,90.6565
zf,B385,xcl_large_500k_p32x1_c005,11,44,10,88.0042,88.0042
zf,B385,xcl_large_500k_p32x1_c005,11,44,50,75.7666,75.7666
zf,B385,xcl_large_500k_p32x1_c005,11,44,100,51.2564,51.2564
zf,B385,xcl_large_500k_p32x1_c005,11,45,1,91.3911,91.3911
zf,B385,xcl_large_500k_p32x1_c005,11,45,5,89.6611,89.6611
zf,B385,xcl_large_500k_p32x1_c005,11,45,10,87.0211,87.0211
zf,B385,xcl_large_500k_p32x1_c005,11,45,50,75.3153,75.3153
zf,B385,xcl_large_500k_p32x1_c005,11,45,100,51.0997,51.0997
zf,B385,xcl_large_500k_p32x1_c005,11,46,1,93.3661,93.3661
zf,B385,xcl_large_500k_p32x1_c005,11,46,5,90.6401,90.6401
zf,B385,xcl_large_500k_p32x1_c005,11,46,10,87.841,87.841
zf,B385,xcl_large_500k_p32x1_c005,11,46,50,75.9226,75.9226
zf,B385,xcl_large_500k_p32x1_c005,11,46,100,51.3984,51.3984
zf,B385,xcl_large_500k_p32x4_c0025,9,42,1,87.1526,87.1526
zf,B385,xcl_large_500k_p32x4_c0025,9,42,5,85.0627,85.0627
zf,B385,xcl_large_500k_p32x4_c0025,9,42,10,82.2603,82.2603
zf,B385,xcl_large_500k_p32x4_c0025,9,42,50,70.0829,70.0829
zf,B385,xcl_large_500k_p32x4_c0025,9,42,100,47.7144,47.7144
zf,B385,xcl_large_500k_p32x4_c0025,9,43,1,88.1038,88.1038
zf,B385,xcl_large_500k_p32x4_c0025,9,43,5,85.5428,85.5428
zf,B385,xcl_large_500k_p32x4_c0025,9,43,10,82.7776,82.7776
zf,B385,xcl_large_500k_p32x4_c0025,9,43,50,70.7773,70.7773
zf,B385,xcl_large_500k_p32x4_c0025,9,43,100,48.4561,48.4561
zf,B385,xcl_large_500k_p32x4_c0025,9,44,1,89.5564,89.5564
zf,B385,xcl_large_500k_p32x4_c0025,9,44,5,86.7276,86.7276
zf,B385,xcl_large_500k_p32x4_c0025,9,44,10,83.4629,83.4629
zf,B385,xcl_large_500k_p32x4_c0025,9,44,50,71.044,71.044
zf,B385,xcl_large_500k_p32x4_c0025,9,44,100,48.45,48.45
zf,B385,xcl_large_500k_p32x4_c0025,9,45,1,87.5086,87.5086
zf,B385,xcl_large_500k_p32x4_c0025,9,45,5,85.2341,85.2341
zf,B385,xcl_large_500k_p32x4_c0025,9,45,10,82.6283,82.6283
zf,B385,xcl_large_500k_p32x4_c0025,9,45,50,70.83,70.83
zf,B385,xcl_large_500k_p32x4_c0025,9,45,100,48.2221,48.2221
zf,B385,xcl_large_500k_p32x4_c0025,9,46,1,88.538,88.538
zf,B385,xcl_large_500k_p32x4_c0025,9,46,5,85.6947,85.6947
zf,B385,xcl_large_500k_p32x4_c0025,9,46,10,82.9944,82.9944
zf,B385,xcl_large_500k_p32x4_c0025,9,46,50,70.5579,70.5579
zf,B385,xcl_large_500k_p32x4_c0025,9,46,100,48.0177,48.0177
zf,B385,xcl_large_500k_p32x4_c010,10,42,1,87.1907,87.1907
zf,B385,xcl_large_500k_p32x4_c010,10,42,5,85.6367,85.6367
zf,B385,xcl_large_500k_p32x4_c010,10,42,10,82.8596,82.8596
zf,B385,xcl_large_500k_p32x4_c010,10,42,50,72.1963,72.1963
zf,B385,xcl_large_500k_p32x4_c010,10,42,100,48.6861,48.6861
zf,B385,xcl_large_500k_p32x4_c010,10,43,1,89.2016,89.2016
zf,B385,xcl_large_500k_p32x4_c010,10,43,5,85.9876,85.9876
zf,B385,xcl_large_500k_p32x4_c010,10,43,10,83.2558,83.2558
zf,B385,xcl_large_500k_p32x4_c010,10,43,50,72.6933,72.6933
zf,B385,xcl_large_500k_p32x4_c010,10,43,100,49.4518,49.4518
zf,B385,xcl_large_500k_p32x4_c010,10,44,1,89.0814,89.0814
zf,B385,xcl_large_500k_p32x4_c010,10,44,5,86.5213,86.5213
zf,B385,xcl_large_500k_p32x4_c010,10,44,10,83.7873,83.7873
zf,B385,xcl_large_500k_p32x4_c010,10,44,50,73.1302,73.1302
zf,B385,xcl_large_500k_p32x4_c010,10,44,100,49.3882,49.3882
zf,B385,xcl_large_500k_p32x4_c010,10,45,1,88.3261,88.3261
zf,B385,xcl_large_500k_p32x4_c010,10,45,5,85.573,85.573
zf,B385,xcl_large_500k_p32x4_c010,10,45,10,83.1895,83.1895
zf,B385,xcl_large_500k_p32x4_c010,10,45,50,73.1094,73.1094
zf,B385,xcl_large_500k_p32x4_c010,10,45,100,49.5314,49.5314
zf,B385,xcl_large_500k_p32x4_c010,10,46,1,88.0392,88.0392
zf,B385,xcl_large_500k_p32x4_c010,10,46,5,86.1735,86.1735
zf,B385,xcl_large_500k_p32x4_c010,10,46,10,83.4282,83.4282
zf,B385,xcl_large_500k_p32x4_c010,10,46,50,72.6096,72.6096
zf,B385,xcl_large_500k_p32x4_c010,10,46,100,49.0055,49.0055
zf,B385,xcl_micro_500k_p32x1_c005,4,42,1,89.2908,89.2908
zf,B385,xcl_micro_500k_p32x1_c005,4,42,5,85.1049,85.1049
zf,B385,xcl_micro_500k_p32x1_c005,4,42,10,81.4742,81.4742
zf,B385,xcl_micro_500k_p32x1_c005,4,42,50,63.9338,63.9338
zf,B385,xcl_micro_500k_p32x1_c005,4,42,100,45.1587,45.1587
zf,B385,xcl_micro_500k_p32x1_c005,4,43,1,90.756,90.756
zf,B385,xcl_micro_500k_p32x1_c005,4,43,5,86.6928,86.6928
zf,B385,xcl_micro_500k_p32x1_c005,4,43,10,83.0004,83.0004
zf,B385,xcl_micro_500k_p32x1_c005,4,43,50,64.8487,64.8487
zf,B385,xcl_micro_500k_p32x1_c005,4,43,100,45.773,45.773
zf,B385,xcl_micro_500k_p32x1_c005,4,44,1,90.6015,90.6015
zf,B385,xcl_micro_500k_p32x1_c005,4,44,5,86.4391,86.4391
zf,B385,xcl_micro_500k_p32x1_c005,4,44,10,82.6045,82.6045
zf,B385,xcl_micro_500k_p32x1_c005,4,44,50,64.8223,64.8223
zf,B385,xcl_micro_500k_p32x1_c005,4,44,100,45.6084,45.6084
zf,B385,xcl_micro_500k_p32x1_c005,4,45,1,88.1422,88.1422
zf,B385,xcl_micro_500k_p32x1_c005,4,45,5,84.6817,84.6817
zf,B385,xcl_micro_500k_p32x1_c005,4,45,10,80.9644,80.9644
zf,B385,xcl_micro_500k_p32x1_c005,4,45,50,63.5072,63.5072
zf,B385,xcl_micro_500k_p32x1_c005,4,45,100,44.7691,44.7691
zf,B385,xcl_micro_500k_p32x1_c005,4,46,1,90.2166,90.2166
zf,B385,xcl_micro_500k_p32x1_c005,4,46,5,85.9959,85.9959
zf,B385,xcl_micro_500k_p32x1_c005,4,46,10,82.1598,82.1598
zf,B385,xcl_micro_500k_p32x1_c005,4,46,50,64.4001,64.4001
zf,B385,xcl_micro_500k_p32x1_c005,4,46,100,45.2974,45.2974
zf,B385,xcl_micro_500k_p32x1_c005,5,42,1,89.1799,89.1799
zf,B385,xcl_micro_500k_p32x1_c005,5,42,5,85.407,85.407
zf,B385,xcl_micro_500k_p32x1_c005,5,42,10,81.7215,81.7215
zf,B385,xcl_micro_500k_p32x1_c005,5,42,50,64.418,64.418
zf,B385,xcl_micro_500k_p32x1_c005,5,42,100,45.4595,45.4595
zf,B385,xcl_micro_500k_p32x1_c005,5,43,1,91.0686,91.0686
zf,B385,xcl_micro_500k_p32x1_c005,5,43,5,86.8326,86.8326
zf,B385,xcl_micro_500k_p32x1_c005,5,43,10,83.1628,83.1628
zf,B385,xcl_micro_500k_p32x1_c005,5,43,50,65.4608,65.4608
zf,B385,xcl_micro_500k_p32x1_c005,5,43,100,46.1098,46.1098
zf,B385,xcl_micro_500k_p32x1_c005,5,44,1,91.1649,91.1649
zf,B385,xcl_micro_500k_p32x1_c005,5,44,5,86.6338,86.6338
zf,B385,xcl_micro_500k_p32x1_c005,5,44,10,82.9623,82.9623
zf,B385,xcl_micro_500k_p32x1_c005,5,44,50,65.3844,65.3844
zf,B385,xcl_micro_500k_p32x1_c005,5,44,100,46.0083,46.0083
zf,B385,xcl_micro_500k_p32x1_c005,5,45,1,88.7135,88.7135
zf,B385,xcl_micro_500k_p32x1_c005,5,45,5,84.744,84.744
zf,B385,xcl_micro_500k_p32x1_c005,5,45,10,81.269,81.269
zf,B385,xcl_micro_500k_p32x1_c005,5,45,50,64.0676,64.0676
zf,B385,xcl_micro_500k_p32x1_c005,5,45,100,45.1789,45.1789
zf,B385,xcl_micro_500k_p32x1_c005,5,46,1,90.3465,90.3465
zf,B385,xcl_micro_500k_p32x1_c005,5,46,5,86.076,86.076
zf,B385,xcl_micro_500k_p32x1_c005,5,46,10,82.2708,82.2708
zf,B385,xcl_micro_500k_p32x1_c005,5,46,50,64.9135,64.9135
zf,B385,xcl_micro_500k_p32x1_c005,5,46,100,45.6809,45.6809
zf,B385,xcl_micro_500k_p32x4_c010,3,42,1,87.5749,87.5749
zf,B385,xcl_micro_500k_p32x4_c010,3,42,5,85.0248,85.0248
zf,B385,xcl_micro_500k_p32x4_c010,3,42,10,81.7033,81.7033
zf,B385,xcl_micro_500k_p32x4_c010,3,42,50,67.2196,67.2196
zf,B385,xcl_micro_500k_p32x4_c010,3,42,100,46.0618,46.0618
zf,B385,xcl_micro_500k_p32x4_c010,3,43,1,88.0643,88.0643
zf,B385,xcl_micro_500k_p32x4_c010,3,43,5,84.9904,84.9904
zf,B385,xcl_micro_500k_p32x4_c010,3,43,10,82.2193,82.2193
zf,B385,xcl_micro_500k_p32x4_c010,3,43,50,67.5015,67.5015
zf,B385,xcl_micro_500k_p32x4_c010,3,43,100,46.361,46.361
zf,B385,xcl_micro_500k_p32x4_c010,3,44,1,89.8036,89.8036
zf,B385,xcl_micro_500k_p32x4_c010,3,44,5,85.429,85.429
zf,B385,xcl_micro_500k_p32x4_c010,3,44,10,82.285,82.285
zf,B385,xcl_micro_500k_p32x4_c010,3,44,50,67.6924,67.6924
zf,B385,xcl_micro_500k_p32x4_c010,3,44,100,46.4052,46.4052
zf,B385,xcl_micro_500k_p32x4_c010,3,45,1,87.6968,87.6968
zf,B385,xcl_micro_500k_p32x4_c010,3,45,5,84.7509,84.7509
zf,B385,xcl_micro_500k_p32x4_c010,3,45,10,81.8677,81.8677
zf,B385,xcl_micro_500k_p32x4_c010,3,45,50,67.669,67.669
zf,B385,xcl_micro_500k_p32x4_c010,3,45,100,46.2794,46.2794
zf,B385,xcl_micro_500k_p32x4_c010,3,46,1,87.8577,87.8577
zf,B385,xcl_micro_500k_p32x4_c010,3,46,5,85.3098,85.3098
zf,B385,xcl_micro_500k_p32x4_c010,3,46,10,82.0786,82.0786
zf,B385,xcl_micro_500k_p32x4_c010,3,46,50,67.4622,67.4622
zf,B385,xcl_micro_500k_p32x4_c010,3,46,100,46.2352,46.2352
zf,B402,birdaves_biox_base,3,42,1,79.1404,71.2264
zf,B402,birdaves_biox_base,3,42,5,77.4571,69.7114
zf,B402,birdaves_biox_base,3,42,10,75.092,67.5828
zf,B402,birdaves_biox_base,3,42,50,61.7158,55.5442
zf,B402,birdaves_biox_base,3,42,100,48.2853,43.4567
zf,B402,birdaves_biox_base,3,43,1,80.6072,72.5465
zf,B402,birdaves_biox_base,3,43,5,77.1353,69.4217
zf,B402,birdaves_biox_base,3,43,10,74.1794,66.7615
zf,B402,birdaves_biox_base,3,43,50,61.6804,55.5124
zf,B402,birdaves_biox_base,3,43,100,48.2293,43.4064
zf,B402,birdaves_biox_base,3,44,1,79.5083,71.5575
zf,B402,birdaves_biox_base,3,44,5,76.6931,69.0238
zf,B402,birdaves_biox_base,3,44,10,73.8685,66.4816
zf,B402,birdaves_biox_base,3,44,50,60.6968,54.6272
zf,B402,birdaves_biox_base,3,44,100,48.0634,43.2571
zf,B402,birdaves_biox_base,3,45,1,76.7603,69.0843
zf,B402,birdaves_biox_base,3,45,5,74.5949,67.1354
zf,B402,birdaves_biox_base,3,45,10,71.9536,64.7583
zf,B402,birdaves_biox_base,3,45,50,59.1141,53.2027
zf,B402,birdaves_biox_base,3,45,100,46.7801,42.1021
zf,B402,birdaves_biox_base,3,46,1,78.2626,70.4363
zf,B402,birdaves_biox_base,3,46,5,74.7482,67.2733
zf,B402,birdaves_biox_base,3,46,10,72.4237,65.1813
zf,B402,birdaves_biox_base,3,46,50,60.4539,54.4085
zf,B402,birdaves_biox_base,3,46,100,48.2718,43.4446
zf,B402,birdaves_biox_base,7,42,1,79.8793,71.8914
zf,B402,birdaves_biox_base,7,42,5,77.6456,69.881
zf,B402,birdaves_biox_base,7,42,10,75.2514,67.7262
zf,B402,birdaves_biox_base,7,42,50,61.3931,55.2538
zf,B402,birdaves_biox_base,7,42,100,47.9958,43.1962
zf,B402,birdaves_biox_base,7,43,1,80.0283,72.0255
zf,B402,birdaves_biox_base,7,43,5,77.1748,69.4573
zf,B402,birdaves_biox_base,7,43,10,74.8532,67.3679
zf,B402,birdaves_biox_base,7,43,50,61.8934,55.7041
zf,B402,birdaves_biox_base,7,43,100,48.3998,43.5598
zf,B402,birdaves_biox_base,7,44,1,79.5688,71.6119
zf,B402,birdaves_biox_base,7,44,5,76.7993,69.1194
zf,B402,birdaves_biox_base,7,44,10,73.9833,66.585
zf,B402,birdaves_biox_base,7,44,50,61.0896,54.9807
zf,B402,birdaves_biox_base,7,44,100,47.9656,43.1691
zf,B402,birdaves_biox_base,7,45,1,76.7399,69.0659
zf,B402,birdaves_biox_base,7,45,5,74.2001,66.7801
zf,B402,birdaves_biox_base,7,45,10,71.342,64.2078
zf,B402,birdaves_biox_base,7,45,50,58.6755,52.808
zf,B402,birdaves_biox_base,7,45,100,46.449,41.8041
zf,B402,birdaves_biox_base,7,46,1,78.4399,70.5959
zf,B402,birdaves_biox_base,7,46,5,75.1646,67.6481
zf,B402,birdaves_biox_base,7,46,10,72.405,65.1645
zf,B402,birdaves_biox_base,7,46,50,60.6605,54.5945
zf,B402,birdaves_biox_base,7,46,100,47.9687,43.1719
zf,B402,birdaves_biox_base_speed0p25,3,42,1,83.0397,74.7357
zf,B402,birdaves_biox_base_speed0p25,3,42,5,77.8431,70.0588
zf,B402,birdaves_biox_base_speed0p25,3,42,10,74.4773,67.0296
zf,B402,birdaves_biox_base_speed0p25,3,42,50,61.1735,55.0562
zf,B402,birdaves_biox_base_speed0p25,3,42,100,47.3067,42.576
zf,B402,birdaves_biox_base_speed0p25,3,43,1,81.2543,73.1288
zf,B402,birdaves_biox_base_speed0p25,3,43,5,77.0152,69.3137
zf,B402,birdaves_biox_base_speed0p25,3,43,10,73.6509,66.2858
zf,B402,birdaves_biox_base_speed0p25,3,43,50,60.619,54.5571
zf,B402,birdaves_biox_base_speed0p25,3,43,100,46.6922,42.023
zf,B402,birdaves_biox_base_speed0p25,3,44,1,80.2641,72.2377
zf,B402,birdaves_biox_base_speed0p25,3,44,5,75.766,68.1894
zf,B402,birdaves_biox_base_speed0p25,3,44,10,72.231,65.0079
zf,B402,birdaves_biox_base_speed0p25,3,44,50,59.8573,53.8716
zf,B402,birdaves_biox_base_speed0p25,3,44,100,46.6497,41.9847
zf,B402,birdaves_biox_base_speed0p25,3,45,1,78.2261,70.4035
zf,B402,birdaves_biox_base_speed0p25,3,45,5,74.1696,66.7527
zf,B402,birdaves_biox_base_speed0p25,3,45,10,70.786,63.7074
zf,B402,birdaves_biox_base_speed0p25,3,45,50,58.2778,52.45
zf,B402,birdaves_biox_base_speed0p25,3,45,100,45.3307,40.7976
zf,B402,birdaves_biox_base_speed0p25,3,46,1,82.1126,73.9014
zf,B402,birdaves_biox_base_speed0p25,3,46,5,76.1047,68.4943
zf,B402,birdaves_biox_base_speed0p25,3,46,10,72.3988,65.1589
zf,B402,birdaves_biox_base_speed0p25,3,46,50,59.8309,53.8478
zf,B402,birdaves_biox_base_speed0p25,3,46,100,46.4298,41.7868
zf,B402,birdaves_biox_base_speed0p25,4,42,1,83.4688,75.122
zf,B402,birdaves_biox_base_speed0p25,4,42,5,78.8545,70.969
zf,B402,birdaves_biox_base_speed0p25,4,42,10,75.2764,67.7487
zf,B402,birdaves_biox_base_speed0p25,4,42,50,61.9455,55.751
zf,B402,birdaves_biox_base_speed0p25,4,42,100,47.6685,42.9016
zf,B402,birdaves_biox_base_speed0p25,4,43,1,82.6262,74.3635
zf,B402,birdaves_biox_base_speed0p25,4,43,5,78.0073,70.2066
zf,B402,birdaves_biox_base_speed0p25,4,43,10,74.5222,67.07
zf,B402,birdaves_biox_base_speed0p25,4,43,50,61.3613,55.2252
zf,B402,birdaves_biox_base_speed0p25,4,43,100,47.1108,42.3997
zf,B402,birdaves_biox_base_speed0p25,4,44,1,82.9247,74.6322
zf,B402,birdaves_biox_base_speed0p25,4,44,5,76.8553,69.1697
zf,B402,birdaves_biox_base_speed0p25,4,44,10,73.3527,66.0175
zf,B402,birdaves_biox_base_speed0p25,4,44,50,60.5349,54.4814
zf,B402,birdaves_biox_base_speed0p25,4,44,100,47.1129,42.4016
zf,B402,birdaves_biox_base_speed0p25,4,45,1,78.9644,71.068
zf,B402,birdaves_biox_base_speed0p25,4,45,5,75.097,67.5873
zf,B402,birdaves_biox_base_speed0p25,4,45,10,71.7092,64.5383
zf,B402,birdaves_biox_base_speed0p25,4,45,50,59.1656,53.2491
zf,B402,birdaves_biox_base_speed0p25,4,45,100,45.8184,41.2365
zf,B402,birdaves_biox_base_speed0p25,4,46,1,82.8717,74.5845
zf,B402,birdaves_biox_base_speed0p25,4,46,5,77.2775,69.5498
zf,B402,birdaves_biox_base_speed0p25,4,46,10,73.5129,66.1616
zf,B402,birdaves_biox_base_speed0p25,4,46,50,60.6807,54.6126
zf,B402,birdaves_biox_base_speed0p25,4,46,100,46.9241,42.2317
zf,B402,birdaves_biox_base_speed0p5,3,42,1,82.9387,74.6448
zf,B402,birdaves_biox_base_speed0p5,3,42,5,79.4156,71.474
zf,B402,birdaves_biox_base_speed0p5,3,42,10,76.8808,69.1927
zf,B402,birdaves_biox_base_speed0p5,3,42,50,63.247,56.9223
zf,B402,birdaves_biox_base_speed0p5,3,42,100,49.3541,44.4187
zf,B402,birdaves_biox_base_speed0p5,3,43,1,80.4382,72.3944
zf,B402,birdaves_biox_base_speed0p5,3,43,5,78.3282,70.4953
zf,B402,birdaves_biox_base_speed0p5,3,43,10,75.343,67.8087
zf,B402,birdaves_biox_base_speed0p5,3,43,50,62.0931,55.8838
zf,B402,birdaves_biox_base_speed0p5,3,43,100,48.4914,43.6423
zf,B402,birdaves_biox_base_speed0p5,3,44,1,81.3425,73.2083
zf,B402,birdaves_biox_base_speed0p5,3,44,5,77.608,69.8472
zf,B402,birdaves_biox_base_speed0p5,3,44,10,74.7143,67.2429
zf,B402,birdaves_biox_base_speed0p5,3,44,50,61.4954,55.3459
zf,B402,birdaves_biox_base_speed0p5,3,44,100,48.263,43.4367
zf,B402,birdaves_biox_base_speed0p5,3,45,1,79.3777,71.44
zf,B402,birdaves_biox_base_speed0p5,3,45,5,75.4393,67.8954
zf,B402,birdaves_biox_base_speed0p5,3,45,10,72.4023,65.1621
zf,B402,birdaves_biox_base_speed0p5,3,45,50,59.7195,53.7476
zf,B402,birdaves_biox_base_speed0p5,3,45,100,46.9822,42.284
zf,B402,birdaves_biox_base_speed0p5,3,46,1,79.7217,71.7496
zf,B402,birdaves_biox_base_speed0p5,3,46,5,76.7934,69.1141
zf,B402,birdaves_biox_base_speed0p5,3,46,10,74.0693,66.6623
zf,B402,birdaves_biox_base_speed0p5,3,46,50,61.7268,55.5541
zf,B402,birdaves_biox_base_speed0p5,3,46,100,48.6869,43.8182
zf,B402,birdaves_biox_base_speed0p5,6,42,1,84.8767,76.389
zf,B402,birdaves_biox_base_speed0p5,6,42,5,80.4983,72.4485
zf,B402,birdaves_biox_base_speed0p5,6,42,10,77.6171,69.8554
zf,B402,birdaves_biox_base_speed0p5,6,42,50,63.9546,57.5591
zf,B402,birdaves_biox_base_speed0p5,6,42,100,49.8804,44.8923
zf,B402,birdaves_biox_base_speed0p5,6,43,1,82.2515,74.0264
zf,B402,birdaves_biox_base_speed0p5,6,43,5,79.2104,71.2893
zf,B402,birdaves_biox_base_speed0p5,6,43,10,76.1199,68.5079
zf,B402,birdaves_biox_base_speed0p5,6,43,50,63.0897,56.7807
zf,B402,birdaves_biox_base_speed0p5,6,43,100,49.3719,44.4347
zf,B402,birdaves_biox_base_speed0p5,6,44,1,82.7322,74.4589
zf,B402,birdaves_biox_base_speed0p5,6,44,5,79.0246,71.1221
zf,B402,birdaves_biox_base_speed0p5,6,44,10,75.9003,68.3103
zf,B402,birdaves_biox_base_speed0p5,6,44,50,62.168,55.9512
zf,B402,birdaves_biox_base_speed0p5,6,44,100,48.5226,43.6704
zf,B402,birdaves_biox_base_speed0p5,6,45,1,80.568,72.5112
zf,B402,birdaves_biox_base_speed0p5,6,45,5,77.1234,69.4111
zf,B402,birdaves_biox_base_speed0p5,6,45,10,73.7711,66.394
zf,B402,birdaves_biox_base_speed0p5,6,45,50,60.2633,54.237
zf,B402,birdaves_biox_base_speed0p5,6,45,100,47.4817,42.7335
zf,B402,birdaves_biox_base_speed0p5,6,46,1,81.8162,73.6346
zf,B402,birdaves_biox_base_speed0p5,6,46,5,78.3406,70.5065
zf,B402,birdaves_biox_base_speed0p5,6,46,10,75.2249,67.7024
zf,B402,birdaves_biox_base_speed0p5,6,46,50,62.3326,56.0993
zf,B402,birdaves_biox_base_speed0p5,6,46,100,49.0979,44.1881
zf,B402,hubert_base_ls960,0,42,1,75.8444,68.26
zf,B402,hubert_base_ls960,0,42,5,72.3014,65.0712
zf,B402,hubert_base_ls960,0,42,10,68.7141,61.8427
zf,B402,hubert_base_ls960,0,42,50,56.4089,50.768
zf,B402,hubert_base_ls960,0,42,100,43.2703,38.9432
zf,B402,hubert_base_ls960,0,43,1,75.0784,67.5706
zf,B402,hubert_base_ls960,0,43,5,72.1429,64.9286
zf,B402,hubert_base_ls960,0,43,10,69.0791,62.1712
zf,B402,hubert_base_ls960,0,43,50,57.0966,51.3869
zf,B402,hubert_base_ls960,0,43,100,43.6304,39.2674
zf,B402,hubert_base_ls960,0,44,1,75.4208,67.8787
zf,B402,hubert_base_ls960,0,44,5,71.6826,64.5143
zf,B402,hubert_base_ls960,0,44,10,67.8932,61.1039
zf,B402,hubert_base_ls960,0,44,50,55.5759,50.0183
zf,B402,hubert_base_ls960,0,44,100,42.3508,38.1157
zf,B402,hubert_base_ls960,0,45,1,71.2075,64.0867
zf,B402,hubert_base_ls960,0,45,5,69.8455,62.8609
zf,B402,hubert_base_ls960,0,45,10,66.4726,59.8254
zf,B402,hubert_base_ls960,0,45,50,55.0233,49.521
zf,B402,hubert_base_ls960,0,45,100,42.2953,38.0658
zf,B402,hubert_base_ls960,0,46,1,73.3389,66.005
zf,B402,hubert_base_ls960,0,46,5,69.3151,62.3836
zf,B402,hubert_base_ls960,0,46,10,66.6101,59.9491
zf,B402,hubert_base_ls960,0,46,50,55.9412,50.3471
zf,B402,hubert_base_ls960,0,46,100,42.9188,38.6269
zf,B402,hubert_base_ls960,3,42,1,76.7936,69.1143
zf,B402,hubert_base_ls960,3,42,5,71.7934,64.614
zf,B402,hubert_base_ls960,3,42,10,68.1305,61.3174
zf,B402,hubert_base_ls960,3,42,50,54.0733,48.666
zf,B402,hubert_base_ls960,3,42,100,42.2956,38.0661
zf,B402,hubert_base_ls960,3,43,1,75.0288,67.5259
zf,B402,hubert_base_ls960,3,43,5,71.2042,64.0838
zf,B402,hubert_base_ls960,3,43,10,68.0304,61.2273
zf,B402,hubert_base_ls960,3,43,50,54.8194,49.3375
zf,B402,hubert_base_ls960,3,43,100,42.7115,38.4404
zf,B402,hubert_base_ls960,3,44,1,75.8301,68.2471
zf,B402,hubert_base_ls960,3,44,5,70.5336,63.4802
zf,B402,hubert_base_ls960,3,44,10,66.7384,60.0646
zf,B402,hubert_base_ls960,3,44,50,53.6846,48.3161
zf,B402,hubert_base_ls960,3,44,100,41.8466,37.6619
zf,B402,hubert_base_ls960,3,45,1,72.0742,64.8668
zf,B402,hubert_base_ls960,3,45,5,68.6091,61.7482
zf,B402,hubert_base_ls960,3,45,10,65.0919,58.5827
zf,B402,hubert_base_ls960,3,45,50,52.675,47.4075
zf,B402,hubert_base_ls960,3,45,100,41.4037,37.2634
zf,B402,hubert_base_ls960,3,46,1,71.43,64.287
zf,B402,hubert_base_ls960,3,46,5,69.2504,62.3254
zf,B402,hubert_base_ls960,3,46,10,66.2555,59.63
zf,B402,hubert_base_ls960,3,46,50,53.4995,48.1496
zf,B402,hubert_base_ls960,3,46,100,42.1065,37.8959
zf,B402,xcl_base_500k_p32x1_c005,5,42,1,81.6037,73.4434
zf,B402,xcl_base_500k_p32x1_c005,5,42,5,78.8551,70.9695
zf,B402,xcl_base_500k_p32x1_c005,5,42,10,76.3182,68.6864
zf,B402,xcl_base_500k_p32x1_c005,5,42,50,66.3331,59.6998
zf,B402,xcl_base_500k_p32x1_c005,5,42,100,52.502,47.2518
zf,B402,xcl_base_500k_p32x1_c005,5,43,1,81.0781,72.9703
zf,B402,xcl_base_500k_p32x1_c005,5,43,5,79.0836,71.1753
zf,B402,xcl_base_500k_p32x1_c005,5,43,10,76.3036,68.6732
zf,B402,xcl_base_500k_p32x1_c005,5,43,50,65.7355,59.1619
zf,B402,xcl_base_500k_p32x1_c005,5,43,100,51.965,46.7685
zf,B402,xcl_base_500k_p32x1_c005,5,44,1,79.229,71.3061
zf,B402,xcl_base_500k_p32x1_c005,5,44,5,76.4918,68.8426
zf,B402,xcl_base_500k_p32x1_c005,5,44,10,73.5382,66.1844
zf,B402,xcl_base_500k_p32x1_c005,5,44,50,63.7396,57.3657
zf,B402,xcl_base_500k_p32x1_c005,5,44,100,51.1288,46.0159
zf,B402,xcl_base_500k_p32x1_c005,5,45,1,78.4759,70.6283
zf,B402,xcl_base_500k_p32x1_c005,5,45,5,75.7353,68.1617
zf,B402,xcl_base_500k_p32x1_c005,5,45,10,72.9604,65.6644
zf,B402,xcl_base_500k_p32x1_c005,5,45,50,62.7883,56.5095
zf,B402,xcl_base_500k_p32x1_c005,5,45,100,50.0786,45.0707
zf,B402,xcl_base_500k_p32x1_c005,5,46,1,79.7163,71.7447
zf,B402,xcl_base_500k_p32x1_c005,5,46,5,76.8189,69.137
zf,B402,xcl_base_500k_p32x1_c005,5,46,10,74.215,66.7935
zf,B402,xcl_base_500k_p32x1_c005,5,46,50,64.2212,57.799
zf,B402,xcl_base_500k_p32x1_c005,5,46,100,51.1098,45.9988
zf,B402,xcl_base_500k_p32x4_c010,3,42,1,78.8463,70.9616
zf,B402,xcl_base_500k_p32x4_c010,3,42,5,75.2643,67.7379
zf,B402,xcl_base_500k_p32x4_c010,3,42,10,72.0853,64.8767
zf,B402,xcl_base_500k_p32x4_c010,3,42,50,61.4646,55.3182
zf,B402,xcl_base_500k_p32x4_c010,3,42,100,48.2168,43.3951
zf,B402,xcl_base_500k_p32x4_c010,3,43,1,77.7379,69.9641
zf,B402,xcl_base_500k_p32x4_c010,3,43,5,75.0892,67.5802
zf,B402,xcl_base_500k_p32x4_c010,3,43,10,71.9676,64.7709
zf,B402,xcl_base_500k_p32x4_c010,3,43,50,61.1305,55.0174
zf,B402,xcl_base_500k_p32x4_c010,3,43,100,48.0849,43.2764
zf,B402,xcl_base_500k_p32x4_c010,3,44,1,76.8012,69.1211
zf,B402,xcl_base_500k_p32x4_c010,3,44,5,72.9661,65.6695
zf,B402,xcl_base_500k_p32x4_c010,3,44,10,70.3767,63.339
zf,B402,xcl_base_500k_p32x4_c010,3,44,50,59.7757,53.7981
zf,B402,xcl_base_500k_p32x4_c010,3,44,100,47.3923,42.653
zf,B402,xcl_base_500k_p32x4_c010,3,45,1,74.5109,67.0598
zf,B402,xcl_base_500k_p32x4_c010,3,45,5,71.6067,64.4461
zf,B402,xcl_base_500k_p32x4_c010,3,45,10,69.3292,62.3962
zf,B402,xcl_base_500k_p32x4_c010,3,45,50,59.1797,53.2618
zf,B402,xcl_base_500k_p32x4_c010,3,45,100,46.8318,42.1486
zf,B402,xcl_base_500k_p32x4_c010,3,46,1,77.0263,69.3237
zf,B402,xcl_base_500k_p32x4_c010,3,46,5,72.2549,65.0295
zf,B402,xcl_base_500k_p32x4_c010,3,46,10,69.2659,62.3393
zf,B402,xcl_base_500k_p32x4_c010,3,46,50,59.7869,53.8083
zf,B402,xcl_base_500k_p32x4_c010,3,46,100,47.2942,42.5648
zf,B402,xcl_base_500k_p32x4_c010,4,42,1,78.8803,70.9922
zf,B402,xcl_base_500k_p32x4_c010,4,42,5,75.2805,67.7525
zf,B402,xcl_base_500k_p32x4_c010,4,42,10,72.4255,65.183
zf,B402,xcl_base_500k_p32x4_c010,4,42,50,61.2385,55.1146
zf,B402,xcl_base_500k_p32x4_c010,4,42,100,48.2769,43.4492
zf,B402,xcl_base_500k_p32x4_c010,4,43,1,77.3491,69.6142
zf,B402,xcl_base_500k_p32x4_c010,4,43,5,74.7085,67.2377
zf,B402,xcl_base_500k_p32x4_c010,4,43,10,72.1114,64.9003
zf,B402,xcl_base_500k_p32x4_c010,4,43,50,60.8129,54.7316
zf,B402,xcl_base_500k_p32x4_c010,4,43,100,48.1064,43.2958
zf,B402,xcl_base_500k_p32x4_c010,4,44,1,77.4991,69.7492
zf,B402,xcl_base_500k_p32x4_c010,4,44,5,72.9163,65.6247
zf,B402,xcl_base_500k_p32x4_c010,4,44,10,70.3241,63.2917
zf,B402,xcl_base_500k_p32x4_c010,4,44,50,59.5026,53.5524
zf,B402,xcl_base_500k_p32x4_c010,4,44,100,47.1784,42.4606
zf,B402,xcl_base_500k_p32x4_c010,4,45,1,75.1139,67.6025
zf,B402,xcl_base_500k_p32x4_c010,4,45,5,71.8719,64.6847
zf,B402,xcl_base_500k_p32x4_c010,4,45,10,69.5226,62.5704
zf,B402,xcl_base_500k_p32x4_c010,4,45,50,58.901,53.0109
zf,B402,xcl_base_500k_p32x4_c010,4,45,100,46.7796,42.1016
zf,B402,xcl_base_500k_p32x4_c010,4,46,1,75.2617,67.7355
zf,B402,xcl_base_500k_p32x4_c010,4,46,5,71.6215,64.4594
zf,B402,xcl_base_500k_p32x4_c010,4,46,10,69.1417,62.2275
zf,B402,xcl_base_500k_p32x4_c010,4,46,50,59.3216,53.3895
zf,B402,xcl_base_500k_p32x4_c010,4,46,100,47.1475,42.4328
zf,B402,xcl_large_500k_p32x1_c005,11,42,1,82.5703,74.3133
zf,B402,xcl_large_500k_p32x1_c005,11,42,5,81.1372,73.0234
zf,B402,xcl_large_500k_p32x1_c005,11,42,10,78.8559,70.9703
zf,B402,xcl_large_500k_p32x1_c005,11,42,50,68.3691,61.5322
zf,B402,xcl_large_500k_p32x1_c005,11,42,100,53.6418,48.2776
zf,B402,xcl_large_500k_p32x1_c005,11,43,1,84.1397,75.7258
zf,B402,xcl_large_500k_p32x1_c005,11,43,5,81.0595,72.9536
zf,B402,xcl_large_500k_p32x1_c005,11,43,10,78.5925,70.7333
zf,B402,xcl_large_500k_p32x1_c005,11,43,50,67.44,60.696
zf,B402,xcl_large_500k_p32x1_c005,11,43,100,53.1803,47.8622
zf,B402,xcl_large_500k_p32x1_c005,11,44,1,79.5506,71.5956
zf,B402,xcl_large_500k_p32x1_c005,11,44,5,78.1389,70.3251
zf,B402,xcl_large_500k_p32x1_c005,11,44,10,76.1007,68.4907
zf,B402,xcl_large_500k_p32x1_c005,11,44,50,65.7908,59.2118
zf,B402,xcl_large_500k_p32x1_c005,11,44,100,52.3904,47.1513
zf,B402,xcl_large_500k_p32x1_c005,11,45,1,79.7293,71.7563
zf,B402,xcl_large_500k_p32x1_c005,11,45,5,78.0449,70.2405
zf,B402,xcl_large_500k_p32x1_c005,11,45,10,75.4596,67.9137
zf,B402,xcl_large_500k_p32x1_c005,11,45,50,64.7412,58.2671
zf,B402,xcl_large_500k_p32x1_c005,11,45,100,51.3766,46.2389
zf,B402,xcl_large_500k_p32x1_c005,11,46,1,80.4563,72.4106
zf,B402,xcl_large_500k_p32x1_c005,11,46,5,78.6976,70.8278
zf,B402,xcl_large_500k_p32x1_c005,11,46,10,76.5515,68.8963
zf,B402,xcl_large_500k_p32x1_c005,11,46,50,66.0328,59.4295
zf,B402,xcl_large_500k_p32x1_c005,11,46,100,52.279,47.0511
zf,B402,xcl_large_500k_p32x4_c0025,9,42,1,79.3232,71.3909
zf,B402,xcl_large_500k_p32x4_c0025,9,42,5,75.2709,67.7438
zf,B402,xcl_large_500k_p32x4_c0025,9,42,10,72.7122,65.441
zf,B402,xcl_large_500k_p32x4_c0025,9,42,50,62.0156,55.814
zf,B402,xcl_large_500k_p32x4_c0025,9,42,100,48.8467,43.962
zf,B402,xcl_large_500k_p32x4_c0025,9,43,1,78.5574,70.7016
zf,B402,xcl_large_500k_p32x4_c0025,9,43,5,74.848,67.3632
zf,B402,xcl_large_500k_p32x4_c0025,9,43,10,72.6335,65.3701
zf,B402,xcl_large_500k_p32x4_c0025,9,43,50,61.4709,55.3238
zf,B402,xcl_large_500k_p32x4_c0025,9,43,100,48.5848,43.7263
zf,B402,xcl_large_500k_p32x4_c0025,9,44,1,78.4802,70.6322
zf,B402,xcl_large_500k_p32x4_c0025,9,44,5,73.1536,65.8382
zf,B402,xcl_large_500k_p32x4_c0025,9,44,10,70.569,63.5121
zf,B402,xcl_large_500k_p32x4_c0025,9,44,50,60.2637,54.2373
zf,B402,xcl_large_500k_p32x4_c0025,9,44,100,47.8576,43.0718
zf,B402,xcl_large_500k_p32x4_c0025,9,45,1,74.7026,67.2324
zf,B402,xcl_large_500k_p32x4_c0025,9,45,5,72.0277,64.825
zf,B402,xcl_large_500k_p32x4_c0025,9,45,10,70.0731,63.0658
zf,B402,xcl_large_500k_p32x4_c0025,9,45,50,59.4665,53.5198
zf,B402,xcl_large_500k_p32x4_c0025,9,45,100,47.2768,42.5491
zf,B402,xcl_large_500k_p32x4_c0025,9,46,1,75.4296,67.8866
zf,B402,xcl_large_500k_p32x4_c0025,9,46,5,72.3847,65.1462
zf,B402,xcl_large_500k_p32x4_c0025,9,46,10,70.2456,63.221
zf,B402,xcl_large_500k_p32x4_c0025,9,46,50,60.009,54.0081
zf,B402,xcl_large_500k_p32x4_c0025,9,46,100,47.7568,42.9811
zf,B402,xcl_large_500k_p32x4_c010,10,42,1,80.1835,72.1652
zf,B402,xcl_large_500k_p32x4_c010,10,42,5,76.7815,69.1034
zf,B402,xcl_large_500k_p32x4_c010,10,42,10,73.5172,66.1655
zf,B402,xcl_large_500k_p32x4_c010,10,42,50,62.3736,56.1362
zf,B402,xcl_large_500k_p32x4_c010,10,42,100,49.5924,44.6331
zf,B402,xcl_large_500k_p32x4_c010,10,43,1,77.3722,69.635
zf,B402,xcl_large_500k_p32x4_c010,10,43,5,76.3804,68.7424
zf,B402,xcl_large_500k_p32x4_c010,10,43,10,73.2394,65.9155
zf,B402,xcl_large_500k_p32x4_c010,10,43,50,61.8487,55.6638
zf,B402,xcl_large_500k_p32x4_c010,10,43,100,49.243,44.3187
zf,B402,xcl_large_500k_p32x4_c010,10,44,1,78.8104,70.9294
zf,B402,xcl_large_500k_p32x4_c010,10,44,5,74.25,66.825
zf,B402,xcl_large_500k_p32x4_c010,10,44,10,71.3633,64.227
zf,B402,xcl_large_500k_p32x4_c010,10,44,50,60.9958,54.8963
zf,B402,xcl_large_500k_p32x4_c010,10,44,100,48.6777,43.8099
zf,B402,xcl_large_500k_p32x4_c010,10,45,1,75.2058,67.6852
zf,B402,xcl_large_500k_p32x4_c010,10,45,5,72.5401,65.2861
zf,B402,xcl_large_500k_p32x4_c010,10,45,10,70.3107,63.2796
zf,B402,xcl_large_500k_p32x4_c010,10,45,50,59.8937,53.9044
zf,B402,xcl_large_500k_p32x4_c010,10,45,100,47.8741,43.0867
zf,B402,xcl_large_500k_p32x4_c010,10,46,1,75.9928,68.3935
zf,B402,xcl_large_500k_p32x4_c010,10,46,5,72.9038,65.6134
zf,B402,xcl_large_500k_p32x4_c010,10,46,10,70.5526,63.4974
zf,B402,xcl_large_500k_p32x4_c010,10,46,50,60.5459,54.4913
zf,B402,xcl_large_500k_p32x4_c010,10,46,100,48.348,43.5132
zf,B402,xcl_micro_500k_p32x1_c005,4,42,1,76.2225,68.6002
zf,B402,xcl_micro_500k_p32x1_c005,4,42,5,73.3666,66.03
zf,B402,xcl_micro_500k_p32x1_c005,4,42,10,70.8292,63.7463
zf,B402,xcl_micro_500k_p32x1_c005,4,42,50,60.2529,54.2276
zf,B402,xcl_micro_500k_p32x1_c005,4,42,100,47.8405,43.0565
zf,B402,xcl_micro_500k_p32x1_c005,4,43,1,77.8332,70.0498
zf,B402,xcl_micro_500k_p32x1_c005,4,43,5,74.1249,66.7124
zf,B402,xcl_micro_500k_p32x1_c005,4,43,10,71.1589,64.043
zf,B402,xcl_micro_500k_p32x1_c005,4,43,50,59.9263,53.9337
zf,B402,xcl_micro_500k_p32x1_c005,4,43,100,47.5524,42.7972
zf,B402,xcl_micro_500k_p32x1_c005,4,44,1,73.9964,66.5967
zf,B402,xcl_micro_500k_p32x1_c005,4,44,5,70.499,63.4491
zf,B402,xcl_micro_500k_p32x1_c005,4,44,10,68.0626,61.2563
zf,B402,xcl_micro_500k_p32x1_c005,4,44,50,57.4808,51.7328
zf,B402,xcl_micro_500k_p32x1_c005,4,44,100,46.3869,41.7482
zf,B402,xcl_micro_500k_p32x1_c005,4,45,1,73.4154,66.0738
zf,B402,xcl_micro_500k_p32x1_c005,4,45,5,70.3405,63.3064
zf,B402,xcl_micro_500k_p32x1_c005,4,45,10,67.4601,60.7141
zf,B402,xcl_micro_500k_p32x1_c005,4,45,50,56.6846,51.0161
zf,B402,xcl_micro_500k_p32x1_c005,4,45,100,45.5093,40.9584
zf,B402,xcl_micro_500k_p32x1_c005,4,46,1,74.5191,67.0672
zf,B402,xcl_micro_500k_p32x1_c005,4,46,5,70.7928,63.7135
zf,B402,xcl_micro_500k_p32x1_c005,4,46,10,68.0823,61.2741
zf,B402,xcl_micro_500k_p32x1_c005,4,46,50,57.6831,51.9148
zf,B402,xcl_micro_500k_p32x1_c005,4,46,100,45.9324,41.3392
zf,B402,xcl_micro_500k_p32x1_c005,5,42,1,76.6042,68.9438
zf,B402,xcl_micro_500k_p32x1_c005,5,42,5,73.6167,66.2551
zf,B402,xcl_micro_500k_p32x1_c005,5,42,10,70.982,63.8838
zf,B402,xcl_micro_500k_p32x1_c005,5,42,50,60.2448,54.2203
zf,B402,xcl_micro_500k_p32x1_c005,5,42,100,47.8708,43.0837
zf,B402,xcl_micro_500k_p32x1_c005,5,43,1,78.1987,70.3789
zf,B402,xcl_micro_500k_p32x1_c005,5,43,5,74.4284,66.9855
zf,B402,xcl_micro_500k_p32x1_c005,5,43,10,71.4595,64.3136
zf,B402,xcl_micro_500k_p32x1_c005,5,43,50,60.0175,54.0158
zf,B402,xcl_micro_500k_p32x1_c005,5,43,100,47.6101,42.8491
zf,B402,xcl_micro_500k_p32x1_c005,5,44,1,74.068,66.6612
zf,B402,xcl_micro_500k_p32x1_c005,5,44,5,70.5334,63.48
zf,B402,xcl_micro_500k_p32x1_c005,5,44,10,67.8987,61.1088
zf,B402,xcl_micro_500k_p32x1_c005,5,44,50,57.3798,51.6419
zf,B402,xcl_micro_500k_p32x1_c005,5,44,100,46.3266,41.6939
zf,B402,xcl_micro_500k_p32x1_c005,5,45,1,73.6738,66.3064
zf,B402,xcl_micro_500k_p32x1_c005,5,45,5,70.2553,63.2298
zf,B402,xcl_micro_500k_p32x1_c005,5,45,10,67.594,60.8346
zf,B402,xcl_micro_500k_p32x1_c005,5,45,50,56.8266,51.144
zf,B402,xcl_micro_500k_p32x1_c005,5,45,100,45.4939,40.9445
zf,B402,xcl_micro_500k_p32x1_c005,5,46,1,74.6745,67.2071
zf,B402,xcl_micro_500k_p32x1_c005,5,46,5,70.901,63.8109
zf,B402,xcl_micro_500k_p32x1_c005,5,46,10,68.2079,61.3871
zf,B402,xcl_micro_500k_p32x1_c005,5,46,50,57.7537,51.9783
zf,B402,xcl_micro_500k_p32x1_c005,5,46,100,45.9812,41.3831
zf,B402,xcl_micro_500k_p32x4_c010,3,42,1,76.5025,68.8523
zf,B402,xcl_micro_500k_p32x4_c010,3,42,5,73.003,65.7027
zf,B402,xcl_micro_500k_p32x4_c010,3,42,10,70.4558,63.4102
zf,B402,xcl_micro_500k_p32x4_c010,3,42,50,58.9526,53.0573
zf,B402,xcl_micro_500k_p32x4_c010,3,42,100,46.0985,41.4887
zf,B402,xcl_micro_500k_p32x4_c010,3,43,1,75.6476,68.0828
zf,B402,xcl_micro_500k_p32x4_c010,3,43,5,73.1458,65.8312
zf,B402,xcl_micro_500k_p32x4_c010,3,43,10,69.8254,62.8428
zf,B402,xcl_micro_500k_p32x4_c010,3,43,50,58.3936,52.5542
zf,B402,xcl_micro_500k_p32x4_c010,3,43,100,45.9574,41.3616
zf,B402,xcl_micro_500k_p32x4_c010,3,44,1,75.4435,67.8991
zf,B402,xcl_micro_500k_p32x4_c010,3,44,5,70.6287,63.5658
zf,B402,xcl_micro_500k_p32x4_c010,3,44,10,67.7009,60.9309
zf,B402,xcl_micro_500k_p32x4_c010,3,44,50,57.0737,51.3663
zf,B402,xcl_micro_500k_p32x4_c010,3,44,100,44.9544,40.4589
zf,B402,xcl_micro_500k_p32x4_c010,3,45,1,72.6584,65.3926
zf,B402,xcl_micro_500k_p32x4_c010,3,45,5,69.9333,62.94
zf,B402,xcl_micro_500k_p32x4_c010,3,45,10,67.6146,60.8532
zf,B402,xcl_micro_500k_p32x4_c010,3,45,50,56.5166,50.8649
zf,B402,xcl_micro_500k_p32x4_c010,3,45,100,44.7369,40.2632
zf,B402,xcl_micro_500k_p32x4_c010,3,46,1,73.7858,66.4072
zf,B402,xcl_micro_500k_p32x4_c010,3,46,5,70.2062,63.1856
zf,B402,xcl_micro_500k_p32x4_c010,3,46,10,66.8808,60.1927
zf,B402,xcl_micro_500k_p32x4_c010,3,46,50,57.1566,51.441
zf,B402,xcl_micro_500k_p32x4_c010,3,46,100,45.2249,40.7024
zf,B447,birdaves_biox_base,3,42,1,84.124,84.124
zf,B447,birdaves_biox_base,3,42,5,84.024,84.024
zf,B447,birdaves_biox_base,3,42,10,82.7278,82.7278
zf,B447,birdaves_biox_base,3,42,50,75.2263,75.2263
zf,B447,birdaves_biox_base,3,42,100,67.603,67.603
zf,B447,birdaves_biox_base,3,43,1,87.087,87.087
zf,B447,birdaves_biox_base,3,43,5,84.8741,84.8741
zf,B447,birdaves_biox_base,3,43,10,82.2856,82.2856
zf,B447,birdaves_biox_base,3,43,50,74.7785,74.7785
zf,B447,birdaves_biox_base,3,43,100,67.0103,67.0103
zf,B447,birdaves_biox_base,3,44,1,87.1991,87.1991
zf,B447,birdaves_biox_base,3,44,5,84.9806,84.9806
zf,B447,birdaves_biox_base,3,44,10,83.9613,83.9613
zf,B447,birdaves_biox_base,3,44,50,76.4221,76.4221
zf,B447,birdaves_biox_base,3,44,100,68.7614,68.7614
zf,B447,birdaves_biox_base,3,45,1,87.3418,87.3418
zf,B447,birdaves_biox_base,3,45,5,85.7336,85.7336
zf,B447,birdaves_biox_base,3,45,10,84.2958,84.2958
zf,B447,birdaves_biox_base,3,45,50,76.3671,76.3671
zf,B447,birdaves_biox_base,3,45,100,68.1392,68.1392
zf,B447,birdaves_biox_base,3,46,1,85.7382,85.7382
zf,B447,birdaves_biox_base,3,46,5,85.6896,85.6896
zf,B447,birdaves_biox_base,3,46,10,84.5896,84.5896
zf,B447,birdaves_biox_base,3,46,50,77.4293,77.4293
zf,B447,birdaves_biox_base,3,46,100,68.9418,68.9418
zf,B447,birdaves_biox_base,7,42,1,85.6025,85.6025
zf,B447,birdaves_biox_base,7,42,5,84.3554,84.3554
zf,B447,birdaves_biox_base,7,42,10,82.6342,82.6342
zf,B447,birdaves_biox_base,7,42,50,75.3534,75.3534
zf,B447,birdaves_biox_base,7,42,100,67.1632,67.1632
zf,B447,birdaves_biox_base,7,43,1,86.3824,86.3824
zf,B447,birdaves_biox_base,7,43,5,84.1504,84.1504
zf,B447,birdaves_biox_base,7,43,10,82.3546,82.3546
zf,B447,birdaves_biox_base,7,43,50,74.6743,74.6743
zf,B447,birdaves_biox_base,7,43,100,66.6017,66.6017
zf,B447,birdaves_biox_base,7,44,1,86.6825,86.6825
zf,B447,birdaves_biox_base,7,44,5,85.7956,85.7956
zf,B447,birdaves_biox_base,7,44,10,84.3716,84.3716
zf,B447,birdaves_biox_base,7,44,50,76.3674,76.3674
zf,B447,birdaves_biox_base,7,44,100,67.9065,67.9065
zf,B447,birdaves_biox_base,7,45,1,88.0494,88.0494
zf,B447,birdaves_biox_base,7,45,5,86.7331,86.7331
zf,B447,birdaves_biox_base,7,45,10,84.7486,84.7486
zf,B447,birdaves_biox_base,7,45,50,76.3586,76.3586
zf,B447,birdaves_biox_base,7,45,100,67.7007,67.7007
zf,B447,birdaves_biox_base,7,46,1,86.3632,86.3632
zf,B447,birdaves_biox_base,7,46,5,85.6906,85.6906
zf,B447,birdaves_biox_base,7,46,10,84.6164,84.6164
zf,B447,birdaves_biox_base,7,46,50,77.5041,77.5041
zf,B447,birdaves_biox_base,7,46,100,68.6923,68.6923
zf,B447,birdaves_biox_base_speed0p25,3,42,1,90.6399,90.6399
zf,B447,birdaves_biox_base_speed0p25,3,42,5,89.8122,89.8122
zf,B447,birdaves_biox_base_speed0p25,3,42,10,88.0177,88.0177
zf,B447,birdaves_biox_base_speed0p25,3,42,50,79.9846,79.9846
zf,B447,birdaves_biox_base_speed0p25,3,42,100,69.4255,69.4255
zf,B447,birdaves_biox_base_speed0p25,3,43,1,90.4407,90.4407
zf,B447,birdaves_biox_base_speed0p25,3,43,5,88.2313,88.2313
zf,B447,birdaves_biox_base_speed0p25,3,43,10,85.9012,85.9012
zf,B447,birdaves_biox_base_speed0p25,3,43,50,78.7611,78.7611
zf,B447,birdaves_biox_base_speed0p25,3,43,100,68.7109,68.7109
zf,B447,birdaves_biox_base_speed0p25,3,44,1,92.997,92.997
zf,B447,birdaves_biox_base_speed0p25,3,44,5,91.3376,91.3376
zf,B447,birdaves_biox_base_speed0p25,3,44,10,89.7382,89.7382
zf,B447,birdaves_biox_base_speed0p25,3,44,50,81.9314,81.9314
zf,B447,birdaves_biox_base_speed0p25,3,44,100,71.0902,71.0902
zf,B447,birdaves_biox_base_speed0p25,3,45,1,92.256,92.256
zf,B447,birdaves_biox_base_speed0p25,3,45,5,90.507,90.507
zf,B447,birdaves_biox_base_speed0p25,3,45,10,88.5351,88.5351
zf,B447,birdaves_biox_base_speed0p25,3,45,50,80.0173,80.0173
zf,B447,birdaves_biox_base_speed0p25,3,45,100,68.9835,68.9835
zf,B447,birdaves_biox_base_speed0p25,3,46,1,91.4717,91.4717
zf,B447,birdaves_biox_base_speed0p25,3,46,5,90.2915,90.2915
zf,B447,birdaves_biox_base_speed0p25,3,46,10,89.1555,89.1555
zf,B447,birdaves_biox_base_speed0p25,3,46,50,81.792,81.792
zf,B447,birdaves_biox_base_speed0p25,3,46,100,70.6067,70.6067
zf,B447,birdaves_biox_base_speed0p25,4,42,1,91.7353,91.7353
zf,B447,birdaves_biox_base_speed0p25,4,42,5,90.6847,90.6847
zf,B447,birdaves_biox_base_speed0p25,4,42,10,88.8437,88.8437
zf,B447,birdaves_biox_base_speed0p25,4,42,50,80.47,80.47
zf,B447,birdaves_biox_base_speed0p25,4,42,100,69.9076,69.9076
zf,B447,birdaves_biox_base_speed0p25,4,43,1,90.7452,90.7452
zf,B447,birdaves_biox_base_speed0p25,4,43,5,88.8171,88.8171
zf,B447,birdaves_biox_base_speed0p25,4,43,10,86.4122,86.4122
zf,B447,birdaves_biox_base_speed0p25,4,43,50,79.2879,79.2879
zf,B447,birdaves_biox_base_speed0p25,4,43,100,69.3139,69.3139
zf,B447,birdaves_biox_base_speed0p25,4,44,1,93.9519,93.9519
zf,B447,birdaves_biox_base_speed0p25,4,44,5,91.845,91.845
zf,B447,birdaves_biox_base_speed0p25,4,44,10,90.257,90.257
zf,B447,birdaves_biox_base_speed0p25,4,44,50,82.1793,82.1793
zf,B447,birdaves_biox_base_speed0p25,4,44,100,71.437,71.437
zf,B447,birdaves_biox_base_speed0p25,4,45,1,92.7468,92.7468
zf,B447,birdaves_biox_base_speed0p25,4,45,5,90.9706,90.9706
zf,B447,birdaves_biox_base_speed0p25,4,45,10,88.8164,88.8164
zf,B447,birdaves_biox_base_speed0p25,4,45,50,80.6942,80.6942
zf,B447,birdaves_biox_base_speed0p25,4,45,100,69.7985,69.7985
zf,B447,birdaves_biox_base_speed0p25,4,46,1,91.9055,91.9055
zf,B447,birdaves_biox_base_speed0p25,4,46,5,90.9303,90.9303
zf,B447,birdaves_biox_base_speed0p25,4,46,10,89.5524,89.5524
zf,B447,birdaves_biox_base_speed0p25,4,46,50,82.1255,82.1255
zf,B447,birdaves_biox_base_speed0p25,4,46,100,70.9818,70.9818
zf,B447,birdaves_biox_base_speed0p5,3,42,1,88.9897,88.9897
zf,B447,birdaves_biox_base_speed0p5,3,42,5,88.3171,88.3171
zf,B447,birdaves_biox_base_speed0p5,3,42,10,86.6439,86.6439
zf,B447,birdaves_biox_base_speed0p5,3,42,50,78.8621,78.8621
zf,B447,birdaves_biox_base_speed0p5,3,42,100,70.2243,70.2243
zf,B447,birdaves_biox_base_speed0p5,3,43,1,89.2497,89.2497
zf,B447,birdaves_biox_base_speed0p5,3,43,5,88.1387,88.1387
zf,B447,birdaves_biox_base_speed0p5,3,43,10,85.5645,85.5645
zf,B447,birdaves_biox_base_speed0p5,3,43,50,78.0137,78.0137
zf,B447,birdaves_biox_base_speed0p5,3,43,100,69.5934,69.5934
zf,B447,birdaves_biox_base_speed0p5,3,44,1,90.102,90.102
zf,B447,birdaves_biox_base_speed0p5,3,44,5,90.0163,90.0163
zf,B447,birdaves_biox_base_speed0p5,3,44,10,88.3062,88.3062
zf,B447,birdaves_biox_base_speed0p5,3,44,50,80.1712,80.1712
zf,B447,birdaves_biox_base_speed0p5,3,44,100,71.6261,71.6261
zf,B447,birdaves_biox_base_speed0p5,3,45,1,91.6814,91.6814
zf,B447,birdaves_biox_base_speed0p5,3,45,5,90.412,90.412
zf,B447,birdaves_biox_base_speed0p5,3,45,10,88.3379,88.3379
zf,B447,birdaves_biox_base_speed0p5,3,45,50,80.1176,80.1176
zf,B447,birdaves_biox_base_speed0p5,3,45,100,71.1458,71.1458
zf,B447,birdaves_biox_base_speed0p5,3,46,1,89.8226,89.8226
zf,B447,birdaves_biox_base_speed0p5,3,46,5,89.4037,89.4037
zf,B447,birdaves_biox_base_speed0p5,3,46,10,87.7232,87.7232
zf,B447,birdaves_biox_base_speed0p5,3,46,50,80.281,80.281
zf,B447,birdaves_biox_base_speed0p5,3,46,100,71.5672,71.5672
zf,B447,birdaves_biox_base_speed0p5,6,42,1,89.9079,89.9079
zf,B447,birdaves_biox_base_speed0p5,6,42,5,89.1115,89.1115
zf,B447,birdaves_biox_base_speed0p5,6,42,10,87.4821,87.4821
zf,B447,birdaves_biox_base_speed0p5,6,42,50,79.3786,79.3786
zf,B447,birdaves_biox_base_speed0p5,6,42,100,70.195,70.195
zf,B447,birdaves_biox_base_speed0p5,6,43,1,90.0002,90.0002
zf,B447,birdaves_biox_base_speed0p5,6,43,5,88.0316,88.0316
zf,B447,birdaves_biox_base_speed0p5,6,43,10,86.3744,86.3744
zf,B447,birdaves_biox_base_speed0p5,6,43,50,79.1289,79.1289
zf,B447,birdaves_biox_base_speed0p5,6,43,100,70.005,70.005
zf,B447,birdaves_biox_base_speed0p5,6,44,1,90.8101,90.8101
zf,B447,birdaves_biox_base_speed0p5,6,44,5,90.0901,90.0901
zf,B447,birdaves_biox_base_speed0p5,6,44,10,88.8432,88.8432
zf,B447,birdaves_biox_base_speed0p5,6,44,50,80.8616,80.8616
zf,B447,birdaves_biox_base_speed0p5,6,44,100,71.6983,71.6983
zf,B447,birdaves_biox_base_speed0p5,6,45,1,92.3031,92.3031
zf,B447,birdaves_biox_base_speed0p5,6,45,5,90.7565,90.7565
zf,B447,birdaves_biox_base_speed0p5,6,45,10,89.0829,89.0829
zf,B447,birdaves_biox_base_speed0p5,6,45,50,80.9969,80.9969
zf,B447,birdaves_biox_base_speed0p5,6,45,100,71.5812,71.5812
zf,B447,birdaves_biox_base_speed0p5,6,46,1,90.3092,90.3092
zf,B447,birdaves_biox_base_speed0p5,6,46,5,89.5791,89.5791
zf,B447,birdaves_biox_base_speed0p5,6,46,10,88.2648,88.2648
zf,B447,birdaves_biox_base_speed0p5,6,46,50,81.3051,81.3051
zf,B447,birdaves_biox_base_speed0p5,6,46,100,71.7601,71.7601
zf,B447,hubert_base_ls960,0,42,1,83.9891,83.9891
zf,B447,hubert_base_ls960,0,42,5,82.7084,82.7084
zf,B447,hubert_base_ls960,0,42,10,80.8692,80.8692
zf,B447,hubert_base_ls960,0,42,50,70.3483,70.3483
zf,B447,hubert_base_ls960,0,42,100,59.7916,59.7916
zf,B447,hubert_base_ls960,0,43,1,84.3967,84.3967
zf,B447,hubert_base_ls960,0,43,5,82.047,82.047
zf,B447,hubert_base_ls960,0,43,10,80.181,80.181
zf,B447,hubert_base_ls960,0,43,50,70.1319,70.1319
zf,B447,hubert_base_ls960,0,43,100,59.5102,59.5102
zf,B447,hubert_base_ls960,0,44,1,85.4521,85.4521
zf,B447,hubert_base_ls960,0,44,5,83.4661,83.4661
zf,B447,hubert_base_ls960,0,44,10,81.8983,81.8983
zf,B447,hubert_base_ls960,0,44,50,71.6024,71.6024
zf,B447,hubert_base_ls960,0,44,100,60.6278,60.6278
zf,B447,hubert_base_ls960,0,45,1,86.8802,86.8802
zf,B447,hubert_base_ls960,0,45,5,84.9133,84.9133
zf,B447,hubert_base_ls960,0,45,10,82.6796,82.6796
zf,B447,hubert_base_ls960,0,45,50,71.165,71.165
zf,B447,hubert_base_ls960,0,45,100,60.1719,60.1719
zf,B447,hubert_base_ls960,0,46,1,84.6755,84.6755
zf,B447,hubert_base_ls960,0,46,5,84.6489,84.6489
zf,B447,hubert_base_ls960,0,46,10,82.8219,82.8219
zf,B447,hubert_base_ls960,0,46,50,73.3255,73.3255
zf,B447,hubert_base_ls960,0,46,100,61.6833,61.6833
zf,B447,hubert_base_ls960,3,42,1,85.2091,85.2091
zf,B447,hubert_base_ls960,3,42,5,82.2164,82.2164
zf,B447,hubert_base_ls960,3,42,10,79.8381,79.8381
zf,B447,hubert_base_ls960,3,42,50,69.2145,69.2145
zf,B447,hubert_base_ls960,3,42,100,58.7123,58.7123
zf,B447,hubert_base_ls960,3,43,1,84.1159,84.1159
zf,B447,hubert_base_ls960,3,43,5,81.1001,81.1001
zf,B447,hubert_base_ls960,3,43,10,78.9215,78.9215
zf,B447,hubert_base_ls960,3,43,50,68.7052,68.7052
zf,B447,hubert_base_ls960,3,43,100,58.1816,58.1816
zf,B447,hubert_base_ls960,3,44,1,85.7255,85.7255
zf,B447,hubert_base_ls960,3,44,5,84.0794,84.0794
zf,B447,hubert_base_ls960,3,44,10,82.2618,82.2618
zf,B447,hubert_base_ls960,3,44,50,71.043,71.043
zf,B447,hubert_base_ls960,3,44,100,59.4791,59.4791
zf,B447,hubert_base_ls960,3,45,1,86.4459,86.4459
zf,B447,hubert_base_ls960,3,45,5,83.8719,83.8719
zf,B447,hubert_base_ls960,3,45,10,80.9501,80.9501
zf,B447,hubert_base_ls960,3,45,50,69.5361,69.5361
zf,B447,hubert_base_ls960,3,45,100,58.935,58.935
zf,B447,hubert_base_ls960,3,46,1,85.9112,85.9112
zf,B447,hubert_base_ls960,3,46,5,83.6397,83.6397
zf,B447,hubert_base_ls960,3,46,10,82.4132,82.4132
zf,B447,hubert_base_ls960,3,46,50,72.0905,72.0905
zf,B447,hubert_base_ls960,3,46,100,60.6732,60.6732
zf,B447,xcl_base_500k_p32x1_c005,5,42,1,92.9725,92.9725
zf,B447,xcl_base_500k_p32x1_c005,5,42,5,91.6256,91.6256
zf,B447,xcl_base_500k_p32x1_c005,5,42,10,89.9184,89.9184
zf,B447,xcl_base_500k_p32x1_c005,5,42,50,81.2649,81.2649
zf,B447,xcl_base_500k_p32x1_c005,5,42,100,70.8715,70.8715
zf,B447,xcl_base_500k_p32x1_c005,5,43,1,90.9502,90.9502
zf,B447,xcl_base_500k_p32x1_c005,5,43,5,90.0748,90.0748
zf,B447,xcl_base_500k_p32x1_c005,5,43,10,88.1211,88.1211
zf,B447,xcl_base_500k_p32x1_c005,5,43,50,79.9169,79.9169
zf,B447,xcl_base_500k_p32x1_c005,5,43,100,69.964,69.964
zf,B447,xcl_base_500k_p32x1_c005,5,44,1,93.3626,93.3626
zf,B447,xcl_base_500k_p32x1_c005,5,44,5,92.1143,92.1143
zf,B447,xcl_base_500k_p32x1_c005,5,44,10,90.7464,90.7464
zf,B447,xcl_base_500k_p32x1_c005,5,44,50,81.932,81.932
zf,B447,xcl_base_500k_p32x1_c005,5,44,100,71.9403,71.9403
zf,B447,xcl_base_500k_p32x1_c005,5,45,1,92.3892,92.3892
zf,B447,xcl_base_500k_p32x1_c005,5,45,5,91.3442,91.3442
zf,B447,xcl_base_500k_p32x1_c005,5,45,10,89.8831,89.8831
zf,B447,xcl_base_500k_p32x1_c005,5,45,50,81.3445,81.3445
zf,B447,xcl_base_500k_p32x1_c005,5,45,100,70.9604,70.9604
zf,B447,xcl_base_500k_p32x1_c005,5,46,1,92.6647,92.6647
zf,B447,xcl_base_500k_p32x1_c005,5,46,5,91.9831,91.9831
zf,B447,xcl_base_500k_p32x1_c005,5,46,10,91.065,91.065
zf,B447,xcl_base_500k_p32x1_c005,5,46,50,82.8431,82.8431
zf,B447,xcl_base_500k_p32x1_c005,5,46,100,72.0088,72.0088
zf,B447,xcl_base_500k_p32x4_c010,3,42,1,85.7189,85.7189
zf,B447,xcl_base_500k_p32x4_c010,3,42,5,83.4739,83.4739
zf,B447,xcl_base_500k_p32x4_c010,3,42,10,82.2238,82.2238
zf,B447,xcl_base_500k_p32x4_c010,3,42,50,73.7358,73.7358
zf,B447,xcl_base_500k_p32x4_c010,3,42,100,62.9571,62.9571
zf,B447,xcl_base_500k_p32x4_c010,3,43,1,84.1923,84.1923
zf,B447,xcl_base_500k_p32x4_c010,3,43,5,82.3352,82.3352
zf,B447,xcl_base_500k_p32x4_c010,3,43,10,80.8257,80.8257
zf,B447,xcl_base_500k_p32x4_c010,3,43,50,73.4139,73.4139
zf,B447,xcl_base_500k_p32x4_c010,3,43,100,62.1481,62.1481
zf,B447,xcl_base_500k_p32x4_c010,3,44,1,86.2594,86.2594
zf,B447,xcl_base_500k_p32x4_c010,3,44,5,85.1897,85.1897
zf,B447,xcl_base_500k_p32x4_c010,3,44,10,83.9406,83.9406
zf,B447,xcl_base_500k_p32x4_c010,3,44,50,75.3949,75.3949
zf,B447,xcl_base_500k_p32x4_c010,3,44,100,63.9798,63.9798
zf,B447,xcl_base_500k_p32x4_c010,3,45,1,86.6538,86.6538
zf,B447,xcl_base_500k_p32x4_c010,3,45,5,84.1608,84.1608
zf,B447,xcl_base_500k_p32x4_c010,3,45,10,82.7165,82.7165
zf,B447,xcl_base_500k_p32x4_c010,3,45,50,74.0282,74.0282
zf,B447,xcl_base_500k_p32x4_c010,3,45,100,62.9008,62.9008
zf,B447,xcl_base_500k_p32x4_c010,3,46,1,88.8262,88.8262
zf,B447,xcl_base_500k_p32x4_c010,3,46,5,85.5317,85.5317
zf,B447,xcl_base_500k_p32x4_c010,3,46,10,84.3556,84.3556
zf,B447,xcl_base_500k_p32x4_c010,3,46,50,75.9034,75.9034
zf,B447,xcl_base_500k_p32x4_c010,3,46,100,64.0311,64.0311
zf,B447,xcl_base_500k_p32x4_c010,4,42,1,85.33,85.33
zf,B447,xcl_base_500k_p32x4_c010,4,42,5,83.3537,83.3537
zf,B447,xcl_base_500k_p32x4_c010,4,42,10,81.7749,81.7749
zf,B447,xcl_base_500k_p32x4_c010,4,42,50,73.5696,73.5696
zf,B447,xcl_base_500k_p32x4_c010,4,42,100,62.6544,62.6544
zf,B447,xcl_base_500k_p32x4_c010,4,43,1,83.9331,83.9331
zf,B447,xcl_base_500k_p32x4_c010,4,43,5,82.0688,82.0688
zf,B447,xcl_base_500k_p32x4_c010,4,43,10,80.3717,80.3717
zf,B447,xcl_base_500k_p32x4_c010,4,43,50,72.9931,72.9931
zf,B447,xcl_base_500k_p32x4_c010,4,43,100,61.7292,61.7292
zf,B447,xcl_base_500k_p32x4_c010,4,44,1,85.7131,85.7131
zf,B447,xcl_base_500k_p32x4_c010,4,44,5,85.1878,85.1878
zf,B447,xcl_base_500k_p32x4_c010,4,44,10,83.9465,83.9465
zf,B447,xcl_base_500k_p32x4_c010,4,44,50,74.9851,74.9851
zf,B447,xcl_base_500k_p32x4_c010,4,44,100,63.6329,63.6329
zf,B447,xcl_base_500k_p32x4_c010,4,45,1,86.2094,86.2094
zf,B447,xcl_base_500k_p32x4_c010,4,45,5,84.0143,84.0143
zf,B447,xcl_base_500k_p32x4_c010,4,45,10,82.8974,82.8974
zf,B447,xcl_base_500k_p32x4_c010,4,45,50,73.8709,73.8709
zf,B447,xcl_base_500k_p32x4_c010,4,45,100,62.636,62.636
zf,B447,xcl_base_500k_p32x4_c010,4,46,1,88.9192,88.9192
zf,B447,xcl_base_500k_p32x4_c010,4,46,5,85.6642,85.6642
zf,B447,xcl_base_500k_p32x4_c010,4,46,10,84.0328,84.0328
zf,B447,xcl_base_500k_p32x4_c010,4,46,50,75.7694,75.7694
zf,B447,xcl_base_500k_p32x4_c010,4,46,100,63.6426,63.6426
zf,B447,xcl_large_500k_p32x1_c005,11,42,1,92.7766,92.7766
zf,B447,xcl_large_500k_p32x1_c005,11,42,5,91.5356,91.5356
zf,B447,xcl_large_500k_p32x1_c005,11,42,10,90.147,90.147
zf,B447,xcl_large_500k_p32x1_c005,11,42,50,82.6208,82.6208
zf,B447,xcl_large_500k_p32x1_c005,11,42,100,72.757,72.757
zf,B447,xcl_large_500k_p32x1_c005,11,43,1,91.2142,91.2142
zf,B447,xcl_large_500k_p32x1_c005,11,43,5,89.9669,89.9669
zf,B447,xcl_large_500k_p32x1_c005,11,43,10,88.4973,88.4973
zf,B447,xcl_large_500k_p32x1_c005,11,43,50,81.7261,81.7261
zf,B447,xcl_large_500k_p32x1_c005,11,43,100,72.451,72.451
zf,B447,xcl_large_500k_p32x1_c005,11,44,1,93.5716,93.5716
zf,B447,xcl_large_500k_p32x1_c005,11,44,5,92.4761,92.4761
zf,B447,xcl_large_500k_p32x1_c005,11,44,10,91.4325,91.4325
zf,B447,xcl_large_500k_p32x1_c005,11,44,50,83.949,83.949
zf,B447,xcl_large_500k_p32x1_c005,11,44,100,74.1502,74.1502
zf,B447,xcl_large_500k_p32x1_c005,11,45,1,92.6829,92.6829
zf,B447,xcl_large_500k_p32x1_c005,11,45,5,92.2539,92.2539
zf,B447,xcl_large_500k_p32x1_c005,11,45,10,90.9269,90.9269
zf,B447,xcl_large_500k_p32x1_c005,11,45,50,83.2402,83.2402
zf,B447,xcl_large_500k_p32x1_c005,11,45,100,73.1336,73.1336
zf,B447,xcl_large_500k_p32x1_c005,11,46,1,93.2291,93.2291
zf,B447,xcl_large_500k_p32x1_c005,11,46,5,92.3161,92.3161
zf,B447,xcl_large_500k_p32x1_c005,11,46,10,91.2948,91.2948
zf,B447,xcl_large_500k_p32x1_c005,11,46,50,84.3742,84.3742
zf,B447,xcl_large_500k_p32x1_c005,11,46,100,73.9463,73.9463
zf,B447,xcl_large_500k_p32x4_c0025,9,42,1,86.5859,86.5859
zf,B447,xcl_large_500k_p32x4_c0025,9,42,5,84.18,84.18
zf,B447,xcl_large_500k_p32x4_c0025,9,42,10,82.3667,82.3667
zf,B447,xcl_large_500k_p32x4_c0025,9,42,50,74.5263,74.5263
zf,B447,xcl_large_500k_p32x4_c0025,9,42,100,64.2926,64.2926
zf,B447,xcl_large_500k_p32x4_c0025,9,43,1,84.4246,84.4246
zf,B447,xcl_large_500k_p32x4_c0025,9,43,5,83.1314,83.1314
zf,B447,xcl_large_500k_p32x4_c0025,9,43,10,81.233,81.233
zf,B447,xcl_large_500k_p32x4_c0025,9,43,50,73.4315,73.4315
zf,B447,xcl_large_500k_p32x4_c0025,9,43,100,63.3068,63.3068
zf,B447,xcl_large_500k_p32x4_c0025,9,44,1,85.6392,85.6392
zf,B447,xcl_large_500k_p32x4_c0025,9,44,5,86.1996,86.1996
zf,B447,xcl_large_500k_p32x4_c0025,9,44,10,84.5687,84.5687
zf,B447,xcl_large_500k_p32x4_c0025,9,44,50,75.8497,75.8497
zf,B447,xcl_large_500k_p32x4_c0025,9,44,100,65.2664,65.2664
zf,B447,xcl_large_500k_p32x4_c0025,9,45,1,87.5673,87.5673
zf,B447,xcl_large_500k_p32x4_c0025,9,45,5,84.667,84.667
zf,B447,xcl_large_500k_p32x4_c0025,9,45,10,83.3562,83.3562
zf,B447,xcl_large_500k_p32x4_c0025,9,45,50,74.9388,74.9388
zf,B447,xcl_large_500k_p32x4_c0025,9,45,100,64.3962,64.3962
zf,B447,xcl_large_500k_p32x4_c0025,9,46,1,88.5055,88.5055
zf,B447,xcl_large_500k_p32x4_c0025,9,46,5,85.4806,85.4806
zf,B447,xcl_large_500k_p32x4_c0025,9,46,10,84.8746,84.8746
zf,B447,xcl_large_500k_p32x4_c0025,9,46,50,76.1668,76.1668
zf,B447,xcl_large_500k_p32x4_c0025,9,46,100,65.2344,65.2344
zf,B447,xcl_large_500k_p32x4_c010,10,42,1,86.2374,86.2374
zf,B447,xcl_large_500k_p32x4_c010,10,42,5,84.5391,84.5391
zf,B447,xcl_large_500k_p32x4_c010,10,42,10,82.4526,82.4526
zf,B447,xcl_large_500k_p32x4_c010,10,42,50,74.5883,74.5883
zf,B447,xcl_large_500k_p32x4_c010,10,42,100,65.55,65.55
zf,B447,xcl_large_500k_p32x4_c010,10,43,1,85.6688,85.6688
zf,B447,xcl_large_500k_p32x4_c010,10,43,5,82.7748,82.7748
zf,B447,xcl_large_500k_p32x4_c010,10,43,10,81.1141,81.1141
zf,B447,xcl_large_500k_p32x4_c010,10,43,50,73.6069,73.6069
zf,B447,xcl_large_500k_p32x4_c010,10,43,100,64.4348,64.4348
zf,B447,xcl_large_500k_p32x4_c010,10,44,1,86.4414,86.4414
zf,B447,xcl_large_500k_p32x4_c010,10,44,5,85.1432,85.1432
zf,B447,xcl_large_500k_p32x4_c010,10,44,10,84.0528,84.0528
zf,B447,xcl_large_500k_p32x4_c010,10,44,50,75.6777,75.6777
zf,B447,xcl_large_500k_p32x4_c010,10,44,100,66.1242,66.1242
zf,B447,xcl_large_500k_p32x4_c010,10,45,1,86.3211,86.3211
zf,B447,xcl_large_500k_p32x4_c010,10,45,5,84.7776,84.7776
zf,B447,xcl_large_500k_p32x4_c010,10,45,10,83.2729,83.2729
zf,B447,xcl_large_500k_p32x4_c010,10,45,50,74.8674,74.8674
zf,B447,xcl_large_500k_p32x4_c010,10,45,100,65.5209,65.5209
zf,B447,xcl_large_500k_p32x4_c010,10,46,1,88.5619,88.5619
zf,B447,xcl_large_500k_p32x4_c010,10,46,5,85.722,85.722
zf,B447,xcl_large_500k_p32x4_c010,10,46,10,84.2096,84.2096
zf,B447,xcl_large_500k_p32x4_c010,10,46,50,76.3945,76.3945
zf,B447,xcl_large_500k_p32x4_c010,10,46,100,66.2591,66.2591
zf,B447,xcl_micro_500k_p32x1_c005,4,42,1,90.983,90.983
zf,B447,xcl_micro_500k_p32x1_c005,4,42,5,89.3235,89.3235
zf,B447,xcl_micro_500k_p32x1_c005,4,42,10,87.3661,87.3661
zf,B447,xcl_micro_500k_p32x1_c005,4,42,50,76.1397,76.1397
zf,B447,xcl_micro_500k_p32x1_c005,4,42,100,64.083,64.083
zf,B447,xcl_micro_500k_p32x1_c005,4,43,1,89.1649,89.1649
zf,B447,xcl_micro_500k_p32x1_c005,4,43,5,88.0066,88.0066
zf,B447,xcl_micro_500k_p32x1_c005,4,43,10,86.0234,86.0234
zf,B447,xcl_micro_500k_p32x1_c005,4,43,50,74.8709,74.8709
zf,B447,xcl_micro_500k_p32x1_c005,4,43,100,63.5276,63.5276
zf,B447,xcl_micro_500k_p32x1_c005,4,44,1,93.1771,93.1771
zf,B447,xcl_micro_500k_p32x1_c005,4,44,5,90.4162,90.4162
zf,B447,xcl_micro_500k_p32x1_c005,4,44,10,88.2425,88.2425
zf,B447,xcl_micro_500k_p32x1_c005,4,44,50,76.8394,76.8394
zf,B447,xcl_micro_500k_p32x1_c005,4,44,100,64.8967,64.8967
zf,B447,xcl_micro_500k_p32x1_c005,4,45,1,91.7609,91.7609
zf,B447,xcl_micro_500k_p32x1_c005,4,45,5,89.1733,89.1733
zf,B447,xcl_micro_500k_p32x1_c005,4,45,10,87.8055,87.8055
zf,B447,xcl_micro_500k_p32x1_c005,4,45,50,76.2689,76.2689
zf,B447,xcl_micro_500k_p32x1_c005,4,45,100,64.3782,64.3782
zf,B447,xcl_micro_500k_p32x1_c005,4,46,1,92.1846,92.1846
zf,B447,xcl_micro_500k_p32x1_c005,4,46,5,90.2508,90.2508
zf,B447,xcl_micro_500k_p32x1_c005,4,46,10,88.5126,88.5126
zf,B447,xcl_micro_500k_p32x1_c005,4,46,50,77.89,77.89
zf,B447,xcl_micro_500k_p32x1_c005,4,46,100,65.576,65.576
zf,B447,xcl_micro_500k_p32x1_c005,5,42,1,91.3702,91.3702
zf,B447,xcl_micro_500k_p32x1_c005,5,42,5,89.4698,89.4698
zf,B447,xcl_micro_500k_p32x1_c005,5,42,10,87.6616,87.6616
zf,B447,xcl_micro_500k_p32x1_c005,5,42,50,76.5449,76.5449
zf,B447,xcl_micro_500k_p32x1_c005,5,42,100,64.5295,64.5295
zf,B447,xcl_micro_500k_p32x1_c005,5,43,1,89.2475,89.2475
zf,B447,xcl_micro_500k_p32x1_c005,5,43,5,87.9672,87.9672
zf,B447,xcl_micro_500k_p32x1_c005,5,43,10,86.1554,86.1554
zf,B447,xcl_micro_500k_p32x1_c005,5,43,50,75.0248,75.0248
zf,B447,xcl_micro_500k_p32x1_c005,5,43,100,63.8376,63.8376
zf,B447,xcl_micro_500k_p32x1_c005,5,44,1,92.3328,92.3328
zf,B447,xcl_micro_500k_p32x1_c005,5,44,5,90.5216,90.5216
zf,B447,xcl_micro_500k_p32x1_c005,5,44,10,88.3452,88.3452
zf,B447,xcl_micro_500k_p32x1_c005,5,44,50,77.0518,77.0518
zf,B447,xcl_micro_500k_p32x1_c005,5,44,100,65.2022,65.2022
zf,B447,xcl_micro_500k_p32x1_c005,5,45,1,92.1796,92.1796
zf,B447,xcl_micro_500k_p32x1_c005,5,45,5,89.4823,89.4823
zf,B447,xcl_micro_500k_p32x1_c005,5,45,10,88.0427,88.0427
zf,B447,xcl_micro_500k_p32x1_c005,5,45,50,76.6092,76.6092
zf,B447,xcl_micro_500k_p32x1_c005,5,45,100,64.9197,64.9197
zf,B447,xcl_micro_500k_p32x1_c005,5,46,1,92.2958,92.2958
zf,B447,xcl_micro_500k_p32x1_c005,5,46,5,90.5714,90.5714
zf,B447,xcl_micro_500k_p32x1_c005,5,46,10,88.9336,88.9336
zf,B447,xcl_micro_500k_p32x1_c005,5,46,50,78.2403,78.2403
zf,B447,xcl_micro_500k_p32x1_c005,5,46,100,65.9318,65.9318
zf,B447,xcl_micro_500k_p32x4_c010,3,42,1,85.3165,85.3165
zf,B447,xcl_micro_500k_p32x4_c010,3,42,5,81.7022,81.7022
zf,B447,xcl_micro_500k_p32x4_c010,3,42,10,80.8757,80.8757
zf,B447,xcl_micro_500k_p32x4_c010,3,42,50,70.866,70.866
zf,B447,xcl_micro_500k_p32x4_c010,3,42,100,59.1393,59.1393
zf,B447,xcl_micro_500k_p32x4_c010,3,43,1,84.965,84.965
zf,B447,xcl_micro_500k_p32x4_c010,3,43,5,81.5582,81.5582
zf,B447,xcl_micro_500k_p32x4_c010,3,43,10,79.6722,79.6722
zf,B447,xcl_micro_500k_p32x4_c010,3,43,50,70.3885,70.3885
zf,B447,xcl_micro_500k_p32x4_c010,3,43,100,58.2362,58.2362
zf,B447,xcl_micro_500k_p32x4_c010,3,44,1,84.9835,84.9835
zf,B447,xcl_micro_500k_p32x4_c010,3,44,5,84.4187,84.4187
zf,B447,xcl_micro_500k_p32x4_c010,3,44,10,82.5044,82.5044
zf,B447,xcl_micro_500k_p32x4_c010,3,44,50,72.5962,72.5962
zf,B447,xcl_micro_500k_p32x4_c010,3,44,100,60.2146,60.2146
zf,B447,xcl_micro_500k_p32x4_c010,3,45,1,87.3019,87.3019
zf,B447,xcl_micro_500k_p32x4_c010,3,45,5,83.3315,83.3315
zf,B447,xcl_micro_500k_p32x4_c010,3,45,10,81.2885,81.2885
zf,B447,xcl_micro_500k_p32x4_c010,3,45,50,71.0892,71.0892
zf,B447,xcl_micro_500k_p32x4_c010,3,45,100,58.8648,58.8648
zf,B447,xcl_micro_500k_p32x4_c010,3,46,1,87.585,87.585
zf,B447,xcl_micro_500k_p32x4_c010,3,46,5,84.243,84.243
zf,B447,xcl_micro_500k_p32x4_c010,3,46,10,82.5136,82.5136
zf,B447,xcl_micro_500k_p32x4_c010,3,46,50,72.8487,72.8487
zf,B447,xcl_micro_500k_p32x4_c010,3,46,100,59.9045,59.9045
zf,B507,birdaves_biox_base,3,42,1,73.6803,73.6803
zf,B507,birdaves_biox_base,3,42,5,73.0841,73.0841
zf,B507,birdaves_biox_base,3,42,10,71.8028,71.8028
zf,B507,birdaves_biox_base,3,42,50,63.8245,63.8245
zf,B507,birdaves_biox_base,3,42,100,52.0264,52.0264
zf,B507,birdaves_biox_base,3,43,1,73.7085,73.7085
zf,B507,birdaves_biox_base,3,43,5,71.476,71.476
zf,B507,birdaves_biox_base,3,43,10,70.1044,70.1044
zf,B507,birdaves_biox_base,3,43,50,62.4777,62.4777
zf,B507,birdaves_biox_base,3,43,100,51.1778,51.1778
zf,B507,birdaves_biox_base,3,44,1,76.2986,76.2986
zf,B507,birdaves_biox_base,3,44,5,72.8683,72.8683
zf,B507,birdaves_biox_base,3,44,10,70.7472,70.7472
zf,B507,birdaves_biox_base,3,44,50,62.6202,62.6202
zf,B507,birdaves_biox_base,3,44,100,51.8322,51.8322
zf,B507,birdaves_biox_base,3,45,1,69.7943,69.7943
zf,B507,birdaves_biox_base,3,45,5,71.2327,71.2327
zf,B507,birdaves_biox_base,3,45,10,70.6201,70.6201
zf,B507,birdaves_biox_base,3,45,50,62.6883,62.6883
zf,B507,birdaves_biox_base,3,45,100,51.3287,51.3287
zf,B507,birdaves_biox_base,3,46,1,74.6479,74.6479
zf,B507,birdaves_biox_base,3,46,5,71.2299,71.2299
zf,B507,birdaves_biox_base,3,46,10,70.184,70.184
zf,B507,birdaves_biox_base,3,46,50,62.8957,62.8957
zf,B507,birdaves_biox_base,3,46,100,51.2733,51.2733
zf,B507,birdaves_biox_base,7,42,1,76.4062,76.4062
zf,B507,birdaves_biox_base,7,42,5,72.9647,72.9647
zf,B507,birdaves_biox_base,7,42,10,71.8269,71.8269
zf,B507,birdaves_biox_base,7,42,50,64.3159,64.3159
zf,B507,birdaves_biox_base,7,42,100,52.286,52.286
zf,B507,birdaves_biox_base,7,43,1,73.6247,73.6247
zf,B507,birdaves_biox_base,7,43,5,72.0172,72.0172
zf,B507,birdaves_biox_base,7,43,10,71.1522,71.1522
zf,B507,birdaves_biox_base,7,43,50,63.36,63.36
zf,B507,birdaves_biox_base,7,43,100,51.5593,51.5593
zf,B507,birdaves_biox_base,7,44,1,75.5588,75.5588
zf,B507,birdaves_biox_base,7,44,5,72.4702,72.4702
zf,B507,birdaves_biox_base,7,44,10,70.9245,70.9245
zf,B507,birdaves_biox_base,7,44,50,64.0158,64.0158
zf,B507,birdaves_biox_base,7,44,100,52.1222,52.1222
zf,B507,birdaves_biox_base,7,45,1,71.2656,71.2656
zf,B507,birdaves_biox_base,7,45,5,71.8769,71.8769
zf,B507,birdaves_biox_base,7,45,10,70.4189,70.4189
zf,B507,birdaves_biox_base,7,45,50,63.8836,63.8836
zf,B507,birdaves_biox_base,7,45,100,52.1758,52.1758
zf,B507,birdaves_biox_base,7,46,1,72.2544,72.2544
zf,B507,birdaves_biox_base,7,46,5,71.7642,71.7642
zf,B507,birdaves_biox_base,7,46,10,70.4185,70.4185
zf,B507,birdaves_biox_base,7,46,50,63.5657,63.5657
zf,B507,birdaves_biox_base,7,46,100,51.6184,51.6184
zf,B507,birdaves_biox_base_speed0p25,3,42,1,81.6817,81.6817
zf,B507,birdaves_biox_base_speed0p25,3,42,5,78.6335,78.6335
zf,B507,birdaves_biox_base_speed0p25,3,42,10,77.7029,77.7029
zf,B507,birdaves_biox_base_speed0p25,3,42,50,68.6706,68.6706
zf,B507,birdaves_biox_base_speed0p25,3,42,100,55.0554,55.0554
zf,B507,birdaves_biox_base_speed0p25,3,43,1,78.4139,78.4139
zf,B507,birdaves_biox_base_speed0p25,3,43,5,76.1946,76.1946
zf,B507,birdaves_biox_base_speed0p25,3,43,10,75.0626,75.0626
zf,B507,birdaves_biox_base_speed0p25,3,43,50,65.8958,65.8958
zf,B507,birdaves_biox_base_speed0p25,3,43,100,52.6719,52.6719
zf,B507,birdaves_biox_base_speed0p25,3,44,1,79.1802,79.1802
zf,B507,birdaves_biox_base_speed0p25,3,44,5,77.0426,77.0426
zf,B507,birdaves_biox_base_speed0p25,3,44,10,75.56,75.56
zf,B507,birdaves_biox_base_speed0p25,3,44,50,66.7217,66.7217
zf,B507,birdaves_biox_base_speed0p25,3,44,100,53.3925,53.3925
zf,B507,birdaves_biox_base_speed0p25,3,45,1,76.93,76.93
zf,B507,birdaves_biox_base_speed0p25,3,45,5,74.8918,74.8918
zf,B507,birdaves_biox_base_speed0p25,3,45,10,73.5281,73.5281
zf,B507,birdaves_biox_base_speed0p25,3,45,50,64.558,64.558
zf,B507,birdaves_biox_base_speed0p25,3,45,100,52.159,52.159
zf,B507,birdaves_biox_base_speed0p25,3,46,1,77.4553,77.4553
zf,B507,birdaves_biox_base_speed0p25,3,46,5,75.9069,75.9069
zf,B507,birdaves_biox_base_speed0p25,3,46,10,74.5882,74.5882
zf,B507,birdaves_biox_base_speed0p25,3,46,50,66.3662,66.3662
zf,B507,birdaves_biox_base_speed0p25,3,46,100,53.1301,53.1301
zf,B507,birdaves_biox_base_speed0p25,4,42,1,81.2124,81.2124
zf,B507,birdaves_biox_base_speed0p25,4,42,5,79.423,79.423
zf,B507,birdaves_biox_base_speed0p25,4,42,10,78.0932,78.0932
zf,B507,birdaves_biox_base_speed0p25,4,42,50,69.1441,69.1441
zf,B507,birdaves_biox_base_speed0p25,4,42,100,55.1161,55.1161
zf,B507,birdaves_biox_base_speed0p25,4,43,1,79.4984,79.4984
zf,B507,birdaves_biox_base_speed0p25,4,43,5,77.2198,77.2198
zf,B507,birdaves_biox_base_speed0p25,4,43,10,75.5843,75.5843
zf,B507,birdaves_biox_base_speed0p25,4,43,50,66.3333,66.3333
zf,B507,birdaves_biox_base_speed0p25,4,43,100,52.6982,52.6982
zf,B507,birdaves_biox_base_speed0p25,4,44,1,80.0328,80.0328
zf,B507,birdaves_biox_base_speed0p25,4,44,5,77.9481,77.9481
zf,B507,birdaves_biox_base_speed0p25,4,44,10,76.2415,76.2415
zf,B507,birdaves_biox_base_speed0p25,4,44,50,67.105,67.105
zf,B507,birdaves_biox_base_speed0p25,4,44,100,53.3427,53.3427
zf,B507,birdaves_biox_base_speed0p25,4,45,1,78.4384,78.4384
zf,B507,birdaves_biox_base_speed0p25,4,45,5,75.378,75.378
zf,B507,birdaves_biox_base_speed0p25,4,45,10,74.0098,74.0098
zf,B507,birdaves_biox_base_speed0p25,4,45,50,64.8661,64.8661
zf,B507,birdaves_biox_base_speed0p25,4,45,100,52.1322,52.1322
zf,B507,birdaves_biox_base_speed0p25,4,46,1,78.5073,78.5073
zf,B507,birdaves_biox_base_speed0p25,4,46,5,76.013,76.013
zf,B507,birdaves_biox_base_speed0p25,4,46,10,74.8506,74.8506
zf,B507,birdaves_biox_base_speed0p25,4,46,50,66.3816,66.3816
zf,B507,birdaves_biox_base_speed0p25,4,46,100,52.952,52.952
zf,B507,birdaves_biox_base_speed0p5,3,42,1,79.5194,79.5194
zf,B507,birdaves_biox_base_speed0p5,3,42,5,76.9382,76.9382
zf,B507,birdaves_biox_base_speed0p5,3,42,10,76.3259,76.3259
zf,B507,birdaves_biox_base_speed0p5,3,42,50,67.2995,67.2995
zf,B507,birdaves_biox_base_speed0p5,3,42,100,53.9039,53.9039
zf,B507,birdaves_biox_base_speed0p5,3,43,1,75.6069,75.6069
zf,B507,birdaves_biox_base_speed0p5,3,43,5,75.3363,75.3363
zf,B507,birdaves_biox_base_speed0p5,3,43,10,73.9707,73.9707
zf,B507,birdaves_biox_base_speed0p5,3,43,50,65.2515,65.2515
zf,B507,birdaves_biox_base_speed0p5,3,43,100,52.4888,52.4888
zf,B507,birdaves_biox_base_speed0p5,3,44,1,77.285,77.285
zf,B507,birdaves_biox_base_speed0p5,3,44,5,75.5076,75.5076
zf,B507,birdaves_biox_base_speed0p5,3,44,10,74.1317,74.1317
zf,B507,birdaves_biox_base_speed0p5,3,44,50,65.7683,65.7683
zf,B507,birdaves_biox_base_speed0p5,3,44,100,52.9551,52.9551
zf,B507,birdaves_biox_base_speed0p5,3,45,1,76.0048,76.0048
zf,B507,birdaves_biox_base_speed0p5,3,45,5,73.8641,73.8641
zf,B507,birdaves_biox_base_speed0p5,3,45,10,72.966,72.966
zf,B507,birdaves_biox_base_speed0p5,3,45,50,64.7279,64.7279
zf,B507,birdaves_biox_base_speed0p5,3,45,100,52.2759,52.2759
zf,B507,birdaves_biox_base_speed0p5,3,46,1,76.3221,76.3221
zf,B507,birdaves_biox_base_speed0p5,3,46,5,74.4143,74.4143
zf,B507,birdaves_biox_base_speed0p5,3,46,10,73.5534,73.5534
zf,B507,birdaves_biox_base_speed0p5,3,46,50,65.5418,65.5418
zf,B507,birdaves_biox_base_speed0p5,3,46,100,52.4864,52.4864
zf,B507,birdaves_biox_base_speed0p5,6,42,1,79.4173,79.4173
zf,B507,birdaves_biox_base_speed0p5,6,42,5,77.3198,77.3198
zf,B507,birdaves_biox_base_speed0p5,6,42,10,76.4471,76.4471
zf,B507,birdaves_biox_base_speed0p5,6,42,50,67.6202,67.6202
zf,B507,birdaves_biox_base_speed0p5,6,42,100,54.0166,54.0166
zf,B507,birdaves_biox_base_speed0p5,6,43,1,75.6883,75.6883
zf,B507,birdaves_biox_base_speed0p5,6,43,5,74.9022,74.9022
zf,B507,birdaves_biox_base_speed0p5,6,43,10,73.7422,73.7422
zf,B507,birdaves_biox_base_speed0p5,6,43,50,65.5018,65.5018
zf,B507,birdaves_biox_base_speed0p5,6,43,100,52.4408,52.4408
zf,B507,birdaves_biox_base_speed0p5,6,44,1,76.7252,76.7252
zf,B507,birdaves_biox_base_speed0p5,6,44,5,75.8775,75.8775
zf,B507,birdaves_biox_base_speed0p5,6,44,10,74.4732,74.4732
zf,B507,birdaves_biox_base_speed0p5,6,44,50,66.354,66.354
zf,B507,birdaves_biox_base_speed0p5,6,44,100,53.2234,53.2234
zf,B507,birdaves_biox_base_speed0p5,6,45,1,75.9349,75.9349
zf,B507,birdaves_biox_base_speed0p5,6,45,5,74.8451,74.8451
zf,B507,birdaves_biox_base_speed0p5,6,45,10,73.6175,73.6175
zf,B507,birdaves_biox_base_speed0p5,6,45,50,65.349,65.349
zf,B507,birdaves_biox_base_speed0p5,6,45,100,52.8233,52.8233
zf,B507,birdaves_biox_base_speed0p5,6,46,1,76.7368,76.7368
zf,B507,birdaves_biox_base_speed0p5,6,46,5,75.535,75.535
zf,B507,birdaves_biox_base_speed0p5,6,46,10,73.7499,73.7499
zf,B507,birdaves_biox_base_speed0p5,6,46,50,65.792,65.792
zf,B507,birdaves_biox_base_speed0p5,6,46,100,52.6338,52.6338
zf,B507,hubert_base_ls960,0,42,1,72.8555,72.8555
zf,B507,hubert_base_ls960,0,42,5,70.6169,70.6169
zf,B507,hubert_base_ls960,0,42,10,69.4484,69.4484
zf,B507,hubert_base_ls960,0,42,50,60.4925,60.4925
zf,B507,hubert_base_ls960,0,42,100,48.4819,48.4819
zf,B507,hubert_base_ls960,0,43,1,71.7868,71.7868
zf,B507,hubert_base_ls960,0,43,5,69.6343,69.6343
zf,B507,hubert_base_ls960,0,43,10,67.9074,67.9074
zf,B507,hubert_base_ls960,0,43,50,59.1843,59.1843
zf,B507,hubert_base_ls960,0,43,100,47.612,47.612
zf,B507,hubert_base_ls960,0,44,1,72.7917,72.7917
zf,B507,hubert_base_ls960,0,44,5,71.2629,71.2629
zf,B507,hubert_base_ls960,0,44,10,69.9911,69.9911
zf,B507,hubert_base_ls960,0,44,50,60.773,60.773
zf,B507,hubert_base_ls960,0,44,100,48.6849,48.6849
zf,B507,hubert_base_ls960,0,45,1,68.1507,68.1507
zf,B507,hubert_base_ls960,0,45,5,69.0627,69.0627
zf,B507,hubert_base_ls960,0,45,10,68.1535,68.1535
zf,B507,hubert_base_ls960,0,45,50,60.5059,60.5059
zf,B507,hubert_base_ls960,0,45,100,48.5562,48.5562
zf,B507,hubert_base_ls960,0,46,1,73.2441,73.2441
zf,B507,hubert_base_ls960,0,46,5,70.0077,70.0077
zf,B507,hubert_base_ls960,0,46,10,68.5195,68.5195
zf,B507,hubert_base_ls960,0,46,50,59.9415,59.9415
zf,B507,hubert_base_ls960,0,46,100,47.7325,47.7325
zf,B507,hubert_base_ls960,3,42,1,71.4123,71.4123
zf,B507,hubert_base_ls960,3,42,5,69.244,69.244
zf,B507,hubert_base_ls960,3,42,10,67.8083,67.8083
zf,B507,hubert_base_ls960,3,42,50,59.0321,59.0321
zf,B507,hubert_base_ls960,3,42,100,47.2172,47.2172
zf,B507,hubert_base_ls960,3,43,1,70.183,70.183
zf,B507,hubert_base_ls960,3,43,5,68.7099,68.7099
zf,B507,hubert_base_ls960,3,43,10,66.3768,66.3768
zf,B507,hubert_base_ls960,3,43,50,57.9926,57.9926
zf,B507,hubert_base_ls960,3,43,100,46.5913,46.5913
zf,B507,hubert_base_ls960,3,44,1,72.3308,72.3308
zf,B507,hubert_base_ls960,3,44,5,69.5967,69.5967
zf,B507,hubert_base_ls960,3,44,10,68.594,68.594
zf,B507,hubert_base_ls960,3,44,50,59.2234,59.2234
zf,B507,hubert_base_ls960,3,44,100,47.8117,47.8117
zf,B507,hubert_base_ls960,3,45,1,68.0618,68.0618
zf,B507,hubert_base_ls960,3,45,5,67.5195,67.5195
zf,B507,hubert_base_ls960,3,45,10,66.4942,66.4942
zf,B507,hubert_base_ls960,3,45,50,58.6107,58.6107
zf,B507,hubert_base_ls960,3,45,100,47.0355,47.0355
zf,B507,hubert_base_ls960,3,46,1,71.6557,71.6557
zf,B507,hubert_base_ls960,3,46,5,68.5759,68.5759
zf,B507,hubert_base_ls960,3,46,10,67.8897,67.8897
zf,B507,hubert_base_ls960,3,46,50,59.3788,59.3788
zf,B507,hubert_base_ls960,3,46,100,47.3887,47.3887
zf,B507,xcl_base_500k_p32x1_c005,5,42,1,80.1098,80.1098
zf,B507,xcl_base_500k_p32x1_c005,5,42,5,79.3054,79.3054
zf,B507,xcl_base_500k_p32x1_c005,5,42,10,79.0216,79.0216
zf,B507,xcl_base_500k_p32x1_c005,5,42,50,72.1679,72.1679
zf,B507,xcl_base_500k_p32x1_c005,5,42,100,60.0988,60.0988
zf,B507,xcl_base_500k_p32x1_c005,5,43,1,77.2883,77.2883
zf,B507,xcl_base_500k_p32x1_c005,5,43,5,76.9612,76.9612
zf,B507,xcl_base_500k_p32x1_c005,5,43,10,76.1261,76.1261
zf,B507,xcl_base_500k_p32x1_c005,5,43,50,69.8572,69.8572
zf,B507,xcl_base_500k_p32x1_c005,5,43,100,57.9878,57.9878
zf,B507,xcl_base_500k_p32x1_c005,5,44,1,79.7059,79.7059
zf,B507,xcl_base_500k_p32x1_c005,5,44,5,78.812,78.812
zf,B507,xcl_base_500k_p32x1_c005,5,44,10,77.9624,77.9624
zf,B507,xcl_base_500k_p32x1_c005,5,44,50,70.9724,70.9724
zf,B507,xcl_base_500k_p32x1_c005,5,44,100,58.3222,58.3222
zf,B507,xcl_base_500k_p32x1_c005,5,45,1,77.7202,77.7202
zf,B507,xcl_base_500k_p32x1_c005,5,45,5,76.8111,76.8111
zf,B507,xcl_base_500k_p32x1_c005,5,45,10,76.1379,76.1379
zf,B507,xcl_base_500k_p32x1_c005,5,45,50,69.9974,69.9974
zf,B507,xcl_base_500k_p32x1_c005,5,45,100,58.5233,58.5233
zf,B507,xcl_base_500k_p32x1_c005,5,46,1,77.9882,77.9882
zf,B507,xcl_base_500k_p32x1_c005,5,46,5,76.6718,76.6718
zf,B507,xcl_base_500k_p32x1_c005,5,46,10,76.0559,76.0559
zf,B507,xcl_base_500k_p32x1_c005,5,46,50,69.8172,69.8172
zf,B507,xcl_base_500k_p32x1_c005,5,46,100,58.0108,58.0108
zf,B507,xcl_base_500k_p32x4_c010,3,42,1,74.8234,74.8234
zf,B507,xcl_base_500k_p32x4_c010,3,42,5,72.4246,72.4246
zf,B507,xcl_base_500k_p32x4_c010,3,42,10,71.7067,71.7067
zf,B507,xcl_base_500k_p32x4_c010,3,42,50,64.2198,64.2198
zf,B507,xcl_base_500k_p32x4_c010,3,42,100,53.0803,53.0803
zf,B507,xcl_base_500k_p32x4_c010,3,43,1,72.4304,72.4304
zf,B507,xcl_base_500k_p32x4_c010,3,43,5,70.6523,70.6523
zf,B507,xcl_base_500k_p32x4_c010,3,43,10,69.8009,69.8009
zf,B507,xcl_base_500k_p32x4_c010,3,43,50,63.2754,63.2754
zf,B507,xcl_base_500k_p32x4_c010,3,43,100,52.181,52.181
zf,B507,xcl_base_500k_p32x4_c010,3,44,1,73.1741,73.1741
zf,B507,xcl_base_500k_p32x4_c010,3,44,5,71.5414,71.5414
zf,B507,xcl_base_500k_p32x4_c010,3,44,10,69.9243,69.9243
zf,B507,xcl_base_500k_p32x4_c010,3,44,50,62.5845,62.5845
zf,B507,xcl_base_500k_p32x4_c010,3,44,100,52.1825,52.1825
zf,B507,xcl_base_500k_p32x4_c010,3,45,1,71.4168,71.4168
zf,B507,xcl_base_500k_p32x4_c010,3,45,5,71.584,71.584
zf,B507,xcl_base_500k_p32x4_c010,3,45,10,70.6778,70.6778
zf,B507,xcl_base_500k_p32x4_c010,3,45,50,63.1223,63.1223
zf,B507,xcl_base_500k_p32x4_c010,3,45,100,52.4898,52.4898
zf,B507,xcl_base_500k_p32x4_c010,3,46,1,71.9013,71.9013
zf,B507,xcl_base_500k_p32x4_c010,3,46,5,70.4874,70.4874
zf,B507,xcl_base_500k_p32x4_c010,3,46,10,69.4492,69.4492
zf,B507,xcl_base_500k_p32x4_c010,3,46,50,62.9762,62.9762
zf,B507,xcl_base_500k_p32x4_c010,3,46,100,52.0781,52.0781
zf,B507,xcl_base_500k_p32x4_c010,4,42,1,74.4742,74.4742
zf,B507,xcl_base_500k_p32x4_c010,4,42,5,72.3288,72.3288
zf,B507,xcl_base_500k_p32x4_c010,4,42,10,71.5273,71.5273
zf,B507,xcl_base_500k_p32x4_c010,4,42,50,64.2462,64.2462
zf,B507,xcl_base_500k_p32x4_c010,4,42,100,52.9878,52.9878
zf,B507,xcl_base_500k_p32x4_c010,4,43,1,72.5022,72.5022
zf,B507,xcl_base_500k_p32x4_c010,4,43,5,70.018,70.018
zf,B507,xcl_base_500k_p32x4_c010,4,43,10,69.7459,69.7459
zf,B507,xcl_base_500k_p32x4_c010,4,43,50,63.1947,63.1947
zf,B507,xcl_base_500k_p32x4_c010,4,43,100,52.0947,52.0947
zf,B507,xcl_base_500k_p32x4_c010,4,44,1,72.5596,72.5596
zf,B507,xcl_base_500k_p32x4_c010,4,44,5,71.5112,71.5112
zf,B507,xcl_base_500k_p32x4_c010,4,44,10,70.0867,70.0867
zf,B507,xcl_base_500k_p32x4_c010,4,44,50,62.7862,62.7862
zf,B507,xcl_base_500k_p32x4_c010,4,44,100,52.2554,52.2554
zf,B507,xcl_base_500k_p32x4_c010,4,45,1,71.5941,71.5941
zf,B507,xcl_base_500k_p32x4_c010,4,45,5,71.5886,71.5886
zf,B507,xcl_base_500k_p32x4_c010,4,45,10,70.6156,70.6156
zf,B507,xcl_base_500k_p32x4_c010,4,45,50,63.2114,63.2114
zf,B507,xcl_base_500k_p32x4_c010,4,45,100,52.4167,52.4167
zf,B507,xcl_base_500k_p32x4_c010,4,46,1,71.9285,71.9285
zf,B507,xcl_base_500k_p32x4_c010,4,46,5,70.4641,70.4641
zf,B507,xcl_base_500k_p32x4_c010,4,46,10,69.0895,69.0895
zf,B507,xcl_base_500k_p32x4_c010,4,46,50,63.0,63.0
zf,B507,xcl_base_500k_p32x4_c010,4,46,100,51.9912,51.9912
zf,B507,xcl_large_500k_p32x1_c005,11,42,1,79.9309,79.9309
zf,B507,xcl_large_500k_p32x1_c005,11,42,5,79.7529,79.7529
zf,B507,xcl_large_500k_p32x1_c005,11,42,10,79.3854,79.3854
zf,B507,xcl_large_500k_p32x1_c005,11,42,50,72.8283,72.8283
zf,B507,xcl_large_500k_p32x1_c005,11,42,100,60.8622,60.8622
zf,B507,xcl_large_500k_p32x1_c005,11,43,1,78.4979,78.4979
zf,B507,xcl_large_500k_p32x1_c005,11,43,5,77.4172,77.4172
zf,B507,xcl_large_500k_p32x1_c005,11,43,10,76.9415,76.9415
zf,B507,xcl_large_500k_p32x1_c005,11,43,50,70.7604,70.7604
zf,B507,xcl_large_500k_p32x1_c005,11,43,100,58.8092,58.8092
zf,B507,xcl_large_500k_p32x1_c005,11,44,1,80.9714,80.9714
zf,B507,xcl_large_500k_p32x1_c005,11,44,5,79.7497,79.7497
zf,B507,xcl_large_500k_p32x1_c005,11,44,10,78.6115,78.6115
zf,B507,xcl_large_500k_p32x1_c005,11,44,50,71.9121,71.9121
zf,B507,xcl_large_500k_p32x1_c005,11,44,100,59.0863,59.0863
zf,B507,xcl_large_500k_p32x1_c005,11,45,1,78.3183,78.3183
zf,B507,xcl_large_500k_p32x1_c005,11,45,5,77.6071,77.6071
zf,B507,xcl_large_500k_p32x1_c005,11,45,10,77.0052,77.0052
zf,B507,xcl_large_500k_p32x1_c005,11,45,50,70.8121,70.8121
zf,B507,xcl_large_500k_p32x1_c005,11,45,100,59.2414,59.2414
zf,B507,xcl_large_500k_p32x1_c005,11,46,1,79.1258,79.1258
zf,B507,xcl_large_500k_p32x1_c005,11,46,5,77.3553,77.3553
zf,B507,xcl_large_500k_p32x1_c005,11,46,10,76.62,76.62
zf,B507,xcl_large_500k_p32x1_c005,11,46,50,70.7451,70.7451
zf,B507,xcl_large_500k_p32x1_c005,11,46,100,58.9817,58.9817
zf,B507,xcl_large_500k_p32x4_c0025,9,42,1,76.5936,76.5936
zf,B507,xcl_large_500k_p32x4_c0025,9,42,5,73.5082,73.5082
zf,B507,xcl_large_500k_p32x4_c0025,9,42,10,72.3968,72.3968
zf,B507,xcl_large_500k_p32x4_c0025,9,42,50,65.1117,65.1117
zf,B507,xcl_large_500k_p32x4_c0025,9,42,100,53.9279,53.9279
zf,B507,xcl_large_500k_p32x4_c0025,9,43,1,73.039,73.039
zf,B507,xcl_large_500k_p32x4_c0025,9,43,5,71.2643,71.2643
zf,B507,xcl_large_500k_p32x4_c0025,9,43,10,70.2075,70.2075
zf,B507,xcl_large_500k_p32x4_c0025,9,43,50,64.0054,64.0054
zf,B507,xcl_large_500k_p32x4_c0025,9,43,100,52.8104,52.8104
zf,B507,xcl_large_500k_p32x4_c0025,9,44,1,74.6788,74.6788
zf,B507,xcl_large_500k_p32x4_c0025,9,44,5,72.2571,72.2571
zf,B507,xcl_large_500k_p32x4_c0025,9,44,10,71.0144,71.0144
zf,B507,xcl_large_500k_p32x4_c0025,9,44,50,63.4381,63.4381
zf,B507,xcl_large_500k_p32x4_c0025,9,44,100,52.8559,52.8559
zf,B507,xcl_large_500k_p32x4_c0025,9,45,1,72.8384,72.8384
zf,B507,xcl_large_500k_p32x4_c0025,9,45,5,71.76,71.76
zf,B507,xcl_large_500k_p32x4_c0025,9,45,10,70.7916,70.7916
zf,B507,xcl_large_500k_p32x4_c0025,9,45,50,64.0297,64.0297
zf,B507,xcl_large_500k_p32x4_c0025,9,45,100,53.3177,53.3177
zf,B507,xcl_large_500k_p32x4_c0025,9,46,1,72.9925,72.9925
zf,B507,xcl_large_500k_p32x4_c0025,9,46,5,70.9913,70.9913
zf,B507,xcl_large_500k_p32x4_c0025,9,46,10,69.9544,69.9544
zf,B507,xcl_large_500k_p32x4_c0025,9,46,50,64.0661,64.0661
zf,B507,xcl_large_500k_p32x4_c0025,9,46,100,52.9963,52.9963
zf,B507,xcl_large_500k_p32x4_c010,10,42,1,75.338,75.338
zf,B507,xcl_large_500k_p32x4_c010,10,42,5,72.9811,72.9811
zf,B507,xcl_large_500k_p32x4_c010,10,42,10,72.9645,72.9645
zf,B507,xcl_large_500k_p32x4_c010,10,42,50,65.8958,65.8958
zf,B507,xcl_large_500k_p32x4_c010,10,42,100,54.6483,54.6483
zf,B507,xcl_large_500k_p32x4_c010,10,43,1,72.5624,72.5624
zf,B507,xcl_large_500k_p32x4_c010,10,43,5,71.6265,71.6265
zf,B507,xcl_large_500k_p32x4_c010,10,43,10,70.6903,70.6903
zf,B507,xcl_large_500k_p32x4_c010,10,43,50,64.4783,64.4783
zf,B507,xcl_large_500k_p32x4_c010,10,43,100,53.4609,53.4609
zf,B507,xcl_large_500k_p32x4_c010,10,44,1,73.8564,73.8564
zf,B507,xcl_large_500k_p32x4_c010,10,44,5,72.6657,72.6657
zf,B507,xcl_large_500k_p32x4_c010,10,44,10,71.7059,71.7059
zf,B507,xcl_large_500k_p32x4_c010,10,44,50,64.9311,64.9311
zf,B507,xcl_large_500k_p32x4_c010,10,44,100,53.8501,53.8501
zf,B507,xcl_large_500k_p32x4_c010,10,45,1,72.3675,72.3675
zf,B507,xcl_large_500k_p32x4_c010,10,45,5,72.1367,72.1367
zf,B507,xcl_large_500k_p32x4_c010,10,45,10,71.226,71.226
zf,B507,xcl_large_500k_p32x4_c010,10,45,50,64.7603,64.7603
zf,B507,xcl_large_500k_p32x4_c010,10,45,100,53.9776,53.9776
zf,B507,xcl_large_500k_p32x4_c010,10,46,1,72.2466,72.2466
zf,B507,xcl_large_500k_p32x4_c010,10,46,5,71.5075,71.5075
zf,B507,xcl_large_500k_p32x4_c010,10,46,10,70.6218,70.6218
zf,B507,xcl_large_500k_p32x4_c010,10,46,50,64.9029,64.9029
zf,B507,xcl_large_500k_p32x4_c010,10,46,100,53.8358,53.8358
zf,B507,xcl_micro_500k_p32x1_c005,4,42,1,80.3331,80.3331
zf,B507,xcl_micro_500k_p32x1_c005,4,42,5,78.3139,78.3139
zf,B507,xcl_micro_500k_p32x1_c005,4,42,10,77.3979,77.3979
zf,B507,xcl_micro_500k_p32x1_c005,4,42,50,68.6547,68.6547
zf,B507,xcl_micro_500k_p32x1_c005,4,42,100,56.9112,56.9112
zf,B507,xcl_micro_500k_p32x1_c005,4,43,1,76.9078,76.9078
zf,B507,xcl_micro_500k_p32x1_c005,4,43,5,75.4844,75.4844
zf,B507,xcl_micro_500k_p32x1_c005,4,43,10,74.4435,74.4435
zf,B507,xcl_micro_500k_p32x1_c005,4,43,50,66.4838,66.4838
zf,B507,xcl_micro_500k_p32x1_c005,4,43,100,55.1366,55.1366
zf,B507,xcl_micro_500k_p32x1_c005,4,44,1,80.0647,80.0647
zf,B507,xcl_micro_500k_p32x1_c005,4,44,5,77.2913,77.2913
zf,B507,xcl_micro_500k_p32x1_c005,4,44,10,76.1469,76.1469
zf,B507,xcl_micro_500k_p32x1_c005,4,44,50,67.5082,67.5082
zf,B507,xcl_micro_500k_p32x1_c005,4,44,100,55.6848,55.6848
zf,B507,xcl_micro_500k_p32x1_c005,4,45,1,76.0933,76.0933
zf,B507,xcl_micro_500k_p32x1_c005,4,45,5,75.6328,75.6328
zf,B507,xcl_micro_500k_p32x1_c005,4,45,10,74.5627,74.5627
zf,B507,xcl_micro_500k_p32x1_c005,4,45,50,66.7319,66.7319
zf,B507,xcl_micro_500k_p32x1_c005,4,45,100,55.6206,55.6206
zf,B507,xcl_micro_500k_p32x1_c005,4,46,1,77.8861,77.8861
zf,B507,xcl_micro_500k_p32x1_c005,4,46,5,75.0906,75.0906
zf,B507,xcl_micro_500k_p32x1_c005,4,46,10,73.9137,73.9137
zf,B507,xcl_micro_500k_p32x1_c005,4,46,50,65.6203,65.6203
zf,B507,xcl_micro_500k_p32x1_c005,4,46,100,54.6496,54.6496
zf,B507,xcl_micro_500k_p32x1_c005,5,42,1,80.4155,80.4155
zf,B507,xcl_micro_500k_p32x1_c005,5,42,5,78.5334,78.5334
zf,B507,xcl_micro_500k_p32x1_c005,5,42,10,77.5134,77.5134
zf,B507,xcl_micro_500k_p32x1_c005,5,42,50,68.8171,68.8171
zf,B507,xcl_micro_500k_p32x1_c005,5,42,100,56.9693,56.9693
zf,B507,xcl_micro_500k_p32x1_c005,5,43,1,76.9829,76.9829
zf,B507,xcl_micro_500k_p32x1_c005,5,43,5,75.6952,75.6952
zf,B507,xcl_micro_500k_p32x1_c005,5,43,10,74.6314,74.6314
zf,B507,xcl_micro_500k_p32x1_c005,5,43,50,66.7879,66.7879
zf,B507,xcl_micro_500k_p32x1_c005,5,43,100,55.2167,55.2167
zf,B507,xcl_micro_500k_p32x1_c005,5,44,1,79.9211,79.9211
zf,B507,xcl_micro_500k_p32x1_c005,5,44,5,77.4064,77.4064
zf,B507,xcl_micro_500k_p32x1_c005,5,44,10,76.2385,76.2385
zf,B507,xcl_micro_500k_p32x1_c005,5,44,50,67.6526,67.6526
zf,B507,xcl_micro_500k_p32x1_c005,5,44,100,55.7099,55.7099
zf,B507,xcl_micro_500k_p32x1_c005,5,45,1,76.105,76.105
zf,B507,xcl_micro_500k_p32x1_c005,5,45,5,75.716,75.716
zf,B507,xcl_micro_500k_p32x1_c005,5,45,10,74.872,74.872
zf,B507,xcl_micro_500k_p32x1_c005,5,45,50,66.9278,66.9278
zf,B507,xcl_micro_500k_p32x1_c005,5,45,100,55.7065,55.7065
zf,B507,xcl_micro_500k_p32x1_c005,5,46,1,77.9266,77.9266
zf,B507,xcl_micro_500k_p32x1_c005,5,46,5,75.452,75.452
zf,B507,xcl_micro_500k_p32x1_c005,5,46,10,74.1285,74.1285
zf,B507,xcl_micro_500k_p32x1_c005,5,46,50,65.8788,65.8788
zf,B507,xcl_micro_500k_p32x1_c005,5,46,100,54.7253,54.7253
zf,B507,xcl_micro_500k_p32x4_c010,3,42,1,73.1636,73.1636
zf,B507,xcl_micro_500k_p32x4_c010,3,42,5,71.2876,71.2876
zf,B507,xcl_micro_500k_p32x4_c010,3,42,10,69.8795,69.8795
zf,B507,xcl_micro_500k_p32x4_c010,3,42,50,61.2315,61.2315
zf,B507,xcl_micro_500k_p32x4_c010,3,42,100,49.6676,49.6676
zf,B507,xcl_micro_500k_p32x4_c010,3,43,1,71.6045,71.6045
zf,B507,xcl_micro_500k_p32x4_c010,3,43,5,69.3096,69.3096
zf,B507,xcl_micro_500k_p32x4_c010,3,43,10,68.3177,68.3177
zf,B507,xcl_micro_500k_p32x4_c010,3,43,50,60.1864,60.1864
zf,B507,xcl_micro_500k_p32x4_c010,3,43,100,48.7638,48.7638
zf,B507,xcl_micro_500k_p32x4_c010,3,44,1,72.5137,72.5137
zf,B507,xcl_micro_500k_p32x4_c010,3,44,5,69.9073,69.9073
zf,B507,xcl_micro_500k_p32x4_c010,3,44,10,68.0965,68.0965
zf,B507,xcl_micro_500k_p32x4_c010,3,44,50,60.0614,60.0614
zf,B507,xcl_micro_500k_p32x4_c010,3,44,100,49.1619,49.1619
zf,B507,xcl_micro_500k_p32x4_c010,3,45,1,71.5845,71.5845
zf,B507,xcl_micro_500k_p32x4_c010,3,45,5,70.945,70.945
zf,B507,xcl_micro_500k_p32x4_c010,3,45,10,69.7271,69.7271
zf,B507,xcl_micro_500k_p32x4_c010,3,45,50,60.5086,60.5086
zf,B507,xcl_micro_500k_p32x4_c010,3,45,100,49.574,49.574
zf,B507,xcl_micro_500k_p32x4_c010,3,46,1,72.7354,72.7354
zf,B507,xcl_micro_500k_p32x4_c010,3,46,5,69.6095,69.6095
zf,B507,xcl_micro_500k_p32x4_c010,3,46,10,67.5025,67.5025
zf,B507,xcl_micro_500k_p32x4_c010,3,46,50,60.083,60.083
zf,B507,xcl_micro_500k_p32x4_c010,3,46,100,48.9558,48.9558
zf,B524,birdaves_biox_base,3,42,1,83.3214,83.3214
zf,B524,birdaves_biox_base,3,42,5,82.294,82.294
zf,B524,birdaves_biox_base,3,42,10,81.5354,81.5354
zf,B524,birdaves_biox_base,3,42,50,79.5213,79.5213
zf,B524,birdaves_biox_base,3,42,100,71.7,71.7
zf,B524,birdaves_biox_base,3,43,1,84.13,84.13
zf,B524,birdaves_biox_base,3,43,5,83.1237,83.1237
zf,B524,birdaves_biox_base,3,43,10,83.0031,83.0031
zf,B524,birdaves_biox_base,3,43,50,80.7222,80.7222
zf,B524,birdaves_biox_base,3,43,100,72.9665,72.9665
zf,B524,birdaves_biox_base,3,44,1,84.4752,84.4752
zf,B524,birdaves_biox_base,3,44,5,81.314,81.314
zf,B524,birdaves_biox_base,3,44,10,81.0502,81.0502
zf,B524,birdaves_biox_base,3,44,50,79.0402,79.0402
zf,B524,birdaves_biox_base,3,44,100,71.4851,71.4851
zf,B524,birdaves_biox_base,3,45,1,84.1544,84.1544
zf,B524,birdaves_biox_base,3,45,5,82.2278,82.2278
zf,B524,birdaves_biox_base,3,45,10,82.0418,82.0418
zf,B524,birdaves_biox_base,3,45,50,79.9034,79.9034
zf,B524,birdaves_biox_base,3,45,100,72.6394,72.6394
zf,B524,birdaves_biox_base,3,46,1,85.0628,85.0628
zf,B524,birdaves_biox_base,3,46,5,82.1427,82.1427
zf,B524,birdaves_biox_base,3,46,10,81.9704,81.9704
zf,B524,birdaves_biox_base,3,46,50,79.6424,79.6424
zf,B524,birdaves_biox_base,3,46,100,71.7738,71.7738
zf,B524,birdaves_biox_base,7,42,1,83.0645,83.0645
zf,B524,birdaves_biox_base,7,42,5,82.2681,82.2681
zf,B524,birdaves_biox_base,7,42,10,81.9932,81.9932
zf,B524,birdaves_biox_base,7,42,50,79.9209,79.9209
zf,B524,birdaves_biox_base,7,42,100,72.0914,72.0914
zf,B524,birdaves_biox_base,7,43,1,82.5298,82.5298
zf,B524,birdaves_biox_base,7,43,5,82.6342,82.6342
zf,B524,birdaves_biox_base,7,43,10,82.6386,82.6386
zf,B524,birdaves_biox_base,7,43,50,81.1959,81.1959
zf,B524,birdaves_biox_base,7,43,100,73.4536,73.4536
zf,B524,birdaves_biox_base,7,44,1,85.2272,85.2272
zf,B524,birdaves_biox_base,7,44,5,82.1169,82.1169
zf,B524,birdaves_biox_base,7,44,10,81.6913,81.6913
zf,B524,birdaves_biox_base,7,44,50,79.5129,79.5129
zf,B524,birdaves_biox_base,7,44,100,72.2124,72.2124
zf,B524,birdaves_biox_base,7,45,1,82.6227,82.6227
zf,B524,birdaves_biox_base,7,45,5,82.1541,82.1541
zf,B524,birdaves_biox_base,7,45,10,82.1115,82.1115
zf,B524,birdaves_biox_base,7,45,50,80.1317,80.1317
zf,B524,birdaves_biox_base,7,45,100,72.8901,72.8901
zf,B524,birdaves_biox_base,7,46,1,84.3975,84.3975
zf,B524,birdaves_biox_base,7,46,5,82.5963,82.5963
zf,B524,birdaves_biox_base,7,46,10,82.1889,82.1889
zf,B524,birdaves_biox_base,7,46,50,80.2015,80.2015
zf,B524,birdaves_biox_base,7,46,100,72.3082,72.3082
zf,B524,birdaves_biox_base_speed0p25,3,42,1,89.9212,89.9212
zf,B524,birdaves_biox_base_speed0p25,3,42,5,89.0717,89.0717
zf,B524,birdaves_biox_base_speed0p25,3,42,10,88.376,88.376
zf,B524,birdaves_biox_base_speed0p25,3,42,50,84.3458,84.3458
zf,B524,birdaves_biox_base_speed0p25,3,42,100,71.3163,71.3163
zf,B524,birdaves_biox_base_speed0p25,3,43,1,89.4808,89.4808
zf,B524,birdaves_biox_base_speed0p25,3,43,5,89.6137,89.6137
zf,B524,birdaves_biox_base_speed0p25,3,43,10,89.054,89.054
zf,B524,birdaves_biox_base_speed0p25,3,43,50,85.3706,85.3706
zf,B524,birdaves_biox_base_speed0p25,3,43,100,72.3141,72.3141
zf,B524,birdaves_biox_base_speed0p25,3,44,1,89.0867,89.0867
zf,B524,birdaves_biox_base_speed0p25,3,44,5,88.3655,88.3655
zf,B524,birdaves_biox_base_speed0p25,3,44,10,88.0137,88.0137
zf,B524,birdaves_biox_base_speed0p25,3,44,50,83.5434,83.5434
zf,B524,birdaves_biox_base_speed0p25,3,44,100,71.0978,71.0978
zf,B524,birdaves_biox_base_speed0p25,3,45,1,91.0957,91.0957
zf,B524,birdaves_biox_base_speed0p25,3,45,5,90.3593,90.3593
zf,B524,birdaves_biox_base_speed0p25,3,45,10,89.6868,89.6868
zf,B524,birdaves_biox_base_speed0p25,3,45,50,84.897,84.897
zf,B524,birdaves_biox_base_speed0p25,3,45,100,72.0937,72.0937
zf,B524,birdaves_biox_base_speed0p25,3,46,1,90.6448,90.6448
zf,B524,birdaves_biox_base_speed0p25,3,46,5,90.1147,90.1147
zf,B524,birdaves_biox_base_speed0p25,3,46,10,89.3152,89.3152
zf,B524,birdaves_biox_base_speed0p25,3,46,50,84.1889,84.1889
zf,B524,birdaves_biox_base_speed0p25,3,46,100,71.1065,71.1065
zf,B524,birdaves_biox_base_speed0p25,4,42,1,90.6279,90.6279
zf,B524,birdaves_biox_base_speed0p25,4,42,5,89.3373,89.3373
zf,B524,birdaves_biox_base_speed0p25,4,42,10,88.489,88.489
zf,B524,birdaves_biox_base_speed0p25,4,42,50,84.8487,84.8487
zf,B524,birdaves_biox_base_speed0p25,4,42,100,72.3108,72.3108
zf,B524,birdaves_biox_base_speed0p25,4,43,1,90.0932,90.0932
zf,B524,birdaves_biox_base_speed0p25,4,43,5,90.0831,90.0831
zf,B524,birdaves_biox_base_speed0p25,4,43,10,89.4644,89.4644
zf,B524,birdaves_biox_base_speed0p25,4,43,50,85.8996,85.8996
zf,B524,birdaves_biox_base_speed0p25,4,43,100,73.2936,73.2936
zf,B524,birdaves_biox_base_speed0p25,4,44,1,89.5865,89.5865
zf,B524,birdaves_biox_base_speed0p25,4,44,5,88.3036,88.3036
zf,B524,birdaves_biox_base_speed0p25,4,44,10,88.3085,88.3085
zf,B524,birdaves_biox_base_speed0p25,4,44,50,84.1511,84.1511
zf,B524,birdaves_biox_base_speed0p25,4,44,100,71.9579,71.9579
zf,B524,birdaves_biox_base_speed0p25,4,45,1,91.1797,91.1797
zf,B524,birdaves_biox_base_speed0p25,4,45,5,90.3609,90.3609
zf,B524,birdaves_biox_base_speed0p25,4,45,10,89.4915,89.4915
zf,B524,birdaves_biox_base_speed0p25,4,45,50,85.2935,85.2935
zf,B524,birdaves_biox_base_speed0p25,4,45,100,72.7498,72.7498
zf,B524,birdaves_biox_base_speed0p25,4,46,1,90.4563,90.4563
zf,B524,birdaves_biox_base_speed0p25,4,46,5,90.2271,90.2271
zf,B524,birdaves_biox_base_speed0p25,4,46,10,89.4896,89.4896
zf,B524,birdaves_biox_base_speed0p25,4,46,50,84.8114,84.8114
zf,B524,birdaves_biox_base_speed0p25,4,46,100,72.3711,72.3711
zf,B524,birdaves_biox_base_speed0p5,3,42,1,87.1213,87.1213
zf,B524,birdaves_biox_base_speed0p5,3,42,5,86.3072,86.3072
zf,B524,birdaves_biox_base_speed0p5,3,42,10,85.7617,85.7617
zf,B524,birdaves_biox_base_speed0p5,3,42,50,83.8552,83.8552
zf,B524,birdaves_biox_base_speed0p5,3,42,100,73.6566,73.6566
zf,B524,birdaves_biox_base_speed0p5,3,43,1,89.2922,89.2922
zf,B524,birdaves_biox_base_speed0p5,3,43,5,87.6245,87.6245
zf,B524,birdaves_biox_base_speed0p5,3,43,10,87.4301,87.4301
zf,B524,birdaves_biox_base_speed0p5,3,43,50,85.2532,85.2532
zf,B524,birdaves_biox_base_speed0p5,3,43,100,75.461,75.461
zf,B524,birdaves_biox_base_speed0p5,3,44,1,88.5465,88.5465
zf,B524,birdaves_biox_base_speed0p5,3,44,5,85.8413,85.8413
zf,B524,birdaves_biox_base_speed0p5,3,44,10,85.9018,85.9018
zf,B524,birdaves_biox_base_speed0p5,3,44,50,83.3788,83.3788
zf,B524,birdaves_biox_base_speed0p5,3,44,100,74.0984,74.0984
zf,B524,birdaves_biox_base_speed0p5,3,45,1,87.5201,87.5201
zf,B524,birdaves_biox_base_speed0p5,3,45,5,87.5157,87.5157
zf,B524,birdaves_biox_base_speed0p5,3,45,10,86.8675,86.8675
zf,B524,birdaves_biox_base_speed0p5,3,45,50,84.6574,84.6574
zf,B524,birdaves_biox_base_speed0p5,3,45,100,74.9277,74.9277
zf,B524,birdaves_biox_base_speed0p5,3,46,1,87.6497,87.6497
zf,B524,birdaves_biox_base_speed0p5,3,46,5,86.8559,86.8559
zf,B524,birdaves_biox_base_speed0p5,3,46,10,86.6589,86.6589
zf,B524,birdaves_biox_base_speed0p5,3,46,50,83.9826,83.9826
zf,B524,birdaves_biox_base_speed0p5,3,46,100,73.8653,73.8653
zf,B524,birdaves_biox_base_speed0p5,6,42,1,86.345,86.345
zf,B524,birdaves_biox_base_speed0p5,6,42,5,86.0988,86.0988
zf,B524,birdaves_biox_base_speed0p5,6,42,10,85.8781,85.8781
zf,B524,birdaves_biox_base_speed0p5,6,42,50,83.8361,83.8361
zf,B524,birdaves_biox_base_speed0p5,6,42,100,73.5652,73.5652
zf,B524,birdaves_biox_base_speed0p5,6,43,1,89.8005,89.8005
zf,B524,birdaves_biox_base_speed0p5,6,43,5,88.1594,88.1594
zf,B524,birdaves_biox_base_speed0p5,6,43,10,88.0533,88.0533
zf,B524,birdaves_biox_base_speed0p5,6,43,50,85.467,85.467
zf,B524,birdaves_biox_base_speed0p5,6,43,100,75.6548,75.6548
zf,B524,birdaves_biox_base_speed0p5,6,44,1,86.7633,86.7633
zf,B524,birdaves_biox_base_speed0p5,6,44,5,86.2498,86.2498
zf,B524,birdaves_biox_base_speed0p5,6,44,10,85.8705,85.8705
zf,B524,birdaves_biox_base_speed0p5,6,44,50,83.5505,83.5505
zf,B524,birdaves_biox_base_speed0p5,6,44,100,74.0675,74.0675
zf,B524,birdaves_biox_base_speed0p5,6,45,1,87.6076,87.6076
zf,B524,birdaves_biox_base_speed0p5,6,45,5,87.4849,87.4849
zf,B524,birdaves_biox_base_speed0p5,6,45,10,87.2468,87.2468
zf,B524,birdaves_biox_base_speed0p5,6,45,50,84.5857,84.5857
zf,B524,birdaves_biox_base_speed0p5,6,45,100,74.7152,74.7152
zf,B524,birdaves_biox_base_speed0p5,6,46,1,87.2828,87.2828
zf,B524,birdaves_biox_base_speed0p5,6,46,5,86.6849,86.6849
zf,B524,birdaves_biox_base_speed0p5,6,46,10,86.883,86.883
zf,B524,birdaves_biox_base_speed0p5,6,46,50,84.556,84.556
zf,B524,birdaves_biox_base_speed0p5,6,46,100,74.0794,74.0794
zf,B524,hubert_base_ls960,0,42,1,82.1964,82.1964
zf,B524,hubert_base_ls960,0,42,5,80.855,80.855
zf,B524,hubert_base_ls960,0,42,10,80.2591,80.2591
zf,B524,hubert_base_ls960,0,42,50,74.6886,74.6886
zf,B524,hubert_base_ls960,0,42,100,62.9375,62.9375
zf,B524,hubert_base_ls960,0,43,1,80.8274,80.8274
zf,B524,hubert_base_ls960,0,43,5,82.1914,82.1914
zf,B524,hubert_base_ls960,0,43,10,81.8389,81.8389
zf,B524,hubert_base_ls960,0,43,50,77.2209,77.2209
zf,B524,hubert_base_ls960,0,43,100,64.7606,64.7606
zf,B524,hubert_base_ls960,0,44,1,84.1941,84.1941
zf,B524,hubert_base_ls960,0,44,5,81.8578,81.8578
zf,B524,hubert_base_ls960,0,44,10,80.2438,80.2438
zf,B524,hubert_base_ls960,0,44,50,74.6859,74.6859
zf,B524,hubert_base_ls960,0,44,100,62.864,62.864
zf,B524,hubert_base_ls960,0,45,1,82.1634,82.1634
zf,B524,hubert_base_ls960,0,45,5,81.7587,81.7587
zf,B524,hubert_base_ls960,0,45,10,80.6731,80.6731
zf,B524,hubert_base_ls960,0,45,50,75.7558,75.7558
zf,B524,hubert_base_ls960,0,45,100,63.8626,63.8626
zf,B524,hubert_base_ls960,0,46,1,82.6204,82.6204
zf,B524,hubert_base_ls960,0,46,5,82.0206,82.0206
zf,B524,hubert_base_ls960,0,46,10,81.0715,81.0715
zf,B524,hubert_base_ls960,0,46,50,75.9758,75.9758
zf,B524,hubert_base_ls960,0,46,100,63.9853,63.9853
zf,B524,hubert_base_ls960,3,42,1,82.9375,82.9375
zf,B524,hubert_base_ls960,3,42,5,79.7373,79.7373
zf,B524,hubert_base_ls960,3,42,10,78.1226,78.1226
zf,B524,hubert_base_ls960,3,42,50,73.0807,73.0807
zf,B524,hubert_base_ls960,3,42,100,62.4043,62.4043
zf,B524,hubert_base_ls960,3,43,1,81.5433,81.5433
zf,B524,hubert_base_ls960,3,43,5,81.2787,81.2787
zf,B524,hubert_base_ls960,3,43,10,80.7843,80.7843
zf,B524,hubert_base_ls960,3,43,50,75.3211,75.3211
zf,B524,hubert_base_ls960,3,43,100,64.4536,64.4536
zf,B524,hubert_base_ls960,3,44,1,85.7725,85.7725
zf,B524,hubert_base_ls960,3,44,5,79.4798,79.4798
zf,B524,hubert_base_ls960,3,44,10,78.0559,78.0559
zf,B524,hubert_base_ls960,3,44,50,73.2578,73.2578
zf,B524,hubert_base_ls960,3,44,100,62.6414,62.6414
zf,B524,hubert_base_ls960,3,45,1,82.212,82.212
zf,B524,hubert_base_ls960,3,45,5,80.3943,80.3943
zf,B524,hubert_base_ls960,3,45,10,78.8606,78.8606
zf,B524,hubert_base_ls960,3,45,50,74.0927,74.0927
zf,B524,hubert_base_ls960,3,45,100,63.5842,63.5842
zf,B524,hubert_base_ls960,3,46,1,82.044,82.044
zf,B524,hubert_base_ls960,3,46,5,81.17,81.17
zf,B524,hubert_base_ls960,3,46,10,80.0312,80.0312
zf,B524,hubert_base_ls960,3,46,50,75.1261,75.1261
zf,B524,hubert_base_ls960,3,46,100,63.6227,63.6227
zf,B524,xcl_base_500k_p32x1_c005,5,42,1,90.8697,90.8697
zf,B524,xcl_base_500k_p32x1_c005,5,42,5,88.7376,88.7376
zf,B524,xcl_base_500k_p32x1_c005,5,42,10,87.7406,87.7406
zf,B524,xcl_base_500k_p32x1_c005,5,42,50,82.7098,82.7098
zf,B524,xcl_base_500k_p32x1_c005,5,42,100,70.2771,70.2771
zf,B524,xcl_base_500k_p32x1_c005,5,43,1,89.274,89.274
zf,B524,xcl_base_500k_p32x1_c005,5,43,5,89.3005,89.3005
zf,B524,xcl_base_500k_p32x1_c005,5,43,10,88.0405,88.0405
zf,B524,xcl_base_500k_p32x1_c005,5,43,50,83.6918,83.6918
zf,B524,xcl_base_500k_p32x1_c005,5,43,100,71.5026,71.5026
zf,B524,xcl_base_500k_p32x1_c005,5,44,1,90.2736,90.2736
zf,B524,xcl_base_500k_p32x1_c005,5,44,5,87.6858,87.6858
zf,B524,xcl_base_500k_p32x1_c005,5,44,10,86.911,86.911
zf,B524,xcl_base_500k_p32x1_c005,5,44,50,82.0025,82.0025
zf,B524,xcl_base_500k_p32x1_c005,5,44,100,70.5915,70.5915
zf,B524,xcl_base_500k_p32x1_c005,5,45,1,88.5841,88.5841
zf,B524,xcl_base_500k_p32x1_c005,5,45,5,88.2915,88.2915
zf,B524,xcl_base_500k_p32x1_c005,5,45,10,87.2121,87.2121
zf,B524,xcl_base_500k_p32x1_c005,5,45,50,83.1616,83.1616
zf,B524,xcl_base_500k_p32x1_c005,5,45,100,71.2666,71.2666
zf,B524,xcl_base_500k_p32x1_c005,5,46,1,88.7968,88.7968
zf,B524,xcl_base_500k_p32x1_c005,5,46,5,88.1741,88.1741
zf,B524,xcl_base_500k_p32x1_c005,5,46,10,87.7205,87.7205
zf,B524,xcl_base_500k_p32x1_c005,5,46,50,82.7716,82.7716
zf,B524,xcl_base_500k_p32x1_c005,5,46,100,70.8983,70.8983
zf,B524,xcl_base_500k_p32x4_c010,3,42,1,84.0139,84.0139
zf,B524,xcl_base_500k_p32x4_c010,3,42,5,81.1706,81.1706
zf,B524,xcl_base_500k_p32x4_c010,3,42,10,80.9027,80.9027
zf,B524,xcl_base_500k_p32x4_c010,3,42,50,78.2705,78.2705
zf,B524,xcl_base_500k_p32x4_c010,3,42,100,68.4984,68.4984
zf,B524,xcl_base_500k_p32x4_c010,3,43,1,80.6399,80.6399
zf,B524,xcl_base_500k_p32x4_c010,3,43,5,81.1395,81.1395
zf,B524,xcl_base_500k_p32x4_c010,3,43,10,80.7407,80.7407
zf,B524,xcl_base_500k_p32x4_c010,3,43,50,78.8608,78.8608
zf,B524,xcl_base_500k_p32x4_c010,3,43,100,69.431,69.431
zf,B524,xcl_base_500k_p32x4_c010,3,44,1,83.0979,83.0979
zf,B524,xcl_base_500k_p32x4_c010,3,44,5,80.1489,80.1489
zf,B524,xcl_base_500k_p32x4_c010,3,44,10,79.6174,79.6174
zf,B524,xcl_base_500k_p32x4_c010,3,44,50,77.5039,77.5039
zf,B524,xcl_base_500k_p32x4_c010,3,44,100,67.8859,67.8859
zf,B524,xcl_base_500k_p32x4_c010,3,45,1,81.619,81.619
zf,B524,xcl_base_500k_p32x4_c010,3,45,5,81.0075,81.0075
zf,B524,xcl_base_500k_p32x4_c010,3,45,10,80.8824,80.8824
zf,B524,xcl_base_500k_p32x4_c010,3,45,50,78.8866,78.8866
zf,B524,xcl_base_500k_p32x4_c010,3,45,100,69.0968,69.0968
zf,B524,xcl_base_500k_p32x4_c010,3,46,1,82.3843,82.3843
zf,B524,xcl_base_500k_p32x4_c010,3,46,5,81.5339,81.5339
zf,B524,xcl_base_500k_p32x4_c010,3,46,10,81.2683,81.2683
zf,B524,xcl_base_500k_p32x4_c010,3,46,50,78.5713,78.5713
zf,B524,xcl_base_500k_p32x4_c010,3,46,100,68.5808,68.5808
zf,B524,xcl_base_500k_p32x4_c010,4,42,1,83.6389,83.6389
zf,B524,xcl_base_500k_p32x4_c010,4,42,5,80.819,80.819
zf,B524,xcl_base_500k_p32x4_c010,4,42,10,80.952,80.952
zf,B524,xcl_base_500k_p32x4_c010,4,42,50,78.2211,78.2211
zf,B524,xcl_base_500k_p32x4_c010,4,42,100,68.3848,68.3848
zf,B524,xcl_base_500k_p32x4_c010,4,43,1,80.3343,80.3343
zf,B524,xcl_base_500k_p32x4_c010,4,43,5,81.1577,81.1577
zf,B524,xcl_base_500k_p32x4_c010,4,43,10,80.9051,80.9051
zf,B524,xcl_base_500k_p32x4_c010,4,43,50,78.7298,78.7298
zf,B524,xcl_base_500k_p32x4_c010,4,43,100,69.241,69.241
zf,B524,xcl_base_500k_p32x4_c010,4,44,1,82.2646,82.2646
zf,B524,xcl_base_500k_p32x4_c010,4,44,5,79.9273,79.9273
zf,B524,xcl_base_500k_p32x4_c010,4,44,10,79.3871,79.3871
zf,B524,xcl_base_500k_p32x4_c010,4,44,50,77.4741,77.4741
zf,B524,xcl_base_500k_p32x4_c010,4,44,100,67.8327,67.8327
zf,B524,xcl_base_500k_p32x4_c010,4,45,1,82.0486,82.0486
zf,B524,xcl_base_500k_p32x4_c010,4,45,5,80.9645,80.9645
zf,B524,xcl_base_500k_p32x4_c010,4,45,10,80.7613,80.7613
zf,B524,xcl_base_500k_p32x4_c010,4,45,50,78.8533,78.8533
zf,B524,xcl_base_500k_p32x4_c010,4,45,100,69.0845,69.0845
zf,B524,xcl_base_500k_p32x4_c010,4,46,1,82.1343,82.1343
zf,B524,xcl_base_500k_p32x4_c010,4,46,5,81.4228,81.4228
zf,B524,xcl_base_500k_p32x4_c010,4,46,10,81.0627,81.0627
zf,B524,xcl_base_500k_p32x4_c010,4,46,50,78.3841,78.3841
zf,B524,xcl_base_500k_p32x4_c010,4,46,100,68.6007,68.6007
zf,B524,xcl_large_500k_p32x1_c005,11,42,1,91.2166,91.2166
zf,B524,xcl_large_500k_p32x1_c005,11,42,5,89.3901,89.3901
zf,B524,xcl_large_500k_p32x1_c005,11,42,10,89.0554,89.0554
zf,B524,xcl_large_500k_p32x1_c005,11,42,50,85.8662,85.8662
zf,B524,xcl_large_500k_p32x1_c005,11,42,100,74.5573,74.5573
zf,B524,xcl_large_500k_p32x1_c005,11,43,1,91.0685,91.0685
zf,B524,xcl_large_500k_p32x1_c005,11,43,5,89.556,89.556
zf,B524,xcl_large_500k_p32x1_c005,11,43,10,89.4418,89.4418
zf,B524,xcl_large_500k_p32x1_c005,11,43,50,86.7188,86.7188
zf,B524,xcl_large_500k_p32x1_c005,11,43,100,75.6555,75.6555
zf,B524,xcl_large_500k_p32x1_c005,11,44,1,90.0546,90.0546
zf,B524,xcl_large_500k_p32x1_c005,11,44,5,88.2548,88.2548
zf,B524,xcl_large_500k_p32x1_c005,11,44,10,88.101,88.101
zf,B524,xcl_large_500k_p32x1_c005,11,44,50,84.6954,84.6954
zf,B524,xcl_large_500k_p32x1_c005,11,44,100,74.2031,74.2031
zf,B524,xcl_large_500k_p32x1_c005,11,45,1,89.5101,89.5101
zf,B524,xcl_large_500k_p32x1_c005,11,45,5,88.9756,88.9756
zf,B524,xcl_large_500k_p32x1_c005,11,45,10,88.7875,88.7875
zf,B524,xcl_large_500k_p32x1_c005,11,45,50,86.3305,86.3305
zf,B524,xcl_large_500k_p32x1_c005,11,45,100,75.5899,75.5899
zf,B524,xcl_large_500k_p32x1_c005,11,46,1,89.5253,89.5253
zf,B524,xcl_large_500k_p32x1_c005,11,46,5,89.5619,89.5619
zf,B524,xcl_large_500k_p32x1_c005,11,46,10,89.1918,89.1918
zf,B524,xcl_large_500k_p32x1_c005,11,46,50,85.8179,85.8179
zf,B524,xcl_large_500k_p32x1_c005,11,46,100,74.7846,74.7846
zf,B524,xcl_large_500k_p32x4_c0025,9,42,1,83.3988,83.3988
zf,B524,xcl_large_500k_p32x4_c0025,9,42,5,81.1216,81.1216
zf,B524,xcl_large_500k_p32x4_c0025,9,42,10,81.0205,81.0205
zf,B524,xcl_large_500k_p32x4_c0025,9,42,50,78.2719,78.2719
zf,B524,xcl_large_500k_p32x4_c0025,9,42,100,68.3809,68.3809
zf,B524,xcl_large_500k_p32x4_c0025,9,43,1,80.5258,80.5258
zf,B524,xcl_large_500k_p32x4_c0025,9,43,5,80.9925,80.9925
zf,B524,xcl_large_500k_p32x4_c0025,9,43,10,80.6966,80.6966
zf,B524,xcl_large_500k_p32x4_c0025,9,43,50,78.7198,78.7198
zf,B524,xcl_large_500k_p32x4_c0025,9,43,100,69.2885,69.2885
zf,B524,xcl_large_500k_p32x4_c0025,9,44,1,82.7576,82.7576
zf,B524,xcl_large_500k_p32x4_c0025,9,44,5,79.3515,79.3515
zf,B524,xcl_large_500k_p32x4_c0025,9,44,10,79.492,79.492
zf,B524,xcl_large_500k_p32x4_c0025,9,44,50,77.5994,77.5994
zf,B524,xcl_large_500k_p32x4_c0025,9,44,100,67.9698,67.9698
zf,B524,xcl_large_500k_p32x4_c0025,9,45,1,82.1627,82.1627
zf,B524,xcl_large_500k_p32x4_c0025,9,45,5,81.162,81.162
zf,B524,xcl_large_500k_p32x4_c0025,9,45,10,81.2945,81.2945
zf,B524,xcl_large_500k_p32x4_c0025,9,45,50,78.716,78.716
zf,B524,xcl_large_500k_p32x4_c0025,9,45,100,69.0155,69.0155
zf,B524,xcl_large_500k_p32x4_c0025,9,46,1,81.9841,81.9841
zf,B524,xcl_large_500k_p32x4_c0025,9,46,5,81.8936,81.8936
zf,B524,xcl_large_500k_p32x4_c0025,9,46,10,81.2843,81.2843
zf,B524,xcl_large_500k_p32x4_c0025,9,46,50,78.1178,78.1178
zf,B524,xcl_large_500k_p32x4_c0025,9,46,100,68.7644,68.7644
zf,B524,xcl_large_500k_p32x4_c010,10,42,1,83.1915,83.1915
zf,B524,xcl_large_500k_p32x4_c010,10,42,5,81.1538,81.1538
zf,B524,xcl_large_500k_p32x4_c010,10,42,10,80.8945,80.8945
zf,B524,xcl_large_500k_p32x4_c010,10,42,50,79.1807,79.1807
zf,B524,xcl_large_500k_p32x4_c010,10,42,100,70.4253,70.4253
zf,B524,xcl_large_500k_p32x4_c010,10,43,1,82.1032,82.1032
zf,B524,xcl_large_500k_p32x4_c010,10,43,5,81.2124,81.2124
zf,B524,xcl_large_500k_p32x4_c010,10,43,10,80.9086,80.9086
zf,B524,xcl_large_500k_p32x4_c010,10,43,50,79.6453,79.6453
zf,B524,xcl_large_500k_p32x4_c010,10,43,100,71.4111,71.4111
zf,B524,xcl_large_500k_p32x4_c010,10,44,1,82.8896,82.8896
zf,B524,xcl_large_500k_p32x4_c010,10,44,5,80.5663,80.5663
zf,B524,xcl_large_500k_p32x4_c010,10,44,10,79.676,79.676
zf,B524,xcl_large_500k_p32x4_c010,10,44,50,78.2066,78.2066
zf,B524,xcl_large_500k_p32x4_c010,10,44,100,69.5499,69.5499
zf,B524,xcl_large_500k_p32x4_c010,10,45,1,82.9762,82.9762
zf,B524,xcl_large_500k_p32x4_c010,10,45,5,81.7353,81.7353
zf,B524,xcl_large_500k_p32x4_c010,10,45,10,81.2026,81.2026
zf,B524,xcl_large_500k_p32x4_c010,10,45,50,79.6527,79.6527
zf,B524,xcl_large_500k_p32x4_c010,10,45,100,70.913,70.913
zf,B524,xcl_large_500k_p32x4_c010,10,46,1,83.1978,83.1978
zf,B524,xcl_large_500k_p32x4_c010,10,46,5,81.9892,81.9892
zf,B524,xcl_large_500k_p32x4_c010,10,46,10,81.8269,81.8269
zf,B524,xcl_large_500k_p32x4_c010,10,46,50,79.5423,79.5423
zf,B524,xcl_large_500k_p32x4_c010,10,46,100,70.719,70.719
zf,B524,xcl_micro_500k_p32x1_c005,4,42,1,86.0048,86.0048
zf,B524,xcl_micro_500k_p32x1_c005,4,42,5,83.2638,83.2638
zf,B524,xcl_micro_500k_p32x1_c005,4,42,10,80.6739,80.6739
zf,B524,xcl_micro_500k_p32x1_c005,4,42,50,70.5632,70.5632
zf,B524,xcl_micro_500k_p32x1_c005,4,42,100,58.0505,58.0505
zf,B524,xcl_micro_500k_p32x1_c005,4,43,1,85.6948,85.6948
zf,B524,xcl_micro_500k_p32x1_c005,4,43,5,84.0201,84.0201
zf,B524,xcl_micro_500k_p32x1_c005,4,43,10,82.0213,82.0213
zf,B524,xcl_micro_500k_p32x1_c005,4,43,50,72.2488,72.2488
zf,B524,xcl_micro_500k_p32x1_c005,4,43,100,59.7842,59.7842
zf,B524,xcl_micro_500k_p32x1_c005,4,44,1,89.3768,89.3768
zf,B524,xcl_micro_500k_p32x1_c005,4,44,5,82.6339,82.6339
zf,B524,xcl_micro_500k_p32x1_c005,4,44,10,80.2311,80.2311
zf,B524,xcl_micro_500k_p32x1_c005,4,44,50,69.7557,69.7557
zf,B524,xcl_micro_500k_p32x1_c005,4,44,100,58.5197,58.5197
zf,B524,xcl_micro_500k_p32x1_c005,4,45,1,86.6348,86.6348
zf,B524,xcl_micro_500k_p32x1_c005,4,45,5,83.8848,83.8848
zf,B524,xcl_micro_500k_p32x1_c005,4,45,10,81.4262,81.4262
zf,B524,xcl_micro_500k_p32x1_c005,4,45,50,71.2568,71.2568
zf,B524,xcl_micro_500k_p32x1_c005,4,45,100,59.3785,59.3785
zf,B524,xcl_micro_500k_p32x1_c005,4,46,1,87.3171,87.3171
zf,B524,xcl_micro_500k_p32x1_c005,4,46,5,84.1282,84.1282
zf,B524,xcl_micro_500k_p32x1_c005,4,46,10,82.105,82.105
zf,B524,xcl_micro_500k_p32x1_c005,4,46,50,70.9983,70.9983
zf,B524,xcl_micro_500k_p32x1_c005,4,46,100,58.6043,58.6043
zf,B524,xcl_micro_500k_p32x1_c005,5,42,1,86.7819,86.7819
zf,B524,xcl_micro_500k_p32x1_c005,5,42,5,83.602,83.602
zf,B524,xcl_micro_500k_p32x1_c005,5,42,10,81.3159,81.3159
zf,B524,xcl_micro_500k_p32x1_c005,5,42,50,70.9725,70.9725
zf,B524,xcl_micro_500k_p32x1_c005,5,42,100,58.4467,58.4467
zf,B524,xcl_micro_500k_p32x1_c005,5,43,1,87.0508,87.0508
zf,B524,xcl_micro_500k_p32x1_c005,5,43,5,84.4244,84.4244
zf,B524,xcl_micro_500k_p32x1_c005,5,43,10,82.4173,82.4173
zf,B524,xcl_micro_500k_p32x1_c005,5,43,50,72.6305,72.6305
zf,B524,xcl_micro_500k_p32x1_c005,5,43,100,60.3112,60.3112
zf,B524,xcl_micro_500k_p32x1_c005,5,44,1,89.0602,89.0602
zf,B524,xcl_micro_500k_p32x1_c005,5,44,5,83.0482,83.0482
zf,B524,xcl_micro_500k_p32x1_c005,5,44,10,80.7404,80.7404
zf,B524,xcl_micro_500k_p32x1_c005,5,44,50,70.5933,70.5933
zf,B524,xcl_micro_500k_p32x1_c005,5,44,100,59.1733,59.1733
zf,B524,xcl_micro_500k_p32x1_c005,5,45,1,88.4168,88.4168
zf,B524,xcl_micro_500k_p32x1_c005,5,45,5,84.4691,84.4691
zf,B524,xcl_micro_500k_p32x1_c005,5,45,10,82.2026,82.2026
zf,B524,xcl_micro_500k_p32x1_c005,5,45,50,71.8358,71.8358
zf,B524,xcl_micro_500k_p32x1_c005,5,45,100,59.8634,59.8634
zf,B524,xcl_micro_500k_p32x1_c005,5,46,1,87.5212,87.5212
zf,B524,xcl_micro_500k_p32x1_c005,5,46,5,84.5381,84.5381
zf,B524,xcl_micro_500k_p32x1_c005,5,46,10,82.5851,82.5851
zf,B524,xcl_micro_500k_p32x1_c005,5,46,50,71.496,71.496
zf,B524,xcl_micro_500k_p32x1_c005,5,46,100,59.136,59.136
zf,B524,xcl_micro_500k_p32x4_c010,3,42,1,83.7202,83.7202
zf,B524,xcl_micro_500k_p32x4_c010,3,42,5,81.0063,81.0063
zf,B524,xcl_micro_500k_p32x4_c010,3,42,10,80.3318,80.3318
zf,B524,xcl_micro_500k_p32x4_c010,3,42,50,75.8561,75.8561
zf,B524,xcl_micro_500k_p32x4_c010,3,42,100,63.9272,63.9272
zf,B524,xcl_micro_500k_p32x4_c010,3,43,1,81.5635,81.5635
zf,B524,xcl_micro_500k_p32x4_c010,3,43,5,80.2928,80.2928
zf,B524,xcl_micro_500k_p32x4_c010,3,43,10,80.2825,80.2825
zf,B524,xcl_micro_500k_p32x4_c010,3,43,50,76.3621,76.3621
zf,B524,xcl_micro_500k_p32x4_c010,3,43,100,64.6659,64.6659
zf,B524,xcl_micro_500k_p32x4_c010,3,44,1,82.1673,82.1673
zf,B524,xcl_micro_500k_p32x4_c010,3,44,5,79.1735,79.1735
zf,B524,xcl_micro_500k_p32x4_c010,3,44,10,78.8672,78.8672
zf,B524,xcl_micro_500k_p32x4_c010,3,44,50,74.9037,74.9037
zf,B524,xcl_micro_500k_p32x4_c010,3,44,100,63.3392,63.3392
zf,B524,xcl_micro_500k_p32x4_c010,3,45,1,82.3548,82.3548
zf,B524,xcl_micro_500k_p32x4_c010,3,45,5,81.5466,81.5466
zf,B524,xcl_micro_500k_p32x4_c010,3,45,10,80.8815,80.8815
zf,B524,xcl_micro_500k_p32x4_c010,3,45,50,76.0745,76.0745
zf,B524,xcl_micro_500k_p32x4_c010,3,45,100,64.2923,64.2923
zf,B524,xcl_micro_500k_p32x4_c010,3,46,1,83.5023,83.5023
zf,B524,xcl_micro_500k_p32x4_c010,3,46,5,81.3965,81.3965
zf,B524,xcl_micro_500k_p32x4_c010,3,46,10,81.2013,81.2013
zf,B524,xcl_micro_500k_p32x4_c010,3,46,50,76.177,76.177
zf,B524,xcl_micro_500k_p32x4_c010,3,46,100,64.3125,64.3125
zf,G255,birdaves_biox_base,3,42,1,84.0381,84.0381
zf,G255,birdaves_biox_base,3,42,5,75.9258,75.9258
zf,G255,birdaves_biox_base,3,42,10,73.4239,73.4239
zf,G255,birdaves_biox_base,3,42,50,60.6396,60.6396
zf,G255,birdaves_biox_base,3,42,100,50.2574,50.2574
zf,G255,birdaves_biox_base,3,43,1,79.838,79.838
zf,G255,birdaves_biox_base,3,43,5,74.6382,74.6382
zf,G255,birdaves_biox_base,3,43,10,71.9115,71.9115
zf,G255,birdaves_biox_base,3,43,50,59.6347,59.6347
zf,G255,birdaves_biox_base,3,43,100,49.0579,49.0579
zf,G255,birdaves_biox_base,3,44,1,83.7215,83.7215
zf,G255,birdaves_biox_base,3,44,5,74.3149,74.3149
zf,G255,birdaves_biox_base,3,44,10,72.0099,72.0099
zf,G255,birdaves_biox_base,3,44,50,59.001,59.001
zf,G255,birdaves_biox_base,3,44,100,48.6598,48.6598
zf,G255,birdaves_biox_base,3,45,1,84.9725,84.9725
zf,G255,birdaves_biox_base,3,45,5,76.2755,76.2755
zf,G255,birdaves_biox_base,3,45,10,73.3398,73.3398
zf,G255,birdaves_biox_base,3,45,50,61.1125,61.1125
zf,G255,birdaves_biox_base,3,45,100,50.5271,50.5271
zf,G255,birdaves_biox_base,3,46,1,82.4056,82.4056
zf,G255,birdaves_biox_base,3,46,5,73.9447,73.9447
zf,G255,birdaves_biox_base,3,46,10,71.0971,71.0971
zf,G255,birdaves_biox_base,3,46,50,59.5055,59.5055
zf,G255,birdaves_biox_base,3,46,100,49.1471,49.1471
zf,G255,birdaves_biox_base,7,42,1,83.301,83.301
zf,G255,birdaves_biox_base,7,42,5,75.9309,75.9309
zf,G255,birdaves_biox_base,7,42,10,72.6147,72.6147
zf,G255,birdaves_biox_base,7,42,50,61.3274,61.3274
zf,G255,birdaves_biox_base,7,42,100,50.9528,50.9528
zf,G255,birdaves_biox_base,7,43,1,79.405,79.405
zf,G255,birdaves_biox_base,7,43,5,73.4774,73.4774
zf,G255,birdaves_biox_base,7,43,10,70.596,70.596
zf,G255,birdaves_biox_base,7,43,50,59.8205,59.8205
zf,G255,birdaves_biox_base,7,43,100,49.6756,49.6756
zf,G255,birdaves_biox_base,7,44,1,80.3386,80.3386
zf,G255,birdaves_biox_base,7,44,5,73.1058,73.1058
zf,G255,birdaves_biox_base,7,44,10,70.5637,70.5637
zf,G255,birdaves_biox_base,7,44,50,59.1132,59.1132
zf,G255,birdaves_biox_base,7,44,100,48.9645,48.9645
zf,G255,birdaves_biox_base,7,45,1,82.7164,82.7164
zf,G255,birdaves_biox_base,7,45,5,75.154,75.154
zf,G255,birdaves_biox_base,7,45,10,72.2154,72.2154
zf,G255,birdaves_biox_base,7,45,50,61.3943,61.3943
zf,G255,birdaves_biox_base,7,45,100,51.0951,51.0951
zf,G255,birdaves_biox_base,7,46,1,79.248,79.248
zf,G255,birdaves_biox_base,7,46,5,72.9405,72.9405
zf,G255,birdaves_biox_base,7,46,10,70.1013,70.1013
zf,G255,birdaves_biox_base,7,46,50,60.2196,60.2196
zf,G255,birdaves_biox_base,7,46,100,49.7623,49.7623
zf,G255,birdaves_biox_base_speed0p25,3,42,1,79.8773,79.8773
zf,G255,birdaves_biox_base_speed0p25,3,42,5,76.1986,76.1986
zf,G255,birdaves_biox_base_speed0p25,3,42,10,74.4324,74.4324
zf,G255,birdaves_biox_base_speed0p25,3,42,50,61.9938,61.9938
zf,G255,birdaves_biox_base_speed0p25,3,42,100,49.3437,49.3437
zf,G255,birdaves_biox_base_speed0p25,3,43,1,78.0481,78.0481
zf,G255,birdaves_biox_base_speed0p25,3,43,5,73.555,73.555
zf,G255,birdaves_biox_base_speed0p25,3,43,10,71.3587,71.3587
zf,G255,birdaves_biox_base_speed0p25,3,43,50,59.6761,59.6761
zf,G255,birdaves_biox_base_speed0p25,3,43,100,47.8612,47.8612
zf,G255,birdaves_biox_base_speed0p25,3,44,1,78.4215,78.4215
zf,G255,birdaves_biox_base_speed0p25,3,44,5,73.7694,73.7694
zf,G255,birdaves_biox_base_speed0p25,3,44,10,70.8505,70.8505
zf,G255,birdaves_biox_base_speed0p25,3,44,50,58.3052,58.3052
zf,G255,birdaves_biox_base_speed0p25,3,44,100,46.7048,46.7048
zf,G255,birdaves_biox_base_speed0p25,3,45,1,79.6548,79.6548
zf,G255,birdaves_biox_base_speed0p25,3,45,5,75.7692,75.7692
zf,G255,birdaves_biox_base_speed0p25,3,45,10,73.0032,73.0032
zf,G255,birdaves_biox_base_speed0p25,3,45,50,60.7988,60.7988
zf,G255,birdaves_biox_base_speed0p25,3,45,100,48.7229,48.7229
zf,G255,birdaves_biox_base_speed0p25,3,46,1,78.1109,78.1109
zf,G255,birdaves_biox_base_speed0p25,3,46,5,72.7336,72.7336
zf,G255,birdaves_biox_base_speed0p25,3,46,10,70.547,70.547
zf,G255,birdaves_biox_base_speed0p25,3,46,50,58.862,58.862
zf,G255,birdaves_biox_base_speed0p25,3,46,100,47.2754,47.2754
zf,G255,birdaves_biox_base_speed0p25,4,42,1,79.8189,79.8189
zf,G255,birdaves_biox_base_speed0p25,4,42,5,75.5974,75.5974
zf,G255,birdaves_biox_base_speed0p25,4,42,10,74.2892,74.2892
zf,G255,birdaves_biox_base_speed0p25,4,42,50,62.2316,62.2316
zf,G255,birdaves_biox_base_speed0p25,4,42,100,49.6976,49.6976
zf,G255,birdaves_biox_base_speed0p25,4,43,1,77.6271,77.6271
zf,G255,birdaves_biox_base_speed0p25,4,43,5,73.3539,73.3539
zf,G255,birdaves_biox_base_speed0p25,4,43,10,71.391,71.391
zf,G255,birdaves_biox_base_speed0p25,4,43,50,60.0684,60.0684
zf,G255,birdaves_biox_base_speed0p25,4,43,100,48.2674,48.2674
zf,G255,birdaves_biox_base_speed0p25,4,44,1,78.0769,78.0769
zf,G255,birdaves_biox_base_speed0p25,4,44,5,73.4649,73.4649
zf,G255,birdaves_biox_base_speed0p25,4,44,10,71.1456,71.1456
zf,G255,birdaves_biox_base_speed0p25,4,44,50,59.0002,59.0002
zf,G255,birdaves_biox_base_speed0p25,4,44,100,47.3269,47.3269
zf,G255,birdaves_biox_base_speed0p25,4,45,1,80.0614,80.0614
zf,G255,birdaves_biox_base_speed0p25,4,45,5,75.1949,75.1949
zf,G255,birdaves_biox_base_speed0p25,4,45,10,72.7479,72.7479
zf,G255,birdaves_biox_base_speed0p25,4,45,50,61.0485,61.0485
zf,G255,birdaves_biox_base_speed0p25,4,45,100,49.1066,49.1066
zf,G255,birdaves_biox_base_speed0p25,4,46,1,77.7021,77.7021
zf,G255,birdaves_biox_base_speed0p25,4,46,5,72.6051,72.6051
zf,G255,birdaves_biox_base_speed0p25,4,46,10,70.9146,70.9146
zf,G255,birdaves_biox_base_speed0p25,4,46,50,59.5069,59.5069
zf,G255,birdaves_biox_base_speed0p25,4,46,100,47.8287,47.8287
zf,G255,birdaves_biox_base_speed0p5,3,42,1,85.695,85.695
zf,G255,birdaves_biox_base_speed0p5,3,42,5,78.0288,78.0288
zf,G255,birdaves_biox_base_speed0p5,3,42,10,75.2377,75.2377
zf,G255,birdaves_biox_base_speed0p5,3,42,50,63.4391,63.4391
zf,G255,birdaves_biox_base_speed0p5,3,42,100,51.4522,51.4522
zf,G255,birdaves_biox_base_speed0p5,3,43,1,84.4399,84.4399
zf,G255,birdaves_biox_base_speed0p5,3,43,5,75.7433,75.7433
zf,G255,birdaves_biox_base_speed0p5,3,43,10,73.3618,73.3618
zf,G255,birdaves_biox_base_speed0p5,3,43,50,61.8217,61.8217
zf,G255,birdaves_biox_base_speed0p5,3,43,100,50.2686,50.2686
zf,G255,birdaves_biox_base_speed0p5,3,44,1,82.864,82.864
zf,G255,birdaves_biox_base_speed0p5,3,44,5,75.0931,75.0931
zf,G255,birdaves_biox_base_speed0p5,3,44,10,72.3773,72.3773
zf,G255,birdaves_biox_base_speed0p5,3,44,50,61.0154,61.0154
zf,G255,birdaves_biox_base_speed0p5,3,44,100,49.4696,49.4696
zf,G255,birdaves_biox_base_speed0p5,3,45,1,84.2137,84.2137
zf,G255,birdaves_biox_base_speed0p5,3,45,5,76.159,76.159
zf,G255,birdaves_biox_base_speed0p5,3,45,10,73.4763,73.4763
zf,G255,birdaves_biox_base_speed0p5,3,45,50,61.9767,61.9767
zf,G255,birdaves_biox_base_speed0p5,3,45,100,50.5855,50.5855
zf,G255,birdaves_biox_base_speed0p5,3,46,1,82.8984,82.8984
zf,G255,birdaves_biox_base_speed0p5,3,46,5,74.2629,74.2629
zf,G255,birdaves_biox_base_speed0p5,3,46,10,71.5527,71.5527
zf,G255,birdaves_biox_base_speed0p5,3,46,50,60.853,60.853
zf,G255,birdaves_biox_base_speed0p5,3,46,100,49.6858,49.6858
zf,G255,birdaves_biox_base_speed0p5,6,42,1,86.0092,86.0092
zf,G255,birdaves_biox_base_speed0p5,6,42,5,78.2406,78.2406
zf,G255,birdaves_biox_base_speed0p5,6,42,10,76.072,76.072
zf,G255,birdaves_biox_base_speed0p5,6,42,50,64.3205,64.3205
zf,G255,birdaves_biox_base_speed0p5,6,42,100,51.6976,51.6976
zf,G255,birdaves_biox_base_speed0p5,6,43,1,84.3299,84.3299
zf,G255,birdaves_biox_base_speed0p5,6,43,5,75.9693,75.9693
zf,G255,birdaves_biox_base_speed0p5,6,43,10,73.6375,73.6375
zf,G255,birdaves_biox_base_speed0p5,6,43,50,62.6069,62.6069
zf,G255,birdaves_biox_base_speed0p5,6,43,100,50.3666,50.3666
zf,G255,birdaves_biox_base_speed0p5,6,44,1,84.0135,84.0135
zf,G255,birdaves_biox_base_speed0p5,6,44,5,75.474,75.474
zf,G255,birdaves_biox_base_speed0p5,6,44,10,72.6983,72.6983
zf,G255,birdaves_biox_base_speed0p5,6,44,50,61.5088,61.5088
zf,G255,birdaves_biox_base_speed0p5,6,44,100,49.581,49.581
zf,G255,birdaves_biox_base_speed0p5,6,45,1,85.3047,85.3047
zf,G255,birdaves_biox_base_speed0p5,6,45,5,76.6697,76.6697
zf,G255,birdaves_biox_base_speed0p5,6,45,10,74.358,74.358
zf,G255,birdaves_biox_base_speed0p5,6,45,50,62.8998,62.8998
zf,G255,birdaves_biox_base_speed0p5,6,45,100,50.9338,50.9338
zf,G255,birdaves_biox_base_speed0p5,6,46,1,82.254,82.254
zf,G255,birdaves_biox_base_speed0p5,6,46,5,74.9063,74.9063
zf,G255,birdaves_biox_base_speed0p5,6,46,10,72.5317,72.5317
zf,G255,birdaves_biox_base_speed0p5,6,46,50,61.697,61.697
zf,G255,birdaves_biox_base_speed0p5,6,46,100,49.91,49.91
zf,G255,hubert_base_ls960,0,42,1,74.5124,74.5124
zf,G255,hubert_base_ls960,0,42,5,70.831,70.831
zf,G255,hubert_base_ls960,0,42,10,68.272,68.272
zf,G255,hubert_base_ls960,0,42,50,57.0263,57.0263
zf,G255,hubert_base_ls960,0,42,100,46.6114,46.6114
zf,G255,hubert_base_ls960,0,43,1,75.8924,75.8924
zf,G255,hubert_base_ls960,0,43,5,70.6459,70.6459
zf,G255,hubert_base_ls960,0,43,10,67.6127,67.6127
zf,G255,hubert_base_ls960,0,43,50,55.9316,55.9316
zf,G255,hubert_base_ls960,0,43,100,45.7587,45.7587
zf,G255,hubert_base_ls960,0,44,1,74.4189,74.4189
zf,G255,hubert_base_ls960,0,44,5,69.608,69.608
zf,G255,hubert_base_ls960,0,44,10,66.011,66.011
zf,G255,hubert_base_ls960,0,44,50,55.2448,55.2448
zf,G255,hubert_base_ls960,0,44,100,45.3455,45.3455
zf,G255,hubert_base_ls960,0,45,1,76.5477,76.5477
zf,G255,hubert_base_ls960,0,45,5,71.3789,71.3789
zf,G255,hubert_base_ls960,0,45,10,67.9666,67.9666
zf,G255,hubert_base_ls960,0,45,50,56.8642,56.8642
zf,G255,hubert_base_ls960,0,45,100,46.957,46.957
zf,G255,hubert_base_ls960,0,46,1,75.4133,75.4133
zf,G255,hubert_base_ls960,0,46,5,68.6009,68.6009
zf,G255,hubert_base_ls960,0,46,10,65.9091,65.9091
zf,G255,hubert_base_ls960,0,46,50,55.5516,55.5516
zf,G255,hubert_base_ls960,0,46,100,45.7035,45.7035
zf,G255,hubert_base_ls960,3,42,1,78.1486,78.1486
zf,G255,hubert_base_ls960,3,42,5,70.903,70.903
zf,G255,hubert_base_ls960,3,42,10,67.0621,67.0621
zf,G255,hubert_base_ls960,3,42,50,55.3006,55.3006
zf,G255,hubert_base_ls960,3,42,100,45.9057,45.9057
zf,G255,hubert_base_ls960,3,43,1,76.8651,76.8651
zf,G255,hubert_base_ls960,3,43,5,69.5186,69.5186
zf,G255,hubert_base_ls960,3,43,10,66.1537,66.1537
zf,G255,hubert_base_ls960,3,43,50,54.2241,54.2241
zf,G255,hubert_base_ls960,3,43,100,45.5687,45.5687
zf,G255,hubert_base_ls960,3,44,1,78.3397,78.3397
zf,G255,hubert_base_ls960,3,44,5,70.1795,70.1795
zf,G255,hubert_base_ls960,3,44,10,66.6391,66.6391
zf,G255,hubert_base_ls960,3,44,50,54.7107,54.7107
zf,G255,hubert_base_ls960,3,44,100,45.6323,45.6323
zf,G255,hubert_base_ls960,3,45,1,80.0464,80.0464
zf,G255,hubert_base_ls960,3,45,5,71.2209,71.2209
zf,G255,hubert_base_ls960,3,45,10,67.4333,67.4333
zf,G255,hubert_base_ls960,3,45,50,55.3979,55.3979
zf,G255,hubert_base_ls960,3,45,100,46.2422,46.2422
zf,G255,hubert_base_ls960,3,46,1,75.0116,75.0116
zf,G255,hubert_base_ls960,3,46,5,67.8347,67.8347
zf,G255,hubert_base_ls960,3,46,10,65.2267,65.2267
zf,G255,hubert_base_ls960,3,46,50,53.5152,53.5152
zf,G255,hubert_base_ls960,3,46,100,44.9483,44.9483
zf,G255,xcl_base_500k_p32x1_c005,5,42,1,79.1643,79.1643
zf,G255,xcl_base_500k_p32x1_c005,5,42,5,76.7787,76.7787
zf,G255,xcl_base_500k_p32x1_c005,5,42,10,74.5906,74.5906
zf,G255,xcl_base_500k_p32x1_c005,5,42,50,64.0729,64.0729
zf,G255,xcl_base_500k_p32x1_c005,5,42,100,52.9846,52.9846
zf,G255,xcl_base_500k_p32x1_c005,5,43,1,78.9885,78.9885
zf,G255,xcl_base_500k_p32x1_c005,5,43,5,75.7604,75.7604
zf,G255,xcl_base_500k_p32x1_c005,5,43,10,73.9428,73.9428
zf,G255,xcl_base_500k_p32x1_c005,5,43,50,62.7956,62.7956
zf,G255,xcl_base_500k_p32x1_c005,5,43,100,52.1138,52.1138
zf,G255,xcl_base_500k_p32x1_c005,5,44,1,79.2685,79.2685
zf,G255,xcl_base_500k_p32x1_c005,5,44,5,75.0026,75.0026
zf,G255,xcl_base_500k_p32x1_c005,5,44,10,72.9691,72.9691
zf,G255,xcl_base_500k_p32x1_c005,5,44,50,61.9271,61.9271
zf,G255,xcl_base_500k_p32x1_c005,5,44,100,51.2982,51.2982
zf,G255,xcl_base_500k_p32x1_c005,5,45,1,78.5098,78.5098
zf,G255,xcl_base_500k_p32x1_c005,5,45,5,75.0774,75.0774
zf,G255,xcl_base_500k_p32x1_c005,5,45,10,72.7161,72.7161
zf,G255,xcl_base_500k_p32x1_c005,5,45,50,62.2472,62.2472
zf,G255,xcl_base_500k_p32x1_c005,5,45,100,52.1298,52.1298
zf,G255,xcl_base_500k_p32x1_c005,5,46,1,79.109,79.109
zf,G255,xcl_base_500k_p32x1_c005,5,46,5,74.4132,74.4132
zf,G255,xcl_base_500k_p32x1_c005,5,46,10,72.2962,72.2962
zf,G255,xcl_base_500k_p32x1_c005,5,46,50,62.4732,62.4732
zf,G255,xcl_base_500k_p32x1_c005,5,46,100,51.831,51.831
zf,G255,xcl_base_500k_p32x4_c010,3,42,1,75.3372,75.3372
zf,G255,xcl_base_500k_p32x4_c010,3,42,5,70.1507,70.1507
zf,G255,xcl_base_500k_p32x4_c010,3,42,10,68.3595,68.3595
zf,G255,xcl_base_500k_p32x4_c010,3,42,50,59.6865,59.6865
zf,G255,xcl_base_500k_p32x4_c010,3,42,100,49.9479,49.9479
zf,G255,xcl_base_500k_p32x4_c010,3,43,1,73.0693,73.0693
zf,G255,xcl_base_500k_p32x4_c010,3,43,5,69.6675,69.6675
zf,G255,xcl_base_500k_p32x4_c010,3,43,10,68.4562,68.4562
zf,G255,xcl_base_500k_p32x4_c010,3,43,50,58.702,58.702
zf,G255,xcl_base_500k_p32x4_c010,3,43,100,49.1174,49.1174
zf,G255,xcl_base_500k_p32x4_c010,3,44,1,72.0727,72.0727
zf,G255,xcl_base_500k_p32x4_c010,3,44,5,69.9663,69.9663
zf,G255,xcl_base_500k_p32x4_c010,3,44,10,67.6392,67.6392
zf,G255,xcl_base_500k_p32x4_c010,3,44,50,58.3974,58.3974
zf,G255,xcl_base_500k_p32x4_c010,3,44,100,48.7903,48.7903
zf,G255,xcl_base_500k_p32x4_c010,3,45,1,75.0889,75.0889
zf,G255,xcl_base_500k_p32x4_c010,3,45,5,70.0751,70.0751
zf,G255,xcl_base_500k_p32x4_c010,3,45,10,67.9324,67.9324
zf,G255,xcl_base_500k_p32x4_c010,3,45,50,58.7356,58.7356
zf,G255,xcl_base_500k_p32x4_c010,3,45,100,49.581,49.581
zf,G255,xcl_base_500k_p32x4_c010,3,46,1,74.7422,74.7422
zf,G255,xcl_base_500k_p32x4_c010,3,46,5,68.2657,68.2657
zf,G255,xcl_base_500k_p32x4_c010,3,46,10,67.0128,67.0128
zf,G255,xcl_base_500k_p32x4_c010,3,46,50,58.3761,58.3761
zf,G255,xcl_base_500k_p32x4_c010,3,46,100,48.7749,48.7749
zf,G255,xcl_base_500k_p32x4_c010,4,42,1,76.0726,76.0726
zf,G255,xcl_base_500k_p32x4_c010,4,42,5,70.4219,70.4219
zf,G255,xcl_base_500k_p32x4_c010,4,42,10,68.3895,68.3895
zf,G255,xcl_base_500k_p32x4_c010,4,42,50,59.5569,59.5569
zf,G255,xcl_base_500k_p32x4_c010,4,42,100,50.001,50.001
zf,G255,xcl_base_500k_p32x4_c010,4,43,1,74.0958,74.0958
zf,G255,xcl_base_500k_p32x4_c010,4,43,5,69.8299,69.8299
zf,G255,xcl_base_500k_p32x4_c010,4,43,10,68.0349,68.0349
zf,G255,xcl_base_500k_p32x4_c010,4,43,50,58.655,58.655
zf,G255,xcl_base_500k_p32x4_c010,4,43,100,49.1573,49.1573
zf,G255,xcl_base_500k_p32x4_c010,4,44,1,73.1694,73.1694
zf,G255,xcl_base_500k_p32x4_c010,4,44,5,70.0474,70.0474
zf,G255,xcl_base_500k_p32x4_c010,4,44,10,68.2825,68.2825
zf,G255,xcl_base_500k_p32x4_c010,4,44,50,58.4009,58.4009
zf,G255,xcl_base_500k_p32x4_c010,4,44,100,48.8815,48.8815
zf,G255,xcl_base_500k_p32x4_c010,4,45,1,74.8916,74.8916
zf,G255,xcl_base_500k_p32x4_c010,4,45,5,70.325,70.325
zf,G255,xcl_base_500k_p32x4_c010,4,45,10,67.8613,67.8613
zf,G255,xcl_base_500k_p32x4_c010,4,45,50,58.5951,58.5951
zf,G255,xcl_base_500k_p32x4_c010,4,45,100,49.6735,49.6735
zf,G255,xcl_base_500k_p32x4_c010,4,46,1,73.8279,73.8279
zf,G255,xcl_base_500k_p32x4_c010,4,46,5,68.4985,68.4985
zf,G255,xcl_base_500k_p32x4_c010,4,46,10,66.8932,66.8932
zf,G255,xcl_base_500k_p32x4_c010,4,46,50,58.1797,58.1797
zf,G255,xcl_base_500k_p32x4_c010,4,46,100,48.6972,48.6972
zf,G255,xcl_large_500k_p32x1_c005,11,42,1,79.8281,79.8281
zf,G255,xcl_large_500k_p32x1_c005,11,42,5,77.2858,77.2858
zf,G255,xcl_large_500k_p32x1_c005,11,42,10,75.7558,75.7558
zf,G255,xcl_large_500k_p32x1_c005,11,42,50,65.088,65.088
zf,G255,xcl_large_500k_p32x1_c005,11,42,100,54.2853,54.2853
zf,G255,xcl_large_500k_p32x1_c005,11,43,1,78.8398,78.8398
zf,G255,xcl_large_500k_p32x1_c005,11,43,5,76.1416,76.1416
zf,G255,xcl_large_500k_p32x1_c005,11,43,10,74.4105,74.4105
zf,G255,xcl_large_500k_p32x1_c005,11,43,50,63.7355,63.7355
zf,G255,xcl_large_500k_p32x1_c005,11,43,100,53.1405,53.1405
zf,G255,xcl_large_500k_p32x1_c005,11,44,1,79.3354,79.3354
zf,G255,xcl_large_500k_p32x1_c005,11,44,5,75.4546,75.4546
zf,G255,xcl_large_500k_p32x1_c005,11,44,10,73.5278,73.5278
zf,G255,xcl_large_500k_p32x1_c005,11,44,50,62.8915,62.8915
zf,G255,xcl_large_500k_p32x1_c005,11,44,100,52.5315,52.5315
zf,G255,xcl_large_500k_p32x1_c005,11,45,1,81.0982,81.0982
zf,G255,xcl_large_500k_p32x1_c005,11,45,5,76.0615,76.0615
zf,G255,xcl_large_500k_p32x1_c005,11,45,10,73.9297,73.9297
zf,G255,xcl_large_500k_p32x1_c005,11,45,50,63.4106,63.4106
zf,G255,xcl_large_500k_p32x1_c005,11,45,100,53.2961,53.2961
zf,G255,xcl_large_500k_p32x1_c005,11,46,1,80.2212,80.2212
zf,G255,xcl_large_500k_p32x1_c005,11,46,5,75.4401,75.4401
zf,G255,xcl_large_500k_p32x1_c005,11,46,10,73.4387,73.4387
zf,G255,xcl_large_500k_p32x1_c005,11,46,50,63.1986,63.1986
zf,G255,xcl_large_500k_p32x1_c005,11,46,100,52.8982,52.8982
zf,G255,xcl_large_500k_p32x4_c0025,9,42,1,77.9563,77.9563
zf,G255,xcl_large_500k_p32x4_c0025,9,42,5,70.6251,70.6251
zf,G255,xcl_large_500k_p32x4_c0025,9,42,10,68.7029,68.7029
zf,G255,xcl_large_500k_p32x4_c0025,9,42,50,58.9457,58.9457
zf,G255,xcl_large_500k_p32x4_c0025,9,42,100,49.6567,49.6567
zf,G255,xcl_large_500k_p32x4_c0025,9,43,1,74.2914,74.2914
zf,G255,xcl_large_500k_p32x4_c0025,9,43,5,70.1864,70.1864
zf,G255,xcl_large_500k_p32x4_c0025,9,43,10,67.4373,67.4373
zf,G255,xcl_large_500k_p32x4_c0025,9,43,50,57.8847,57.8847
zf,G255,xcl_large_500k_p32x4_c0025,9,43,100,48.8084,48.8084
zf,G255,xcl_large_500k_p32x4_c0025,9,44,1,74.5613,74.5613
zf,G255,xcl_large_500k_p32x4_c0025,9,44,5,69.7664,69.7664
zf,G255,xcl_large_500k_p32x4_c0025,9,44,10,67.31,67.31
zf,G255,xcl_large_500k_p32x4_c0025,9,44,50,57.7023,57.7023
zf,G255,xcl_large_500k_p32x4_c0025,9,44,100,48.5433,48.5433
zf,G255,xcl_large_500k_p32x4_c0025,9,45,1,76.0967,76.0967
zf,G255,xcl_large_500k_p32x4_c0025,9,45,5,69.3352,69.3352
zf,G255,xcl_large_500k_p32x4_c0025,9,45,10,67.1035,67.1035
zf,G255,xcl_large_500k_p32x4_c0025,9,45,50,58.2141,58.2141
zf,G255,xcl_large_500k_p32x4_c0025,9,45,100,49.4981,49.4981
zf,G255,xcl_large_500k_p32x4_c0025,9,46,1,74.3262,74.3262
zf,G255,xcl_large_500k_p32x4_c0025,9,46,5,68.1912,68.1912
zf,G255,xcl_large_500k_p32x4_c0025,9,46,10,66.0641,66.0641
zf,G255,xcl_large_500k_p32x4_c0025,9,46,50,57.4353,57.4353
zf,G255,xcl_large_500k_p32x4_c0025,9,46,100,48.3668,48.3668
zf,G255,xcl_large_500k_p32x4_c010,10,42,1,77.1315,77.1315
zf,G255,xcl_large_500k_p32x4_c010,10,42,5,71.7854,71.7854
zf,G255,xcl_large_500k_p32x4_c010,10,42,10,69.8038,69.8038
zf,G255,xcl_large_500k_p32x4_c010,10,42,50,59.8404,59.8404
zf,G255,xcl_large_500k_p32x4_c010,10,42,100,50.7129,50.7129
zf,G255,xcl_large_500k_p32x4_c010,10,43,1,77.6408,77.6408
zf,G255,xcl_large_500k_p32x4_c010,10,43,5,71.3445,71.3445
zf,G255,xcl_large_500k_p32x4_c010,10,43,10,68.8063,68.8063
zf,G255,xcl_large_500k_p32x4_c010,10,43,50,58.9447,58.9447
zf,G255,xcl_large_500k_p32x4_c010,10,43,100,49.789,49.789
zf,G255,xcl_large_500k_p32x4_c010,10,44,1,75.7717,75.7717
zf,G255,xcl_large_500k_p32x4_c010,10,44,5,71.3915,71.3915
zf,G255,xcl_large_500k_p32x4_c010,10,44,10,68.7701,68.7701
zf,G255,xcl_large_500k_p32x4_c010,10,44,50,58.62,58.62
zf,G255,xcl_large_500k_p32x4_c010,10,44,100,49.3762,49.3762
zf,G255,xcl_large_500k_p32x4_c010,10,45,1,77.7163,77.7163
zf,G255,xcl_large_500k_p32x4_c010,10,45,5,71.6299,71.6299
zf,G255,xcl_large_500k_p32x4_c010,10,45,10,68.8914,68.8914
zf,G255,xcl_large_500k_p32x4_c010,10,45,50,59.0302,59.0302
zf,G255,xcl_large_500k_p32x4_c010,10,45,100,50.2581,50.2581
zf,G255,xcl_large_500k_p32x4_c010,10,46,1,76.8761,76.8761
zf,G255,xcl_large_500k_p32x4_c010,10,46,5,69.8917,69.8917
zf,G255,xcl_large_500k_p32x4_c010,10,46,10,67.4197,67.4197
zf,G255,xcl_large_500k_p32x4_c010,10,46,50,58.3917,58.3917
zf,G255,xcl_large_500k_p32x4_c010,10,46,100,49.1535,49.1535
zf,G255,xcl_micro_500k_p32x1_c005,4,42,1,72.6769,72.6769
zf,G255,xcl_micro_500k_p32x1_c005,4,42,5,70.7937,70.7937
zf,G255,xcl_micro_500k_p32x1_c005,4,42,10,68.6257,68.6257
zf,G255,xcl_micro_500k_p32x1_c005,4,42,50,57.5383,57.5383
zf,G255,xcl_micro_500k_p32x1_c005,4,42,100,47.401,47.401
zf,G255,xcl_micro_500k_p32x1_c005,4,43,1,73.398,73.398
zf,G255,xcl_micro_500k_p32x1_c005,4,43,5,70.6167,70.6167
zf,G255,xcl_micro_500k_p32x1_c005,4,43,10,68.6294,68.6294
zf,G255,xcl_micro_500k_p32x1_c005,4,43,50,57.208,57.208
zf,G255,xcl_micro_500k_p32x1_c005,4,43,100,47.4595,47.4595
zf,G255,xcl_micro_500k_p32x1_c005,4,44,1,73.3951,73.3951
zf,G255,xcl_micro_500k_p32x1_c005,4,44,5,69.7145,69.7145
zf,G255,xcl_micro_500k_p32x1_c005,4,44,10,66.955,66.955
zf,G255,xcl_micro_500k_p32x1_c005,4,44,50,55.8095,55.8095
zf,G255,xcl_micro_500k_p32x1_c005,4,44,100,46.0053,46.0053
zf,G255,xcl_micro_500k_p32x1_c005,4,45,1,73.7829,73.7829
zf,G255,xcl_micro_500k_p32x1_c005,4,45,5,69.4767,69.4767
zf,G255,xcl_micro_500k_p32x1_c005,4,45,10,66.9095,66.9095
zf,G255,xcl_micro_500k_p32x1_c005,4,45,50,56.8025,56.8025
zf,G255,xcl_micro_500k_p32x1_c005,4,45,100,47.4838,47.4838
zf,G255,xcl_micro_500k_p32x1_c005,4,46,1,73.9117,73.9117
zf,G255,xcl_micro_500k_p32x1_c005,4,46,5,69.9589,69.9589
zf,G255,xcl_micro_500k_p32x1_c005,4,46,10,67.4704,67.4704
zf,G255,xcl_micro_500k_p32x1_c005,4,46,50,57.3478,57.3478
zf,G255,xcl_micro_500k_p32x1_c005,4,46,100,47.2983,47.2983
zf,G255,xcl_micro_500k_p32x1_c005,5,42,1,73.1488,73.1488
zf,G255,xcl_micro_500k_p32x1_c005,5,42,5,70.755,70.755
zf,G255,xcl_micro_500k_p32x1_c005,5,42,10,68.6154,68.6154
zf,G255,xcl_micro_500k_p32x1_c005,5,42,50,57.2438,57.2438
zf,G255,xcl_micro_500k_p32x1_c005,5,42,100,47.1699,47.1699
zf,G255,xcl_micro_500k_p32x1_c005,5,43,1,73.3164,73.3164
zf,G255,xcl_micro_500k_p32x1_c005,5,43,5,70.3852,70.3852
zf,G255,xcl_micro_500k_p32x1_c005,5,43,10,68.5183,68.5183
zf,G255,xcl_micro_500k_p32x1_c005,5,43,50,56.9456,56.9456
zf,G255,xcl_micro_500k_p32x1_c005,5,43,100,47.1906,47.1906
zf,G255,xcl_micro_500k_p32x1_c005,5,44,1,72.6256,72.6256
zf,G255,xcl_micro_500k_p32x1_c005,5,44,5,69.7502,69.7502
zf,G255,xcl_micro_500k_p32x1_c005,5,44,10,66.958,66.958
zf,G255,xcl_micro_500k_p32x1_c005,5,44,50,55.5207,55.5207
zf,G255,xcl_micro_500k_p32x1_c005,5,44,100,45.7493,45.7493
zf,G255,xcl_micro_500k_p32x1_c005,5,45,1,73.682,73.682
zf,G255,xcl_micro_500k_p32x1_c005,5,45,5,69.1378,69.1378
zf,G255,xcl_micro_500k_p32x1_c005,5,45,10,66.6843,66.6843
zf,G255,xcl_micro_500k_p32x1_c005,5,45,50,56.6273,56.6273
zf,G255,xcl_micro_500k_p32x1_c005,5,45,100,47.2594,47.2594
zf,G255,xcl_micro_500k_p32x1_c005,5,46,1,73.457,73.457
zf,G255,xcl_micro_500k_p32x1_c005,5,46,5,69.8217,69.8217
zf,G255,xcl_micro_500k_p32x1_c005,5,46,10,67.1893,67.1893
zf,G255,xcl_micro_500k_p32x1_c005,5,46,50,57.1124,57.1124
zf,G255,xcl_micro_500k_p32x1_c005,5,46,100,46.9821,46.9821
zf,G255,xcl_micro_500k_p32x4_c010,3,42,1,73.3653,73.3653
zf,G255,xcl_micro_500k_p32x4_c010,3,42,5,68.6463,68.6463
zf,G255,xcl_micro_500k_p32x4_c010,3,42,10,67.0155,67.0155
zf,G255,xcl_micro_500k_p32x4_c010,3,42,50,57.1981,57.1981
zf,G255,xcl_micro_500k_p32x4_c010,3,42,100,46.9833,46.9833
zf,G255,xcl_micro_500k_p32x4_c010,3,43,1,71.3313,71.3313
zf,G255,xcl_micro_500k_p32x4_c010,3,43,5,67.5482,67.5482
zf,G255,xcl_micro_500k_p32x4_c010,3,43,10,66.2254,66.2254
zf,G255,xcl_micro_500k_p32x4_c010,3,43,50,55.9855,55.9855
zf,G255,xcl_micro_500k_p32x4_c010,3,43,100,46.1125,46.1125
zf,G255,xcl_micro_500k_p32x4_c010,3,44,1,70.3984,70.3984
zf,G255,xcl_micro_500k_p32x4_c010,3,44,5,66.7394,66.7394
zf,G255,xcl_micro_500k_p32x4_c010,3,44,10,65.3597,65.3597
zf,G255,xcl_micro_500k_p32x4_c010,3,44,50,55.497,55.497
zf,G255,xcl_micro_500k_p32x4_c010,3,44,100,45.5596,45.5596
zf,G255,xcl_micro_500k_p32x4_c010,3,45,1,72.618,72.618
zf,G255,xcl_micro_500k_p32x4_c010,3,45,5,67.6559,67.6559
zf,G255,xcl_micro_500k_p32x4_c010,3,45,10,65.3626,65.3626
zf,G255,xcl_micro_500k_p32x4_c010,3,45,50,56.1308,56.1308
zf,G255,xcl_micro_500k_p32x4_c010,3,45,100,46.5689,46.5689
zf,G255,xcl_micro_500k_p32x4_c010,3,46,1,70.0522,70.0522
zf,G255,xcl_micro_500k_p32x4_c010,3,46,5,66.0435,66.0435
zf,G255,xcl_micro_500k_p32x4_c010,3,46,10,64.7931,64.7931
zf,G255,xcl_micro_500k_p32x4_c010,3,46,50,55.3525,55.3525
zf,G255,xcl_micro_500k_p32x4_c010,3,46,100,45.6164,45.6164
zf,G397,birdaves_biox_base,3,42,1,77.5864,77.5864
zf,G397,birdaves_biox_base,3,42,5,72.927,72.927
zf,G397,birdaves_biox_base,3,42,10,69.913,69.913
zf,G397,birdaves_biox_base,3,42,50,54.5616,54.5616
zf,G397,birdaves_biox_base,3,42,100,43.4427,43.4427
zf,G397,birdaves_biox_base,3,43,1,76.7931,76.7931
zf,G397,birdaves_biox_base,3,43,5,73.4777,73.4777
zf,G397,birdaves_biox_base,3,43,10,70.7367,70.7367
zf,G397,birdaves_biox_base,3,43,50,54.708,54.708
zf,G397,birdaves_biox_base,3,43,100,43.2589,43.2589
zf,G397,birdaves_biox_base,3,44,1,77.1515,77.1515
zf,G397,birdaves_biox_base,3,44,5,73.7967,73.7967
zf,G397,birdaves_biox_base,3,44,10,70.3441,70.3441
zf,G397,birdaves_biox_base,3,44,50,54.6347,54.6347
zf,G397,birdaves_biox_base,3,44,100,42.7315,42.7315
zf,G397,birdaves_biox_base,3,45,1,77.5518,77.5518
zf,G397,birdaves_biox_base,3,45,5,72.8477,72.8477
zf,G397,birdaves_biox_base,3,45,10,69.3481,69.3481
zf,G397,birdaves_biox_base,3,45,50,54.6324,54.6324
zf,G397,birdaves_biox_base,3,45,100,43.0845,43.0845
zf,G397,birdaves_biox_base,3,46,1,76.8564,76.8564
zf,G397,birdaves_biox_base,3,46,5,72.7483,72.7483
zf,G397,birdaves_biox_base,3,46,10,69.8296,69.8296
zf,G397,birdaves_biox_base,3,46,50,54.8724,54.8724
zf,G397,birdaves_biox_base,3,46,100,43.7832,43.7832
zf,G397,birdaves_biox_base,7,42,1,78.2667,78.2667
zf,G397,birdaves_biox_base,7,42,5,72.8891,72.8891
zf,G397,birdaves_biox_base,7,42,10,70.4132,70.4132
zf,G397,birdaves_biox_base,7,42,50,55.9773,55.9773
zf,G397,birdaves_biox_base,7,42,100,44.2742,44.2742
zf,G397,birdaves_biox_base,7,43,1,77.7522,77.7522
zf,G397,birdaves_biox_base,7,43,5,73.0476,73.0476
zf,G397,birdaves_biox_base,7,43,10,70.4166,70.4166
zf,G397,birdaves_biox_base,7,43,50,55.7417,55.7417
zf,G397,birdaves_biox_base,7,43,100,44.109,44.109
zf,G397,birdaves_biox_base,7,44,1,78.8178,78.8178
zf,G397,birdaves_biox_base,7,44,5,73.3434,73.3434
zf,G397,birdaves_biox_base,7,44,10,70.1488,70.1488
zf,G397,birdaves_biox_base,7,44,50,56.0109,56.0109
zf,G397,birdaves_biox_base,7,44,100,43.608,43.608
zf,G397,birdaves_biox_base,7,45,1,77.8089,77.8089
zf,G397,birdaves_biox_base,7,45,5,72.2859,72.2859
zf,G397,birdaves_biox_base,7,45,10,69.6482,69.6482
zf,G397,birdaves_biox_base,7,45,50,55.4509,55.4509
zf,G397,birdaves_biox_base,7,45,100,44.0782,44.0782
zf,G397,birdaves_biox_base,7,46,1,78.2101,78.2101
zf,G397,birdaves_biox_base,7,46,5,72.7535,72.7535
zf,G397,birdaves_biox_base,7,46,10,69.7278,69.7278
zf,G397,birdaves_biox_base,7,46,50,56.0841,56.0841
zf,G397,birdaves_biox_base,7,46,100,44.5987,44.5987
zf,G397,birdaves_biox_base_speed0p25,3,42,1,79.2301,79.2301
zf,G397,birdaves_biox_base_speed0p25,3,42,5,73.923,73.923
zf,G397,birdaves_biox_base_speed0p25,3,42,10,70.7944,70.7944
zf,G397,birdaves_biox_base_speed0p25,3,42,50,55.0669,55.0669
zf,G397,birdaves_biox_base_speed0p25,3,42,100,43.1481,43.1481
zf,G397,birdaves_biox_base_speed0p25,3,43,1,79.058,79.058
zf,G397,birdaves_biox_base_speed0p25,3,43,5,74.114,74.114
zf,G397,birdaves_biox_base_speed0p25,3,43,10,70.3769,70.3769
zf,G397,birdaves_biox_base_speed0p25,3,43,50,55.1792,55.1792
zf,G397,birdaves_biox_base_speed0p25,3,43,100,43.2514,43.2514
zf,G397,birdaves_biox_base_speed0p25,3,44,1,78.1472,78.1472
zf,G397,birdaves_biox_base_speed0p25,3,44,5,73.9006,73.9006
zf,G397,birdaves_biox_base_speed0p25,3,44,10,70.6781,70.6781
zf,G397,birdaves_biox_base_speed0p25,3,44,50,55.4371,55.4371
zf,G397,birdaves_biox_base_speed0p25,3,44,100,42.7544,42.7544
zf,G397,birdaves_biox_base_speed0p25,3,45,1,80.4947,80.4947
zf,G397,birdaves_biox_base_speed0p25,3,45,5,74.3082,74.3082
zf,G397,birdaves_biox_base_speed0p25,3,45,10,70.9817,70.9817
zf,G397,birdaves_biox_base_speed0p25,3,45,50,55.8141,55.8141
zf,G397,birdaves_biox_base_speed0p25,3,45,100,43.5925,43.5925
zf,G397,birdaves_biox_base_speed0p25,3,46,1,79.6526,79.6526
zf,G397,birdaves_biox_base_speed0p25,3,46,5,74.7515,74.7515
zf,G397,birdaves_biox_base_speed0p25,3,46,10,71.2666,71.2666
zf,G397,birdaves_biox_base_speed0p25,3,46,50,55.5725,55.5725
zf,G397,birdaves_biox_base_speed0p25,3,46,100,43.3885,43.3885
zf,G397,birdaves_biox_base_speed0p25,4,42,1,79.1451,79.1451
zf,G397,birdaves_biox_base_speed0p25,4,42,5,74.4588,74.4588
zf,G397,birdaves_biox_base_speed0p25,4,42,10,71.2754,71.2754
zf,G397,birdaves_biox_base_speed0p25,4,42,50,54.972,54.972
zf,G397,birdaves_biox_base_speed0p25,4,42,100,42.68,42.68
zf,G397,birdaves_biox_base_speed0p25,4,43,1,80.0608,80.0608
zf,G397,birdaves_biox_base_speed0p25,4,43,5,74.6657,74.6657
zf,G397,birdaves_biox_base_speed0p25,4,43,10,71.2038,71.2038
zf,G397,birdaves_biox_base_speed0p25,4,43,50,55.2014,55.2014
zf,G397,birdaves_biox_base_speed0p25,4,43,100,42.8708,42.8708
zf,G397,birdaves_biox_base_speed0p25,4,44,1,78.6705,78.6705
zf,G397,birdaves_biox_base_speed0p25,4,44,5,74.2995,74.2995
zf,G397,birdaves_biox_base_speed0p25,4,44,10,71.2438,71.2438
zf,G397,birdaves_biox_base_speed0p25,4,44,50,55.5658,55.5658
zf,G397,birdaves_biox_base_speed0p25,4,44,100,42.4496,42.4496
zf,G397,birdaves_biox_base_speed0p25,4,45,1,80.7877,80.7877
zf,G397,birdaves_biox_base_speed0p25,4,45,5,74.8002,74.8002
zf,G397,birdaves_biox_base_speed0p25,4,45,10,71.8124,71.8124
zf,G397,birdaves_biox_base_speed0p25,4,45,50,55.7378,55.7378
zf,G397,birdaves_biox_base_speed0p25,4,45,100,43.1262,43.1262
zf,G397,birdaves_biox_base_speed0p25,4,46,1,79.9134,79.9134
zf,G397,birdaves_biox_base_speed0p25,4,46,5,75.2376,75.2376
zf,G397,birdaves_biox_base_speed0p25,4,46,10,71.9571,71.9571
zf,G397,birdaves_biox_base_speed0p25,4,46,50,55.644,55.644
zf,G397,birdaves_biox_base_speed0p25,4,46,100,43.1174,43.1174
zf,G397,birdaves_biox_base_speed0p5,3,42,1,78.2263,78.2263
zf,G397,birdaves_biox_base_speed0p5,3,42,5,74.7855,74.7855
zf,G397,birdaves_biox_base_speed0p5,3,42,10,72.4199,72.4199
zf,G397,birdaves_biox_base_speed0p5,3,42,50,56.1829,56.1829
zf,G397,birdaves_biox_base_speed0p5,3,42,100,44.1755,44.1755
zf,G397,birdaves_biox_base_speed0p5,3,43,1,78.0255,78.0255
zf,G397,birdaves_biox_base_speed0p5,3,43,5,74.8253,74.8253
zf,G397,birdaves_biox_base_speed0p5,3,43,10,72.3782,72.3782
zf,G397,birdaves_biox_base_speed0p5,3,43,50,56.3769,56.3769
zf,G397,birdaves_biox_base_speed0p5,3,43,100,44.4404,44.4404
zf,G397,birdaves_biox_base_speed0p5,3,44,1,79.1579,79.1579
zf,G397,birdaves_biox_base_speed0p5,3,44,5,75.1264,75.1264
zf,G397,birdaves_biox_base_speed0p5,3,44,10,72.2627,72.2627
zf,G397,birdaves_biox_base_speed0p5,3,44,50,56.5829,56.5829
zf,G397,birdaves_biox_base_speed0p5,3,44,100,43.8186,43.8186
zf,G397,birdaves_biox_base_speed0p5,3,45,1,78.8335,78.8335
zf,G397,birdaves_biox_base_speed0p5,3,45,5,74.9808,74.9808
zf,G397,birdaves_biox_base_speed0p5,3,45,10,72.072,72.072
zf,G397,birdaves_biox_base_speed0p5,3,45,50,56.6,56.6
zf,G397,birdaves_biox_base_speed0p5,3,45,100,44.4485,44.4485
zf,G397,birdaves_biox_base_speed0p5,3,46,1,77.8017,77.8017
zf,G397,birdaves_biox_base_speed0p5,3,46,5,74.7402,74.7402
zf,G397,birdaves_biox_base_speed0p5,3,46,10,72.032,72.032
zf,G397,birdaves_biox_base_speed0p5,3,46,50,56.511,56.511
zf,G397,birdaves_biox_base_speed0p5,3,46,100,44.4568,44.4568
zf,G397,birdaves_biox_base_speed0p5,6,42,1,77.249,77.249
zf,G397,birdaves_biox_base_speed0p5,6,42,5,73.8404,73.8404
zf,G397,birdaves_biox_base_speed0p5,6,42,10,71.4369,71.4369
zf,G397,birdaves_biox_base_speed0p5,6,42,50,55.8086,55.8086
zf,G397,birdaves_biox_base_speed0p5,6,42,100,43.5335,43.5335
zf,G397,birdaves_biox_base_speed0p5,6,43,1,76.9852,76.9852
zf,G397,birdaves_biox_base_speed0p5,6,43,5,73.9069,73.9069
zf,G397,birdaves_biox_base_speed0p5,6,43,10,71.8344,71.8344
zf,G397,birdaves_biox_base_speed0p5,6,43,50,56.2009,56.2009
zf,G397,birdaves_biox_base_speed0p5,6,43,100,43.8409,43.8409
zf,G397,birdaves_biox_base_speed0p5,6,44,1,76.903,76.903
zf,G397,birdaves_biox_base_speed0p5,6,44,5,74.3284,74.3284
zf,G397,birdaves_biox_base_speed0p5,6,44,10,71.3429,71.3429
zf,G397,birdaves_biox_base_speed0p5,6,44,50,56.2835,56.2835
zf,G397,birdaves_biox_base_speed0p5,6,44,100,43.3974,43.3974
zf,G397,birdaves_biox_base_speed0p5,6,45,1,78.029,78.029
zf,G397,birdaves_biox_base_speed0p5,6,45,5,74.2597,74.2597
zf,G397,birdaves_biox_base_speed0p5,6,45,10,71.2269,71.2269
zf,G397,birdaves_biox_base_speed0p5,6,45,50,56.4256,56.4256
zf,G397,birdaves_biox_base_speed0p5,6,45,100,43.9291,43.9291
zf,G397,birdaves_biox_base_speed0p5,6,46,1,77.7627,77.7627
zf,G397,birdaves_biox_base_speed0p5,6,46,5,73.5777,73.5777
zf,G397,birdaves_biox_base_speed0p5,6,46,10,71.1348,71.1348
zf,G397,birdaves_biox_base_speed0p5,6,46,50,56.3563,56.3563
zf,G397,birdaves_biox_base_speed0p5,6,46,100,44.2731,44.2731
zf,G397,hubert_base_ls960,0,42,1,74.9805,74.9805
zf,G397,hubert_base_ls960,0,42,5,70.4362,70.4362
zf,G397,hubert_base_ls960,0,42,10,67.1821,67.1821
zf,G397,hubert_base_ls960,0,42,50,51.9581,51.9581
zf,G397,hubert_base_ls960,0,42,100,41.0565,41.0565
zf,G397,hubert_base_ls960,0,43,1,77.6859,77.6859
zf,G397,hubert_base_ls960,0,43,5,72.0533,72.0533
zf,G397,hubert_base_ls960,0,43,10,68.1339,68.1339
zf,G397,hubert_base_ls960,0,43,50,52.3762,52.3762
zf,G397,hubert_base_ls960,0,43,100,41.2756,41.2756
zf,G397,hubert_base_ls960,0,44,1,75.3565,75.3565
zf,G397,hubert_base_ls960,0,44,5,70.3249,70.3249
zf,G397,hubert_base_ls960,0,44,10,67.1589,67.1589
zf,G397,hubert_base_ls960,0,44,50,51.9776,51.9776
zf,G397,hubert_base_ls960,0,44,100,40.4234,40.4234
zf,G397,hubert_base_ls960,0,45,1,73.577,73.577
zf,G397,hubert_base_ls960,0,45,5,70.5027,70.5027
zf,G397,hubert_base_ls960,0,45,10,66.6765,66.6765
zf,G397,hubert_base_ls960,0,45,50,51.8025,51.8025
zf,G397,hubert_base_ls960,0,45,100,40.892,40.892
zf,G397,hubert_base_ls960,0,46,1,74.1602,74.1602
zf,G397,hubert_base_ls960,0,46,5,70.2536,70.2536
zf,G397,hubert_base_ls960,0,46,10,66.4133,66.4133
zf,G397,hubert_base_ls960,0,46,50,51.7361,51.7361
zf,G397,hubert_base_ls960,0,46,100,41.0847,41.0847
zf,G397,hubert_base_ls960,3,42,1,75.018,75.018
zf,G397,hubert_base_ls960,3,42,5,70.1336,70.1336
zf,G397,hubert_base_ls960,3,42,10,66.8358,66.8358
zf,G397,hubert_base_ls960,3,42,50,50.8354,50.8354
zf,G397,hubert_base_ls960,3,42,100,40.2984,40.2984
zf,G397,hubert_base_ls960,3,43,1,74.8326,74.8326
zf,G397,hubert_base_ls960,3,43,5,70.5253,70.5253
zf,G397,hubert_base_ls960,3,43,10,67.3604,67.3604
zf,G397,hubert_base_ls960,3,43,50,50.923,50.923
zf,G397,hubert_base_ls960,3,43,100,40.2756,40.2756
zf,G397,hubert_base_ls960,3,44,1,74.9746,74.9746
zf,G397,hubert_base_ls960,3,44,5,70.4838,70.4838
zf,G397,hubert_base_ls960,3,44,10,66.6944,66.6944
zf,G397,hubert_base_ls960,3,44,50,51.4775,51.4775
zf,G397,hubert_base_ls960,3,44,100,40.1786,40.1786
zf,G397,hubert_base_ls960,3,45,1,73.6934,73.6934
zf,G397,hubert_base_ls960,3,45,5,69.0865,69.0865
zf,G397,hubert_base_ls960,3,45,10,65.5199,65.5199
zf,G397,hubert_base_ls960,3,45,50,50.0859,50.0859
zf,G397,hubert_base_ls960,3,45,100,40.0829,40.0829
zf,G397,hubert_base_ls960,3,46,1,74.8699,74.8699
zf,G397,hubert_base_ls960,3,46,5,70.8061,70.8061
zf,G397,hubert_base_ls960,3,46,10,66.6006,66.6006
zf,G397,hubert_base_ls960,3,46,50,51.362,51.362
zf,G397,hubert_base_ls960,3,46,100,40.7642,40.7642
zf,G397,xcl_base_500k_p32x1_c005,5,42,1,82.2183,82.2183
zf,G397,xcl_base_500k_p32x1_c005,5,42,5,79.0861,79.0861
zf,G397,xcl_base_500k_p32x1_c005,5,42,10,76.5456,76.5456
zf,G397,xcl_base_500k_p32x1_c005,5,42,50,61.2139,61.2139
zf,G397,xcl_base_500k_p32x1_c005,5,42,100,49.164,49.164
zf,G397,xcl_base_500k_p32x1_c005,5,43,1,83.1287,83.1287
zf,G397,xcl_base_500k_p32x1_c005,5,43,5,79.58,79.58
zf,G397,xcl_base_500k_p32x1_c005,5,43,10,76.5937,76.5937
zf,G397,xcl_base_500k_p32x1_c005,5,43,50,61.8058,61.8058
zf,G397,xcl_base_500k_p32x1_c005,5,43,100,49.8505,49.8505
zf,G397,xcl_base_500k_p32x1_c005,5,44,1,82.2839,82.2839
zf,G397,xcl_base_500k_p32x1_c005,5,44,5,79.5788,79.5788
zf,G397,xcl_base_500k_p32x1_c005,5,44,10,76.3977,76.3977
zf,G397,xcl_base_500k_p32x1_c005,5,44,50,62.2042,62.2042
zf,G397,xcl_base_500k_p32x1_c005,5,44,100,49.6916,49.6916
zf,G397,xcl_base_500k_p32x1_c005,5,45,1,84.1104,84.1104
zf,G397,xcl_base_500k_p32x1_c005,5,45,5,80.4791,80.4791
zf,G397,xcl_base_500k_p32x1_c005,5,45,10,77.7266,77.7266
zf,G397,xcl_base_500k_p32x1_c005,5,45,50,62.2033,62.2033
zf,G397,xcl_base_500k_p32x1_c005,5,45,100,50.085,50.085
zf,G397,xcl_base_500k_p32x1_c005,5,46,1,83.8547,83.8547
zf,G397,xcl_base_500k_p32x1_c005,5,46,5,79.8415,79.8415
zf,G397,xcl_base_500k_p32x1_c005,5,46,10,76.696,76.696
zf,G397,xcl_base_500k_p32x1_c005,5,46,50,61.7121,61.7121
zf,G397,xcl_base_500k_p32x1_c005,5,46,100,49.7638,49.7638
zf,G397,xcl_base_500k_p32x4_c010,3,42,1,77.0345,77.0345
zf,G397,xcl_base_500k_p32x4_c010,3,42,5,71.8434,71.8434
zf,G397,xcl_base_500k_p32x4_c010,3,42,10,69.5485,69.5485
zf,G397,xcl_base_500k_p32x4_c010,3,42,50,56.3004,56.3004
zf,G397,xcl_base_500k_p32x4_c010,3,42,100,45.1393,45.1393
zf,G397,xcl_base_500k_p32x4_c010,3,43,1,77.0515,77.0515
zf,G397,xcl_base_500k_p32x4_c010,3,43,5,72.3198,72.3198
zf,G397,xcl_base_500k_p32x4_c010,3,43,10,70.24,70.24
zf,G397,xcl_base_500k_p32x4_c010,3,43,50,57.3341,57.3341
zf,G397,xcl_base_500k_p32x4_c010,3,43,100,45.9655,45.9655
zf,G397,xcl_base_500k_p32x4_c010,3,44,1,74.5846,74.5846
zf,G397,xcl_base_500k_p32x4_c010,3,44,5,72.2499,72.2499
zf,G397,xcl_base_500k_p32x4_c010,3,44,10,68.8875,68.8875
zf,G397,xcl_base_500k_p32x4_c010,3,44,50,56.6414,56.6414
zf,G397,xcl_base_500k_p32x4_c010,3,44,100,45.28,45.28
zf,G397,xcl_base_500k_p32x4_c010,3,45,1,76.7635,76.7635
zf,G397,xcl_base_500k_p32x4_c010,3,45,5,72.7602,72.7602
zf,G397,xcl_base_500k_p32x4_c010,3,45,10,70.4626,70.4626
zf,G397,xcl_base_500k_p32x4_c010,3,45,50,56.6669,56.6669
zf,G397,xcl_base_500k_p32x4_c010,3,45,100,45.6455,45.6455
zf,G397,xcl_base_500k_p32x4_c010,3,46,1,76.3777,76.3777
zf,G397,xcl_base_500k_p32x4_c010,3,46,5,72.3217,72.3217
zf,G397,xcl_base_500k_p32x4_c010,3,46,10,70.0934,70.0934
zf,G397,xcl_base_500k_p32x4_c010,3,46,50,57.3216,57.3216
zf,G397,xcl_base_500k_p32x4_c010,3,46,100,46.021,46.021
zf,G397,xcl_base_500k_p32x4_c010,4,42,1,77.1861,77.1861
zf,G397,xcl_base_500k_p32x4_c010,4,42,5,71.8083,71.8083
zf,G397,xcl_base_500k_p32x4_c010,4,42,10,69.3319,69.3319
zf,G397,xcl_base_500k_p32x4_c010,4,42,50,56.0975,56.0975
zf,G397,xcl_base_500k_p32x4_c010,4,42,100,45.1097,45.1097
zf,G397,xcl_base_500k_p32x4_c010,4,43,1,77.6043,77.6043
zf,G397,xcl_base_500k_p32x4_c010,4,43,5,72.3637,72.3637
zf,G397,xcl_base_500k_p32x4_c010,4,43,10,69.7125,69.7125
zf,G397,xcl_base_500k_p32x4_c010,4,43,50,57.0312,57.0312
zf,G397,xcl_base_500k_p32x4_c010,4,43,100,45.8313,45.8313
zf,G397,xcl_base_500k_p32x4_c010,4,44,1,74.7049,74.7049
zf,G397,xcl_base_500k_p32x4_c010,4,44,5,72.0123,72.0123
zf,G397,xcl_base_500k_p32x4_c010,4,44,10,68.9968,68.9968
zf,G397,xcl_base_500k_p32x4_c010,4,44,50,56.518,56.518
zf,G397,xcl_base_500k_p32x4_c010,4,44,100,45.1712,45.1712
zf,G397,xcl_base_500k_p32x4_c010,4,45,1,76.5575,76.5575
zf,G397,xcl_base_500k_p32x4_c010,4,45,5,72.5903,72.5903
zf,G397,xcl_base_500k_p32x4_c010,4,45,10,70.5227,70.5227
zf,G397,xcl_base_500k_p32x4_c010,4,45,50,56.5265,56.5265
zf,G397,xcl_base_500k_p32x4_c010,4,45,100,45.477,45.477
zf,G397,xcl_base_500k_p32x4_c010,4,46,1,76.8907,76.8907
zf,G397,xcl_base_500k_p32x4_c010,4,46,5,72.135,72.135
zf,G397,xcl_base_500k_p32x4_c010,4,46,10,69.7649,69.7649
zf,G397,xcl_base_500k_p32x4_c010,4,46,50,57.0555,57.0555
zf,G397,xcl_base_500k_p32x4_c010,4,46,100,45.8495,45.8495
zf,G397,xcl_large_500k_p32x1_c005,11,42,1,82.5658,82.5658
zf,G397,xcl_large_500k_p32x1_c005,11,42,5,79.0182,79.0182
zf,G397,xcl_large_500k_p32x1_c005,11,42,10,76.3821,76.3821
zf,G397,xcl_large_500k_p32x1_c005,11,42,50,62.2353,62.2353
zf,G397,xcl_large_500k_p32x1_c005,11,42,100,50.1712,50.1712
zf,G397,xcl_large_500k_p32x1_c005,11,43,1,83.6195,83.6195
zf,G397,xcl_large_500k_p32x1_c005,11,43,5,79.5272,79.5272
zf,G397,xcl_large_500k_p32x1_c005,11,43,10,76.6133,76.6133
zf,G397,xcl_large_500k_p32x1_c005,11,43,50,62.5154,62.5154
zf,G397,xcl_large_500k_p32x1_c005,11,43,100,50.5058,50.5058
zf,G397,xcl_large_500k_p32x1_c005,11,44,1,83.0676,83.0676
zf,G397,xcl_large_500k_p32x1_c005,11,44,5,79.56,79.56
zf,G397,xcl_large_500k_p32x1_c005,11,44,10,76.6946,76.6946
zf,G397,xcl_large_500k_p32x1_c005,11,44,50,63.0466,63.0466
zf,G397,xcl_large_500k_p32x1_c005,11,44,100,50.4104,50.4104
zf,G397,xcl_large_500k_p32x1_c005,11,45,1,83.5483,83.5483
zf,G397,xcl_large_500k_p32x1_c005,11,45,5,80.6329,80.6329
zf,G397,xcl_large_500k_p32x1_c005,11,45,10,77.7386,77.7386
zf,G397,xcl_large_500k_p32x1_c005,11,45,50,62.9232,62.9232
zf,G397,xcl_large_500k_p32x1_c005,11,45,100,50.8557,50.8557
zf,G397,xcl_large_500k_p32x1_c005,11,46,1,84.4248,84.4248
zf,G397,xcl_large_500k_p32x1_c005,11,46,5,80.0113,80.0113
zf,G397,xcl_large_500k_p32x1_c005,11,46,10,76.7061,76.7061
zf,G397,xcl_large_500k_p32x1_c005,11,46,50,62.4936,62.4936
zf,G397,xcl_large_500k_p32x1_c005,11,46,100,50.5684,50.5684
zf,G397,xcl_large_500k_p32x4_c0025,9,42,1,77.7891,77.7891
zf,G397,xcl_large_500k_p32x4_c0025,9,42,5,73.6219,73.6219
zf,G397,xcl_large_500k_p32x4_c0025,9,42,10,70.6764,70.6764
zf,G397,xcl_large_500k_p32x4_c0025,9,42,50,56.5198,56.5198
zf,G397,xcl_large_500k_p32x4_c0025,9,42,100,45.5013,45.5013
zf,G397,xcl_large_500k_p32x4_c0025,9,43,1,78.7153,78.7153
zf,G397,xcl_large_500k_p32x4_c0025,9,43,5,73.7225,73.7225
zf,G397,xcl_large_500k_p32x4_c0025,9,43,10,70.4282,70.4282
zf,G397,xcl_large_500k_p32x4_c0025,9,43,50,57.2651,57.2651
zf,G397,xcl_large_500k_p32x4_c0025,9,43,100,45.9506,45.9506
zf,G397,xcl_large_500k_p32x4_c0025,9,44,1,75.3314,75.3314
zf,G397,xcl_large_500k_p32x4_c0025,9,44,5,72.6676,72.6676
zf,G397,xcl_large_500k_p32x4_c0025,9,44,10,69.8005,69.8005
zf,G397,xcl_large_500k_p32x4_c0025,9,44,50,56.7872,56.7872
zf,G397,xcl_large_500k_p32x4_c0025,9,44,100,45.4934,45.4934
zf,G397,xcl_large_500k_p32x4_c0025,9,45,1,78.5311,78.5311
zf,G397,xcl_large_500k_p32x4_c0025,9,45,5,74.7676,74.7676
zf,G397,xcl_large_500k_p32x4_c0025,9,45,10,71.7386,71.7386
zf,G397,xcl_large_500k_p32x4_c0025,9,45,50,56.709,56.709
zf,G397,xcl_large_500k_p32x4_c0025,9,45,100,45.7304,45.7304
zf,G397,xcl_large_500k_p32x4_c0025,9,46,1,76.522,76.522
zf,G397,xcl_large_500k_p32x4_c0025,9,46,5,73.6837,73.6837
zf,G397,xcl_large_500k_p32x4_c0025,9,46,10,70.7276,70.7276
zf,G397,xcl_large_500k_p32x4_c0025,9,46,50,57.077,57.077
zf,G397,xcl_large_500k_p32x4_c0025,9,46,100,46.0359,46.0359
zf,G397,xcl_large_500k_p32x4_c010,10,42,1,77.2283,77.2283
zf,G397,xcl_large_500k_p32x4_c010,10,42,5,72.9206,72.9206
zf,G397,xcl_large_500k_p32x4_c010,10,42,10,70.2803,70.2803
zf,G397,xcl_large_500k_p32x4_c010,10,42,50,57.4203,57.4203
zf,G397,xcl_large_500k_p32x4_c010,10,42,100,46.337,46.337
zf,G397,xcl_large_500k_p32x4_c010,10,43,1,77.1603,77.1603
zf,G397,xcl_large_500k_p32x4_c010,10,43,5,72.9876,72.9876
zf,G397,xcl_large_500k_p32x4_c010,10,43,10,70.432,70.432
zf,G397,xcl_large_500k_p32x4_c010,10,43,50,58.1384,58.1384
zf,G397,xcl_large_500k_p32x4_c010,10,43,100,46.7657,46.7657
zf,G397,xcl_large_500k_p32x4_c010,10,44,1,74.8503,74.8503
zf,G397,xcl_large_500k_p32x4_c010,10,44,5,72.5575,72.5575
zf,G397,xcl_large_500k_p32x4_c010,10,44,10,69.9524,69.9524
zf,G397,xcl_large_500k_p32x4_c010,10,44,50,57.6666,57.6666
zf,G397,xcl_large_500k_p32x4_c010,10,44,100,46.3238,46.3238
zf,G397,xcl_large_500k_p32x4_c010,10,45,1,77.1544,77.1544
zf,G397,xcl_large_500k_p32x4_c010,10,45,5,73.4719,73.4719
zf,G397,xcl_large_500k_p32x4_c010,10,45,10,70.8575,70.8575
zf,G397,xcl_large_500k_p32x4_c010,10,45,50,57.4181,57.4181
zf,G397,xcl_large_500k_p32x4_c010,10,45,100,46.5475,46.5475
zf,G397,xcl_large_500k_p32x4_c010,10,46,1,76.5165,76.5165
zf,G397,xcl_large_500k_p32x4_c010,10,46,5,73.106,73.106
zf,G397,xcl_large_500k_p32x4_c010,10,46,10,70.8856,70.8856
zf,G397,xcl_large_500k_p32x4_c010,10,46,50,58.2332,58.2332
zf,G397,xcl_large_500k_p32x4_c010,10,46,100,47.1123,47.1123
zf,G397,xcl_micro_500k_p32x1_c005,4,42,1,80.9021,80.9021
zf,G397,xcl_micro_500k_p32x1_c005,4,42,5,77.0287,77.0287
zf,G397,xcl_micro_500k_p32x1_c005,4,42,10,73.5116,73.5116
zf,G397,xcl_micro_500k_p32x1_c005,4,42,50,57.185,57.185
zf,G397,xcl_micro_500k_p32x1_c005,4,42,100,45.8201,45.8201
zf,G397,xcl_micro_500k_p32x1_c005,4,43,1,81.5233,81.5233
zf,G397,xcl_micro_500k_p32x1_c005,4,43,5,77.5196,77.5196
zf,G397,xcl_micro_500k_p32x1_c005,4,43,10,74.2031,74.2031
zf,G397,xcl_micro_500k_p32x1_c005,4,43,50,58.8766,58.8766
zf,G397,xcl_micro_500k_p32x1_c005,4,43,100,47.0052,47.0052
zf,G397,xcl_micro_500k_p32x1_c005,4,44,1,81.2309,81.2309
zf,G397,xcl_micro_500k_p32x1_c005,4,44,5,77.76,77.76
zf,G397,xcl_micro_500k_p32x1_c005,4,44,10,74.4515,74.4515
zf,G397,xcl_micro_500k_p32x1_c005,4,44,50,58.5167,58.5167
zf,G397,xcl_micro_500k_p32x1_c005,4,44,100,46.5524,46.5524
zf,G397,xcl_micro_500k_p32x1_c005,4,45,1,81.8689,81.8689
zf,G397,xcl_micro_500k_p32x1_c005,4,45,5,78.5924,78.5924
zf,G397,xcl_micro_500k_p32x1_c005,4,45,10,75.3753,75.3753
zf,G397,xcl_micro_500k_p32x1_c005,4,45,50,58.4085,58.4085
zf,G397,xcl_micro_500k_p32x1_c005,4,45,100,46.4813,46.4813
zf,G397,xcl_micro_500k_p32x1_c005,4,46,1,81.7422,81.7422
zf,G397,xcl_micro_500k_p32x1_c005,4,46,5,77.7559,77.7559
zf,G397,xcl_micro_500k_p32x1_c005,4,46,10,73.8527,73.8527
zf,G397,xcl_micro_500k_p32x1_c005,4,46,50,57.9362,57.9362
zf,G397,xcl_micro_500k_p32x1_c005,4,46,100,46.2284,46.2284
zf,G397,xcl_micro_500k_p32x1_c005,5,42,1,81.4965,81.4965
zf,G397,xcl_micro_500k_p32x1_c005,5,42,5,77.6571,77.6571
zf,G397,xcl_micro_500k_p32x1_c005,5,42,10,73.9169,73.9169
zf,G397,xcl_micro_500k_p32x1_c005,5,42,50,57.2345,57.2345
zf,G397,xcl_micro_500k_p32x1_c005,5,42,100,45.8534,45.8534
zf,G397,xcl_micro_500k_p32x1_c005,5,43,1,81.5579,81.5579
zf,G397,xcl_micro_500k_p32x1_c005,5,43,5,78.0798,78.0798
zf,G397,xcl_micro_500k_p32x1_c005,5,43,10,74.5235,74.5235
zf,G397,xcl_micro_500k_p32x1_c005,5,43,50,58.8245,58.8245
zf,G397,xcl_micro_500k_p32x1_c005,5,43,100,46.9514,46.9514
zf,G397,xcl_micro_500k_p32x1_c005,5,44,1,81.5959,81.5959
zf,G397,xcl_micro_500k_p32x1_c005,5,44,5,77.9323,77.9323
zf,G397,xcl_micro_500k_p32x1_c005,5,44,10,74.7364,74.7364
zf,G397,xcl_micro_500k_p32x1_c005,5,44,50,58.6455,58.6455
zf,G397,xcl_micro_500k_p32x1_c005,5,44,100,46.5748,46.5748
zf,G397,xcl_micro_500k_p32x1_c005,5,45,1,82.5514,82.5514
zf,G397,xcl_micro_500k_p32x1_c005,5,45,5,79.2137,79.2137
zf,G397,xcl_micro_500k_p32x1_c005,5,45,10,75.8277,75.8277
zf,G397,xcl_micro_500k_p32x1_c005,5,45,50,58.5954,58.5954
zf,G397,xcl_micro_500k_p32x1_c005,5,45,100,46.5748,46.5748
zf,G397,xcl_micro_500k_p32x1_c005,5,46,1,81.9704,81.9704
zf,G397,xcl_micro_500k_p32x1_c005,5,46,5,77.9268,77.9268
zf,G397,xcl_micro_500k_p32x1_c005,5,46,10,74.1396,74.1396
zf,G397,xcl_micro_500k_p32x1_c005,5,46,50,57.9405,57.9405
zf,G397,xcl_micro_500k_p32x1_c005,5,46,100,46.2494,46.2494
zf,G397,xcl_micro_500k_p32x4_c010,3,42,1,76.2797,76.2797
zf,G397,xcl_micro_500k_p32x4_c010,3,42,5,71.372,71.372
zf,G397,xcl_micro_500k_p32x4_c010,3,42,10,68.4168,68.4168
zf,G397,xcl_micro_500k_p32x4_c010,3,42,50,53.9216,53.9216
zf,G397,xcl_micro_500k_p32x4_c010,3,42,100,43.004,43.004
zf,G397,xcl_micro_500k_p32x4_c010,3,43,1,75.0187,75.0187
zf,G397,xcl_micro_500k_p32x4_c010,3,43,5,71.3018,71.3018
zf,G397,xcl_micro_500k_p32x4_c010,3,43,10,68.4329,68.4329
zf,G397,xcl_micro_500k_p32x4_c010,3,43,50,54.8117,54.8117
zf,G397,xcl_micro_500k_p32x4_c010,3,43,100,43.5261,43.5261
zf,G397,xcl_micro_500k_p32x4_c010,3,44,1,73.5449,73.5449
zf,G397,xcl_micro_500k_p32x4_c010,3,44,5,70.0103,70.0103
zf,G397,xcl_micro_500k_p32x4_c010,3,44,10,67.4991,67.4991
zf,G397,xcl_micro_500k_p32x4_c010,3,44,50,54.3088,54.3088
zf,G397,xcl_micro_500k_p32x4_c010,3,44,100,43.0108,43.0108
zf,G397,xcl_micro_500k_p32x4_c010,3,45,1,76.4493,76.4493
zf,G397,xcl_micro_500k_p32x4_c010,3,45,5,73.0401,73.0401
zf,G397,xcl_micro_500k_p32x4_c010,3,45,10,69.8167,69.8167
zf,G397,xcl_micro_500k_p32x4_c010,3,45,50,54.3534,54.3534
zf,G397,xcl_micro_500k_p32x4_c010,3,45,100,43.5454,43.5454
zf,G397,xcl_micro_500k_p32x4_c010,3,46,1,75.0111,75.0111
zf,G397,xcl_micro_500k_p32x4_c010,3,46,5,71.8586,71.8586
zf,G397,xcl_micro_500k_p32x4_c010,3,46,10,68.8692,68.8692
zf,G397,xcl_micro_500k_p32x4_c010,3,46,50,54.8856,54.8856
zf,G397,xcl_micro_500k_p32x4_c010,3,46,100,43.7847,43.7847
zf,G402,birdaves_biox_base,3,42,1,84.3659,84.3659
zf,G402,birdaves_biox_base,3,42,5,80.4994,80.4994
zf,G402,birdaves_biox_base,3,42,10,76.2255,76.2255
zf,G402,birdaves_biox_base,3,42,50,63.8518,63.8518
zf,G402,birdaves_biox_base,3,42,100,47.5855,47.5855
zf,G402,birdaves_biox_base,3,43,1,86.3632,86.3632
zf,G402,birdaves_biox_base,3,43,5,81.2324,81.2324
zf,G402,birdaves_biox_base,3,43,10,77.3564,77.3564
zf,G402,birdaves_biox_base,3,43,50,63.7951,63.7951
zf,G402,birdaves_biox_base,3,43,100,47.619,47.619
zf,G402,birdaves_biox_base,3,44,1,83.4488,83.4488
zf,G402,birdaves_biox_base,3,44,5,80.0361,80.0361
zf,G402,birdaves_biox_base,3,44,10,76.4594,76.4594
zf,G402,birdaves_biox_base,3,44,50,63.3444,63.3444
zf,G402,birdaves_biox_base,3,44,100,47.1616,47.1616
zf,G402,birdaves_biox_base,3,45,1,84.5934,84.5934
zf,G402,birdaves_biox_base,3,45,5,80.2558,80.2558
zf,G402,birdaves_biox_base,3,45,10,75.5757,75.5757
zf,G402,birdaves_biox_base,3,45,50,63.3015,63.3015
zf,G402,birdaves_biox_base,3,45,100,47.2302,47.2302
zf,G402,birdaves_biox_base,3,46,1,84.6242,84.6242
zf,G402,birdaves_biox_base,3,46,5,80.8313,80.8313
zf,G402,birdaves_biox_base,3,46,10,76.7735,76.7735
zf,G402,birdaves_biox_base,3,46,50,64.0409,64.0409
zf,G402,birdaves_biox_base,3,46,100,47.491,47.491
zf,G402,birdaves_biox_base,7,42,1,85.0341,85.0341
zf,G402,birdaves_biox_base,7,42,5,81.7726,81.7726
zf,G402,birdaves_biox_base,7,42,10,77.8569,77.8569
zf,G402,birdaves_biox_base,7,42,50,65.3285,65.3285
zf,G402,birdaves_biox_base,7,42,100,48.2169,48.2169
zf,G402,birdaves_biox_base,7,43,1,86.4369,86.4369
zf,G402,birdaves_biox_base,7,43,5,82.6475,82.6475
zf,G402,birdaves_biox_base,7,43,10,79.1703,79.1703
zf,G402,birdaves_biox_base,7,43,50,65.4507,65.4507
zf,G402,birdaves_biox_base,7,43,100,48.1715,48.1715
zf,G402,birdaves_biox_base,7,44,1,84.9663,84.9663
zf,G402,birdaves_biox_base,7,44,5,81.5381,81.5381
zf,G402,birdaves_biox_base,7,44,10,78.3241,78.3241
zf,G402,birdaves_biox_base,7,44,50,64.9117,64.9117
zf,G402,birdaves_biox_base,7,44,100,47.613,47.613
zf,G402,birdaves_biox_base,7,45,1,84.1685,84.1685
zf,G402,birdaves_biox_base,7,45,5,80.5345,80.5345
zf,G402,birdaves_biox_base,7,45,10,76.8138,76.8138
zf,G402,birdaves_biox_base,7,45,50,64.5216,64.5216
zf,G402,birdaves_biox_base,7,45,100,47.6287,47.6287
zf,G402,birdaves_biox_base,7,46,1,85.4483,85.4483
zf,G402,birdaves_biox_base,7,46,5,82.1812,82.1812
zf,G402,birdaves_biox_base,7,46,10,78.2452,78.2452
zf,G402,birdaves_biox_base,7,46,50,65.3442,65.3442
zf,G402,birdaves_biox_base,7,46,100,47.9273,47.9273
zf,G402,birdaves_biox_base_speed0p25,3,42,1,87.5288,87.5288
zf,G402,birdaves_biox_base_speed0p25,3,42,5,86.6194,86.6194
zf,G402,birdaves_biox_base_speed0p25,3,42,10,82.1372,82.1372
zf,G402,birdaves_biox_base_speed0p25,3,42,50,67.1899,67.1899
zf,G402,birdaves_biox_base_speed0p25,3,42,100,48.8032,48.8032
zf,G402,birdaves_biox_base_speed0p25,3,43,1,88.9384,88.9384
zf,G402,birdaves_biox_base_speed0p25,3,43,5,85.7299,85.7299
zf,G402,birdaves_biox_base_speed0p25,3,43,10,81.9108,81.9108
zf,G402,birdaves_biox_base_speed0p25,3,43,50,67.3653,67.3653
zf,G402,birdaves_biox_base_speed0p25,3,43,100,48.885,48.885
zf,G402,birdaves_biox_base_speed0p25,3,44,1,87.5535,87.5535
zf,G402,birdaves_biox_base_speed0p25,3,44,5,85.9015,85.9015
zf,G402,birdaves_biox_base_speed0p25,3,44,10,81.9895,81.9895
zf,G402,birdaves_biox_base_speed0p25,3,44,50,67.4278,67.4278
zf,G402,birdaves_biox_base_speed0p25,3,44,100,48.8379,48.8379
zf,G402,birdaves_biox_base_speed0p25,3,45,1,86.6575,86.6575
zf,G402,birdaves_biox_base_speed0p25,3,45,5,84.9093,84.9093
zf,G402,birdaves_biox_base_speed0p25,3,45,10,81.2461,81.2461
zf,G402,birdaves_biox_base_speed0p25,3,45,50,67.062,67.062
zf,G402,birdaves_biox_base_speed0p25,3,45,100,48.779,48.779
zf,G402,birdaves_biox_base_speed0p25,3,46,1,90.4937,90.4937
zf,G402,birdaves_biox_base_speed0p25,3,46,5,87.6239,87.6239
zf,G402,birdaves_biox_base_speed0p25,3,46,10,83.2956,83.2956
zf,G402,birdaves_biox_base_speed0p25,3,46,50,68.0243,68.0243
zf,G402,birdaves_biox_base_speed0p25,3,46,100,48.9866,48.9866
zf,G402,birdaves_biox_base_speed0p25,4,42,1,87.9929,87.9929
zf,G402,birdaves_biox_base_speed0p25,4,42,5,87.3971,87.3971
zf,G402,birdaves_biox_base_speed0p25,4,42,10,82.8181,82.8181
zf,G402,birdaves_biox_base_speed0p25,4,42,50,68.2619,68.2619
zf,G402,birdaves_biox_base_speed0p25,4,42,100,49.3531,49.3531
zf,G402,birdaves_biox_base_speed0p25,4,43,1,89.0489,89.0489
zf,G402,birdaves_biox_base_speed0p25,4,43,5,86.497,86.497
zf,G402,birdaves_biox_base_speed0p25,4,43,10,83.0318,83.0318
zf,G402,birdaves_biox_base_speed0p25,4,43,50,68.4215,68.4215
zf,G402,birdaves_biox_base_speed0p25,4,43,100,49.4619,49.4619
zf,G402,birdaves_biox_base_speed0p25,4,44,1,89.3757,89.3757
zf,G402,birdaves_biox_base_speed0p25,4,44,5,86.6656,86.6656
zf,G402,birdaves_biox_base_speed0p25,4,44,10,83.0927,83.0927
zf,G402,birdaves_biox_base_speed0p25,4,44,50,68.4993,68.4993
zf,G402,birdaves_biox_base_speed0p25,4,44,100,49.441,49.441
zf,G402,birdaves_biox_base_speed0p25,4,45,1,86.8338,86.8338
zf,G402,birdaves_biox_base_speed0p25,4,45,5,85.765,85.765
zf,G402,birdaves_biox_base_speed0p25,4,45,10,81.9298,81.9298
zf,G402,birdaves_biox_base_speed0p25,4,45,50,68.2384,68.2384
zf,G402,birdaves_biox_base_speed0p25,4,45,100,49.4347,49.4347
zf,G402,birdaves_biox_base_speed0p25,4,46,1,90.5418,90.5418
zf,G402,birdaves_biox_base_speed0p25,4,46,5,88.4378,88.4378
zf,G402,birdaves_biox_base_speed0p25,4,46,10,84.0118,84.0118
zf,G402,birdaves_biox_base_speed0p25,4,46,50,68.7996,68.7996
zf,G402,birdaves_biox_base_speed0p25,4,46,100,49.3026,49.3026
zf,G402,birdaves_biox_base_speed0p5,3,42,1,87.528,87.528
zf,G402,birdaves_biox_base_speed0p5,3,42,5,86.1886,86.1886
zf,G402,birdaves_biox_base_speed0p5,3,42,10,81.5028,81.5028
zf,G402,birdaves_biox_base_speed0p5,3,42,50,68.627,68.627
zf,G402,birdaves_biox_base_speed0p5,3,42,100,50.1882,50.1882
zf,G402,birdaves_biox_base_speed0p5,3,43,1,89.0709,89.0709
zf,G402,birdaves_biox_base_speed0p5,3,43,5,87.1357,87.1357
zf,G402,birdaves_biox_base_speed0p5,3,43,10,83.3947,83.3947
zf,G402,birdaves_biox_base_speed0p5,3,43,50,69.3047,69.3047
zf,G402,birdaves_biox_base_speed0p5,3,43,100,50.8509,50.8509
zf,G402,birdaves_biox_base_speed0p5,3,44,1,87.8986,87.8986
zf,G402,birdaves_biox_base_speed0p5,3,44,5,85.4654,85.4654
zf,G402,birdaves_biox_base_speed0p5,3,44,10,81.8876,81.8876
zf,G402,birdaves_biox_base_speed0p5,3,44,50,68.6873,68.6873
zf,G402,birdaves_biox_base_speed0p5,3,44,100,50.301,50.301
zf,G402,birdaves_biox_base_speed0p5,3,45,1,88.0797,88.0797
zf,G402,birdaves_biox_base_speed0p5,3,45,5,85.3073,85.3073
zf,G402,birdaves_biox_base_speed0p5,3,45,10,80.9177,80.9177
zf,G402,birdaves_biox_base_speed0p5,3,45,50,68.397,68.397
zf,G402,birdaves_biox_base_speed0p5,3,45,100,50.2174,50.2174
zf,G402,birdaves_biox_base_speed0p5,3,46,1,90.1925,90.1925
zf,G402,birdaves_biox_base_speed0p5,3,46,5,87.2388,87.2388
zf,G402,birdaves_biox_base_speed0p5,3,46,10,82.6576,82.6576
zf,G402,birdaves_biox_base_speed0p5,3,46,50,69.2998,69.2998
zf,G402,birdaves_biox_base_speed0p5,3,46,100,50.3145,50.3145
zf,G402,birdaves_biox_base_speed0p5,6,42,1,87.8123,87.8123
zf,G402,birdaves_biox_base_speed0p5,6,42,5,86.5234,86.5234
zf,G402,birdaves_biox_base_speed0p5,6,42,10,82.2818,82.2818
zf,G402,birdaves_biox_base_speed0p5,6,42,50,69.2639,69.2639
zf,G402,birdaves_biox_base_speed0p5,6,42,100,50.6683,50.6683
zf,G402,birdaves_biox_base_speed0p5,6,43,1,91.1924,91.1924
zf,G402,birdaves_biox_base_speed0p5,6,43,5,87.4262,87.4262
zf,G402,birdaves_biox_base_speed0p5,6,43,10,84.1677,84.1677
zf,G402,birdaves_biox_base_speed0p5,6,43,50,70.1728,70.1728
zf,G402,birdaves_biox_base_speed0p5,6,43,100,51.3386,51.3386
zf,G402,birdaves_biox_base_speed0p5,6,44,1,88.0709,88.0709
zf,G402,birdaves_biox_base_speed0p5,6,44,5,85.686,85.686
zf,G402,birdaves_biox_base_speed0p5,6,44,10,82.519,82.519
zf,G402,birdaves_biox_base_speed0p5,6,44,50,69.3002,69.3002
zf,G402,birdaves_biox_base_speed0p5,6,44,100,50.6067,50.6067
zf,G402,birdaves_biox_base_speed0p5,6,45,1,88.4419,88.4419
zf,G402,birdaves_biox_base_speed0p5,6,45,5,85.5926,85.5926
zf,G402,birdaves_biox_base_speed0p5,6,45,10,81.4574,81.4574
zf,G402,birdaves_biox_base_speed0p5,6,45,50,69.1291,69.1291
zf,G402,birdaves_biox_base_speed0p5,6,45,100,50.8006,50.8006
zf,G402,birdaves_biox_base_speed0p5,6,46,1,88.9228,88.9228
zf,G402,birdaves_biox_base_speed0p5,6,46,5,88.0424,88.0424
zf,G402,birdaves_biox_base_speed0p5,6,46,10,83.4107,83.4107
zf,G402,birdaves_biox_base_speed0p5,6,46,50,70.183,70.183
zf,G402,birdaves_biox_base_speed0p5,6,46,100,50.8621,50.8621
zf,G402,hubert_base_ls960,0,42,1,82.9358,82.9358
zf,G402,hubert_base_ls960,0,42,5,78.5162,78.5162
zf,G402,hubert_base_ls960,0,42,10,74.7319,74.7319
zf,G402,hubert_base_ls960,0,42,50,60.5994,60.5994
zf,G402,hubert_base_ls960,0,42,100,45.3046,45.3046
zf,G402,hubert_base_ls960,0,43,1,84.5667,84.5667
zf,G402,hubert_base_ls960,0,43,5,80.1019,80.1019
zf,G402,hubert_base_ls960,0,43,10,75.7329,75.7329
zf,G402,hubert_base_ls960,0,43,50,61.1853,61.1853
zf,G402,hubert_base_ls960,0,43,100,45.7115,45.7115
zf,G402,hubert_base_ls960,0,44,1,83.5799,83.5799
zf,G402,hubert_base_ls960,0,44,5,78.6911,78.6911
zf,G402,hubert_base_ls960,0,44,10,74.9906,74.9906
zf,G402,hubert_base_ls960,0,44,50,60.8422,60.8422
zf,G402,hubert_base_ls960,0,44,100,45.2878,45.2878
zf,G402,hubert_base_ls960,0,45,1,83.8554,83.8554
zf,G402,hubert_base_ls960,0,45,5,79.0006,79.0006
zf,G402,hubert_base_ls960,0,45,10,74.3414,74.3414
zf,G402,hubert_base_ls960,0,45,50,60.3652,60.3652
zf,G402,hubert_base_ls960,0,45,100,45.107,45.107
zf,G402,hubert_base_ls960,0,46,1,84.555,84.555
zf,G402,hubert_base_ls960,0,46,5,79.9152,79.9152
zf,G402,hubert_base_ls960,0,46,10,75.7631,75.7631
zf,G402,hubert_base_ls960,0,46,50,60.8673,60.8673
zf,G402,hubert_base_ls960,0,46,100,45.0777,45.0777
zf,G402,hubert_base_ls960,3,42,1,83.3431,83.3431
zf,G402,hubert_base_ls960,3,42,5,78.105,78.105
zf,G402,hubert_base_ls960,3,42,10,73.1265,73.1265
zf,G402,hubert_base_ls960,3,42,50,58.2561,58.2561
zf,G402,hubert_base_ls960,3,42,100,43.6708,43.6708
zf,G402,hubert_base_ls960,3,43,1,82.1894,82.1894
zf,G402,hubert_base_ls960,3,43,5,79.2608,79.2608
zf,G402,hubert_base_ls960,3,43,10,74.4975,74.4975
zf,G402,hubert_base_ls960,3,43,50,59.079,59.079
zf,G402,hubert_base_ls960,3,43,100,44.0551,44.0551
zf,G402,hubert_base_ls960,3,44,1,82.6149,82.6149
zf,G402,hubert_base_ls960,3,44,5,78.7613,78.7613
zf,G402,hubert_base_ls960,3,44,10,73.8282,73.8282
zf,G402,hubert_base_ls960,3,44,50,58.1305,58.1305
zf,G402,hubert_base_ls960,3,44,100,43.1388,43.1388
zf,G402,hubert_base_ls960,3,45,1,82.2592,82.2592
zf,G402,hubert_base_ls960,3,45,5,78.0916,78.0916
zf,G402,hubert_base_ls960,3,45,10,73.0524,73.0524
zf,G402,hubert_base_ls960,3,45,50,58.2407,58.2407
zf,G402,hubert_base_ls960,3,45,100,43.2752,43.2752
zf,G402,hubert_base_ls960,3,46,1,82.4316,82.4316
zf,G402,hubert_base_ls960,3,46,5,78.2584,78.2584
zf,G402,hubert_base_ls960,3,46,10,73.8522,73.8522
zf,G402,hubert_base_ls960,3,46,50,58.6814,58.6814
zf,G402,hubert_base_ls960,3,46,100,43.8063,43.8063
zf,G402,xcl_base_500k_p32x1_c005,5,42,1,89.4217,89.4217
zf,G402,xcl_base_500k_p32x1_c005,5,42,5,88.2255,88.2255
zf,G402,xcl_base_500k_p32x1_c005,5,42,10,83.9416,83.9416
zf,G402,xcl_base_500k_p32x1_c005,5,42,50,69.9804,69.9804
zf,G402,xcl_base_500k_p32x1_c005,5,42,100,51.2613,51.2613
zf,G402,xcl_base_500k_p32x1_c005,5,43,1,92.7268,92.7268
zf,G402,xcl_base_500k_p32x1_c005,5,43,5,89.1708,89.1708
zf,G402,xcl_base_500k_p32x1_c005,5,43,10,85.8199,85.8199
zf,G402,xcl_base_500k_p32x1_c005,5,43,50,71.5821,71.5821
zf,G402,xcl_base_500k_p32x1_c005,5,43,100,52.129,52.129
zf,G402,xcl_base_500k_p32x1_c005,5,44,1,88.7314,88.7314
zf,G402,xcl_base_500k_p32x1_c005,5,44,5,87.3692,87.3692
zf,G402,xcl_base_500k_p32x1_c005,5,44,10,84.1275,84.1275
zf,G402,xcl_base_500k_p32x1_c005,5,44,50,70.337,70.337
zf,G402,xcl_base_500k_p32x1_c005,5,44,100,51.4105,51.4105
zf,G402,xcl_base_500k_p32x1_c005,5,45,1,88.6718,88.6718
zf,G402,xcl_base_500k_p32x1_c005,5,45,5,87.535,87.535
zf,G402,xcl_base_500k_p32x1_c005,5,45,10,83.9341,83.9341
zf,G402,xcl_base_500k_p32x1_c005,5,45,50,70.2647,70.2647
zf,G402,xcl_base_500k_p32x1_c005,5,45,100,51.6581,51.6581
zf,G402,xcl_base_500k_p32x1_c005,5,46,1,91.0869,91.0869
zf,G402,xcl_base_500k_p32x1_c005,5,46,5,89.744,89.744
zf,G402,xcl_base_500k_p32x1_c005,5,46,10,85.6134,85.6134
zf,G402,xcl_base_500k_p32x1_c005,5,46,50,71.0512,71.0512
zf,G402,xcl_base_500k_p32x1_c005,5,46,100,51.3627,51.3627
zf,G402,xcl_base_500k_p32x4_c010,3,42,1,81.6621,81.6621
zf,G402,xcl_base_500k_p32x4_c010,3,42,5,80.1829,80.1829
zf,G402,xcl_base_500k_p32x4_c010,3,42,10,77.4693,77.4693
zf,G402,xcl_base_500k_p32x4_c010,3,42,50,65.0882,65.0882
zf,G402,xcl_base_500k_p32x4_c010,3,42,100,47.8929,47.8929
zf,G402,xcl_base_500k_p32x4_c010,3,43,1,84.2245,84.2245
zf,G402,xcl_base_500k_p32x4_c010,3,43,5,81.1459,81.1459
zf,G402,xcl_base_500k_p32x4_c010,3,43,10,78.8295,78.8295
zf,G402,xcl_base_500k_p32x4_c010,3,43,50,65.3617,65.3617
zf,G402,xcl_base_500k_p32x4_c010,3,43,100,48.2222,48.2222
zf,G402,xcl_base_500k_p32x4_c010,3,44,1,82.6687,82.6687
zf,G402,xcl_base_500k_p32x4_c010,3,44,5,79.5021,79.5021
zf,G402,xcl_base_500k_p32x4_c010,3,44,10,77.4245,77.4245
zf,G402,xcl_base_500k_p32x4_c010,3,44,50,64.5158,64.5158
zf,G402,xcl_base_500k_p32x4_c010,3,44,100,47.5016,47.5016
zf,G402,xcl_base_500k_p32x4_c010,3,45,1,83.0453,83.0453
zf,G402,xcl_base_500k_p32x4_c010,3,45,5,80.3739,80.3739
zf,G402,xcl_base_500k_p32x4_c010,3,45,10,77.7875,77.7875
zf,G402,xcl_base_500k_p32x4_c010,3,45,50,65.1276,65.1276
zf,G402,xcl_base_500k_p32x4_c010,3,45,100,48.0372,48.0372
zf,G402,xcl_base_500k_p32x4_c010,3,46,1,84.0419,84.0419
zf,G402,xcl_base_500k_p32x4_c010,3,46,5,81.9371,81.9371
zf,G402,xcl_base_500k_p32x4_c010,3,46,10,79.1719,79.1719
zf,G402,xcl_base_500k_p32x4_c010,3,46,50,65.6316,65.6316
zf,G402,xcl_base_500k_p32x4_c010,3,46,100,47.9195,47.9195
zf,G402,xcl_base_500k_p32x4_c010,4,42,1,81.5077,81.5077
zf,G402,xcl_base_500k_p32x4_c010,4,42,5,80.1951,80.1951
zf,G402,xcl_base_500k_p32x4_c010,4,42,10,76.9985,76.9985
zf,G402,xcl_base_500k_p32x4_c010,4,42,50,64.7123,64.7123
zf,G402,xcl_base_500k_p32x4_c010,4,42,100,47.6818,47.6818
zf,G402,xcl_base_500k_p32x4_c010,4,43,1,83.8943,83.8943
zf,G402,xcl_base_500k_p32x4_c010,4,43,5,80.9713,80.9713
zf,G402,xcl_base_500k_p32x4_c010,4,43,10,78.3956,78.3956
zf,G402,xcl_base_500k_p32x4_c010,4,43,50,64.971,64.971
zf,G402,xcl_base_500k_p32x4_c010,4,43,100,48.011,48.011
zf,G402,xcl_base_500k_p32x4_c010,4,44,1,82.3091,82.3091
zf,G402,xcl_base_500k_p32x4_c010,4,44,5,79.3622,79.3622
zf,G402,xcl_base_500k_p32x4_c010,4,44,10,77.0275,77.0275
zf,G402,xcl_base_500k_p32x4_c010,4,44,50,64.1231,64.1231
zf,G402,xcl_base_500k_p32x4_c010,4,44,100,47.248,47.248
zf,G402,xcl_base_500k_p32x4_c010,4,45,1,82.6451,82.6451
zf,G402,xcl_base_500k_p32x4_c010,4,45,5,80.3265,80.3265
zf,G402,xcl_base_500k_p32x4_c010,4,45,10,77.4445,77.4445
zf,G402,xcl_base_500k_p32x4_c010,4,45,50,64.7622,64.7622
zf,G402,xcl_base_500k_p32x4_c010,4,45,100,47.9061,47.9061
zf,G402,xcl_base_500k_p32x4_c010,4,46,1,84.5327,84.5327
zf,G402,xcl_base_500k_p32x4_c010,4,46,5,82.0449,82.0449
zf,G402,xcl_base_500k_p32x4_c010,4,46,10,78.6719,78.6719
zf,G402,xcl_base_500k_p32x4_c010,4,46,50,65.2952,65.2952
zf,G402,xcl_base_500k_p32x4_c010,4,46,100,47.7269,47.7269
zf,G402,xcl_large_500k_p32x1_c005,11,42,1,89.5448,89.5448
zf,G402,xcl_large_500k_p32x1_c005,11,42,5,88.7377,88.7377
zf,G402,xcl_large_500k_p32x1_c005,11,42,10,85.3191,85.3191
zf,G402,xcl_large_500k_p32x1_c005,11,42,50,71.3927,71.3927
zf,G402,xcl_large_500k_p32x1_c005,11,42,100,52.5274,52.5274
zf,G402,xcl_large_500k_p32x1_c005,11,43,1,91.4277,91.4277
zf,G402,xcl_large_500k_p32x1_c005,11,43,5,89.5932,89.5932
zf,G402,xcl_large_500k_p32x1_c005,11,43,10,86.9292,86.9292
zf,G402,xcl_large_500k_p32x1_c005,11,43,50,73.0734,73.0734
zf,G402,xcl_large_500k_p32x1_c005,11,43,100,53.3403,53.3403
zf,G402,xcl_large_500k_p32x1_c005,11,44,1,89.0461,89.0461
zf,G402,xcl_large_500k_p32x1_c005,11,44,5,87.6675,87.6675
zf,G402,xcl_large_500k_p32x1_c005,11,44,10,85.3066,85.3066
zf,G402,xcl_large_500k_p32x1_c005,11,44,50,71.6292,71.6292
zf,G402,xcl_large_500k_p32x1_c005,11,44,100,52.6065,52.6065
zf,G402,xcl_large_500k_p32x1_c005,11,45,1,88.8492,88.8492
zf,G402,xcl_large_500k_p32x1_c005,11,45,5,87.8018,87.8018
zf,G402,xcl_large_500k_p32x1_c005,11,45,10,85.0624,85.0624
zf,G402,xcl_large_500k_p32x1_c005,11,45,50,71.6419,71.6419
zf,G402,xcl_large_500k_p32x1_c005,11,45,100,52.6936,52.6936
zf,G402,xcl_large_500k_p32x1_c005,11,46,1,91.8951,91.8951
zf,G402,xcl_large_500k_p32x1_c005,11,46,5,90.2167,90.2167
zf,G402,xcl_large_500k_p32x1_c005,11,46,10,86.6114,86.6114
zf,G402,xcl_large_500k_p32x1_c005,11,46,50,72.5168,72.5168
zf,G402,xcl_large_500k_p32x1_c005,11,46,100,52.5337,52.5337
zf,G402,xcl_large_500k_p32x4_c0025,9,42,1,81.496,81.496
zf,G402,xcl_large_500k_p32x4_c0025,9,42,5,79.7784,79.7784
zf,G402,xcl_large_500k_p32x4_c0025,9,42,10,77.0995,77.0995
zf,G402,xcl_large_500k_p32x4_c0025,9,42,50,64.2729,64.2729
zf,G402,xcl_large_500k_p32x4_c0025,9,42,100,47.2196,47.2196
zf,G402,xcl_large_500k_p32x4_c0025,9,43,1,82.6101,82.6101
zf,G402,xcl_large_500k_p32x4_c0025,9,43,5,81.5105,81.5105
zf,G402,xcl_large_500k_p32x4_c0025,9,43,10,78.4906,78.4906
zf,G402,xcl_large_500k_p32x4_c0025,9,43,50,64.6374,64.6374
zf,G402,xcl_large_500k_p32x4_c0025,9,43,100,47.6405,47.6405
zf,G402,xcl_large_500k_p32x4_c0025,9,44,1,81.4869,81.4869
zf,G402,xcl_large_500k_p32x4_c0025,9,44,5,79.4925,79.4925
zf,G402,xcl_large_500k_p32x4_c0025,9,44,10,77.0319,77.0319
zf,G402,xcl_large_500k_p32x4_c0025,9,44,50,64.0555,64.0555
zf,G402,xcl_large_500k_p32x4_c0025,9,44,100,47.0,47.0
zf,G402,xcl_large_500k_p32x4_c0025,9,45,1,82.5328,82.5328
zf,G402,xcl_large_500k_p32x4_c0025,9,45,5,79.8631,79.8631
zf,G402,xcl_large_500k_p32x4_c0025,9,45,10,77.3214,77.3214
zf,G402,xcl_large_500k_p32x4_c0025,9,45,50,64.5523,64.5523
zf,G402,xcl_large_500k_p32x4_c0025,9,45,100,47.461,47.461
zf,G402,xcl_large_500k_p32x4_c0025,9,46,1,84.431,84.431
zf,G402,xcl_large_500k_p32x4_c0025,9,46,5,81.9824,81.9824
zf,G402,xcl_large_500k_p32x4_c0025,9,46,10,78.4806,78.4806
zf,G402,xcl_large_500k_p32x4_c0025,9,46,50,64.9063,64.9063
zf,G402,xcl_large_500k_p32x4_c0025,9,46,100,47.3704,47.3704
zf,G402,xcl_large_500k_p32x4_c010,10,42,1,82.8827,82.8827
zf,G402,xcl_large_500k_p32x4_c010,10,42,5,80.5726,80.5726
zf,G402,xcl_large_500k_p32x4_c010,10,42,10,77.8212,77.8212
zf,G402,xcl_large_500k_p32x4_c010,10,42,50,65.5757,65.5757
zf,G402,xcl_large_500k_p32x4_c010,10,42,100,48.3573,48.3573
zf,G402,xcl_large_500k_p32x4_c010,10,43,1,83.63,83.63
zf,G402,xcl_large_500k_p32x4_c010,10,43,5,81.6586,81.6586
zf,G402,xcl_large_500k_p32x4_c010,10,43,10,78.9286,78.9286
zf,G402,xcl_large_500k_p32x4_c010,10,43,50,65.9959,65.9959
zf,G402,xcl_large_500k_p32x4_c010,10,43,100,48.6316,48.6316
zf,G402,xcl_large_500k_p32x4_c010,10,44,1,82.6722,82.6722
zf,G402,xcl_large_500k_p32x4_c010,10,44,5,79.9259,79.9259
zf,G402,xcl_large_500k_p32x4_c010,10,44,10,77.3986,77.3986
zf,G402,xcl_large_500k_p32x4_c010,10,44,50,65.4764,65.4764
zf,G402,xcl_large_500k_p32x4_c010,10,44,100,48.0514,48.0514
zf,G402,xcl_large_500k_p32x4_c010,10,45,1,83.8454,83.8454
zf,G402,xcl_large_500k_p32x4_c010,10,45,5,79.9222,79.9222
zf,G402,xcl_large_500k_p32x4_c010,10,45,10,77.2952,77.2952
zf,G402,xcl_large_500k_p32x4_c010,10,45,50,65.8137,65.8137
zf,G402,xcl_large_500k_p32x4_c010,10,45,100,48.4696,48.4696
zf,G402,xcl_large_500k_p32x4_c010,10,46,1,84.4249,84.4249
zf,G402,xcl_large_500k_p32x4_c010,10,46,5,82.1503,82.1503
zf,G402,xcl_large_500k_p32x4_c010,10,46,10,78.8486,78.8486
zf,G402,xcl_large_500k_p32x4_c010,10,46,50,66.364,66.364
zf,G402,xcl_large_500k_p32x4_c010,10,46,100,48.5636,48.5636
zf,G402,xcl_micro_500k_p32x1_c005,4,42,1,87.7444,87.7444
zf,G402,xcl_micro_500k_p32x1_c005,4,42,5,85.3905,85.3905
zf,G402,xcl_micro_500k_p32x1_c005,4,42,10,81.489,81.489
zf,G402,xcl_micro_500k_p32x1_c005,4,42,50,63.5547,63.5547
zf,G402,xcl_micro_500k_p32x1_c005,4,42,100,46.6157,46.6157
zf,G402,xcl_micro_500k_p32x1_c005,4,43,1,88.6983,88.6983
zf,G402,xcl_micro_500k_p32x1_c005,4,43,5,86.2662,86.2662
zf,G402,xcl_micro_500k_p32x1_c005,4,43,10,83.006,83.006
zf,G402,xcl_micro_500k_p32x1_c005,4,43,50,64.7729,64.7729
zf,G402,xcl_micro_500k_p32x1_c005,4,43,100,47.077,47.077
zf,G402,xcl_micro_500k_p32x1_c005,4,44,1,86.6438,86.6438
zf,G402,xcl_micro_500k_p32x1_c005,4,44,5,84.3712,84.3712
zf,G402,xcl_micro_500k_p32x1_c005,4,44,10,81.3885,81.3885
zf,G402,xcl_micro_500k_p32x1_c005,4,44,50,63.6808,63.6808
zf,G402,xcl_micro_500k_p32x1_c005,4,44,100,46.4295,46.4295
zf,G402,xcl_micro_500k_p32x1_c005,4,45,1,86.752,86.752
zf,G402,xcl_micro_500k_p32x1_c005,4,45,5,84.4843,84.4843
zf,G402,xcl_micro_500k_p32x1_c005,4,45,10,81.2016,81.2016
zf,G402,xcl_micro_500k_p32x1_c005,4,45,50,63.7391,63.7391
zf,G402,xcl_micro_500k_p32x1_c005,4,45,100,46.6956,46.6956
zf,G402,xcl_micro_500k_p32x1_c005,4,46,1,89.8218,89.8218
zf,G402,xcl_micro_500k_p32x1_c005,4,46,5,86.9874,86.9874
zf,G402,xcl_micro_500k_p32x1_c005,4,46,10,83.0992,83.0992
zf,G402,xcl_micro_500k_p32x1_c005,4,46,50,64.8282,64.8282
zf,G402,xcl_micro_500k_p32x1_c005,4,46,100,46.6365,46.6365
zf,G402,xcl_micro_500k_p32x1_c005,5,42,1,87.5682,87.5682
zf,G402,xcl_micro_500k_p32x1_c005,5,42,5,85.0464,85.0464
zf,G402,xcl_micro_500k_p32x1_c005,5,42,10,81.4728,81.4728
zf,G402,xcl_micro_500k_p32x1_c005,5,42,50,63.6916,63.6916
zf,G402,xcl_micro_500k_p32x1_c005,5,42,100,46.8314,46.8314
zf,G402,xcl_micro_500k_p32x1_c005,5,43,1,88.8097,88.8097
zf,G402,xcl_micro_500k_p32x1_c005,5,43,5,86.2583,86.2583
zf,G402,xcl_micro_500k_p32x1_c005,5,43,10,82.9974,82.9974
zf,G402,xcl_micro_500k_p32x1_c005,5,43,50,64.9788,64.9788
zf,G402,xcl_micro_500k_p32x1_c005,5,43,100,47.296,47.296
zf,G402,xcl_micro_500k_p32x1_c005,5,44,1,87.2567,87.2567
zf,G402,xcl_micro_500k_p32x1_c005,5,44,5,84.1838,84.1838
zf,G402,xcl_micro_500k_p32x1_c005,5,44,10,81.4149,81.4149
zf,G402,xcl_micro_500k_p32x1_c005,5,44,50,63.8741,63.8741
zf,G402,xcl_micro_500k_p32x1_c005,5,44,100,46.6425,46.6425
zf,G402,xcl_micro_500k_p32x1_c005,5,45,1,87.1392,87.1392
zf,G402,xcl_micro_500k_p32x1_c005,5,45,5,84.2764,84.2764
zf,G402,xcl_micro_500k_p32x1_c005,5,45,10,81.1592,81.1592
zf,G402,xcl_micro_500k_p32x1_c005,5,45,50,63.9169,63.9169
zf,G402,xcl_micro_500k_p32x1_c005,5,45,100,46.8989,46.8989
zf,G402,xcl_micro_500k_p32x1_c005,5,46,1,89.8148,89.8148
zf,G402,xcl_micro_500k_p32x1_c005,5,46,5,87.0075,87.0075
zf,G402,xcl_micro_500k_p32x1_c005,5,46,10,83.2723,83.2723
zf,G402,xcl_micro_500k_p32x1_c005,5,46,50,65.058,65.058
zf,G402,xcl_micro_500k_p32x1_c005,5,46,100,46.8488,46.8488
zf,G402,xcl_micro_500k_p32x4_c010,3,42,1,82.419,82.419
zf,G402,xcl_micro_500k_p32x4_c010,3,42,5,79.753,79.753
zf,G402,xcl_micro_500k_p32x4_c010,3,42,10,76.4325,76.4325
zf,G402,xcl_micro_500k_p32x4_c010,3,42,50,62.221,62.221
zf,G402,xcl_micro_500k_p32x4_c010,3,42,100,45.4403,45.4403
zf,G402,xcl_micro_500k_p32x4_c010,3,43,1,82.7483,82.7483
zf,G402,xcl_micro_500k_p32x4_c010,3,43,5,80.4414,80.4414
zf,G402,xcl_micro_500k_p32x4_c010,3,43,10,77.7202,77.7202
zf,G402,xcl_micro_500k_p32x4_c010,3,43,50,62.7794,62.7794
zf,G402,xcl_micro_500k_p32x4_c010,3,43,100,46.0276,46.0276
zf,G402,xcl_micro_500k_p32x4_c010,3,44,1,81.8112,81.8112
zf,G402,xcl_micro_500k_p32x4_c010,3,44,5,78.8397,78.8397
zf,G402,xcl_micro_500k_p32x4_c010,3,44,10,76.5761,76.5761
zf,G402,xcl_micro_500k_p32x4_c010,3,44,50,61.6492,61.6492
zf,G402,xcl_micro_500k_p32x4_c010,3,44,100,45.0764,45.0764
zf,G402,xcl_micro_500k_p32x4_c010,3,45,1,83.7958,83.7958
zf,G402,xcl_micro_500k_p32x4_c010,3,45,5,79.5904,79.5904
zf,G402,xcl_micro_500k_p32x4_c010,3,45,10,76.683,76.683
zf,G402,xcl_micro_500k_p32x4_c010,3,45,50,62.3965,62.3965
zf,G402,xcl_micro_500k_p32x4_c010,3,45,100,45.6711,45.6711
zf,G402,xcl_micro_500k_p32x4_c010,3,46,1,84.6191,84.6191
zf,G402,xcl_micro_500k_p32x4_c010,3,46,5,82.0438,82.0438
zf,G402,xcl_micro_500k_p32x4_c010,3,46,10,78.4235,78.4235
zf,G402,xcl_micro_500k_p32x4_c010,3,46,50,62.7343,62.7343
zf,G402,xcl_micro_500k_p32x4_c010,3,46,100,45.5914,45.5914
zf,G413,birdaves_biox_base,3,42,1,67.2954,67.2954
zf,G413,birdaves_biox_base,3,42,5,65.6158,65.6158
zf,G413,birdaves_biox_base,3,42,10,62.7782,62.7782
zf,G413,birdaves_biox_base,3,42,50,51.2031,51.2031
zf,G413,birdaves_biox_base,3,42,100,38.5857,38.5857
zf,G413,birdaves_biox_base,3,43,1,70.6117,70.6117
zf,G413,birdaves_biox_base,3,43,5,66.9895,66.9895
zf,G413,birdaves_biox_base,3,43,10,64.6762,64.6762
zf,G413,birdaves_biox_base,3,43,50,52.7008,52.7008
zf,G413,birdaves_biox_base,3,43,100,39.0972,39.0972
zf,G413,birdaves_biox_base,3,44,1,70.6594,70.6594
zf,G413,birdaves_biox_base,3,44,5,67.7832,67.7832
zf,G413,birdaves_biox_base,3,44,10,64.8074,64.8074
zf,G413,birdaves_biox_base,3,44,50,52.4908,52.4908
zf,G413,birdaves_biox_base,3,44,100,39.4655,39.4655
zf,G413,birdaves_biox_base,3,45,1,67.181,67.181
zf,G413,birdaves_biox_base,3,45,5,64.9739,64.9739
zf,G413,birdaves_biox_base,3,45,10,62.6426,62.6426
zf,G413,birdaves_biox_base,3,45,50,51.2367,51.2367
zf,G413,birdaves_biox_base,3,45,100,38.7314,38.7314
zf,G413,birdaves_biox_base,3,46,1,70.8362,70.8362
zf,G413,birdaves_biox_base,3,46,5,66.5304,66.5304
zf,G413,birdaves_biox_base,3,46,10,63.9862,63.9862
zf,G413,birdaves_biox_base,3,46,50,51.4756,51.4756
zf,G413,birdaves_biox_base,3,46,100,38.6856,38.6856
zf,G413,birdaves_biox_base,7,42,1,68.5804,68.5804
zf,G413,birdaves_biox_base,7,42,5,65.4,65.4
zf,G413,birdaves_biox_base,7,42,10,62.0871,62.0871
zf,G413,birdaves_biox_base,7,42,50,51.8517,51.8517
zf,G413,birdaves_biox_base,7,42,100,39.4036,39.4036
zf,G413,birdaves_biox_base,7,43,1,68.0162,68.0162
zf,G413,birdaves_biox_base,7,43,5,67.0067,67.0067
zf,G413,birdaves_biox_base,7,43,10,64.8746,64.8746
zf,G413,birdaves_biox_base,7,43,50,54.0035,54.0035
zf,G413,birdaves_biox_base,7,43,100,40.4523,40.4523
zf,G413,birdaves_biox_base,7,44,1,69.4084,69.4084
zf,G413,birdaves_biox_base,7,44,5,67.6924,67.6924
zf,G413,birdaves_biox_base,7,44,10,64.2249,64.2249
zf,G413,birdaves_biox_base,7,44,50,53.0141,53.0141
zf,G413,birdaves_biox_base,7,44,100,40.2157,40.2157
zf,G413,birdaves_biox_base,7,45,1,65.6147,65.6147
zf,G413,birdaves_biox_base,7,45,5,66.1962,66.1962
zf,G413,birdaves_biox_base,7,45,10,62.8356,62.8356
zf,G413,birdaves_biox_base,7,45,50,51.8649,51.8649
zf,G413,birdaves_biox_base,7,45,100,39.623,39.623
zf,G413,birdaves_biox_base,7,46,1,68.6124,68.6124
zf,G413,birdaves_biox_base,7,46,5,67.425,67.425
zf,G413,birdaves_biox_base,7,46,10,64.2375,64.2375
zf,G413,birdaves_biox_base,7,46,50,52.6691,52.6691
zf,G413,birdaves_biox_base,7,46,100,39.7462,39.7462
zf,G413,birdaves_biox_base_speed0p25,3,42,1,69.7053,69.7053
zf,G413,birdaves_biox_base_speed0p25,3,42,5,65.1439,65.1439
zf,G413,birdaves_biox_base_speed0p25,3,42,10,62.2752,62.2752
zf,G413,birdaves_biox_base_speed0p25,3,42,50,51.1329,51.1329
zf,G413,birdaves_biox_base_speed0p25,3,42,100,38.8058,38.8058
zf,G413,birdaves_biox_base_speed0p25,3,43,1,71.7467,71.7467
zf,G413,birdaves_biox_base_speed0p25,3,43,5,66.9914,66.9914
zf,G413,birdaves_biox_base_speed0p25,3,43,10,64.272,64.272
zf,G413,birdaves_biox_base_speed0p25,3,43,50,53.115,53.115
zf,G413,birdaves_biox_base_speed0p25,3,43,100,39.8071,39.8071
zf,G413,birdaves_biox_base_speed0p25,3,44,1,70.7646,70.7646
zf,G413,birdaves_biox_base_speed0p25,3,44,5,66.6119,66.6119
zf,G413,birdaves_biox_base_speed0p25,3,44,10,63.5484,63.5484
zf,G413,birdaves_biox_base_speed0p25,3,44,50,52.4101,52.4101
zf,G413,birdaves_biox_base_speed0p25,3,44,100,39.5787,39.5787
zf,G413,birdaves_biox_base_speed0p25,3,45,1,69.8603,69.8603
zf,G413,birdaves_biox_base_speed0p25,3,45,5,64.9175,64.9175
zf,G413,birdaves_biox_base_speed0p25,3,45,10,61.877,61.877
zf,G413,birdaves_biox_base_speed0p25,3,45,50,50.0358,50.0358
zf,G413,birdaves_biox_base_speed0p25,3,45,100,38.2557,38.2557
zf,G413,birdaves_biox_base_speed0p25,3,46,1,73.0407,73.0407
zf,G413,birdaves_biox_base_speed0p25,3,46,5,67.6368,67.6368
zf,G413,birdaves_biox_base_speed0p25,3,46,10,64.2025,64.2025
zf,G413,birdaves_biox_base_speed0p25,3,46,50,51.9986,51.9986
zf,G413,birdaves_biox_base_speed0p25,3,46,100,39.0789,39.0789
zf,G413,birdaves_biox_base_speed0p25,4,42,1,70.2854,70.2854
zf,G413,birdaves_biox_base_speed0p25,4,42,5,66.3506,66.3506
zf,G413,birdaves_biox_base_speed0p25,4,42,10,63.6111,63.6111
zf,G413,birdaves_biox_base_speed0p25,4,42,50,52.5812,52.5812
zf,G413,birdaves_biox_base_speed0p25,4,42,100,39.5348,39.5348
zf,G413,birdaves_biox_base_speed0p25,4,43,1,71.506,71.506
zf,G413,birdaves_biox_base_speed0p25,4,43,5,68.4793,68.4793
zf,G413,birdaves_biox_base_speed0p25,4,43,10,65.7339,65.7339
zf,G413,birdaves_biox_base_speed0p25,4,43,50,54.8315,54.8315
zf,G413,birdaves_biox_base_speed0p25,4,43,100,40.8451,40.8451
zf,G413,birdaves_biox_base_speed0p25,4,44,1,72.1838,72.1838
zf,G413,birdaves_biox_base_speed0p25,4,44,5,67.3949,67.3949
zf,G413,birdaves_biox_base_speed0p25,4,44,10,64.7654,64.7654
zf,G413,birdaves_biox_base_speed0p25,4,44,50,53.9064,53.9064
zf,G413,birdaves_biox_base_speed0p25,4,44,100,40.5215,40.5215
zf,G413,birdaves_biox_base_speed0p25,4,45,1,70.9398,70.9398
zf,G413,birdaves_biox_base_speed0p25,4,45,5,66.3732,66.3732
zf,G413,birdaves_biox_base_speed0p25,4,45,10,63.234,63.234
zf,G413,birdaves_biox_base_speed0p25,4,45,50,51.9616,51.9616
zf,G413,birdaves_biox_base_speed0p25,4,45,100,39.474,39.474
zf,G413,birdaves_biox_base_speed0p25,4,46,1,73.1152,73.1152
zf,G413,birdaves_biox_base_speed0p25,4,46,5,68.4856,68.4856
zf,G413,birdaves_biox_base_speed0p25,4,46,10,65.3567,65.3567
zf,G413,birdaves_biox_base_speed0p25,4,46,50,53.2648,53.2648
zf,G413,birdaves_biox_base_speed0p25,4,46,100,39.7278,39.7278
zf,G413,birdaves_biox_base_speed0p5,3,42,1,72.4589,72.4589
zf,G413,birdaves_biox_base_speed0p5,3,42,5,67.1912,67.1912
zf,G413,birdaves_biox_base_speed0p5,3,42,10,64.3298,64.3298
zf,G413,birdaves_biox_base_speed0p5,3,42,50,53.2143,53.2143
zf,G413,birdaves_biox_base_speed0p5,3,42,100,40.0605,40.0605
zf,G413,birdaves_biox_base_speed0p5,3,43,1,72.3325,72.3325
zf,G413,birdaves_biox_base_speed0p5,3,43,5,68.3742,68.3742
zf,G413,birdaves_biox_base_speed0p5,3,43,10,65.483,65.483
zf,G413,birdaves_biox_base_speed0p5,3,43,50,54.7529,54.7529
zf,G413,birdaves_biox_base_speed0p5,3,43,100,40.8743,40.8743
zf,G413,birdaves_biox_base_speed0p5,3,44,1,72.8401,72.8401
zf,G413,birdaves_biox_base_speed0p5,3,44,5,68.4844,68.4844
zf,G413,birdaves_biox_base_speed0p5,3,44,10,65.3923,65.3923
zf,G413,birdaves_biox_base_speed0p5,3,44,50,54.5926,54.5926
zf,G413,birdaves_biox_base_speed0p5,3,44,100,41.1424,41.1424
zf,G413,birdaves_biox_base_speed0p5,3,45,1,69.489,69.489
zf,G413,birdaves_biox_base_speed0p5,3,45,5,65.5967,65.5967
zf,G413,birdaves_biox_base_speed0p5,3,45,10,63.0146,63.0146
zf,G413,birdaves_biox_base_speed0p5,3,45,50,52.5891,52.5891
zf,G413,birdaves_biox_base_speed0p5,3,45,100,40.0045,40.0045
zf,G413,birdaves_biox_base_speed0p5,3,46,1,73.972,73.972
zf,G413,birdaves_biox_base_speed0p5,3,46,5,68.887,68.887
zf,G413,birdaves_biox_base_speed0p5,3,46,10,65.2752,65.2752
zf,G413,birdaves_biox_base_speed0p5,3,46,50,53.4335,53.4335
zf,G413,birdaves_biox_base_speed0p5,3,46,100,40.1512,40.1512
zf,G413,birdaves_biox_base_speed0p5,6,42,1,71.2571,71.2571
zf,G413,birdaves_biox_base_speed0p5,6,42,5,67.7821,67.7821
zf,G413,birdaves_biox_base_speed0p5,6,42,10,64.3904,64.3904
zf,G413,birdaves_biox_base_speed0p5,6,42,50,53.0953,53.0953
zf,G413,birdaves_biox_base_speed0p5,6,42,100,39.7207,39.7207
zf,G413,birdaves_biox_base_speed0p5,6,43,1,72.1679,72.1679
zf,G413,birdaves_biox_base_speed0p5,6,43,5,68.8886,68.8886
zf,G413,birdaves_biox_base_speed0p5,6,43,10,65.8931,65.8931
zf,G413,birdaves_biox_base_speed0p5,6,43,50,54.7111,54.7111
zf,G413,birdaves_biox_base_speed0p5,6,43,100,40.6289,40.6289
zf,G413,birdaves_biox_base_speed0p5,6,44,1,73.4511,73.4511
zf,G413,birdaves_biox_base_speed0p5,6,44,5,68.9772,68.9772
zf,G413,birdaves_biox_base_speed0p5,6,44,10,65.9252,65.9252
zf,G413,birdaves_biox_base_speed0p5,6,44,50,54.8822,54.8822
zf,G413,birdaves_biox_base_speed0p5,6,44,100,41.1403,41.1403
zf,G413,birdaves_biox_base_speed0p5,6,45,1,70.2142,70.2142
zf,G413,birdaves_biox_base_speed0p5,6,45,5,66.8247,66.8247
zf,G413,birdaves_biox_base_speed0p5,6,45,10,63.515,63.515
zf,G413,birdaves_biox_base_speed0p5,6,45,50,52.9787,52.9787
zf,G413,birdaves_biox_base_speed0p5,6,45,100,40.0423,40.0423
zf,G413,birdaves_biox_base_speed0p5,6,46,1,73.276,73.276
zf,G413,birdaves_biox_base_speed0p5,6,46,5,69.8377,69.8377
zf,G413,birdaves_biox_base_speed0p5,6,46,10,66.1718,66.1718
zf,G413,birdaves_biox_base_speed0p5,6,46,50,54.0056,54.0056
zf,G413,birdaves_biox_base_speed0p5,6,46,100,40.1377,40.1377
zf,G413,hubert_base_ls960,0,42,1,63.033,63.033
zf,G413,hubert_base_ls960,0,42,5,59.7183,59.7183
zf,G413,hubert_base_ls960,0,42,10,56.4088,56.4088
zf,G413,hubert_base_ls960,0,42,50,44.9093,44.9093
zf,G413,hubert_base_ls960,0,42,100,34.569,34.569
zf,G413,hubert_base_ls960,0,43,1,66.8598,66.8598
zf,G413,hubert_base_ls960,0,43,5,61.9682,61.9682
zf,G413,hubert_base_ls960,0,43,10,58.2684,58.2684
zf,G413,hubert_base_ls960,0,43,50,46.2936,46.2936
zf,G413,hubert_base_ls960,0,43,100,35.2921,35.2921
zf,G413,hubert_base_ls960,0,44,1,67.7504,67.7504
zf,G413,hubert_base_ls960,0,44,5,61.488,61.488
zf,G413,hubert_base_ls960,0,44,10,57.5962,57.5962
zf,G413,hubert_base_ls960,0,44,50,46.6694,46.6694
zf,G413,hubert_base_ls960,0,44,100,35.7722,35.7722
zf,G413,hubert_base_ls960,0,45,1,64.1452,64.1452
zf,G413,hubert_base_ls960,0,45,5,59.5449,59.5449
zf,G413,hubert_base_ls960,0,45,10,56.1552,56.1552
zf,G413,hubert_base_ls960,0,45,50,45.0586,45.0586
zf,G413,hubert_base_ls960,0,45,100,35.1235,35.1235
zf,G413,hubert_base_ls960,0,46,1,67.5368,67.5368
zf,G413,hubert_base_ls960,0,46,5,62.2131,62.2131
zf,G413,hubert_base_ls960,0,46,10,57.7613,57.7613
zf,G413,hubert_base_ls960,0,46,50,45.744,45.744
zf,G413,hubert_base_ls960,0,46,100,34.8786,34.8786
zf,G413,hubert_base_ls960,3,42,1,64.8145,64.8145
zf,G413,hubert_base_ls960,3,42,5,58.945,58.945
zf,G413,hubert_base_ls960,3,42,10,54.5705,54.5705
zf,G413,hubert_base_ls960,3,42,50,42.2073,42.2073
zf,G413,hubert_base_ls960,3,42,100,33.1471,33.1471
zf,G413,hubert_base_ls960,3,43,1,67.8362,67.8362
zf,G413,hubert_base_ls960,3,43,5,62.0625,62.0625
zf,G413,hubert_base_ls960,3,43,10,57.3331,57.3331
zf,G413,hubert_base_ls960,3,43,50,44.1248,44.1248
zf,G413,hubert_base_ls960,3,43,100,34.1552,34.1552
zf,G413,hubert_base_ls960,3,44,1,66.131,66.131
zf,G413,hubert_base_ls960,3,44,5,62.0317,62.0317
zf,G413,hubert_base_ls960,3,44,10,57.9927,57.9927
zf,G413,hubert_base_ls960,3,44,50,45.1158,45.1158
zf,G413,hubert_base_ls960,3,44,100,34.7868,34.7868
zf,G413,hubert_base_ls960,3,45,1,65.2122,65.2122
zf,G413,hubert_base_ls960,3,45,5,58.5988,58.5988
zf,G413,hubert_base_ls960,3,45,10,54.8545,54.8545
zf,G413,hubert_base_ls960,3,45,50,43.2565,43.2565
zf,G413,hubert_base_ls960,3,45,100,33.9771,33.9771
zf,G413,hubert_base_ls960,3,46,1,66.9306,66.9306
zf,G413,hubert_base_ls960,3,46,5,61.7563,61.7563
zf,G413,hubert_base_ls960,3,46,10,57.0397,57.0397
zf,G413,hubert_base_ls960,3,46,50,44.1211,44.1211
zf,G413,hubert_base_ls960,3,46,100,34.1947,34.1947
zf,G413,xcl_base_500k_p32x1_c005,5,42,1,69.269,69.269
zf,G413,xcl_base_500k_p32x1_c005,5,42,5,65.4885,65.4885
zf,G413,xcl_base_500k_p32x1_c005,5,42,10,62.7117,62.7117
zf,G413,xcl_base_500k_p32x1_c005,5,42,50,50.5667,50.5667
zf,G413,xcl_base_500k_p32x1_c005,5,42,100,38.7518,38.7518
zf,G413,xcl_base_500k_p32x1_c005,5,43,1,70.3378,70.3378
zf,G413,xcl_base_500k_p32x1_c005,5,43,5,67.1275,67.1275
zf,G413,xcl_base_500k_p32x1_c005,5,43,10,64.6713,64.6713
zf,G413,xcl_base_500k_p32x1_c005,5,43,50,52.8359,52.8359
zf,G413,xcl_base_500k_p32x1_c005,5,43,100,39.7367,39.7367
zf,G413,xcl_base_500k_p32x1_c005,5,44,1,68.2654,68.2654
zf,G413,xcl_base_500k_p32x1_c005,5,44,5,66.4508,66.4508
zf,G413,xcl_base_500k_p32x1_c005,5,44,10,63.9882,63.9882
zf,G413,xcl_base_500k_p32x1_c005,5,44,50,51.7425,51.7425
zf,G413,xcl_base_500k_p32x1_c005,5,44,100,39.7182,39.7182
zf,G413,xcl_base_500k_p32x1_c005,5,45,1,68.5742,68.5742
zf,G413,xcl_base_500k_p32x1_c005,5,45,5,65.5942,65.5942
zf,G413,xcl_base_500k_p32x1_c005,5,45,10,62.3354,62.3354
zf,G413,xcl_base_500k_p32x1_c005,5,45,50,50.5951,50.5951
zf,G413,xcl_base_500k_p32x1_c005,5,45,100,39.079,39.079
zf,G413,xcl_base_500k_p32x1_c005,5,46,1,71.5158,71.5158
zf,G413,xcl_base_500k_p32x1_c005,5,46,5,67.4534,67.4534
zf,G413,xcl_base_500k_p32x1_c005,5,46,10,64.7849,64.7849
zf,G413,xcl_base_500k_p32x1_c005,5,46,50,52.1574,52.1574
zf,G413,xcl_base_500k_p32x1_c005,5,46,100,39.3142,39.3142
zf,G413,xcl_base_500k_p32x4_c010,3,42,1,66.8796,66.8796
zf,G413,xcl_base_500k_p32x4_c010,3,42,5,62.8244,62.8244
zf,G413,xcl_base_500k_p32x4_c010,3,42,10,60.0729,60.0729
zf,G413,xcl_base_500k_p32x4_c010,3,42,50,48.1631,48.1631
zf,G413,xcl_base_500k_p32x4_c010,3,42,100,36.9722,36.9722
zf,G413,xcl_base_500k_p32x4_c010,3,43,1,67.8703,67.8703
zf,G413,xcl_base_500k_p32x4_c010,3,43,5,62.792,62.792
zf,G413,xcl_base_500k_p32x4_c010,3,43,10,61.1494,61.1494
zf,G413,xcl_base_500k_p32x4_c010,3,43,50,49.853,49.853
zf,G413,xcl_base_500k_p32x4_c010,3,43,100,37.7818,37.7818
zf,G413,xcl_base_500k_p32x4_c010,3,44,1,66.7014,66.7014
zf,G413,xcl_base_500k_p32x4_c010,3,44,5,63.643,63.643
zf,G413,xcl_base_500k_p32x4_c010,3,44,10,60.8886,60.8886
zf,G413,xcl_base_500k_p32x4_c010,3,44,50,49.495,49.495
zf,G413,xcl_base_500k_p32x4_c010,3,44,100,37.7981,37.7981
zf,G413,xcl_base_500k_p32x4_c010,3,45,1,65.8323,65.8323
zf,G413,xcl_base_500k_p32x4_c010,3,45,5,62.3759,62.3759
zf,G413,xcl_base_500k_p32x4_c010,3,45,10,59.313,59.313
zf,G413,xcl_base_500k_p32x4_c010,3,45,50,48.1778,48.1778
zf,G413,xcl_base_500k_p32x4_c010,3,45,100,37.265,37.265
zf,G413,xcl_base_500k_p32x4_c010,3,46,1,68.9762,68.9762
zf,G413,xcl_base_500k_p32x4_c010,3,46,5,64.2271,64.2271
zf,G413,xcl_base_500k_p32x4_c010,3,46,10,61.3024,61.3024
zf,G413,xcl_base_500k_p32x4_c010,3,46,50,49.4203,49.4203
zf,G413,xcl_base_500k_p32x4_c010,3,46,100,37.6571,37.6571
zf,G413,xcl_base_500k_p32x4_c010,4,42,1,66.5967,66.5967
zf,G413,xcl_base_500k_p32x4_c010,4,42,5,62.6361,62.6361
zf,G413,xcl_base_500k_p32x4_c010,4,42,10,59.5368,59.5368
zf,G413,xcl_base_500k_p32x4_c010,4,42,50,47.8678,47.8678
zf,G413,xcl_base_500k_p32x4_c010,4,42,100,36.8366,36.8366
zf,G413,xcl_base_500k_p32x4_c010,4,43,1,67.6512,67.6512
zf,G413,xcl_base_500k_p32x4_c010,4,43,5,62.6332,62.6332
zf,G413,xcl_base_500k_p32x4_c010,4,43,10,60.5524,60.5524
zf,G413,xcl_base_500k_p32x4_c010,4,43,50,49.6356,49.6356
zf,G413,xcl_base_500k_p32x4_c010,4,43,100,37.7361,37.7361
zf,G413,xcl_base_500k_p32x4_c010,4,44,1,66.9307,66.9307
zf,G413,xcl_base_500k_p32x4_c010,4,44,5,63.3856,63.3856
zf,G413,xcl_base_500k_p32x4_c010,4,44,10,60.5394,60.5394
zf,G413,xcl_base_500k_p32x4_c010,4,44,50,49.123,49.123
zf,G413,xcl_base_500k_p32x4_c010,4,44,100,37.6639,37.6639
zf,G413,xcl_base_500k_p32x4_c010,4,45,1,65.7151,65.7151
zf,G413,xcl_base_500k_p32x4_c010,4,45,5,62.161,62.161
zf,G413,xcl_base_500k_p32x4_c010,4,45,10,59.3039,59.3039
zf,G413,xcl_base_500k_p32x4_c010,4,45,50,47.8338,47.8338
zf,G413,xcl_base_500k_p32x4_c010,4,45,100,37.0987,37.0987
zf,G413,xcl_base_500k_p32x4_c010,4,46,1,69.4787,69.4787
zf,G413,xcl_base_500k_p32x4_c010,4,46,5,64.2808,64.2808
zf,G413,xcl_base_500k_p32x4_c010,4,46,10,60.8585,60.8585
zf,G413,xcl_base_500k_p32x4_c010,4,46,50,49.1293,49.1293
zf,G413,xcl_base_500k_p32x4_c010,4,46,100,37.5599,37.5599
zf,G413,xcl_large_500k_p32x1_c005,11,42,1,71.1159,71.1159
zf,G413,xcl_large_500k_p32x1_c005,11,42,5,67.9181,67.9181
zf,G413,xcl_large_500k_p32x1_c005,11,42,10,65.2305,65.2305
zf,G413,xcl_large_500k_p32x1_c005,11,42,50,53.2188,53.2188
zf,G413,xcl_large_500k_p32x1_c005,11,42,100,40.2798,40.2798
zf,G413,xcl_large_500k_p32x1_c005,11,43,1,72.5405,72.5405
zf,G413,xcl_large_500k_p32x1_c005,11,43,5,68.573,68.573
zf,G413,xcl_large_500k_p32x1_c005,11,43,10,66.1119,66.1119
zf,G413,xcl_large_500k_p32x1_c005,11,43,50,55.0698,55.0698
zf,G413,xcl_large_500k_p32x1_c005,11,43,100,40.9131,40.9131
zf,G413,xcl_large_500k_p32x1_c005,11,44,1,72.0508,72.0508
zf,G413,xcl_large_500k_p32x1_c005,11,44,5,68.0956,68.0956
zf,G413,xcl_large_500k_p32x1_c005,11,44,10,66.1317,66.1317
zf,G413,xcl_large_500k_p32x1_c005,11,44,50,54.1989,54.1989
zf,G413,xcl_large_500k_p32x1_c005,11,44,100,41.1615,41.1615
zf,G413,xcl_large_500k_p32x1_c005,11,45,1,71.1906,71.1906
zf,G413,xcl_large_500k_p32x1_c005,11,45,5,66.8291,66.8291
zf,G413,xcl_large_500k_p32x1_c005,11,45,10,64.4935,64.4935
zf,G413,xcl_large_500k_p32x1_c005,11,45,50,52.6139,52.6139
zf,G413,xcl_large_500k_p32x1_c005,11,45,100,40.2363,40.2363
zf,G413,xcl_large_500k_p32x1_c005,11,46,1,74.045,74.045
zf,G413,xcl_large_500k_p32x1_c005,11,46,5,69.5631,69.5631
zf,G413,xcl_large_500k_p32x1_c005,11,46,10,66.6183,66.6183
zf,G413,xcl_large_500k_p32x1_c005,11,46,50,54.0451,54.0451
zf,G413,xcl_large_500k_p32x1_c005,11,46,100,40.5597,40.5597
zf,G413,xcl_large_500k_p32x4_c0025,9,42,1,65.4169,65.4169
zf,G413,xcl_large_500k_p32x4_c0025,9,42,5,62.2976,62.2976
zf,G413,xcl_large_500k_p32x4_c0025,9,42,10,59.4127,59.4127
zf,G413,xcl_large_500k_p32x4_c0025,9,42,50,48.0219,48.0219
zf,G413,xcl_large_500k_p32x4_c0025,9,42,100,36.7611,36.7611
zf,G413,xcl_large_500k_p32x4_c0025,9,43,1,67.7382,67.7382
zf,G413,xcl_large_500k_p32x4_c0025,9,43,5,62.1025,62.1025
zf,G413,xcl_large_500k_p32x4_c0025,9,43,10,60.6873,60.6873
zf,G413,xcl_large_500k_p32x4_c0025,9,43,50,49.8373,49.8373
zf,G413,xcl_large_500k_p32x4_c0025,9,43,100,37.6704,37.6704
zf,G413,xcl_large_500k_p32x4_c0025,9,44,1,65.9371,65.9371
zf,G413,xcl_large_500k_p32x4_c0025,9,44,5,62.8705,62.8705
zf,G413,xcl_large_500k_p32x4_c0025,9,44,10,60.5987,60.5987
zf,G413,xcl_large_500k_p32x4_c0025,9,44,50,49.3067,49.3067
zf,G413,xcl_large_500k_p32x4_c0025,9,44,100,37.7827,37.7827
zf,G413,xcl_large_500k_p32x4_c0025,9,45,1,65.0483,65.0483
zf,G413,xcl_large_500k_p32x4_c0025,9,45,5,61.6161,61.6161
zf,G413,xcl_large_500k_p32x4_c0025,9,45,10,59.0202,59.0202
zf,G413,xcl_large_500k_p32x4_c0025,9,45,50,47.9259,47.9259
zf,G413,xcl_large_500k_p32x4_c0025,9,45,100,37.2589,37.2589
zf,G413,xcl_large_500k_p32x4_c0025,9,46,1,68.678,68.678
zf,G413,xcl_large_500k_p32x4_c0025,9,46,5,64.4275,64.4275
zf,G413,xcl_large_500k_p32x4_c0025,9,46,10,61.618,61.618
zf,G413,xcl_large_500k_p32x4_c0025,9,46,50,49.4654,49.4654
zf,G413,xcl_large_500k_p32x4_c0025,9,46,100,37.684,37.684
zf,G413,xcl_large_500k_p32x4_c010,10,42,1,66.6064,66.6064
zf,G413,xcl_large_500k_p32x4_c010,10,42,5,63.1782,63.1782
zf,G413,xcl_large_500k_p32x4_c010,10,42,10,60.1821,60.1821
zf,G413,xcl_large_500k_p32x4_c010,10,42,50,49.2418,49.2418
zf,G413,xcl_large_500k_p32x4_c010,10,42,100,37.9026,37.9026
zf,G413,xcl_large_500k_p32x4_c010,10,43,1,68.2915,68.2915
zf,G413,xcl_large_500k_p32x4_c010,10,43,5,63.7625,63.7625
zf,G413,xcl_large_500k_p32x4_c010,10,43,10,61.7232,61.7232
zf,G413,xcl_large_500k_p32x4_c010,10,43,50,51.1896,51.1896
zf,G413,xcl_large_500k_p32x4_c010,10,43,100,38.6162,38.6162
zf,G413,xcl_large_500k_p32x4_c010,10,44,1,68.0554,68.0554
zf,G413,xcl_large_500k_p32x4_c010,10,44,5,63.84,63.84
zf,G413,xcl_large_500k_p32x4_c010,10,44,10,61.5147,61.5147
zf,G413,xcl_large_500k_p32x4_c010,10,44,50,50.4663,50.4663
zf,G413,xcl_large_500k_p32x4_c010,10,44,100,38.7038,38.7038
zf,G413,xcl_large_500k_p32x4_c010,10,45,1,66.6546,66.6546
zf,G413,xcl_large_500k_p32x4_c010,10,45,5,62.2289,62.2289
zf,G413,xcl_large_500k_p32x4_c010,10,45,10,59.78,59.78
zf,G413,xcl_large_500k_p32x4_c010,10,45,50,49.0533,49.0533
zf,G413,xcl_large_500k_p32x4_c010,10,45,100,38.1614,38.1614
zf,G413,xcl_large_500k_p32x4_c010,10,46,1,70.1225,70.1225
zf,G413,xcl_large_500k_p32x4_c010,10,46,5,65.2467,65.2467
zf,G413,xcl_large_500k_p32x4_c010,10,46,10,62.1541,62.1541
zf,G413,xcl_large_500k_p32x4_c010,10,46,50,50.468,50.468
zf,G413,xcl_large_500k_p32x4_c010,10,46,100,38.5076,38.5076
zf,G413,xcl_micro_500k_p32x1_c005,4,42,1,62.5929,62.5929
zf,G413,xcl_micro_500k_p32x1_c005,4,42,5,58.7393,58.7393
zf,G413,xcl_micro_500k_p32x1_c005,4,42,10,55.8324,55.8324
zf,G413,xcl_micro_500k_p32x1_c005,4,42,50,43.6761,43.6761
zf,G413,xcl_micro_500k_p32x1_c005,4,42,100,33.9809,33.9809
zf,G413,xcl_micro_500k_p32x1_c005,4,43,1,65.7745,65.7745
zf,G413,xcl_micro_500k_p32x1_c005,4,43,5,60.3262,60.3262
zf,G413,xcl_micro_500k_p32x1_c005,4,43,10,57.1725,57.1725
zf,G413,xcl_micro_500k_p32x1_c005,4,43,50,45.3248,45.3248
zf,G413,xcl_micro_500k_p32x1_c005,4,43,100,34.8119,34.8119
zf,G413,xcl_micro_500k_p32x1_c005,4,44,1,61.5208,61.5208
zf,G413,xcl_micro_500k_p32x1_c005,4,44,5,59.1729,59.1729
zf,G413,xcl_micro_500k_p32x1_c005,4,44,10,56.4897,56.4897
zf,G413,xcl_micro_500k_p32x1_c005,4,44,50,44.5082,44.5082
zf,G413,xcl_micro_500k_p32x1_c005,4,44,100,34.5335,34.5335
zf,G413,xcl_micro_500k_p32x1_c005,4,45,1,63.0499,63.0499
zf,G413,xcl_micro_500k_p32x1_c005,4,45,5,58.5134,58.5134
zf,G413,xcl_micro_500k_p32x1_c005,4,45,10,55.0642,55.0642
zf,G413,xcl_micro_500k_p32x1_c005,4,45,50,42.6896,42.6896
zf,G413,xcl_micro_500k_p32x1_c005,4,45,100,33.7121,33.7121
zf,G413,xcl_micro_500k_p32x1_c005,4,46,1,63.6224,63.6224
zf,G413,xcl_micro_500k_p32x1_c005,4,46,5,60.509,60.509
zf,G413,xcl_micro_500k_p32x1_c005,4,46,10,57.8032,57.8032
zf,G413,xcl_micro_500k_p32x1_c005,4,46,50,45.4671,45.4671
zf,G413,xcl_micro_500k_p32x1_c005,4,46,100,34.839,34.839
zf,G413,xcl_micro_500k_p32x1_c005,5,42,1,63.5727,63.5727
zf,G413,xcl_micro_500k_p32x1_c005,5,42,5,59.0986,59.0986
zf,G413,xcl_micro_500k_p32x1_c005,5,42,10,55.8152,55.8152
zf,G413,xcl_micro_500k_p32x1_c005,5,42,50,43.677,43.677
zf,G413,xcl_micro_500k_p32x1_c005,5,42,100,34.0072,34.0072
zf,G413,xcl_micro_500k_p32x1_c005,5,43,1,66.8133,66.8133
zf,G413,xcl_micro_500k_p32x1_c005,5,43,5,60.7097,60.7097
zf,G413,xcl_micro_500k_p32x1_c005,5,43,10,57.4284,57.4284
zf,G413,xcl_micro_500k_p32x1_c005,5,43,50,45.3052,45.3052
zf,G413,xcl_micro_500k_p32x1_c005,5,43,100,34.7841,34.7841
zf,G413,xcl_micro_500k_p32x1_c005,5,44,1,62.2936,62.2936
zf,G413,xcl_micro_500k_p32x1_c005,5,44,5,59.4558,59.4558
zf,G413,xcl_micro_500k_p32x1_c005,5,44,10,56.616,56.616
zf,G413,xcl_micro_500k_p32x1_c005,5,44,50,44.6003,44.6003
zf,G413,xcl_micro_500k_p32x1_c005,5,44,100,34.5818,34.5818
zf,G413,xcl_micro_500k_p32x1_c005,5,45,1,63.7448,63.7448
zf,G413,xcl_micro_500k_p32x1_c005,5,45,5,58.6341,58.6341
zf,G413,xcl_micro_500k_p32x1_c005,5,45,10,55.3524,55.3524
zf,G413,xcl_micro_500k_p32x1_c005,5,45,50,42.9078,42.9078
zf,G413,xcl_micro_500k_p32x1_c005,5,45,100,33.7724,33.7724
zf,G413,xcl_micro_500k_p32x1_c005,5,46,1,64.9672,64.9672
zf,G413,xcl_micro_500k_p32x1_c005,5,46,5,61.0842,61.0842
zf,G413,xcl_micro_500k_p32x1_c005,5,46,10,58.0632,58.0632
zf,G413,xcl_micro_500k_p32x1_c005,5,46,50,45.48,45.48
zf,G413,xcl_micro_500k_p32x1_c005,5,46,100,34.8963,34.8963
zf,G413,xcl_micro_500k_p32x4_c010,3,42,1,63.7097,63.7097
zf,G413,xcl_micro_500k_p32x4_c010,3,42,5,60.0015,60.0015
zf,G413,xcl_micro_500k_p32x4_c010,3,42,10,56.877,56.877
zf,G413,xcl_micro_500k_p32x4_c010,3,42,50,45.0506,45.0506
zf,G413,xcl_micro_500k_p32x4_c010,3,42,100,34.748,34.748
zf,G413,xcl_micro_500k_p32x4_c010,3,43,1,65.6924,65.6924
zf,G413,xcl_micro_500k_p32x4_c010,3,43,5,61.1931,61.1931
zf,G413,xcl_micro_500k_p32x4_c010,3,43,10,58.5439,58.5439
zf,G413,xcl_micro_500k_p32x4_c010,3,43,50,47.0763,47.0763
zf,G413,xcl_micro_500k_p32x4_c010,3,43,100,35.6542,35.6542
zf,G413,xcl_micro_500k_p32x4_c010,3,44,1,64.4987,64.4987
zf,G413,xcl_micro_500k_p32x4_c010,3,44,5,61.0942,61.0942
zf,G413,xcl_micro_500k_p32x4_c010,3,44,10,58.2532,58.2532
zf,G413,xcl_micro_500k_p32x4_c010,3,44,50,46.4172,46.4172
zf,G413,xcl_micro_500k_p32x4_c010,3,44,100,35.5655,35.5655
zf,G413,xcl_micro_500k_p32x4_c010,3,45,1,62.045,62.045
zf,G413,xcl_micro_500k_p32x4_c010,3,45,5,58.9764,58.9764
zf,G413,xcl_micro_500k_p32x4_c010,3,45,10,56.2365,56.2365
zf,G413,xcl_micro_500k_p32x4_c010,3,45,50,45.2556,45.2556
zf,G413,xcl_micro_500k_p32x4_c010,3,45,100,35.2241,35.2241
zf,G413,xcl_micro_500k_p32x4_c010,3,46,1,67.4106,67.4106
zf,G413,xcl_micro_500k_p32x4_c010,3,46,5,62.155,62.155
zf,G413,xcl_micro_500k_p32x4_c010,3,46,10,58.9576,58.9576
zf,G413,xcl_micro_500k_p32x4_c010,3,46,50,46.7154,46.7154
zf,G413,xcl_micro_500k_p32x4_c010,3,46,100,35.7633,35.7633
zf,G437,birdaves_biox_base,3,42,1,76.5755,76.5755
zf,G437,birdaves_biox_base,3,42,5,76.9612,76.9612
zf,G437,birdaves_biox_base,3,42,10,75.799,75.799
zf,G437,birdaves_biox_base,3,42,50,70.8565,70.8565
zf,G437,birdaves_biox_base,3,42,100,63.4368,63.4368
zf,G437,birdaves_biox_base,3,43,1,82.3932,82.3932
zf,G437,birdaves_biox_base,3,43,5,82.0741,82.0741
zf,G437,birdaves_biox_base,3,43,10,80.9668,80.9668
zf,G437,birdaves_biox_base,3,43,50,74.0394,74.0394
zf,G437,birdaves_biox_base,3,43,100,65.1902,65.1902
zf,G437,birdaves_biox_base,3,44,1,84.8986,84.8986
zf,G437,birdaves_biox_base,3,44,5,81.3538,81.3538
zf,G437,birdaves_biox_base,3,44,10,79.7862,79.7862
zf,G437,birdaves_biox_base,3,44,50,74.0078,74.0078
zf,G437,birdaves_biox_base,3,44,100,65.5513,65.5513
zf,G437,birdaves_biox_base,3,45,1,83.7438,83.7438
zf,G437,birdaves_biox_base,3,45,5,82.1779,82.1779
zf,G437,birdaves_biox_base,3,45,10,81.8683,81.8683
zf,G437,birdaves_biox_base,3,45,50,76.0757,76.0757
zf,G437,birdaves_biox_base,3,45,100,66.6882,66.6882
zf,G437,birdaves_biox_base,3,46,1,83.6659,83.6659
zf,G437,birdaves_biox_base,3,46,5,80.8986,80.8986
zf,G437,birdaves_biox_base,3,46,10,80.0314,80.0314
zf,G437,birdaves_biox_base,3,46,50,73.9497,73.9497
zf,G437,birdaves_biox_base,3,46,100,65.2832,65.2832
zf,G437,birdaves_biox_base,7,42,1,78.7027,78.7027
zf,G437,birdaves_biox_base,7,42,5,77.9967,77.9967
zf,G437,birdaves_biox_base,7,42,10,77.2674,77.2674
zf,G437,birdaves_biox_base,7,42,50,71.6763,71.6763
zf,G437,birdaves_biox_base,7,42,100,64.0984,64.0984
zf,G437,birdaves_biox_base,7,43,1,82.3851,82.3851
zf,G437,birdaves_biox_base,7,43,5,82.0731,82.0731
zf,G437,birdaves_biox_base,7,43,10,80.7547,80.7547
zf,G437,birdaves_biox_base,7,43,50,74.6567,74.6567
zf,G437,birdaves_biox_base,7,43,100,66.2111,66.2111
zf,G437,birdaves_biox_base,7,44,1,82.0644,82.0644
zf,G437,birdaves_biox_base,7,44,5,81.6922,81.6922
zf,G437,birdaves_biox_base,7,44,10,80.3901,80.3901
zf,G437,birdaves_biox_base,7,44,50,74.5867,74.5867
zf,G437,birdaves_biox_base,7,44,100,66.1464,66.1464
zf,G437,birdaves_biox_base,7,45,1,82.4271,82.4271
zf,G437,birdaves_biox_base,7,45,5,83.4531,83.4531
zf,G437,birdaves_biox_base,7,45,10,81.9725,81.9725
zf,G437,birdaves_biox_base,7,45,50,76.6952,76.6952
zf,G437,birdaves_biox_base,7,45,100,67.1285,67.1285
zf,G437,birdaves_biox_base,7,46,1,83.0224,83.0224
zf,G437,birdaves_biox_base,7,46,5,81.6006,81.6006
zf,G437,birdaves_biox_base,7,46,10,80.2138,80.2138
zf,G437,birdaves_biox_base,7,46,50,74.7598,74.7598
zf,G437,birdaves_biox_base,7,46,100,66.3002,66.3002
zf,G437,birdaves_biox_base_speed0p25,3,42,1,87.3503,87.3503
zf,G437,birdaves_biox_base_speed0p25,3,42,5,85.2748,85.2748
zf,G437,birdaves_biox_base_speed0p25,3,42,10,83.8932,83.8932
zf,G437,birdaves_biox_base_speed0p25,3,42,50,75.727,75.727
zf,G437,birdaves_biox_base_speed0p25,3,42,100,63.739,63.739
zf,G437,birdaves_biox_base_speed0p25,3,43,1,89.1901,89.1901
zf,G437,birdaves_biox_base_speed0p25,3,43,5,87.7584,87.7584
zf,G437,birdaves_biox_base_speed0p25,3,43,10,86.7626,86.7626
zf,G437,birdaves_biox_base_speed0p25,3,43,50,78.9957,78.9957
zf,G437,birdaves_biox_base_speed0p25,3,43,100,65.872,65.872
zf,G437,birdaves_biox_base_speed0p25,3,44,1,90.7131,90.7131
zf,G437,birdaves_biox_base_speed0p25,3,44,5,88.5076,88.5076
zf,G437,birdaves_biox_base_speed0p25,3,44,10,87.2122,87.2122
zf,G437,birdaves_biox_base_speed0p25,3,44,50,78.6207,78.6207
zf,G437,birdaves_biox_base_speed0p25,3,44,100,65.7589,65.7589
zf,G437,birdaves_biox_base_speed0p25,3,45,1,92.3302,92.3302
zf,G437,birdaves_biox_base_speed0p25,3,45,5,90.8248,90.8248
zf,G437,birdaves_biox_base_speed0p25,3,45,10,89.9346,89.9346
zf,G437,birdaves_biox_base_speed0p25,3,45,50,81.0845,81.0845
zf,G437,birdaves_biox_base_speed0p25,3,45,100,66.8333,66.8333
zf,G437,birdaves_biox_base_speed0p25,3,46,1,91.0808,91.0808
zf,G437,birdaves_biox_base_speed0p25,3,46,5,88.9705,88.9705
zf,G437,birdaves_biox_base_speed0p25,3,46,10,87.3591,87.3591
zf,G437,birdaves_biox_base_speed0p25,3,46,50,78.8142,78.8142
zf,G437,birdaves_biox_base_speed0p25,3,46,100,66.0631,66.0631
zf,G437,birdaves_biox_base_speed0p25,4,42,1,86.6904,86.6904
zf,G437,birdaves_biox_base_speed0p25,4,42,5,85.0728,85.0728
zf,G437,birdaves_biox_base_speed0p25,4,42,10,84.2352,84.2352
zf,G437,birdaves_biox_base_speed0p25,4,42,50,76.5362,76.5362
zf,G437,birdaves_biox_base_speed0p25,4,42,100,64.582,64.582
zf,G437,birdaves_biox_base_speed0p25,4,43,1,89.2154,89.2154
zf,G437,birdaves_biox_base_speed0p25,4,43,5,87.753,87.753
zf,G437,birdaves_biox_base_speed0p25,4,43,10,87.0798,87.0798
zf,G437,birdaves_biox_base_speed0p25,4,43,50,79.818,79.818
zf,G437,birdaves_biox_base_speed0p25,4,43,100,67.0736,67.0736
zf,G437,birdaves_biox_base_speed0p25,4,44,1,91.1189,91.1189
zf,G437,birdaves_biox_base_speed0p25,4,44,5,89.2195,89.2195
zf,G437,birdaves_biox_base_speed0p25,4,44,10,88.045,88.045
zf,G437,birdaves_biox_base_speed0p25,4,44,50,79.4801,79.4801
zf,G437,birdaves_biox_base_speed0p25,4,44,100,66.6395,66.6395
zf,G437,birdaves_biox_base_speed0p25,4,45,1,92.5029,92.5029
zf,G437,birdaves_biox_base_speed0p25,4,45,5,90.7609,90.7609
zf,G437,birdaves_biox_base_speed0p25,4,45,10,89.967,89.967
zf,G437,birdaves_biox_base_speed0p25,4,45,50,81.7468,81.7468
zf,G437,birdaves_biox_base_speed0p25,4,45,100,67.7421,67.7421
zf,G437,birdaves_biox_base_speed0p25,4,46,1,91.0592,91.0592
zf,G437,birdaves_biox_base_speed0p25,4,46,5,88.5624,88.5624
zf,G437,birdaves_biox_base_speed0p25,4,46,10,87.599,87.599
zf,G437,birdaves_biox_base_speed0p25,4,46,50,79.8128,79.8128
zf,G437,birdaves_biox_base_speed0p25,4,46,100,67.0523,67.0523
zf,G437,birdaves_biox_base_speed0p5,3,42,1,83.8081,83.8081
zf,G437,birdaves_biox_base_speed0p5,3,42,5,82.5788,82.5788
zf,G437,birdaves_biox_base_speed0p5,3,42,10,81.3116,81.3116
zf,G437,birdaves_biox_base_speed0p5,3,42,50,74.5336,74.5336
zf,G437,birdaves_biox_base_speed0p5,3,42,100,65.2183,65.2183
zf,G437,birdaves_biox_base_speed0p5,3,43,1,87.6739,87.6739
zf,G437,birdaves_biox_base_speed0p5,3,43,5,85.5025,85.5025
zf,G437,birdaves_biox_base_speed0p5,3,43,10,85.1767,85.1767
zf,G437,birdaves_biox_base_speed0p5,3,43,50,78.3904,78.3904
zf,G437,birdaves_biox_base_speed0p5,3,43,100,67.9954,67.9954
zf,G437,birdaves_biox_base_speed0p5,3,44,1,86.8277,86.8277
zf,G437,birdaves_biox_base_speed0p5,3,44,5,85.9025,85.9025
zf,G437,birdaves_biox_base_speed0p5,3,44,10,84.5485,84.5485
zf,G437,birdaves_biox_base_speed0p5,3,44,50,77.5176,77.5176
zf,G437,birdaves_biox_base_speed0p5,3,44,100,67.4256,67.4256
zf,G437,birdaves_biox_base_speed0p5,3,45,1,86.8119,86.8119
zf,G437,birdaves_biox_base_speed0p5,3,45,5,87.9034,87.9034
zf,G437,birdaves_biox_base_speed0p5,3,45,10,86.9649,86.9649
zf,G437,birdaves_biox_base_speed0p5,3,45,50,80.1147,80.1147
zf,G437,birdaves_biox_base_speed0p5,3,45,100,68.9278,68.9278
zf,G437,birdaves_biox_base_speed0p5,3,46,1,87.6649,87.6649
zf,G437,birdaves_biox_base_speed0p5,3,46,5,86.4466,86.4466
zf,G437,birdaves_biox_base_speed0p5,3,46,10,85.2358,85.2358
zf,G437,birdaves_biox_base_speed0p5,3,46,50,78.1756,78.1756
zf,G437,birdaves_biox_base_speed0p5,3,46,100,67.9087,67.9087
zf,G437,birdaves_biox_base_speed0p5,6,42,1,84.8369,84.8369
zf,G437,birdaves_biox_base_speed0p5,6,42,5,82.0673,82.0673
zf,G437,birdaves_biox_base_speed0p5,6,42,10,80.9979,80.9979
zf,G437,birdaves_biox_base_speed0p5,6,42,50,74.4681,74.4681
zf,G437,birdaves_biox_base_speed0p5,6,42,100,65.2976,65.2976
zf,G437,birdaves_biox_base_speed0p5,6,43,1,86.6262,86.6262
zf,G437,birdaves_biox_base_speed0p5,6,43,5,85.1515,85.1515
zf,G437,birdaves_biox_base_speed0p5,6,43,10,85.2909,85.2909
zf,G437,birdaves_biox_base_speed0p5,6,43,50,77.9333,77.9333
zf,G437,birdaves_biox_base_speed0p5,6,43,100,67.8952,67.8952
zf,G437,birdaves_biox_base_speed0p5,6,44,1,86.3261,86.3261
zf,G437,birdaves_biox_base_speed0p5,6,44,5,85.2496,85.2496
zf,G437,birdaves_biox_base_speed0p5,6,44,10,84.1452,84.1452
zf,G437,birdaves_biox_base_speed0p5,6,44,50,77.0721,77.0721
zf,G437,birdaves_biox_base_speed0p5,6,44,100,66.7275,66.7275
zf,G437,birdaves_biox_base_speed0p5,6,45,1,88.4807,88.4807
zf,G437,birdaves_biox_base_speed0p5,6,45,5,87.2206,87.2206
zf,G437,birdaves_biox_base_speed0p5,6,45,10,86.9494,86.9494
zf,G437,birdaves_biox_base_speed0p5,6,45,50,79.6842,79.6842
zf,G437,birdaves_biox_base_speed0p5,6,45,100,68.411,68.411
zf,G437,birdaves_biox_base_speed0p5,6,46,1,87.4785,87.4785
zf,G437,birdaves_biox_base_speed0p5,6,46,5,86.3716,86.3716
zf,G437,birdaves_biox_base_speed0p5,6,46,10,85.1225,85.1225
zf,G437,birdaves_biox_base_speed0p5,6,46,50,77.578,77.578
zf,G437,birdaves_biox_base_speed0p5,6,46,100,66.9932,66.9932
zf,G437,hubert_base_ls960,0,42,1,79.7217,79.7217
zf,G437,hubert_base_ls960,0,42,5,77.5585,77.5585
zf,G437,hubert_base_ls960,0,42,10,76.0094,76.0094
zf,G437,hubert_base_ls960,0,42,50,69.9773,69.9773
zf,G437,hubert_base_ls960,0,42,100,61.6719,61.6719
zf,G437,hubert_base_ls960,0,43,1,82.2373,82.2373
zf,G437,hubert_base_ls960,0,43,5,81.4719,81.4719
zf,G437,hubert_base_ls960,0,43,10,80.2584,80.2584
zf,G437,hubert_base_ls960,0,43,50,73.1401,73.1401
zf,G437,hubert_base_ls960,0,43,100,63.5429,63.5429
zf,G437,hubert_base_ls960,0,44,1,83.0579,83.0579
zf,G437,hubert_base_ls960,0,44,5,81.2933,81.2933
zf,G437,hubert_base_ls960,0,44,10,79.6985,79.6985
zf,G437,hubert_base_ls960,0,44,50,72.5176,72.5176
zf,G437,hubert_base_ls960,0,44,100,63.1909,63.1909
zf,G437,hubert_base_ls960,0,45,1,81.5481,81.5481
zf,G437,hubert_base_ls960,0,45,5,82.5475,82.5475
zf,G437,hubert_base_ls960,0,45,10,81.8568,81.8568
zf,G437,hubert_base_ls960,0,45,50,75.3508,75.3508
zf,G437,hubert_base_ls960,0,45,100,64.6772,64.6772
zf,G437,hubert_base_ls960,0,46,1,82.2765,82.2765
zf,G437,hubert_base_ls960,0,46,5,80.6683,80.6683
zf,G437,hubert_base_ls960,0,46,10,79.1023,79.1023
zf,G437,hubert_base_ls960,0,46,50,72.6716,72.6716
zf,G437,hubert_base_ls960,0,46,100,63.2197,63.2197
zf,G437,hubert_base_ls960,3,42,1,78.7664,78.7664
zf,G437,hubert_base_ls960,3,42,5,76.5833,76.5833
zf,G437,hubert_base_ls960,3,42,10,75.2411,75.2411
zf,G437,hubert_base_ls960,3,42,50,68.5321,68.5321
zf,G437,hubert_base_ls960,3,42,100,60.1796,60.1796
zf,G437,hubert_base_ls960,3,43,1,82.181,82.181
zf,G437,hubert_base_ls960,3,43,5,81.0023,81.0023
zf,G437,hubert_base_ls960,3,43,10,79.1584,79.1584
zf,G437,hubert_base_ls960,3,43,50,71.4363,71.4363
zf,G437,hubert_base_ls960,3,43,100,61.5303,61.5303
zf,G437,hubert_base_ls960,3,44,1,80.5282,80.5282
zf,G437,hubert_base_ls960,3,44,5,79.6251,79.6251
zf,G437,hubert_base_ls960,3,44,10,78.3336,78.3336
zf,G437,hubert_base_ls960,3,44,50,70.6875,70.6875
zf,G437,hubert_base_ls960,3,44,100,61.4,61.4
zf,G437,hubert_base_ls960,3,45,1,82.4708,82.4708
zf,G437,hubert_base_ls960,3,45,5,81.5604,81.5604
zf,G437,hubert_base_ls960,3,45,10,80.2656,80.2656
zf,G437,hubert_base_ls960,3,45,50,73.305,73.305
zf,G437,hubert_base_ls960,3,45,100,62.5527,62.5527
zf,G437,hubert_base_ls960,3,46,1,80.8878,80.8878
zf,G437,hubert_base_ls960,3,46,5,79.5934,79.5934
zf,G437,hubert_base_ls960,3,46,10,77.7414,77.7414
zf,G437,hubert_base_ls960,3,46,50,71.2133,71.2133
zf,G437,hubert_base_ls960,3,46,100,61.6829,61.6829
zf,G437,xcl_base_500k_p32x1_c005,5,42,1,89.2149,89.2149
zf,G437,xcl_base_500k_p32x1_c005,5,42,5,86.963,86.963
zf,G437,xcl_base_500k_p32x1_c005,5,42,10,85.23,85.23
zf,G437,xcl_base_500k_p32x1_c005,5,42,50,78.3144,78.3144
zf,G437,xcl_base_500k_p32x1_c005,5,42,100,68.7677,68.7677
zf,G437,xcl_base_500k_p32x1_c005,5,43,1,89.2354,89.2354
zf,G437,xcl_base_500k_p32x1_c005,5,43,5,89.698,89.698
zf,G437,xcl_base_500k_p32x1_c005,5,43,10,88.5774,88.5774
zf,G437,xcl_base_500k_p32x1_c005,5,43,50,81.5272,81.5272
zf,G437,xcl_base_500k_p32x1_c005,5,43,100,71.1647,71.1647
zf,G437,xcl_base_500k_p32x1_c005,5,44,1,92.2398,92.2398
zf,G437,xcl_base_500k_p32x1_c005,5,44,5,90.0536,90.0536
zf,G437,xcl_base_500k_p32x1_c005,5,44,10,88.8853,88.8853
zf,G437,xcl_base_500k_p32x1_c005,5,44,50,81.2364,81.2364
zf,G437,xcl_base_500k_p32x1_c005,5,44,100,70.8152,70.8152
zf,G437,xcl_base_500k_p32x1_c005,5,45,1,92.6068,92.6068
zf,G437,xcl_base_500k_p32x1_c005,5,45,5,91.4673,91.4673
zf,G437,xcl_base_500k_p32x1_c005,5,45,10,90.4829,90.4829
zf,G437,xcl_base_500k_p32x1_c005,5,45,50,83.2281,83.2281
zf,G437,xcl_base_500k_p32x1_c005,5,45,100,71.5978,71.5978
zf,G437,xcl_base_500k_p32x1_c005,5,46,1,89.8324,89.8324
zf,G437,xcl_base_500k_p32x1_c005,5,46,5,89.0656,89.0656
zf,G437,xcl_base_500k_p32x1_c005,5,46,10,88.0168,88.0168
zf,G437,xcl_base_500k_p32x1_c005,5,46,50,80.8022,80.8022
zf,G437,xcl_base_500k_p32x1_c005,5,46,100,70.3799,70.3799
zf,G437,xcl_base_500k_p32x4_c010,3,42,1,80.2758,80.2758
zf,G437,xcl_base_500k_p32x4_c010,3,42,5,78.5425,78.5425
zf,G437,xcl_base_500k_p32x4_c010,3,42,10,77.9116,77.9116
zf,G437,xcl_base_500k_p32x4_c010,3,42,50,73.9416,73.9416
zf,G437,xcl_base_500k_p32x4_c010,3,42,100,65.6665,65.6665
zf,G437,xcl_base_500k_p32x4_c010,3,43,1,82.3841,82.3841
zf,G437,xcl_base_500k_p32x4_c010,3,43,5,82.4359,82.4359
zf,G437,xcl_base_500k_p32x4_c010,3,43,10,81.4963,81.4963
zf,G437,xcl_base_500k_p32x4_c010,3,43,50,75.2375,75.2375
zf,G437,xcl_base_500k_p32x4_c010,3,43,100,66.4373,66.4373
zf,G437,xcl_base_500k_p32x4_c010,3,44,1,84.1697,84.1697
zf,G437,xcl_base_500k_p32x4_c010,3,44,5,82.3974,82.3974
zf,G437,xcl_base_500k_p32x4_c010,3,44,10,80.6695,80.6695
zf,G437,xcl_base_500k_p32x4_c010,3,44,50,74.7949,74.7949
zf,G437,xcl_base_500k_p32x4_c010,3,44,100,66.3082,66.3082
zf,G437,xcl_base_500k_p32x4_c010,3,45,1,82.889,82.889
zf,G437,xcl_base_500k_p32x4_c010,3,45,5,83.3118,83.3118
zf,G437,xcl_base_500k_p32x4_c010,3,45,10,82.59,82.59
zf,G437,xcl_base_500k_p32x4_c010,3,45,50,77.6766,77.6766
zf,G437,xcl_base_500k_p32x4_c010,3,45,100,68.113,68.113
zf,G437,xcl_base_500k_p32x4_c010,3,46,1,82.4743,82.4743
zf,G437,xcl_base_500k_p32x4_c010,3,46,5,81.2334,81.2334
zf,G437,xcl_base_500k_p32x4_c010,3,46,10,79.9767,79.9767
zf,G437,xcl_base_500k_p32x4_c010,3,46,50,74.567,74.567
zf,G437,xcl_base_500k_p32x4_c010,3,46,100,66.0403,66.0403
zf,G437,xcl_base_500k_p32x4_c010,4,42,1,80.5189,80.5189
zf,G437,xcl_base_500k_p32x4_c010,4,42,5,78.3961,78.3961
zf,G437,xcl_base_500k_p32x4_c010,4,42,10,78.158,78.158
zf,G437,xcl_base_500k_p32x4_c010,4,42,50,74.166,74.166
zf,G437,xcl_base_500k_p32x4_c010,4,42,100,65.963,65.963
zf,G437,xcl_base_500k_p32x4_c010,4,43,1,83.2352,83.2352
zf,G437,xcl_base_500k_p32x4_c010,4,43,5,82.1939,82.1939
zf,G437,xcl_base_500k_p32x4_c010,4,43,10,81.6889,81.6889
zf,G437,xcl_base_500k_p32x4_c010,4,43,50,75.2582,75.2582
zf,G437,xcl_base_500k_p32x4_c010,4,43,100,66.5809,66.5809
zf,G437,xcl_base_500k_p32x4_c010,4,44,1,83.5222,83.5222
zf,G437,xcl_base_500k_p32x4_c010,4,44,5,82.6283,82.6283
zf,G437,xcl_base_500k_p32x4_c010,4,44,10,80.5169,80.5169
zf,G437,xcl_base_500k_p32x4_c010,4,44,50,74.9065,74.9065
zf,G437,xcl_base_500k_p32x4_c010,4,44,100,66.5406,66.5406
zf,G437,xcl_base_500k_p32x4_c010,4,45,1,83.0279,83.0279
zf,G437,xcl_base_500k_p32x4_c010,4,45,5,83.547,83.547
zf,G437,xcl_base_500k_p32x4_c010,4,45,10,82.9055,82.9055
zf,G437,xcl_base_500k_p32x4_c010,4,45,50,77.8136,77.8136
zf,G437,xcl_base_500k_p32x4_c010,4,45,100,68.2737,68.2737
zf,G437,xcl_base_500k_p32x4_c010,4,46,1,82.9673,82.9673
zf,G437,xcl_base_500k_p32x4_c010,4,46,5,81.4242,81.4242
zf,G437,xcl_base_500k_p32x4_c010,4,46,10,80.0974,80.0974
zf,G437,xcl_base_500k_p32x4_c010,4,46,50,74.7023,74.7023
zf,G437,xcl_base_500k_p32x4_c010,4,46,100,66.2375,66.2375
zf,G437,xcl_large_500k_p32x1_c005,11,42,1,89.493,89.493
zf,G437,xcl_large_500k_p32x1_c005,11,42,5,87.5894,87.5894
zf,G437,xcl_large_500k_p32x1_c005,11,42,10,86.9041,86.9041
zf,G437,xcl_large_500k_p32x1_c005,11,42,50,80.47,80.47
zf,G437,xcl_large_500k_p32x1_c005,11,42,100,70.7634,70.7634
zf,G437,xcl_large_500k_p32x1_c005,11,43,1,91.7943,91.7943
zf,G437,xcl_large_500k_p32x1_c005,11,43,5,89.9365,89.9365
zf,G437,xcl_large_500k_p32x1_c005,11,43,10,88.8742,88.8742
zf,G437,xcl_large_500k_p32x1_c005,11,43,50,82.4828,82.4828
zf,G437,xcl_large_500k_p32x1_c005,11,43,100,72.3725,72.3725
zf,G437,xcl_large_500k_p32x1_c005,11,44,1,92.2775,92.2775
zf,G437,xcl_large_500k_p32x1_c005,11,44,5,90.6508,90.6508
zf,G437,xcl_large_500k_p32x1_c005,11,44,10,89.1308,89.1308
zf,G437,xcl_large_500k_p32x1_c005,11,44,50,82.4389,82.4389
zf,G437,xcl_large_500k_p32x1_c005,11,44,100,72.0287,72.0287
zf,G437,xcl_large_500k_p32x1_c005,11,45,1,92.9322,92.9322
zf,G437,xcl_large_500k_p32x1_c005,11,45,5,91.8933,91.8933
zf,G437,xcl_large_500k_p32x1_c005,11,45,10,90.7126,90.7126
zf,G437,xcl_large_500k_p32x1_c005,11,45,50,83.914,83.914
zf,G437,xcl_large_500k_p32x1_c005,11,45,100,72.6262,72.6262
zf,G437,xcl_large_500k_p32x1_c005,11,46,1,89.9023,89.9023
zf,G437,xcl_large_500k_p32x1_c005,11,46,5,88.6242,88.6242
zf,G437,xcl_large_500k_p32x1_c005,11,46,10,88.0035,88.0035
zf,G437,xcl_large_500k_p32x1_c005,11,46,50,81.9756,81.9756
zf,G437,xcl_large_500k_p32x1_c005,11,46,100,71.646,71.646
zf,G437,xcl_large_500k_p32x4_c0025,9,42,1,81.63,81.63
zf,G437,xcl_large_500k_p32x4_c0025,9,42,5,79.5717,79.5717
zf,G437,xcl_large_500k_p32x4_c0025,9,42,10,78.4791,78.4791
zf,G437,xcl_large_500k_p32x4_c0025,9,42,50,73.9018,73.9018
zf,G437,xcl_large_500k_p32x4_c0025,9,42,100,66.5582,66.5582
zf,G437,xcl_large_500k_p32x4_c0025,9,43,1,83.0198,83.0198
zf,G437,xcl_large_500k_p32x4_c0025,9,43,5,82.1255,82.1255
zf,G437,xcl_large_500k_p32x4_c0025,9,43,10,81.3576,81.3576
zf,G437,xcl_large_500k_p32x4_c0025,9,43,50,75.8094,75.8094
zf,G437,xcl_large_500k_p32x4_c0025,9,43,100,67.575,67.575
zf,G437,xcl_large_500k_p32x4_c0025,9,44,1,83.8442,83.8442
zf,G437,xcl_large_500k_p32x4_c0025,9,44,5,82.2777,82.2777
zf,G437,xcl_large_500k_p32x4_c0025,9,44,10,80.9166,80.9166
zf,G437,xcl_large_500k_p32x4_c0025,9,44,50,75.3788,75.3788
zf,G437,xcl_large_500k_p32x4_c0025,9,44,100,67.2953,67.2953
zf,G437,xcl_large_500k_p32x4_c0025,9,45,1,81.6267,81.6267
zf,G437,xcl_large_500k_p32x4_c0025,9,45,5,83.512,83.512
zf,G437,xcl_large_500k_p32x4_c0025,9,45,10,83.1084,83.1084
zf,G437,xcl_large_500k_p32x4_c0025,9,45,50,78.2584,78.2584
zf,G437,xcl_large_500k_p32x4_c0025,9,45,100,69.039,69.039
zf,G437,xcl_large_500k_p32x4_c0025,9,46,1,82.0057,82.0057
zf,G437,xcl_large_500k_p32x4_c0025,9,46,5,81.5135,81.5135
zf,G437,xcl_large_500k_p32x4_c0025,9,46,10,80.3415,80.3415
zf,G437,xcl_large_500k_p32x4_c0025,9,46,50,75.0733,75.0733
zf,G437,xcl_large_500k_p32x4_c0025,9,46,100,67.2974,67.2974
zf,G437,xcl_large_500k_p32x4_c010,10,42,1,80.3106,80.3106
zf,G437,xcl_large_500k_p32x4_c010,10,42,5,79.5086,79.5086
zf,G437,xcl_large_500k_p32x4_c010,10,42,10,78.8416,78.8416
zf,G437,xcl_large_500k_p32x4_c010,10,42,50,74.4742,74.4742
zf,G437,xcl_large_500k_p32x4_c010,10,42,100,67.0106,67.0106
zf,G437,xcl_large_500k_p32x4_c010,10,43,1,81.8129,81.8129
zf,G437,xcl_large_500k_p32x4_c010,10,43,5,81.9227,81.9227
zf,G437,xcl_large_500k_p32x4_c010,10,43,10,81.7769,81.7769
zf,G437,xcl_large_500k_p32x4_c010,10,43,50,75.7801,75.7801
zf,G437,xcl_large_500k_p32x4_c010,10,43,100,67.7371,67.7371
zf,G437,xcl_large_500k_p32x4_c010,10,44,1,83.7739,83.7739
zf,G437,xcl_large_500k_p32x4_c010,10,44,5,83.1882,83.1882
zf,G437,xcl_large_500k_p32x4_c010,10,44,10,81.7631,81.7631
zf,G437,xcl_large_500k_p32x4_c010,10,44,50,75.6148,75.6148
zf,G437,xcl_large_500k_p32x4_c010,10,44,100,67.67,67.67
zf,G437,xcl_large_500k_p32x4_c010,10,45,1,85.3433,85.3433
zf,G437,xcl_large_500k_p32x4_c010,10,45,5,84.2115,84.2115
zf,G437,xcl_large_500k_p32x4_c010,10,45,10,82.8703,82.8703
zf,G437,xcl_large_500k_p32x4_c010,10,45,50,78.2761,78.2761
zf,G437,xcl_large_500k_p32x4_c010,10,45,100,69.1337,69.1337
zf,G437,xcl_large_500k_p32x4_c010,10,46,1,86.042,86.042
zf,G437,xcl_large_500k_p32x4_c010,10,46,5,82.1948,82.1948
zf,G437,xcl_large_500k_p32x4_c010,10,46,10,80.6187,80.6187
zf,G437,xcl_large_500k_p32x4_c010,10,46,50,75.1343,75.1343
zf,G437,xcl_large_500k_p32x4_c010,10,46,100,67.3868,67.3868
zf,G437,xcl_micro_500k_p32x1_c005,4,42,1,88.783,88.783
zf,G437,xcl_micro_500k_p32x1_c005,4,42,5,87.3096,87.3096
zf,G437,xcl_micro_500k_p32x1_c005,4,42,10,85.2955,85.2955
zf,G437,xcl_micro_500k_p32x1_c005,4,42,50,78.3801,78.3801
zf,G437,xcl_micro_500k_p32x1_c005,4,42,100,67.5978,67.5978
zf,G437,xcl_micro_500k_p32x1_c005,4,43,1,91.2015,91.2015
zf,G437,xcl_micro_500k_p32x1_c005,4,43,5,89.1084,89.1084
zf,G437,xcl_micro_500k_p32x1_c005,4,43,10,88.1898,88.1898
zf,G437,xcl_micro_500k_p32x1_c005,4,43,50,81.1731,81.1731
zf,G437,xcl_micro_500k_p32x1_c005,4,43,100,69.3167,69.3167
zf,G437,xcl_micro_500k_p32x1_c005,4,44,1,90.9677,90.9677
zf,G437,xcl_micro_500k_p32x1_c005,4,44,5,89.1231,89.1231
zf,G437,xcl_micro_500k_p32x1_c005,4,44,10,87.9007,87.9007
zf,G437,xcl_micro_500k_p32x1_c005,4,44,50,80.4708,80.4708
zf,G437,xcl_micro_500k_p32x1_c005,4,44,100,69.1296,69.1296
zf,G437,xcl_micro_500k_p32x1_c005,4,45,1,92.2482,92.2482
zf,G437,xcl_micro_500k_p32x1_c005,4,45,5,91.4952,91.4952
zf,G437,xcl_micro_500k_p32x1_c005,4,45,10,90.5171,90.5171
zf,G437,xcl_micro_500k_p32x1_c005,4,45,50,82.6472,82.6472
zf,G437,xcl_micro_500k_p32x1_c005,4,45,100,70.0693,70.0693
zf,G437,xcl_micro_500k_p32x1_c005,4,46,1,89.9019,89.9019
zf,G437,xcl_micro_500k_p32x1_c005,4,46,5,88.7458,88.7458
zf,G437,xcl_micro_500k_p32x1_c005,4,46,10,87.0703,87.0703
zf,G437,xcl_micro_500k_p32x1_c005,4,46,50,79.9171,79.9171
zf,G437,xcl_micro_500k_p32x1_c005,4,46,100,68.3977,68.3977
zf,G437,xcl_micro_500k_p32x1_c005,5,42,1,88.6226,88.6226
zf,G437,xcl_micro_500k_p32x1_c005,5,42,5,87.2029,87.2029
zf,G437,xcl_micro_500k_p32x1_c005,5,42,10,85.2969,85.2969
zf,G437,xcl_micro_500k_p32x1_c005,5,42,50,78.4021,78.4021
zf,G437,xcl_micro_500k_p32x1_c005,5,42,100,67.7406,67.7406
zf,G437,xcl_micro_500k_p32x1_c005,5,43,1,90.9634,90.9634
zf,G437,xcl_micro_500k_p32x1_c005,5,43,5,89.2115,89.2115
zf,G437,xcl_micro_500k_p32x1_c005,5,43,10,88.0048,88.0048
zf,G437,xcl_micro_500k_p32x1_c005,5,43,50,80.908,80.908
zf,G437,xcl_micro_500k_p32x1_c005,5,43,100,69.1785,69.1785
zf,G437,xcl_micro_500k_p32x1_c005,5,44,1,90.9897,90.9897
zf,G437,xcl_micro_500k_p32x1_c005,5,44,5,89.1319,89.1319
zf,G437,xcl_micro_500k_p32x1_c005,5,44,10,87.792,87.792
zf,G437,xcl_micro_500k_p32x1_c005,5,44,50,80.5871,80.5871
zf,G437,xcl_micro_500k_p32x1_c005,5,44,100,69.1774,69.1774
zf,G437,xcl_micro_500k_p32x1_c005,5,45,1,92.4436,92.4436
zf,G437,xcl_micro_500k_p32x1_c005,5,45,5,91.2946,91.2946
zf,G437,xcl_micro_500k_p32x1_c005,5,45,10,90.4294,90.4294
zf,G437,xcl_micro_500k_p32x1_c005,5,45,50,82.6406,82.6406
zf,G437,xcl_micro_500k_p32x1_c005,5,45,100,70.112,70.112
zf,G437,xcl_micro_500k_p32x1_c005,5,46,1,90.0145,90.0145
zf,G437,xcl_micro_500k_p32x1_c005,5,46,5,88.4141,88.4141
zf,G437,xcl_micro_500k_p32x1_c005,5,46,10,86.9992,86.9992
zf,G437,xcl_micro_500k_p32x1_c005,5,46,50,80.0024,80.0024
zf,G437,xcl_micro_500k_p32x1_c005,5,46,100,68.6003,68.6003
zf,G437,xcl_micro_500k_p32x4_c010,3,42,1,80.5761,80.5761
zf,G437,xcl_micro_500k_p32x4_c010,3,42,5,78.4808,78.4808
zf,G437,xcl_micro_500k_p32x4_c010,3,42,10,77.3363,77.3363
zf,G437,xcl_micro_500k_p32x4_c010,3,42,50,73.7633,73.7633
zf,G437,xcl_micro_500k_p32x4_c010,3,42,100,64.3818,64.3818
zf,G437,xcl_micro_500k_p32x4_c010,3,43,1,82.8353,82.8353
zf,G437,xcl_micro_500k_p32x4_c010,3,43,5,82.4304,82.4304
zf,G437,xcl_micro_500k_p32x4_c010,3,43,10,80.7382,80.7382
zf,G437,xcl_micro_500k_p32x4_c010,3,43,50,74.8248,74.8248
zf,G437,xcl_micro_500k_p32x4_c010,3,43,100,65.1875,65.1875
zf,G437,xcl_micro_500k_p32x4_c010,3,44,1,83.9971,83.9971
zf,G437,xcl_micro_500k_p32x4_c010,3,44,5,82.2058,82.2058
zf,G437,xcl_micro_500k_p32x4_c010,3,44,10,80.0856,80.0856
zf,G437,xcl_micro_500k_p32x4_c010,3,44,50,74.3055,74.3055
zf,G437,xcl_micro_500k_p32x4_c010,3,44,100,64.4974,64.4974
zf,G437,xcl_micro_500k_p32x4_c010,3,45,1,83.6646,83.6646
zf,G437,xcl_micro_500k_p32x4_c010,3,45,5,82.3362,82.3362
zf,G437,xcl_micro_500k_p32x4_c010,3,45,10,82.1387,82.1387
zf,G437,xcl_micro_500k_p32x4_c010,3,45,50,77.0219,77.0219
zf,G437,xcl_micro_500k_p32x4_c010,3,45,100,66.4448,66.4448
zf,G437,xcl_micro_500k_p32x4_c010,3,46,1,82.2372,82.2372
zf,G437,xcl_micro_500k_p32x4_c010,3,46,5,81.3447,81.3447
zf,G437,xcl_micro_500k_p32x4_c010,3,46,10,79.7103,79.7103
zf,G437,xcl_micro_500k_p32x4_c010,3,46,50,73.8421,73.8421
zf,G437,xcl_micro_500k_p32x4_c010,3,46,100,64.2702,64.2702
zf,G439,birdaves_biox_base,3,42,1,85.8896,85.8896
zf,G439,birdaves_biox_base,3,42,5,84.6708,84.6708
zf,G439,birdaves_biox_base,3,42,10,83.7801,83.7801
zf,G439,birdaves_biox_base,3,42,50,75.918,75.918
zf,G439,birdaves_biox_base,3,42,100,60.8625,60.8625
zf,G439,birdaves_biox_base,3,43,1,87.1001,87.1001
zf,G439,birdaves_biox_base,3,43,5,84.835,84.835
zf,G439,birdaves_biox_base,3,43,10,83.7895,83.7895
zf,G439,birdaves_biox_base,3,43,50,75.7869,75.7869
zf,G439,birdaves_biox_base,3,43,100,60.7008,60.7008
zf,G439,birdaves_biox_base,3,44,1,86.9092,86.9092
zf,G439,birdaves_biox_base,3,44,5,84.8457,84.8457
zf,G439,birdaves_biox_base,3,44,10,83.5792,83.5792
zf,G439,birdaves_biox_base,3,44,50,75.487,75.487
zf,G439,birdaves_biox_base,3,44,100,60.5963,60.5963
zf,G439,birdaves_biox_base,3,45,1,87.1083,87.1083
zf,G439,birdaves_biox_base,3,45,5,85.0344,85.0344
zf,G439,birdaves_biox_base,3,45,10,84.0909,84.0909
zf,G439,birdaves_biox_base,3,45,50,76.4933,76.4933
zf,G439,birdaves_biox_base,3,45,100,61.2021,61.2021
zf,G439,birdaves_biox_base,3,46,1,86.6447,86.6447
zf,G439,birdaves_biox_base,3,46,5,84.43,84.43
zf,G439,birdaves_biox_base,3,46,10,82.9799,82.9799
zf,G439,birdaves_biox_base,3,46,50,75.2385,75.2385
zf,G439,birdaves_biox_base,3,46,100,60.5366,60.5366
zf,G439,birdaves_biox_base,7,42,1,85.9757,85.9757
zf,G439,birdaves_biox_base,7,42,5,84.5425,84.5425
zf,G439,birdaves_biox_base,7,42,10,84.2195,84.2195
zf,G439,birdaves_biox_base,7,42,50,75.9328,75.9328
zf,G439,birdaves_biox_base,7,42,100,60.6112,60.6112
zf,G439,birdaves_biox_base,7,43,1,85.5616,85.5616
zf,G439,birdaves_biox_base,7,43,5,84.367,84.367
zf,G439,birdaves_biox_base,7,43,10,83.45,83.45
zf,G439,birdaves_biox_base,7,43,50,75.5239,75.5239
zf,G439,birdaves_biox_base,7,43,100,60.4261,60.4261
zf,G439,birdaves_biox_base,7,44,1,86.1073,86.1073
zf,G439,birdaves_biox_base,7,44,5,84.2838,84.2838
zf,G439,birdaves_biox_base,7,44,10,83.4523,83.4523
zf,G439,birdaves_biox_base,7,44,50,75.2875,75.2875
zf,G439,birdaves_biox_base,7,44,100,60.0892,60.0892
zf,G439,birdaves_biox_base,7,45,1,86.7228,86.7228
zf,G439,birdaves_biox_base,7,45,5,84.6515,84.6515
zf,G439,birdaves_biox_base,7,45,10,83.8946,83.8946
zf,G439,birdaves_biox_base,7,45,50,76.4931,76.4931
zf,G439,birdaves_biox_base,7,45,100,60.9998,60.9998
zf,G439,birdaves_biox_base,7,46,1,85.0397,85.0397
zf,G439,birdaves_biox_base,7,46,5,83.9896,83.9896
zf,G439,birdaves_biox_base,7,46,10,82.7059,82.7059
zf,G439,birdaves_biox_base,7,46,50,75.3192,75.3192
zf,G439,birdaves_biox_base,7,46,100,60.5317,60.5317
zf,G439,birdaves_biox_base_speed0p25,3,42,1,88.8068,88.8068
zf,G439,birdaves_biox_base_speed0p25,3,42,5,86.394,86.394
zf,G439,birdaves_biox_base_speed0p25,3,42,10,84.6748,84.6748
zf,G439,birdaves_biox_base_speed0p25,3,42,50,75.3066,75.3066
zf,G439,birdaves_biox_base_speed0p25,3,42,100,59.1915,59.1915
zf,G439,birdaves_biox_base_speed0p25,3,43,1,88.961,88.961
zf,G439,birdaves_biox_base_speed0p25,3,43,5,86.248,86.248
zf,G439,birdaves_biox_base_speed0p25,3,43,10,84.4565,84.4565
zf,G439,birdaves_biox_base_speed0p25,3,43,50,75.7024,75.7024
zf,G439,birdaves_biox_base_speed0p25,3,43,100,59.1028,59.1028
zf,G439,birdaves_biox_base_speed0p25,3,44,1,88.6323,88.6323
zf,G439,birdaves_biox_base_speed0p25,3,44,5,85.9275,85.9275
zf,G439,birdaves_biox_base_speed0p25,3,44,10,84.5861,84.5861
zf,G439,birdaves_biox_base_speed0p25,3,44,50,75.2102,75.2102
zf,G439,birdaves_biox_base_speed0p25,3,44,100,58.9614,58.9614
zf,G439,birdaves_biox_base_speed0p25,3,45,1,89.5537,89.5537
zf,G439,birdaves_biox_base_speed0p25,3,45,5,87.0966,87.0966
zf,G439,birdaves_biox_base_speed0p25,3,45,10,85.5335,85.5335
zf,G439,birdaves_biox_base_speed0p25,3,45,50,76.3112,76.3112
zf,G439,birdaves_biox_base_speed0p25,3,45,100,59.9717,59.9717
zf,G439,birdaves_biox_base_speed0p25,3,46,1,89.0164,89.0164
zf,G439,birdaves_biox_base_speed0p25,3,46,5,85.5906,85.5906
zf,G439,birdaves_biox_base_speed0p25,3,46,10,83.9454,83.9454
zf,G439,birdaves_biox_base_speed0p25,3,46,50,74.6735,74.6735
zf,G439,birdaves_biox_base_speed0p25,3,46,100,58.8658,58.8658
zf,G439,birdaves_biox_base_speed0p25,4,42,1,88.7282,88.7282
zf,G439,birdaves_biox_base_speed0p25,4,42,5,86.7899,86.7899
zf,G439,birdaves_biox_base_speed0p25,4,42,10,85.2403,85.2403
zf,G439,birdaves_biox_base_speed0p25,4,42,50,76.6871,76.6871
zf,G439,birdaves_biox_base_speed0p25,4,42,100,60.3445,60.3445
zf,G439,birdaves_biox_base_speed0p25,4,43,1,88.7308,88.7308
zf,G439,birdaves_biox_base_speed0p25,4,43,5,86.599,86.599
zf,G439,birdaves_biox_base_speed0p25,4,43,10,85.1605,85.1605
zf,G439,birdaves_biox_base_speed0p25,4,43,50,77.203,77.203
zf,G439,birdaves_biox_base_speed0p25,4,43,100,60.2969,60.2969
zf,G439,birdaves_biox_base_speed0p25,4,44,1,89.0274,89.0274
zf,G439,birdaves_biox_base_speed0p25,4,44,5,86.3399,86.3399
zf,G439,birdaves_biox_base_speed0p25,4,44,10,85.3457,85.3457
zf,G439,birdaves_biox_base_speed0p25,4,44,50,76.4927,76.4927
zf,G439,birdaves_biox_base_speed0p25,4,44,100,60.0862,60.0862
zf,G439,birdaves_biox_base_speed0p25,4,45,1,89.4627,89.4627
zf,G439,birdaves_biox_base_speed0p25,4,45,5,88.0311,88.0311
zf,G439,birdaves_biox_base_speed0p25,4,45,10,86.7776,86.7776
zf,G439,birdaves_biox_base_speed0p25,4,45,50,78.0009,78.0009
zf,G439,birdaves_biox_base_speed0p25,4,45,100,61.137,61.137
zf,G439,birdaves_biox_base_speed0p25,4,46,1,89.1918,89.1918
zf,G439,birdaves_biox_base_speed0p25,4,46,5,86.2987,86.2987
zf,G439,birdaves_biox_base_speed0p25,4,46,10,84.8043,84.8043
zf,G439,birdaves_biox_base_speed0p25,4,46,50,76.0887,76.0887
zf,G439,birdaves_biox_base_speed0p25,4,46,100,60.1211,60.1211
zf,G439,birdaves_biox_base_speed0p5,3,42,1,88.6907,88.6907
zf,G439,birdaves_biox_base_speed0p5,3,42,5,87.5004,87.5004
zf,G439,birdaves_biox_base_speed0p5,3,42,10,86.3523,86.3523
zf,G439,birdaves_biox_base_speed0p5,3,42,50,77.4648,77.4648
zf,G439,birdaves_biox_base_speed0p5,3,42,100,60.7663,60.7663
zf,G439,birdaves_biox_base_speed0p5,3,43,1,89.4792,89.4792
zf,G439,birdaves_biox_base_speed0p5,3,43,5,86.9936,86.9936
zf,G439,birdaves_biox_base_speed0p5,3,43,10,85.6663,85.6663
zf,G439,birdaves_biox_base_speed0p5,3,43,50,77.3917,77.3917
zf,G439,birdaves_biox_base_speed0p5,3,43,100,60.9201,60.9201
zf,G439,birdaves_biox_base_speed0p5,3,44,1,87.3004,87.3004
zf,G439,birdaves_biox_base_speed0p5,3,44,5,86.1765,86.1765
zf,G439,birdaves_biox_base_speed0p5,3,44,10,85.078,85.078
zf,G439,birdaves_biox_base_speed0p5,3,44,50,76.7993,76.7993
zf,G439,birdaves_biox_base_speed0p5,3,44,100,60.5719,60.5719
zf,G439,birdaves_biox_base_speed0p5,3,45,1,89.8499,89.8499
zf,G439,birdaves_biox_base_speed0p5,3,45,5,87.6377,87.6377
zf,G439,birdaves_biox_base_speed0p5,3,45,10,86.5525,86.5525
zf,G439,birdaves_biox_base_speed0p5,3,45,50,78.4055,78.4055
zf,G439,birdaves_biox_base_speed0p5,3,45,100,61.5983,61.5983
zf,G439,birdaves_biox_base_speed0p5,3,46,1,88.3833,88.3833
zf,G439,birdaves_biox_base_speed0p5,3,46,5,86.2361,86.2361
zf,G439,birdaves_biox_base_speed0p5,3,46,10,84.8026,84.8026
zf,G439,birdaves_biox_base_speed0p5,3,46,50,76.2928,76.2928
zf,G439,birdaves_biox_base_speed0p5,3,46,100,60.4746,60.4746
zf,G439,birdaves_biox_base_speed0p5,6,42,1,89.8372,89.8372
zf,G439,birdaves_biox_base_speed0p5,6,42,5,88.0251,88.0251
zf,G439,birdaves_biox_base_speed0p5,6,42,10,86.841,86.841
zf,G439,birdaves_biox_base_speed0p5,6,42,50,77.7808,77.7808
zf,G439,birdaves_biox_base_speed0p5,6,42,100,61.1672,61.1672
zf,G439,birdaves_biox_base_speed0p5,6,43,1,89.8871,89.8871
zf,G439,birdaves_biox_base_speed0p5,6,43,5,87.7432,87.7432
zf,G439,birdaves_biox_base_speed0p5,6,43,10,86.6148,86.6148
zf,G439,birdaves_biox_base_speed0p5,6,43,50,77.8978,77.8978
zf,G439,birdaves_biox_base_speed0p5,6,43,100,61.2917,61.2917
zf,G439,birdaves_biox_base_speed0p5,6,44,1,89.304,89.304
zf,G439,birdaves_biox_base_speed0p5,6,44,5,87.2008,87.2008
zf,G439,birdaves_biox_base_speed0p5,6,44,10,85.916,85.916
zf,G439,birdaves_biox_base_speed0p5,6,44,50,77.5322,77.5322
zf,G439,birdaves_biox_base_speed0p5,6,44,100,61.2283,61.2283
zf,G439,birdaves_biox_base_speed0p5,6,45,1,90.7832,90.7832
zf,G439,birdaves_biox_base_speed0p5,6,45,5,88.9651,88.9651
zf,G439,birdaves_biox_base_speed0p5,6,45,10,87.6543,87.6543
zf,G439,birdaves_biox_base_speed0p5,6,45,50,79.0714,79.0714
zf,G439,birdaves_biox_base_speed0p5,6,45,100,62.3906,62.3906
zf,G439,birdaves_biox_base_speed0p5,6,46,1,88.9855,88.9855
zf,G439,birdaves_biox_base_speed0p5,6,46,5,86.9823,86.9823
zf,G439,birdaves_biox_base_speed0p5,6,46,10,85.6617,85.6617
zf,G439,birdaves_biox_base_speed0p5,6,46,50,77.0156,77.0156
zf,G439,birdaves_biox_base_speed0p5,6,46,100,61.2081,61.2081
zf,G439,hubert_base_ls960,0,42,1,83.4562,83.4562
zf,G439,hubert_base_ls960,0,42,5,81.7645,81.7645
zf,G439,hubert_base_ls960,0,42,10,80.2984,80.2984
zf,G439,hubert_base_ls960,0,42,50,69.6217,69.6217
zf,G439,hubert_base_ls960,0,42,100,54.9933,54.9933
zf,G439,hubert_base_ls960,0,43,1,83.0483,83.0483
zf,G439,hubert_base_ls960,0,43,5,81.1648,81.1648
zf,G439,hubert_base_ls960,0,43,10,79.8381,79.8381
zf,G439,hubert_base_ls960,0,43,50,70.6518,70.6518
zf,G439,hubert_base_ls960,0,43,100,55.751,55.751
zf,G439,hubert_base_ls960,0,44,1,84.9004,84.9004
zf,G439,hubert_base_ls960,0,44,5,81.9579,81.9579
zf,G439,hubert_base_ls960,0,44,10,80.035,80.035
zf,G439,hubert_base_ls960,0,44,50,70.0193,70.0193
zf,G439,hubert_base_ls960,0,44,100,54.9804,54.9804
zf,G439,hubert_base_ls960,0,45,1,85.7161,85.7161
zf,G439,hubert_base_ls960,0,45,5,82.1715,82.1715
zf,G439,hubert_base_ls960,0,45,10,80.8723,80.8723
zf,G439,hubert_base_ls960,0,45,50,71.2837,71.2837
zf,G439,hubert_base_ls960,0,45,100,55.9567,55.9567
zf,G439,hubert_base_ls960,0,46,1,83.5252,83.5252
zf,G439,hubert_base_ls960,0,46,5,81.344,81.344
zf,G439,hubert_base_ls960,0,46,10,79.2348,79.2348
zf,G439,hubert_base_ls960,0,46,50,69.7497,69.7497
zf,G439,hubert_base_ls960,0,46,100,55.2721,55.2721
zf,G439,hubert_base_ls960,3,42,1,83.4804,83.4804
zf,G439,hubert_base_ls960,3,42,5,81.4124,81.4124
zf,G439,hubert_base_ls960,3,42,10,80.0223,80.0223
zf,G439,hubert_base_ls960,3,42,50,68.9391,68.9391
zf,G439,hubert_base_ls960,3,42,100,54.4717,54.4717
zf,G439,hubert_base_ls960,3,43,1,84.072,84.072
zf,G439,hubert_base_ls960,3,43,5,81.4385,81.4385
zf,G439,hubert_base_ls960,3,43,10,79.4054,79.4054
zf,G439,hubert_base_ls960,3,43,50,69.0057,69.0057
zf,G439,hubert_base_ls960,3,43,100,54.9612,54.9612
zf,G439,hubert_base_ls960,3,44,1,84.1296,84.1296
zf,G439,hubert_base_ls960,3,44,5,81.1882,81.1882
zf,G439,hubert_base_ls960,3,44,10,79.0261,79.0261
zf,G439,hubert_base_ls960,3,44,50,68.5251,68.5251
zf,G439,hubert_base_ls960,3,44,100,54.2141,54.2141
zf,G439,hubert_base_ls960,3,45,1,84.565,84.565
zf,G439,hubert_base_ls960,3,45,5,81.9903,81.9903
zf,G439,hubert_base_ls960,3,45,10,80.5717,80.5717
zf,G439,hubert_base_ls960,3,45,50,69.7553,69.7553
zf,G439,hubert_base_ls960,3,45,100,55.1279,55.1279
zf,G439,hubert_base_ls960,3,46,1,84.2396,84.2396
zf,G439,hubert_base_ls960,3,46,5,80.2355,80.2355
zf,G439,hubert_base_ls960,3,46,10,78.2289,78.2289
zf,G439,hubert_base_ls960,3,46,50,67.9739,67.9739
zf,G439,hubert_base_ls960,3,46,100,54.3042,54.3042
zf,G439,xcl_base_500k_p32x1_c005,5,42,1,88.9961,88.9961
zf,G439,xcl_base_500k_p32x1_c005,5,42,5,88.2153,88.2153
zf,G439,xcl_base_500k_p32x1_c005,5,42,10,87.3009,87.3009
zf,G439,xcl_base_500k_p32x1_c005,5,42,50,77.875,77.875
zf,G439,xcl_base_500k_p32x1_c005,5,42,100,61.8456,61.8456
zf,G439,xcl_base_500k_p32x1_c005,5,43,1,89.008,89.008
zf,G439,xcl_base_500k_p32x1_c005,5,43,5,88.1798,88.1798
zf,G439,xcl_base_500k_p32x1_c005,5,43,10,87.2204,87.2204
zf,G439,xcl_base_500k_p32x1_c005,5,43,50,78.7112,78.7112
zf,G439,xcl_base_500k_p32x1_c005,5,43,100,62.7102,62.7102
zf,G439,xcl_base_500k_p32x1_c005,5,44,1,89.2332,89.2332
zf,G439,xcl_base_500k_p32x1_c005,5,44,5,87.2633,87.2633
zf,G439,xcl_base_500k_p32x1_c005,5,44,10,85.9942,85.9942
zf,G439,xcl_base_500k_p32x1_c005,5,44,50,77.5809,77.5809
zf,G439,xcl_base_500k_p32x1_c005,5,44,100,61.983,61.983
zf,G439,xcl_base_500k_p32x1_c005,5,45,1,88.9228,88.9228
zf,G439,xcl_base_500k_p32x1_c005,5,45,5,88.4533,88.4533
zf,G439,xcl_base_500k_p32x1_c005,5,45,10,87.7374,87.7374
zf,G439,xcl_base_500k_p32x1_c005,5,45,50,79.4383,79.4383
zf,G439,xcl_base_500k_p32x1_c005,5,45,100,63.2429,63.2429
zf,G439,xcl_base_500k_p32x1_c005,5,46,1,88.7725,88.7725
zf,G439,xcl_base_500k_p32x1_c005,5,46,5,86.7208,86.7208
zf,G439,xcl_base_500k_p32x1_c005,5,46,10,85.7597,85.7597
zf,G439,xcl_base_500k_p32x1_c005,5,46,50,77.0276,77.0276
zf,G439,xcl_base_500k_p32x1_c005,5,46,100,61.7855,61.7855
zf,G439,xcl_base_500k_p32x4_c010,3,42,1,83.0611,83.0611
zf,G439,xcl_base_500k_p32x4_c010,3,42,5,81.8961,81.8961
zf,G439,xcl_base_500k_p32x4_c010,3,42,10,81.1784,81.1784
zf,G439,xcl_base_500k_p32x4_c010,3,42,50,71.5086,71.5086
zf,G439,xcl_base_500k_p32x4_c010,3,42,100,56.7315,56.7315
zf,G439,xcl_base_500k_p32x4_c010,3,43,1,83.0284,83.0284
zf,G439,xcl_base_500k_p32x4_c010,3,43,5,82.2755,82.2755
zf,G439,xcl_base_500k_p32x4_c010,3,43,10,80.9448,80.9448
zf,G439,xcl_base_500k_p32x4_c010,3,43,50,72.0327,72.0327
zf,G439,xcl_base_500k_p32x4_c010,3,43,100,57.3412,57.3412
zf,G439,xcl_base_500k_p32x4_c010,3,44,1,83.1336,83.1336
zf,G439,xcl_base_500k_p32x4_c010,3,44,5,81.9464,81.9464
zf,G439,xcl_base_500k_p32x4_c010,3,44,10,81.3113,81.3113
zf,G439,xcl_base_500k_p32x4_c010,3,44,50,71.7167,71.7167
zf,G439,xcl_base_500k_p32x4_c010,3,44,100,56.911,56.911
zf,G439,xcl_base_500k_p32x4_c010,3,45,1,83.6192,83.6192
zf,G439,xcl_base_500k_p32x4_c010,3,45,5,82.4851,82.4851
zf,G439,xcl_base_500k_p32x4_c010,3,45,10,81.3259,81.3259
zf,G439,xcl_base_500k_p32x4_c010,3,45,50,72.8996,72.8996
zf,G439,xcl_base_500k_p32x4_c010,3,45,100,57.8606,57.8606
zf,G439,xcl_base_500k_p32x4_c010,3,46,1,84.7228,84.7228
zf,G439,xcl_base_500k_p32x4_c010,3,46,5,81.5453,81.5453
zf,G439,xcl_base_500k_p32x4_c010,3,46,10,80.1236,80.1236
zf,G439,xcl_base_500k_p32x4_c010,3,46,50,71.6218,71.6218
zf,G439,xcl_base_500k_p32x4_c010,3,46,100,57.0441,57.0441
zf,G439,xcl_base_500k_p32x4_c010,4,42,1,83.1431,83.1431
zf,G439,xcl_base_500k_p32x4_c010,4,42,5,82.0705,82.0705
zf,G439,xcl_base_500k_p32x4_c010,4,42,10,81.4189,81.4189
zf,G439,xcl_base_500k_p32x4_c010,4,42,50,71.5354,71.5354
zf,G439,xcl_base_500k_p32x4_c010,4,42,100,56.687,56.687
zf,G439,xcl_base_500k_p32x4_c010,4,43,1,83.4868,83.4868
zf,G439,xcl_base_500k_p32x4_c010,4,43,5,82.2237,82.2237
zf,G439,xcl_base_500k_p32x4_c010,4,43,10,81.1188,81.1188
zf,G439,xcl_base_500k_p32x4_c010,4,43,50,71.8994,71.8994
zf,G439,xcl_base_500k_p32x4_c010,4,43,100,57.1693,57.1693
zf,G439,xcl_base_500k_p32x4_c010,4,44,1,83.406,83.406
zf,G439,xcl_base_500k_p32x4_c010,4,44,5,82.2997,82.2997
zf,G439,xcl_base_500k_p32x4_c010,4,44,10,81.4961,81.4961
zf,G439,xcl_base_500k_p32x4_c010,4,44,50,71.7502,71.7502
zf,G439,xcl_base_500k_p32x4_c010,4,44,100,56.8664,56.8664
zf,G439,xcl_base_500k_p32x4_c010,4,45,1,83.4335,83.4335
zf,G439,xcl_base_500k_p32x4_c010,4,45,5,82.5579,82.5579
zf,G439,xcl_base_500k_p32x4_c010,4,45,10,81.5152,81.5152
zf,G439,xcl_base_500k_p32x4_c010,4,45,50,72.8467,72.8467
zf,G439,xcl_base_500k_p32x4_c010,4,45,100,57.7162,57.7162
zf,G439,xcl_base_500k_p32x4_c010,4,46,1,84.4039,84.4039
zf,G439,xcl_base_500k_p32x4_c010,4,46,5,81.8,81.8
zf,G439,xcl_base_500k_p32x4_c010,4,46,10,80.2507,80.2507
zf,G439,xcl_base_500k_p32x4_c010,4,46,50,71.4239,71.4239
zf,G439,xcl_base_500k_p32x4_c010,4,46,100,56.8368,56.8368
zf,G439,xcl_large_500k_p32x1_c005,11,42,1,91.0997,91.0997
zf,G439,xcl_large_500k_p32x1_c005,11,42,5,89.9702,89.9702
zf,G439,xcl_large_500k_p32x1_c005,11,42,10,88.9379,88.9379
zf,G439,xcl_large_500k_p32x1_c005,11,42,50,80.0158,80.0158
zf,G439,xcl_large_500k_p32x1_c005,11,42,100,63.6182,63.6182
zf,G439,xcl_large_500k_p32x1_c005,11,43,1,90.8527,90.8527
zf,G439,xcl_large_500k_p32x1_c005,11,43,5,89.4084,89.4084
zf,G439,xcl_large_500k_p32x1_c005,11,43,10,88.3352,88.3352
zf,G439,xcl_large_500k_p32x1_c005,11,43,50,80.1396,80.1396
zf,G439,xcl_large_500k_p32x1_c005,11,43,100,63.8688,63.8688
zf,G439,xcl_large_500k_p32x1_c005,11,44,1,89.8982,89.8982
zf,G439,xcl_large_500k_p32x1_c005,11,44,5,88.5819,88.5819
zf,G439,xcl_large_500k_p32x1_c005,11,44,10,87.6617,87.6617
zf,G439,xcl_large_500k_p32x1_c005,11,44,50,79.503,79.503
zf,G439,xcl_large_500k_p32x1_c005,11,44,100,63.5327,63.5327
zf,G439,xcl_large_500k_p32x1_c005,11,45,1,91.0951,91.0951
zf,G439,xcl_large_500k_p32x1_c005,11,45,5,90.0884,90.0884
zf,G439,xcl_large_500k_p32x1_c005,11,45,10,89.2305,89.2305
zf,G439,xcl_large_500k_p32x1_c005,11,45,50,81.1112,81.1112
zf,G439,xcl_large_500k_p32x1_c005,11,45,100,64.7882,64.7882
zf,G439,xcl_large_500k_p32x1_c005,11,46,1,89.8489,89.8489
zf,G439,xcl_large_500k_p32x1_c005,11,46,5,88.454,88.454
zf,G439,xcl_large_500k_p32x1_c005,11,46,10,87.431,87.431
zf,G439,xcl_large_500k_p32x1_c005,11,46,50,78.7401,78.7401
zf,G439,xcl_large_500k_p32x1_c005,11,46,100,63.415,63.415
zf,G439,xcl_large_500k_p32x4_c0025,9,42,1,83.6556,83.6556
zf,G439,xcl_large_500k_p32x4_c0025,9,42,5,82.1213,82.1213
zf,G439,xcl_large_500k_p32x4_c0025,9,42,10,81.3917,81.3917
zf,G439,xcl_large_500k_p32x4_c0025,9,42,50,72.251,72.251
zf,G439,xcl_large_500k_p32x4_c0025,9,42,100,57.5586,57.5586
zf,G439,xcl_large_500k_p32x4_c0025,9,43,1,83.2614,83.2614
zf,G439,xcl_large_500k_p32x4_c0025,9,43,5,81.8629,81.8629
zf,G439,xcl_large_500k_p32x4_c0025,9,43,10,81.1226,81.1226
zf,G439,xcl_large_500k_p32x4_c0025,9,43,50,72.7855,72.7855
zf,G439,xcl_large_500k_p32x4_c0025,9,43,100,58.0363,58.0363
zf,G439,xcl_large_500k_p32x4_c0025,9,44,1,83.6707,83.6707
zf,G439,xcl_large_500k_p32x4_c0025,9,44,5,82.1901,82.1901
zf,G439,xcl_large_500k_p32x4_c0025,9,44,10,81.4779,81.4779
zf,G439,xcl_large_500k_p32x4_c0025,9,44,50,72.4677,72.4677
zf,G439,xcl_large_500k_p32x4_c0025,9,44,100,57.7469,57.7469
zf,G439,xcl_large_500k_p32x4_c0025,9,45,1,84.7123,84.7123
zf,G439,xcl_large_500k_p32x4_c0025,9,45,5,82.4249,82.4249
zf,G439,xcl_large_500k_p32x4_c0025,9,45,10,81.5961,81.5961
zf,G439,xcl_large_500k_p32x4_c0025,9,45,50,73.6213,73.6213
zf,G439,xcl_large_500k_p32x4_c0025,9,45,100,58.6946,58.6946
zf,G439,xcl_large_500k_p32x4_c0025,9,46,1,85.1847,85.1847
zf,G439,xcl_large_500k_p32x4_c0025,9,46,5,82.1827,82.1827
zf,G439,xcl_large_500k_p32x4_c0025,9,46,10,80.6688,80.6688
zf,G439,xcl_large_500k_p32x4_c0025,9,46,50,72.1551,72.1551
zf,G439,xcl_large_500k_p32x4_c0025,9,46,100,57.6959,57.6959
zf,G439,xcl_large_500k_p32x4_c010,10,42,1,83.3556,83.3556
zf,G439,xcl_large_500k_p32x4_c010,10,42,5,83.4631,83.4631
zf,G439,xcl_large_500k_p32x4_c010,10,42,10,82.4396,82.4396
zf,G439,xcl_large_500k_p32x4_c010,10,42,50,73.7333,73.7333
zf,G439,xcl_large_500k_p32x4_c010,10,42,100,59.3068,59.3068
zf,G439,xcl_large_500k_p32x4_c010,10,43,1,83.0899,83.0899
zf,G439,xcl_large_500k_p32x4_c010,10,43,5,83.0544,83.0544
zf,G439,xcl_large_500k_p32x4_c010,10,43,10,81.938,81.938
zf,G439,xcl_large_500k_p32x4_c010,10,43,50,73.8739,73.8739
zf,G439,xcl_large_500k_p32x4_c010,10,43,100,59.5995,59.5995
zf,G439,xcl_large_500k_p32x4_c010,10,44,1,83.3849,83.3849
zf,G439,xcl_large_500k_p32x4_c010,10,44,5,83.3502,83.3502
zf,G439,xcl_large_500k_p32x4_c010,10,44,10,82.4425,82.4425
zf,G439,xcl_large_500k_p32x4_c010,10,44,50,73.6821,73.6821
zf,G439,xcl_large_500k_p32x4_c010,10,44,100,59.3757,59.3757
zf,G439,xcl_large_500k_p32x4_c010,10,45,1,84.6367,84.6367
zf,G439,xcl_large_500k_p32x4_c010,10,45,5,83.2072,83.2072
zf,G439,xcl_large_500k_p32x4_c010,10,45,10,82.4881,82.4881
zf,G439,xcl_large_500k_p32x4_c010,10,45,50,74.9766,74.9766
zf,G439,xcl_large_500k_p32x4_c010,10,45,100,60.3795,60.3795
zf,G439,xcl_large_500k_p32x4_c010,10,46,1,85.7829,85.7829
zf,G439,xcl_large_500k_p32x4_c010,10,46,5,82.6787,82.6787
zf,G439,xcl_large_500k_p32x4_c010,10,46,10,81.4137,81.4137
zf,G439,xcl_large_500k_p32x4_c010,10,46,50,73.368,73.368
zf,G439,xcl_large_500k_p32x4_c010,10,46,100,59.2685,59.2685
zf,G439,xcl_micro_500k_p32x1_c005,4,42,1,87.2157,87.2157
zf,G439,xcl_micro_500k_p32x1_c005,4,42,5,84.3998,84.3998
zf,G439,xcl_micro_500k_p32x1_c005,4,42,10,82.6067,82.6067
zf,G439,xcl_micro_500k_p32x1_c005,4,42,50,71.1943,71.1943
zf,G439,xcl_micro_500k_p32x1_c005,4,42,100,55.8799,55.8799
zf,G439,xcl_micro_500k_p32x1_c005,4,43,1,86.7001,86.7001
zf,G439,xcl_micro_500k_p32x1_c005,4,43,5,85.0203,85.0203
zf,G439,xcl_micro_500k_p32x1_c005,4,43,10,83.5442,83.5442
zf,G439,xcl_micro_500k_p32x1_c005,4,43,50,73.2216,73.2216
zf,G439,xcl_micro_500k_p32x1_c005,4,43,100,57.1038,57.1038
zf,G439,xcl_micro_500k_p32x1_c005,4,44,1,86.6029,86.6029
zf,G439,xcl_micro_500k_p32x1_c005,4,44,5,84.0206,84.0206
zf,G439,xcl_micro_500k_p32x1_c005,4,44,10,82.2953,82.2953
zf,G439,xcl_micro_500k_p32x1_c005,4,44,50,71.8078,71.8078
zf,G439,xcl_micro_500k_p32x1_c005,4,44,100,56.6062,56.6062
zf,G439,xcl_micro_500k_p32x1_c005,4,45,1,88.0331,88.0331
zf,G439,xcl_micro_500k_p32x1_c005,4,45,5,85.6437,85.6437
zf,G439,xcl_micro_500k_p32x1_c005,4,45,10,84.1221,84.1221
zf,G439,xcl_micro_500k_p32x1_c005,4,45,50,73.2191,73.2191
zf,G439,xcl_micro_500k_p32x1_c005,4,45,100,57.3195,57.3195
zf,G439,xcl_micro_500k_p32x1_c005,4,46,1,86.4632,86.4632
zf,G439,xcl_micro_500k_p32x1_c005,4,46,5,83.248,83.248
zf,G439,xcl_micro_500k_p32x1_c005,4,46,10,81.4282,81.4282
zf,G439,xcl_micro_500k_p32x1_c005,4,46,50,70.7742,70.7742
zf,G439,xcl_micro_500k_p32x1_c005,4,46,100,56.1793,56.1793
zf,G439,xcl_micro_500k_p32x1_c005,5,42,1,87.3932,87.3932
zf,G439,xcl_micro_500k_p32x1_c005,5,42,5,84.6301,84.6301
zf,G439,xcl_micro_500k_p32x1_c005,5,42,10,83.0978,83.0978
zf,G439,xcl_micro_500k_p32x1_c005,5,42,50,71.4986,71.4986
zf,G439,xcl_micro_500k_p32x1_c005,5,42,100,55.9146,55.9146
zf,G439,xcl_micro_500k_p32x1_c005,5,43,1,86.8332,86.8332
zf,G439,xcl_micro_500k_p32x1_c005,5,43,5,85.4352,85.4352
zf,G439,xcl_micro_500k_p32x1_c005,5,43,10,84.0925,84.0925
zf,G439,xcl_micro_500k_p32x1_c005,5,43,50,73.4153,73.4153
zf,G439,xcl_micro_500k_p32x1_c005,5,43,100,57.0558,57.0558
zf,G439,xcl_micro_500k_p32x1_c005,5,44,1,86.7435,86.7435
zf,G439,xcl_micro_500k_p32x1_c005,5,44,5,84.5012,84.5012
zf,G439,xcl_micro_500k_p32x1_c005,5,44,10,82.7453,82.7453
zf,G439,xcl_micro_500k_p32x1_c005,5,44,50,72.0637,72.0637
zf,G439,xcl_micro_500k_p32x1_c005,5,44,100,56.6132,56.6132
zf,G439,xcl_micro_500k_p32x1_c005,5,45,1,87.9093,87.9093
zf,G439,xcl_micro_500k_p32x1_c005,5,45,5,86.1902,86.1902
zf,G439,xcl_micro_500k_p32x1_c005,5,45,10,84.548,84.548
zf,G439,xcl_micro_500k_p32x1_c005,5,45,50,73.3564,73.3564
zf,G439,xcl_micro_500k_p32x1_c005,5,45,100,57.2128,57.2128
zf,G439,xcl_micro_500k_p32x1_c005,5,46,1,86.4822,86.4822
zf,G439,xcl_micro_500k_p32x1_c005,5,46,5,83.6474,83.6474
zf,G439,xcl_micro_500k_p32x1_c005,5,46,10,81.9963,81.9963
zf,G439,xcl_micro_500k_p32x1_c005,5,46,50,71.0237,71.0237
zf,G439,xcl_micro_500k_p32x1_c005,5,46,100,56.0537,56.0537
zf,G439,xcl_micro_500k_p32x4_c010,3,42,1,82.122,82.122
zf,G439,xcl_micro_500k_p32x4_c010,3,42,5,80.2881,80.2881
zf,G439,xcl_micro_500k_p32x4_c010,3,42,10,79.2429,79.2429
zf,G439,xcl_micro_500k_p32x4_c010,3,42,50,68.1717,68.1717
zf,G439,xcl_micro_500k_p32x4_c010,3,42,100,53.8138,53.8138
zf,G439,xcl_micro_500k_p32x4_c010,3,43,1,82.463,82.463
zf,G439,xcl_micro_500k_p32x4_c010,3,43,5,80.0249,80.0249
zf,G439,xcl_micro_500k_p32x4_c010,3,43,10,78.8401,78.8401
zf,G439,xcl_micro_500k_p32x4_c010,3,43,50,68.4917,68.4917
zf,G439,xcl_micro_500k_p32x4_c010,3,43,100,53.9735,53.9735
zf,G439,xcl_micro_500k_p32x4_c010,3,44,1,83.6865,83.6865
zf,G439,xcl_micro_500k_p32x4_c010,3,44,5,80.6954,80.6954
zf,G439,xcl_micro_500k_p32x4_c010,3,44,10,79.6188,79.6188
zf,G439,xcl_micro_500k_p32x4_c010,3,44,50,68.7327,68.7327
zf,G439,xcl_micro_500k_p32x4_c010,3,44,100,53.7646,53.7646
zf,G439,xcl_micro_500k_p32x4_c010,3,45,1,83.4132,83.4132
zf,G439,xcl_micro_500k_p32x4_c010,3,45,5,80.9587,80.9587
zf,G439,xcl_micro_500k_p32x4_c010,3,45,10,79.9844,79.9844
zf,G439,xcl_micro_500k_p32x4_c010,3,45,50,69.5699,69.5699
zf,G439,xcl_micro_500k_p32x4_c010,3,45,100,54.6992,54.6992
zf,G439,xcl_micro_500k_p32x4_c010,3,46,1,83.2928,83.2928
zf,G439,xcl_micro_500k_p32x4_c010,3,46,5,79.8532,79.8532
zf,G439,xcl_micro_500k_p32x4_c010,3,46,10,78.0167,78.0167
zf,G439,xcl_micro_500k_p32x4_c010,3,46,50,68.1671,68.1671
zf,G439,xcl_micro_500k_p32x4_c010,3,46,100,53.9346,53.9346
zf,G524,birdaves_biox_base,3,42,1,82.3475,82.3475
zf,G524,birdaves_biox_base,3,42,5,79.6076,79.6076
zf,G524,birdaves_biox_base,3,42,10,77.3409,77.3409
zf,G524,birdaves_biox_base,3,42,50,69.4394,69.4394
zf,G524,birdaves_biox_base,3,42,100,60.274,60.274
zf,G524,birdaves_biox_base,3,43,1,84.0221,84.0221
zf,G524,birdaves_biox_base,3,43,5,79.3941,79.3941
zf,G524,birdaves_biox_base,3,43,10,77.1036,77.1036
zf,G524,birdaves_biox_base,3,43,50,69.2621,69.2621
zf,G524,birdaves_biox_base,3,43,100,60.2187,60.2187
zf,G524,birdaves_biox_base,3,44,1,85.1457,85.1457
zf,G524,birdaves_biox_base,3,44,5,81.4937,81.4937
zf,G524,birdaves_biox_base,3,44,10,79.2144,79.2144
zf,G524,birdaves_biox_base,3,44,50,70.9615,70.9615
zf,G524,birdaves_biox_base,3,44,100,61.4408,61.4408
zf,G524,birdaves_biox_base,3,45,1,85.2695,85.2695
zf,G524,birdaves_biox_base,3,45,5,81.5575,81.5575
zf,G524,birdaves_biox_base,3,45,10,79.0757,79.0757
zf,G524,birdaves_biox_base,3,45,50,71.0335,71.0335
zf,G524,birdaves_biox_base,3,45,100,61.6075,61.6075
zf,G524,birdaves_biox_base,3,46,1,83.8165,83.8165
zf,G524,birdaves_biox_base,3,46,5,79.7797,79.7797
zf,G524,birdaves_biox_base,3,46,10,77.387,77.387
zf,G524,birdaves_biox_base,3,46,50,69.5135,69.5135
zf,G524,birdaves_biox_base,3,46,100,60.417,60.417
zf,G524,birdaves_biox_base,7,42,1,82.3341,82.3341
zf,G524,birdaves_biox_base,7,42,5,79.5216,79.5216
zf,G524,birdaves_biox_base,7,42,10,77.38,77.38
zf,G524,birdaves_biox_base,7,42,50,70.1852,70.1852
zf,G524,birdaves_biox_base,7,42,100,60.507,60.507
zf,G524,birdaves_biox_base,7,43,1,82.7786,82.7786
zf,G524,birdaves_biox_base,7,43,5,79.4549,79.4549
zf,G524,birdaves_biox_base,7,43,10,77.3185,77.3185
zf,G524,birdaves_biox_base,7,43,50,70.3832,70.3832
zf,G524,birdaves_biox_base,7,43,100,60.6671,60.6671
zf,G524,birdaves_biox_base,7,44,1,83.7324,83.7324
zf,G524,birdaves_biox_base,7,44,5,81.5608,81.5608
zf,G524,birdaves_biox_base,7,44,10,79.2642,79.2642
zf,G524,birdaves_biox_base,7,44,50,71.8065,71.8065
zf,G524,birdaves_biox_base,7,44,100,61.7355,61.7355
zf,G524,birdaves_biox_base,7,45,1,85.7849,85.7849
zf,G524,birdaves_biox_base,7,45,5,81.3917,81.3917
zf,G524,birdaves_biox_base,7,45,10,79.0262,79.0262
zf,G524,birdaves_biox_base,7,45,50,72.0034,72.0034
zf,G524,birdaves_biox_base,7,45,100,61.8159,61.8159
zf,G524,birdaves_biox_base,7,46,1,83.1766,83.1766
zf,G524,birdaves_biox_base,7,46,5,80.4612,80.4612
zf,G524,birdaves_biox_base,7,46,10,77.7384,77.7384
zf,G524,birdaves_biox_base,7,46,50,70.6632,70.6632
zf,G524,birdaves_biox_base,7,46,100,60.8848,60.8848
zf,G524,birdaves_biox_base_speed0p25,3,42,1,83.3931,83.3931
zf,G524,birdaves_biox_base_speed0p25,3,42,5,79.8756,79.8756
zf,G524,birdaves_biox_base_speed0p25,3,42,10,77.6699,77.6699
zf,G524,birdaves_biox_base_speed0p25,3,42,50,70.0549,70.0549
zf,G524,birdaves_biox_base_speed0p25,3,42,100,57.6752,57.6752
zf,G524,birdaves_biox_base_speed0p25,3,43,1,83.887,83.887
zf,G524,birdaves_biox_base_speed0p25,3,43,5,80.2803,80.2803
zf,G524,birdaves_biox_base_speed0p25,3,43,10,78.2294,78.2294
zf,G524,birdaves_biox_base_speed0p25,3,43,50,70.6911,70.6911
zf,G524,birdaves_biox_base_speed0p25,3,43,100,58.2286,58.2286
zf,G524,birdaves_biox_base_speed0p25,3,44,1,85.4943,85.4943
zf,G524,birdaves_biox_base_speed0p25,3,44,5,82.2137,82.2137
zf,G524,birdaves_biox_base_speed0p25,3,44,10,80.102,80.102
zf,G524,birdaves_biox_base_speed0p25,3,44,50,72.5539,72.5539
zf,G524,birdaves_biox_base_speed0p25,3,44,100,59.6482,59.6482
zf,G524,birdaves_biox_base_speed0p25,3,45,1,86.1595,86.1595
zf,G524,birdaves_biox_base_speed0p25,3,45,5,82.5431,82.5431
zf,G524,birdaves_biox_base_speed0p25,3,45,10,80.462,80.462
zf,G524,birdaves_biox_base_speed0p25,3,45,50,72.6896,72.6896
zf,G524,birdaves_biox_base_speed0p25,3,45,100,59.8504,59.8504
zf,G524,birdaves_biox_base_speed0p25,3,46,1,84.1363,84.1363
zf,G524,birdaves_biox_base_speed0p25,3,46,5,80.4597,80.4597
zf,G524,birdaves_biox_base_speed0p25,3,46,10,78.2906,78.2906
zf,G524,birdaves_biox_base_speed0p25,3,46,50,70.673,70.673
zf,G524,birdaves_biox_base_speed0p25,3,46,100,58.6618,58.6618
zf,G524,birdaves_biox_base_speed0p25,4,42,1,83.9555,83.9555
zf,G524,birdaves_biox_base_speed0p25,4,42,5,81.0433,81.0433
zf,G524,birdaves_biox_base_speed0p25,4,42,10,78.859,78.859
zf,G524,birdaves_biox_base_speed0p25,4,42,50,71.4744,71.4744
zf,G524,birdaves_biox_base_speed0p25,4,42,100,59.546,59.546
zf,G524,birdaves_biox_base_speed0p25,4,43,1,84.7409,84.7409
zf,G524,birdaves_biox_base_speed0p25,4,43,5,81.317,81.317
zf,G524,birdaves_biox_base_speed0p25,4,43,10,79.2083,79.2083
zf,G524,birdaves_biox_base_speed0p25,4,43,50,71.8863,71.8863
zf,G524,birdaves_biox_base_speed0p25,4,43,100,59.8965,59.8965
zf,G524,birdaves_biox_base_speed0p25,4,44,1,86.3402,86.3402
zf,G524,birdaves_biox_base_speed0p25,4,44,5,83.1831,83.1831
zf,G524,birdaves_biox_base_speed0p25,4,44,10,81.2187,81.2187
zf,G524,birdaves_biox_base_speed0p25,4,44,50,73.9291,73.9291
zf,G524,birdaves_biox_base_speed0p25,4,44,100,61.5006,61.5006
zf,G524,birdaves_biox_base_speed0p25,4,45,1,86.8237,86.8237
zf,G524,birdaves_biox_base_speed0p25,4,45,5,83.2178,83.2178
zf,G524,birdaves_biox_base_speed0p25,4,45,10,81.3679,81.3679
zf,G524,birdaves_biox_base_speed0p25,4,45,50,73.7975,73.7975
zf,G524,birdaves_biox_base_speed0p25,4,45,100,61.367,61.367
zf,G524,birdaves_biox_base_speed0p25,4,46,1,84.8074,84.8074
zf,G524,birdaves_biox_base_speed0p25,4,46,5,81.2859,81.2859
zf,G524,birdaves_biox_base_speed0p25,4,46,10,79.3634,79.3634
zf,G524,birdaves_biox_base_speed0p25,4,46,50,71.9119,71.9119
zf,G524,birdaves_biox_base_speed0p25,4,46,100,60.3336,60.3336
zf,G524,birdaves_biox_base_speed0p5,3,42,1,83.8317,83.8317
zf,G524,birdaves_biox_base_speed0p5,3,42,5,80.9147,80.9147
zf,G524,birdaves_biox_base_speed0p5,3,42,10,78.5287,78.5287
zf,G524,birdaves_biox_base_speed0p5,3,42,50,71.0988,71.0988
zf,G524,birdaves_biox_base_speed0p5,3,42,100,61.3075,61.3075
zf,G524,birdaves_biox_base_speed0p5,3,43,1,84.8975,84.8975
zf,G524,birdaves_biox_base_speed0p5,3,43,5,81.3459,81.3459
zf,G524,birdaves_biox_base_speed0p5,3,43,10,79.0417,79.0417
zf,G524,birdaves_biox_base_speed0p5,3,43,50,71.5352,71.5352
zf,G524,birdaves_biox_base_speed0p5,3,43,100,61.3972,61.3972
zf,G524,birdaves_biox_base_speed0p5,3,44,1,86.502,86.502
zf,G524,birdaves_biox_base_speed0p5,3,44,5,82.9581,82.9581
zf,G524,birdaves_biox_base_speed0p5,3,44,10,80.7795,80.7795
zf,G524,birdaves_biox_base_speed0p5,3,44,50,73.4761,73.4761
zf,G524,birdaves_biox_base_speed0p5,3,44,100,63.0752,63.0752
zf,G524,birdaves_biox_base_speed0p5,3,45,1,86.549,86.549
zf,G524,birdaves_biox_base_speed0p5,3,45,5,83.4123,83.4123
zf,G524,birdaves_biox_base_speed0p5,3,45,10,81.2122,81.2122
zf,G524,birdaves_biox_base_speed0p5,3,45,50,73.7389,73.7389
zf,G524,birdaves_biox_base_speed0p5,3,45,100,63.1359,63.1359
zf,G524,birdaves_biox_base_speed0p5,3,46,1,85.6225,85.6225
zf,G524,birdaves_biox_base_speed0p5,3,46,5,82.419,82.419
zf,G524,birdaves_biox_base_speed0p5,3,46,10,80.2695,80.2695
zf,G524,birdaves_biox_base_speed0p5,3,46,50,72.3217,72.3217
zf,G524,birdaves_biox_base_speed0p5,3,46,100,62.2827,62.2827
zf,G524,birdaves_biox_base_speed0p5,6,42,1,83.0609,83.0609
zf,G524,birdaves_biox_base_speed0p5,6,42,5,80.9086,80.9086
zf,G524,birdaves_biox_base_speed0p5,6,42,10,78.5481,78.5481
zf,G524,birdaves_biox_base_speed0p5,6,42,50,71.0467,71.0467
zf,G524,birdaves_biox_base_speed0p5,6,42,100,62.0253,62.0253
zf,G524,birdaves_biox_base_speed0p5,6,43,1,82.2069,82.2069
zf,G524,birdaves_biox_base_speed0p5,6,43,5,80.4361,80.4361
zf,G524,birdaves_biox_base_speed0p5,6,43,10,78.476,78.476
zf,G524,birdaves_biox_base_speed0p5,6,43,50,71.208,71.208
zf,G524,birdaves_biox_base_speed0p5,6,43,100,61.9182,61.9182
zf,G524,birdaves_biox_base_speed0p5,6,44,1,85.2104,85.2104
zf,G524,birdaves_biox_base_speed0p5,6,44,5,82.5849,82.5849
zf,G524,birdaves_biox_base_speed0p5,6,44,10,80.4428,80.4428
zf,G524,birdaves_biox_base_speed0p5,6,44,50,73.3227,73.3227
zf,G524,birdaves_biox_base_speed0p5,6,44,100,63.776,63.776
zf,G524,birdaves_biox_base_speed0p5,6,45,1,85.4624,85.4624
zf,G524,birdaves_biox_base_speed0p5,6,45,5,83.0373,83.0373
zf,G524,birdaves_biox_base_speed0p5,6,45,10,80.9925,80.9925
zf,G524,birdaves_biox_base_speed0p5,6,45,50,73.3893,73.3893
zf,G524,birdaves_biox_base_speed0p5,6,45,100,63.6595,63.6595
zf,G524,birdaves_biox_base_speed0p5,6,46,1,84.4613,84.4613
zf,G524,birdaves_biox_base_speed0p5,6,46,5,82.2153,82.2153
zf,G524,birdaves_biox_base_speed0p5,6,46,10,79.8623,79.8623
zf,G524,birdaves_biox_base_speed0p5,6,46,50,72.1846,72.1846
zf,G524,birdaves_biox_base_speed0p5,6,46,100,63.0332,63.0332
zf,G524,hubert_base_ls960,0,42,1,79.4634,79.4634
zf,G524,hubert_base_ls960,0,42,5,75.0396,75.0396
zf,G524,hubert_base_ls960,0,42,10,72.9469,72.9469
zf,G524,hubert_base_ls960,0,42,50,63.7468,63.7468
zf,G524,hubert_base_ls960,0,42,100,51.249,51.249
zf,G524,hubert_base_ls960,0,43,1,78.6049,78.6049
zf,G524,hubert_base_ls960,0,43,5,74.8766,74.8766
zf,G524,hubert_base_ls960,0,43,10,72.9953,72.9953
zf,G524,hubert_base_ls960,0,43,50,63.9975,63.9975
zf,G524,hubert_base_ls960,0,43,100,51.5465,51.5465
zf,G524,hubert_base_ls960,0,44,1,80.4491,80.4491
zf,G524,hubert_base_ls960,0,44,5,76.311,76.311
zf,G524,hubert_base_ls960,0,44,10,74.2029,74.2029
zf,G524,hubert_base_ls960,0,44,50,65.1717,65.1717
zf,G524,hubert_base_ls960,0,44,100,52.4576,52.4576
zf,G524,hubert_base_ls960,0,45,1,82.1888,82.1888
zf,G524,hubert_base_ls960,0,45,5,77.9703,77.9703
zf,G524,hubert_base_ls960,0,45,10,75.1242,75.1242
zf,G524,hubert_base_ls960,0,45,50,65.4311,65.4311
zf,G524,hubert_base_ls960,0,45,100,52.7009,52.7009
zf,G524,hubert_base_ls960,0,46,1,78.4683,78.4683
zf,G524,hubert_base_ls960,0,46,5,75.5744,75.5744
zf,G524,hubert_base_ls960,0,46,10,73.5963,73.5963
zf,G524,hubert_base_ls960,0,46,50,64.2227,64.2227
zf,G524,hubert_base_ls960,0,46,100,51.7305,51.7305
zf,G524,hubert_base_ls960,3,42,1,78.9439,78.9439
zf,G524,hubert_base_ls960,3,42,5,74.523,74.523
zf,G524,hubert_base_ls960,3,42,10,72.0764,72.0764
zf,G524,hubert_base_ls960,3,42,50,62.6185,62.6185
zf,G524,hubert_base_ls960,3,42,100,50.6821,50.6821
zf,G524,hubert_base_ls960,3,43,1,77.2327,77.2327
zf,G524,hubert_base_ls960,3,43,5,73.5294,73.5294
zf,G524,hubert_base_ls960,3,43,10,71.3603,71.3603
zf,G524,hubert_base_ls960,3,43,50,62.1438,62.1438
zf,G524,hubert_base_ls960,3,43,100,50.1999,50.1999
zf,G524,hubert_base_ls960,3,44,1,80.2463,80.2463
zf,G524,hubert_base_ls960,3,44,5,75.4644,75.4644
zf,G524,hubert_base_ls960,3,44,10,72.9481,72.9481
zf,G524,hubert_base_ls960,3,44,50,63.7876,63.7876
zf,G524,hubert_base_ls960,3,44,100,51.5479,51.5479
zf,G524,hubert_base_ls960,3,45,1,81.8107,81.8107
zf,G524,hubert_base_ls960,3,45,5,76.7855,76.7855
zf,G524,hubert_base_ls960,3,45,10,74.0878,74.0878
zf,G524,hubert_base_ls960,3,45,50,64.0457,64.0457
zf,G524,hubert_base_ls960,3,45,100,51.7669,51.7669
zf,G524,hubert_base_ls960,3,46,1,77.5528,77.5528
zf,G524,hubert_base_ls960,3,46,5,74.4161,74.4161
zf,G524,hubert_base_ls960,3,46,10,72.5967,72.5967
zf,G524,hubert_base_ls960,3,46,50,62.8152,62.8152
zf,G524,hubert_base_ls960,3,46,100,50.997,50.997
zf,G524,xcl_base_500k_p32x1_c005,5,42,1,85.9414,85.9414
zf,G524,xcl_base_500k_p32x1_c005,5,42,5,82.9291,82.9291
zf,G524,xcl_base_500k_p32x1_c005,5,42,10,80.7682,80.7682
zf,G524,xcl_base_500k_p32x1_c005,5,42,50,72.8218,72.8218
zf,G524,xcl_base_500k_p32x1_c005,5,42,100,61.0393,61.0393
zf,G524,xcl_base_500k_p32x1_c005,5,43,1,85.3818,85.3818
zf,G524,xcl_base_500k_p32x1_c005,5,43,5,82.8091,82.8091
zf,G524,xcl_base_500k_p32x1_c005,5,43,10,80.6971,80.6971
zf,G524,xcl_base_500k_p32x1_c005,5,43,50,73.3182,73.3182
zf,G524,xcl_base_500k_p32x1_c005,5,43,100,60.5783,60.5783
zf,G524,xcl_base_500k_p32x1_c005,5,44,1,88.3981,88.3981
zf,G524,xcl_base_500k_p32x1_c005,5,44,5,85.3251,85.3251
zf,G524,xcl_base_500k_p32x1_c005,5,44,10,83.3413,83.3413
zf,G524,xcl_base_500k_p32x1_c005,5,44,50,75.5508,75.5508
zf,G524,xcl_base_500k_p32x1_c005,5,44,100,62.6148,62.6148
zf,G524,xcl_base_500k_p32x1_c005,5,45,1,88.781,88.781
zf,G524,xcl_base_500k_p32x1_c005,5,45,5,85.8561,85.8561
zf,G524,xcl_base_500k_p32x1_c005,5,45,10,83.7525,83.7525
zf,G524,xcl_base_500k_p32x1_c005,5,45,50,75.9386,75.9386
zf,G524,xcl_base_500k_p32x1_c005,5,45,100,62.6238,62.6238
zf,G524,xcl_base_500k_p32x1_c005,5,46,1,87.4856,87.4856
zf,G524,xcl_base_500k_p32x1_c005,5,46,5,84.1115,84.1115
zf,G524,xcl_base_500k_p32x1_c005,5,46,10,81.8404,81.8404
zf,G524,xcl_base_500k_p32x1_c005,5,46,50,74.1161,74.1161
zf,G524,xcl_base_500k_p32x1_c005,5,46,100,61.5634,61.5634
zf,G524,xcl_base_500k_p32x4_c010,3,42,1,82.1655,82.1655
zf,G524,xcl_base_500k_p32x4_c010,3,42,5,79.3617,79.3617
zf,G524,xcl_base_500k_p32x4_c010,3,42,10,77.4647,77.4647
zf,G524,xcl_base_500k_p32x4_c010,3,42,50,68.9925,68.9925
zf,G524,xcl_base_500k_p32x4_c010,3,42,100,57.2438,57.2438
zf,G524,xcl_base_500k_p32x4_c010,3,43,1,81.203,81.203
zf,G524,xcl_base_500k_p32x4_c010,3,43,5,78.5485,78.5485
zf,G524,xcl_base_500k_p32x4_c010,3,43,10,76.6389,76.6389
zf,G524,xcl_base_500k_p32x4_c010,3,43,50,68.7268,68.7268
zf,G524,xcl_base_500k_p32x4_c010,3,43,100,57.0914,57.0914
zf,G524,xcl_base_500k_p32x4_c010,3,44,1,82.6704,82.6704
zf,G524,xcl_base_500k_p32x4_c010,3,44,5,80.9014,80.9014
zf,G524,xcl_base_500k_p32x4_c010,3,44,10,78.7328,78.7328
zf,G524,xcl_base_500k_p32x4_c010,3,44,50,70.2341,70.2341
zf,G524,xcl_base_500k_p32x4_c010,3,44,100,58.3274,58.3274
zf,G524,xcl_base_500k_p32x4_c010,3,45,1,84.1101,84.1101
zf,G524,xcl_base_500k_p32x4_c010,3,45,5,80.9217,80.9217
zf,G524,xcl_base_500k_p32x4_c010,3,45,10,79.0241,79.0241
zf,G524,xcl_base_500k_p32x4_c010,3,45,50,70.0629,70.0629
zf,G524,xcl_base_500k_p32x4_c010,3,45,100,58.1124,58.1124
zf,G524,xcl_base_500k_p32x4_c010,3,46,1,82.3438,82.3438
zf,G524,xcl_base_500k_p32x4_c010,3,46,5,79.0961,79.0961
zf,G524,xcl_base_500k_p32x4_c010,3,46,10,77.3183,77.3183
zf,G524,xcl_base_500k_p32x4_c010,3,46,50,68.7726,68.7726
zf,G524,xcl_base_500k_p32x4_c010,3,46,100,57.2877,57.2877
zf,G524,xcl_base_500k_p32x4_c010,4,42,1,81.6847,81.6847
zf,G524,xcl_base_500k_p32x4_c010,4,42,5,79.2633,79.2633
zf,G524,xcl_base_500k_p32x4_c010,4,42,10,76.9253,76.9253
zf,G524,xcl_base_500k_p32x4_c010,4,42,50,68.6437,68.6437
zf,G524,xcl_base_500k_p32x4_c010,4,42,100,56.8419,56.8419
zf,G524,xcl_base_500k_p32x4_c010,4,43,1,81.3073,81.3073
zf,G524,xcl_base_500k_p32x4_c010,4,43,5,78.3255,78.3255
zf,G524,xcl_base_500k_p32x4_c010,4,43,10,76.3756,76.3756
zf,G524,xcl_base_500k_p32x4_c010,4,43,50,68.403,68.403
zf,G524,xcl_base_500k_p32x4_c010,4,43,100,56.7576,56.7576
zf,G524,xcl_base_500k_p32x4_c010,4,44,1,82.7979,82.7979
zf,G524,xcl_base_500k_p32x4_c010,4,44,5,80.574,80.574
zf,G524,xcl_base_500k_p32x4_c010,4,44,10,78.4909,78.4909
zf,G524,xcl_base_500k_p32x4_c010,4,44,50,69.9482,69.9482
zf,G524,xcl_base_500k_p32x4_c010,4,44,100,57.9387,57.9387
zf,G524,xcl_base_500k_p32x4_c010,4,45,1,84.1228,84.1228
zf,G524,xcl_base_500k_p32x4_c010,4,45,5,80.7837,80.7837
zf,G524,xcl_base_500k_p32x4_c010,4,45,10,78.351,78.351
zf,G524,xcl_base_500k_p32x4_c010,4,45,50,69.7785,69.7785
zf,G524,xcl_base_500k_p32x4_c010,4,45,100,57.7125,57.7125
zf,G524,xcl_base_500k_p32x4_c010,4,46,1,81.1325,81.1325
zf,G524,xcl_base_500k_p32x4_c010,4,46,5,78.8251,78.8251
zf,G524,xcl_base_500k_p32x4_c010,4,46,10,76.7274,76.7274
zf,G524,xcl_base_500k_p32x4_c010,4,46,50,68.3642,68.3642
zf,G524,xcl_base_500k_p32x4_c010,4,46,100,56.8485,56.8485
zf,G524,xcl_large_500k_p32x1_c005,11,42,1,86.6948,86.6948
zf,G524,xcl_large_500k_p32x1_c005,11,42,5,84.7135,84.7135
zf,G524,xcl_large_500k_p32x1_c005,11,42,10,82.3489,82.3489
zf,G524,xcl_large_500k_p32x1_c005,11,42,50,75.2346,75.2346
zf,G524,xcl_large_500k_p32x1_c005,11,42,100,64.3136,64.3136
zf,G524,xcl_large_500k_p32x1_c005,11,43,1,86.6033,86.6033
zf,G524,xcl_large_500k_p32x1_c005,11,43,5,84.4516,84.4516
zf,G524,xcl_large_500k_p32x1_c005,11,43,10,82.1543,82.1543
zf,G524,xcl_large_500k_p32x1_c005,11,43,50,75.8023,75.8023
zf,G524,xcl_large_500k_p32x1_c005,11,43,100,64.0401,64.0401
zf,G524,xcl_large_500k_p32x1_c005,11,44,1,89.0311,89.0311
zf,G524,xcl_large_500k_p32x1_c005,11,44,5,86.9214,86.9214
zf,G524,xcl_large_500k_p32x1_c005,11,44,10,84.6851,84.6851
zf,G524,xcl_large_500k_p32x1_c005,11,44,50,78.1496,78.1496
zf,G524,xcl_large_500k_p32x1_c005,11,44,100,66.1187,66.1187
zf,G524,xcl_large_500k_p32x1_c005,11,45,1,89.7529,89.7529
zf,G524,xcl_large_500k_p32x1_c005,11,45,5,86.9708,86.9708
zf,G524,xcl_large_500k_p32x1_c005,11,45,10,84.8642,84.8642
zf,G524,xcl_large_500k_p32x1_c005,11,45,50,78.0794,78.0794
zf,G524,xcl_large_500k_p32x1_c005,11,45,100,65.892,65.892
zf,G524,xcl_large_500k_p32x1_c005,11,46,1,88.1153,88.1153
zf,G524,xcl_large_500k_p32x1_c005,11,46,5,85.4079,85.4079
zf,G524,xcl_large_500k_p32x1_c005,11,46,10,83.3139,83.3139
zf,G524,xcl_large_500k_p32x1_c005,11,46,50,76.6091,76.6091
zf,G524,xcl_large_500k_p32x1_c005,11,46,100,65.1134,65.1134
zf,G524,xcl_large_500k_p32x4_c0025,9,42,1,81.5241,81.5241
zf,G524,xcl_large_500k_p32x4_c0025,9,42,5,79.0917,79.0917
zf,G524,xcl_large_500k_p32x4_c0025,9,42,10,76.6911,76.6911
zf,G524,xcl_large_500k_p32x4_c0025,9,42,50,68.1713,68.1713
zf,G524,xcl_large_500k_p32x4_c0025,9,42,100,56.5064,56.5064
zf,G524,xcl_large_500k_p32x4_c0025,9,43,1,81.3768,81.3768
zf,G524,xcl_large_500k_p32x4_c0025,9,43,5,78.0382,78.0382
zf,G524,xcl_large_500k_p32x4_c0025,9,43,10,75.9007,75.9007
zf,G524,xcl_large_500k_p32x4_c0025,9,43,50,68.0224,68.0224
zf,G524,xcl_large_500k_p32x4_c0025,9,43,100,56.4307,56.4307
zf,G524,xcl_large_500k_p32x4_c0025,9,44,1,83.6915,83.6915
zf,G524,xcl_large_500k_p32x4_c0025,9,44,5,80.5156,80.5156
zf,G524,xcl_large_500k_p32x4_c0025,9,44,10,78.5004,78.5004
zf,G524,xcl_large_500k_p32x4_c0025,9,44,50,69.8266,69.8266
zf,G524,xcl_large_500k_p32x4_c0025,9,44,100,57.8619,57.8619
zf,G524,xcl_large_500k_p32x4_c0025,9,45,1,83.5793,83.5793
zf,G524,xcl_large_500k_p32x4_c0025,9,45,5,80.488,80.488
zf,G524,xcl_large_500k_p32x4_c0025,9,45,10,78.3627,78.3627
zf,G524,xcl_large_500k_p32x4_c0025,9,45,50,69.2702,69.2702
zf,G524,xcl_large_500k_p32x4_c0025,9,45,100,57.3894,57.3894
zf,G524,xcl_large_500k_p32x4_c0025,9,46,1,81.796,81.796
zf,G524,xcl_large_500k_p32x4_c0025,9,46,5,78.1442,78.1442
zf,G524,xcl_large_500k_p32x4_c0025,9,46,10,76.5592,76.5592
zf,G524,xcl_large_500k_p32x4_c0025,9,46,50,68.0689,68.0689
zf,G524,xcl_large_500k_p32x4_c0025,9,46,100,56.6299,56.6299
zf,G524,xcl_large_500k_p32x4_c010,10,42,1,82.2557,82.2557
zf,G524,xcl_large_500k_p32x4_c010,10,42,5,79.4471,79.4471
zf,G524,xcl_large_500k_p32x4_c010,10,42,10,77.4466,77.4466
zf,G524,xcl_large_500k_p32x4_c010,10,42,50,70.0773,70.0773
zf,G524,xcl_large_500k_p32x4_c010,10,42,100,59.1609,59.1609
zf,G524,xcl_large_500k_p32x4_c010,10,43,1,81.7505,81.7505
zf,G524,xcl_large_500k_p32x4_c010,10,43,5,79.0377,79.0377
zf,G524,xcl_large_500k_p32x4_c010,10,43,10,76.797,76.797
zf,G524,xcl_large_500k_p32x4_c010,10,43,50,69.6358,69.6358
zf,G524,xcl_large_500k_p32x4_c010,10,43,100,58.9039,58.9039
zf,G524,xcl_large_500k_p32x4_c010,10,44,1,85.5482,85.5482
zf,G524,xcl_large_500k_p32x4_c010,10,44,5,81.609,81.609
zf,G524,xcl_large_500k_p32x4_c010,10,44,10,79.3059,79.3059
zf,G524,xcl_large_500k_p32x4_c010,10,44,50,71.5549,71.5549
zf,G524,xcl_large_500k_p32x4_c010,10,44,100,60.3051,60.3051
zf,G524,xcl_large_500k_p32x4_c010,10,45,1,83.9101,83.9101
zf,G524,xcl_large_500k_p32x4_c010,10,45,5,81.536,81.536
zf,G524,xcl_large_500k_p32x4_c010,10,45,10,79.3887,79.3887
zf,G524,xcl_large_500k_p32x4_c010,10,45,50,71.2882,71.2882
zf,G524,xcl_large_500k_p32x4_c010,10,45,100,59.8899,59.8899
zf,G524,xcl_large_500k_p32x4_c010,10,46,1,83.176,83.176
zf,G524,xcl_large_500k_p32x4_c010,10,46,5,79.7282,79.7282
zf,G524,xcl_large_500k_p32x4_c010,10,46,10,77.658,77.658
zf,G524,xcl_large_500k_p32x4_c010,10,46,50,70.0177,70.0177
zf,G524,xcl_large_500k_p32x4_c010,10,46,100,59.2441,59.2441
zf,G524,xcl_micro_500k_p32x1_c005,4,42,1,82.4647,82.4647
zf,G524,xcl_micro_500k_p32x1_c005,4,42,5,77.5293,77.5293
zf,G524,xcl_micro_500k_p32x1_c005,4,42,10,74.1339,74.1339
zf,G524,xcl_micro_500k_p32x1_c005,4,42,50,62.4311,62.4311
zf,G524,xcl_micro_500k_p32x1_c005,4,42,100,50.9903,50.9903
zf,G524,xcl_micro_500k_p32x1_c005,4,43,1,81.8084,81.8084
zf,G524,xcl_micro_500k_p32x1_c005,4,43,5,77.3016,77.3016
zf,G524,xcl_micro_500k_p32x1_c005,4,43,10,74.5738,74.5738
zf,G524,xcl_micro_500k_p32x1_c005,4,43,50,63.2311,63.2311
zf,G524,xcl_micro_500k_p32x1_c005,4,43,100,50.8456,50.8456
zf,G524,xcl_micro_500k_p32x1_c005,4,44,1,85.0937,85.0937
zf,G524,xcl_micro_500k_p32x1_c005,4,44,5,80.5535,80.5535
zf,G524,xcl_micro_500k_p32x1_c005,4,44,10,77.1075,77.1075
zf,G524,xcl_micro_500k_p32x1_c005,4,44,50,65.2854,65.2854
zf,G524,xcl_micro_500k_p32x1_c005,4,44,100,52.6908,52.6908
zf,G524,xcl_micro_500k_p32x1_c005,4,45,1,85.2454,85.2454
zf,G524,xcl_micro_500k_p32x1_c005,4,45,5,80.7545,80.7545
zf,G524,xcl_micro_500k_p32x1_c005,4,45,10,77.5741,77.5741
zf,G524,xcl_micro_500k_p32x1_c005,4,45,50,65.5436,65.5436
zf,G524,xcl_micro_500k_p32x1_c005,4,45,100,52.5725,52.5725
zf,G524,xcl_micro_500k_p32x1_c005,4,46,1,83.048,83.048
zf,G524,xcl_micro_500k_p32x1_c005,4,46,5,78.4596,78.4596
zf,G524,xcl_micro_500k_p32x1_c005,4,46,10,75.2608,75.2608
zf,G524,xcl_micro_500k_p32x1_c005,4,46,50,63.4284,63.4284
zf,G524,xcl_micro_500k_p32x1_c005,4,46,100,51.3756,51.3756
zf,G524,xcl_micro_500k_p32x1_c005,5,42,1,82.5101,82.5101
zf,G524,xcl_micro_500k_p32x1_c005,5,42,5,77.7748,77.7748
zf,G524,xcl_micro_500k_p32x1_c005,5,42,10,74.4414,74.4414
zf,G524,xcl_micro_500k_p32x1_c005,5,42,50,62.9546,62.9546
zf,G524,xcl_micro_500k_p32x1_c005,5,42,100,51.5502,51.5502
zf,G524,xcl_micro_500k_p32x1_c005,5,43,1,81.9675,81.9675
zf,G524,xcl_micro_500k_p32x1_c005,5,43,5,77.6856,77.6856
zf,G524,xcl_micro_500k_p32x1_c005,5,43,10,74.8053,74.8053
zf,G524,xcl_micro_500k_p32x1_c005,5,43,50,63.6556,63.6556
zf,G524,xcl_micro_500k_p32x1_c005,5,43,100,51.2875,51.2875
zf,G524,xcl_micro_500k_p32x1_c005,5,44,1,85.2263,85.2263
zf,G524,xcl_micro_500k_p32x1_c005,5,44,5,80.6669,80.6669
zf,G524,xcl_micro_500k_p32x1_c005,5,44,10,77.4214,77.4214
zf,G524,xcl_micro_500k_p32x1_c005,5,44,50,65.8001,65.8001
zf,G524,xcl_micro_500k_p32x1_c005,5,44,100,53.1507,53.1507
zf,G524,xcl_micro_500k_p32x1_c005,5,45,1,85.4404,85.4404
zf,G524,xcl_micro_500k_p32x1_c005,5,45,5,81.0782,81.0782
zf,G524,xcl_micro_500k_p32x1_c005,5,45,10,77.9632,77.9632
zf,G524,xcl_micro_500k_p32x1_c005,5,45,50,66.0879,66.0879
zf,G524,xcl_micro_500k_p32x1_c005,5,45,100,53.0606,53.0606
zf,G524,xcl_micro_500k_p32x1_c005,5,46,1,83.364,83.364
zf,G524,xcl_micro_500k_p32x1_c005,5,46,5,78.7575,78.7575
zf,G524,xcl_micro_500k_p32x1_c005,5,46,10,75.6894,75.6894
zf,G524,xcl_micro_500k_p32x1_c005,5,46,50,64.0926,64.0926
zf,G524,xcl_micro_500k_p32x1_c005,5,46,100,51.9981,51.9981
zf,G524,xcl_micro_500k_p32x4_c010,3,42,1,80.0983,80.0983
zf,G524,xcl_micro_500k_p32x4_c010,3,42,5,78.6441,78.6441
zf,G524,xcl_micro_500k_p32x4_c010,3,42,10,75.9315,75.9315
zf,G524,xcl_micro_500k_p32x4_c010,3,42,50,64.762,64.762
zf,G524,xcl_micro_500k_p32x4_c010,3,42,100,52.4109,52.4109
zf,G524,xcl_micro_500k_p32x4_c010,3,43,1,79.8999,79.8999
zf,G524,xcl_micro_500k_p32x4_c010,3,43,5,77.872,77.872
zf,G524,xcl_micro_500k_p32x4_c010,3,43,10,75.4489,75.4489
zf,G524,xcl_micro_500k_p32x4_c010,3,43,50,64.8678,64.8678
zf,G524,xcl_micro_500k_p32x4_c010,3,43,100,52.592,52.592
zf,G524,xcl_micro_500k_p32x4_c010,3,44,1,82.0755,82.0755
zf,G524,xcl_micro_500k_p32x4_c010,3,44,5,80.3447,80.3447
zf,G524,xcl_micro_500k_p32x4_c010,3,44,10,76.9367,76.9367
zf,G524,xcl_micro_500k_p32x4_c010,3,44,50,66.2518,66.2518
zf,G524,xcl_micro_500k_p32x4_c010,3,44,100,53.7303,53.7303
zf,G524,xcl_micro_500k_p32x4_c010,3,45,1,82.1725,82.1725
zf,G524,xcl_micro_500k_p32x4_c010,3,45,5,79.9749,79.9749
zf,G524,xcl_micro_500k_p32x4_c010,3,45,10,77.1689,77.1689
zf,G524,xcl_micro_500k_p32x4_c010,3,45,50,66.1127,66.1127
zf,G524,xcl_micro_500k_p32x4_c010,3,45,100,53.3822,53.3822
zf,G524,xcl_micro_500k_p32x4_c010,3,46,1,80.6644,80.6644
zf,G524,xcl_micro_500k_p32x4_c010,3,46,5,78.131,78.131
zf,G524,xcl_micro_500k_p32x4_c010,3,46,10,75.4851,75.4851
zf,G524,xcl_micro_500k_p32x4_c010,3,46,50,64.9773,64.9773
zf,G524,xcl_micro_500k_p32x4_c010,3,46,100,52.5689,52.5689
zf,G528,birdaves_biox_base,3,42,1,83.7616,83.7616
zf,G528,birdaves_biox_base,3,42,5,76.4089,76.4089
zf,G528,birdaves_biox_base,3,42,10,74.3039,74.3039
zf,G528,birdaves_biox_base,3,42,50,63.7641,63.7641
zf,G528,birdaves_biox_base,3,42,100,53.887,53.887
zf,G528,birdaves_biox_base,3,43,1,83.9626,83.9626
zf,G528,birdaves_biox_base,3,43,5,77.6461,77.6461
zf,G528,birdaves_biox_base,3,43,10,75.9997,75.9997
zf,G528,birdaves_biox_base,3,43,50,64.6308,64.6308
zf,G528,birdaves_biox_base,3,43,100,54.1649,54.1649
zf,G528,birdaves_biox_base,3,44,1,82.8423,82.8423
zf,G528,birdaves_biox_base,3,44,5,77.5407,77.5407
zf,G528,birdaves_biox_base,3,44,10,75.0866,75.0866
zf,G528,birdaves_biox_base,3,44,50,63.9704,63.9704
zf,G528,birdaves_biox_base,3,44,100,53.5984,53.5984
zf,G528,birdaves_biox_base,3,45,1,83.6706,83.6706
zf,G528,birdaves_biox_base,3,45,5,76.5871,76.5871
zf,G528,birdaves_biox_base,3,45,10,74.7321,74.7321
zf,G528,birdaves_biox_base,3,45,50,63.1164,63.1164
zf,G528,birdaves_biox_base,3,45,100,53.172,53.172
zf,G528,birdaves_biox_base,3,46,1,82.9449,82.9449
zf,G528,birdaves_biox_base,3,46,5,77.3242,77.3242
zf,G528,birdaves_biox_base,3,46,10,75.4464,75.4464
zf,G528,birdaves_biox_base,3,46,50,64.3459,64.3459
zf,G528,birdaves_biox_base,3,46,100,53.2891,53.2891
zf,G528,birdaves_biox_base,7,42,1,83.6688,83.6688
zf,G528,birdaves_biox_base,7,42,5,76.8382,76.8382
zf,G528,birdaves_biox_base,7,42,10,74.1997,74.1997
zf,G528,birdaves_biox_base,7,42,50,63.7563,63.7563
zf,G528,birdaves_biox_base,7,42,100,53.5695,53.5695
zf,G528,birdaves_biox_base,7,43,1,84.3101,84.3101
zf,G528,birdaves_biox_base,7,43,5,78.6674,78.6674
zf,G528,birdaves_biox_base,7,43,10,75.9864,75.9864
zf,G528,birdaves_biox_base,7,43,50,64.7988,64.7988
zf,G528,birdaves_biox_base,7,43,100,54.0664,54.0664
zf,G528,birdaves_biox_base,7,44,1,82.4908,82.4908
zf,G528,birdaves_biox_base,7,44,5,77.479,77.479
zf,G528,birdaves_biox_base,7,44,10,74.66,74.66
zf,G528,birdaves_biox_base,7,44,50,63.9517,63.9517
zf,G528,birdaves_biox_base,7,44,100,53.6327,53.6327
zf,G528,birdaves_biox_base,7,45,1,84.7656,84.7656
zf,G528,birdaves_biox_base,7,45,5,77.3918,77.3918
zf,G528,birdaves_biox_base,7,45,10,74.8531,74.8531
zf,G528,birdaves_biox_base,7,45,50,63.2683,63.2683
zf,G528,birdaves_biox_base,7,45,100,53.1576,53.1576
zf,G528,birdaves_biox_base,7,46,1,83.5249,83.5249
zf,G528,birdaves_biox_base,7,46,5,77.5687,77.5687
zf,G528,birdaves_biox_base,7,46,10,74.9969,74.9969
zf,G528,birdaves_biox_base,7,46,50,63.9792,63.9792
zf,G528,birdaves_biox_base,7,46,100,53.0722,53.0722
zf,G528,birdaves_biox_base_speed0p25,3,42,1,83.2467,83.2467
zf,G528,birdaves_biox_base_speed0p25,3,42,5,78.2448,78.2448
zf,G528,birdaves_biox_base_speed0p25,3,42,10,76.622,76.622
zf,G528,birdaves_biox_base_speed0p25,3,42,50,64.8361,64.8361
zf,G528,birdaves_biox_base_speed0p25,3,42,100,53.0108,53.0108
zf,G528,birdaves_biox_base_speed0p25,3,43,1,82.6712,82.6712
zf,G528,birdaves_biox_base_speed0p25,3,43,5,79.1344,79.1344
zf,G528,birdaves_biox_base_speed0p25,3,43,10,77.4934,77.4934
zf,G528,birdaves_biox_base_speed0p25,3,43,50,66.4282,66.4282
zf,G528,birdaves_biox_base_speed0p25,3,43,100,53.872,53.872
zf,G528,birdaves_biox_base_speed0p25,3,44,1,81.9326,81.9326
zf,G528,birdaves_biox_base_speed0p25,3,44,5,78.5389,78.5389
zf,G528,birdaves_biox_base_speed0p25,3,44,10,76.3523,76.3523
zf,G528,birdaves_biox_base_speed0p25,3,44,50,64.95,64.95
zf,G528,birdaves_biox_base_speed0p25,3,44,100,52.7405,52.7405
zf,G528,birdaves_biox_base_speed0p25,3,45,1,82.9891,82.9891
zf,G528,birdaves_biox_base_speed0p25,3,45,5,78.5302,78.5302
zf,G528,birdaves_biox_base_speed0p25,3,45,10,76.7832,76.7832
zf,G528,birdaves_biox_base_speed0p25,3,45,50,65.4701,65.4701
zf,G528,birdaves_biox_base_speed0p25,3,45,100,53.1873,53.1873
zf,G528,birdaves_biox_base_speed0p25,3,46,1,84.1955,84.1955
zf,G528,birdaves_biox_base_speed0p25,3,46,5,80.055,80.055
zf,G528,birdaves_biox_base_speed0p25,3,46,10,77.8504,77.8504
zf,G528,birdaves_biox_base_speed0p25,3,46,50,65.8783,65.8783
zf,G528,birdaves_biox_base_speed0p25,3,46,100,53.2621,53.2621
zf,G528,birdaves_biox_base_speed0p25,4,42,1,81.7646,81.7646
zf,G528,birdaves_biox_base_speed0p25,4,42,5,79.4656,79.4656
zf,G528,birdaves_biox_base_speed0p25,4,42,10,77.4651,77.4651
zf,G528,birdaves_biox_base_speed0p25,4,42,50,65.6534,65.6534
zf,G528,birdaves_biox_base_speed0p25,4,42,100,53.8641,53.8641
zf,G528,birdaves_biox_base_speed0p25,4,43,1,82.8543,82.8543
zf,G528,birdaves_biox_base_speed0p25,4,43,5,80.0199,80.0199
zf,G528,birdaves_biox_base_speed0p25,4,43,10,78.3343,78.3343
zf,G528,birdaves_biox_base_speed0p25,4,43,50,66.94,66.94
zf,G528,birdaves_biox_base_speed0p25,4,43,100,54.5315,54.5315
zf,G528,birdaves_biox_base_speed0p25,4,44,1,81.7756,81.7756
zf,G528,birdaves_biox_base_speed0p25,4,44,5,79.2787,79.2787
zf,G528,birdaves_biox_base_speed0p25,4,44,10,77.3688,77.3688
zf,G528,birdaves_biox_base_speed0p25,4,44,50,65.6448,65.6448
zf,G528,birdaves_biox_base_speed0p25,4,44,100,53.4027,53.4027
zf,G528,birdaves_biox_base_speed0p25,4,45,1,82.7156,82.7156
zf,G528,birdaves_biox_base_speed0p25,4,45,5,79.3699,79.3699
zf,G528,birdaves_biox_base_speed0p25,4,45,10,77.7981,77.7981
zf,G528,birdaves_biox_base_speed0p25,4,45,50,66.2113,66.2113
zf,G528,birdaves_biox_base_speed0p25,4,45,100,53.972,53.972
zf,G528,birdaves_biox_base_speed0p25,4,46,1,84.0071,84.0071
zf,G528,birdaves_biox_base_speed0p25,4,46,5,81.0677,81.0677
zf,G528,birdaves_biox_base_speed0p25,4,46,10,78.68,78.68
zf,G528,birdaves_biox_base_speed0p25,4,46,50,66.5024,66.5024
zf,G528,birdaves_biox_base_speed0p25,4,46,100,53.8346,53.8346
zf,G528,birdaves_biox_base_speed0p5,3,42,1,82.2774,82.2774
zf,G528,birdaves_biox_base_speed0p5,3,42,5,77.9792,77.9792
zf,G528,birdaves_biox_base_speed0p5,3,42,10,75.9525,75.9525
zf,G528,birdaves_biox_base_speed0p5,3,42,50,65.3121,65.3121
zf,G528,birdaves_biox_base_speed0p5,3,42,100,54.438,54.438
zf,G528,birdaves_biox_base_speed0p5,3,43,1,84.0772,84.0772
zf,G528,birdaves_biox_base_speed0p5,3,43,5,78.5381,78.5381
zf,G528,birdaves_biox_base_speed0p5,3,43,10,76.9351,76.9351
zf,G528,birdaves_biox_base_speed0p5,3,43,50,65.9113,65.9113
zf,G528,birdaves_biox_base_speed0p5,3,43,100,54.7629,54.7629
zf,G528,birdaves_biox_base_speed0p5,3,44,1,82.4123,82.4123
zf,G528,birdaves_biox_base_speed0p5,3,44,5,78.3029,78.3029
zf,G528,birdaves_biox_base_speed0p5,3,44,10,75.9559,75.9559
zf,G528,birdaves_biox_base_speed0p5,3,44,50,64.6469,64.6469
zf,G528,birdaves_biox_base_speed0p5,3,44,100,53.7633,53.7633
zf,G528,birdaves_biox_base_speed0p5,3,45,1,81.8078,81.8078
zf,G528,birdaves_biox_base_speed0p5,3,45,5,78.2276,78.2276
zf,G528,birdaves_biox_base_speed0p5,3,45,10,75.718,75.718
zf,G528,birdaves_biox_base_speed0p5,3,45,50,64.5993,64.5993
zf,G528,birdaves_biox_base_speed0p5,3,45,100,53.6535,53.6535
zf,G528,birdaves_biox_base_speed0p5,3,46,1,83.2,83.2
zf,G528,birdaves_biox_base_speed0p5,3,46,5,78.3494,78.3494
zf,G528,birdaves_biox_base_speed0p5,3,46,10,76.3402,76.3402
zf,G528,birdaves_biox_base_speed0p5,3,46,50,64.9572,64.9572
zf,G528,birdaves_biox_base_speed0p5,3,46,100,53.7483,53.7483
zf,G528,birdaves_biox_base_speed0p5,6,42,1,82.1366,82.1366
zf,G528,birdaves_biox_base_speed0p5,6,42,5,78.3483,78.3483
zf,G528,birdaves_biox_base_speed0p5,6,42,10,75.9882,75.9882
zf,G528,birdaves_biox_base_speed0p5,6,42,50,65.5733,65.5733
zf,G528,birdaves_biox_base_speed0p5,6,42,100,54.4669,54.4669
zf,G528,birdaves_biox_base_speed0p5,6,43,1,83.1983,83.1983
zf,G528,birdaves_biox_base_speed0p5,6,43,5,78.8556,78.8556
zf,G528,birdaves_biox_base_speed0p5,6,43,10,76.8131,76.8131
zf,G528,birdaves_biox_base_speed0p5,6,43,50,66.4247,66.4247
zf,G528,birdaves_biox_base_speed0p5,6,43,100,55.1236,55.1236
zf,G528,birdaves_biox_base_speed0p5,6,44,1,83.5271,83.5271
zf,G528,birdaves_biox_base_speed0p5,6,44,5,78.6883,78.6883
zf,G528,birdaves_biox_base_speed0p5,6,44,10,75.8242,75.8242
zf,G528,birdaves_biox_base_speed0p5,6,44,50,64.9831,64.9831
zf,G528,birdaves_biox_base_speed0p5,6,44,100,53.9679,53.9679
zf,G528,birdaves_biox_base_speed0p5,6,45,1,80.6883,80.6883
zf,G528,birdaves_biox_base_speed0p5,6,45,5,78.3628,78.3628
zf,G528,birdaves_biox_base_speed0p5,6,45,10,76.2176,76.2176
zf,G528,birdaves_biox_base_speed0p5,6,45,50,64.6372,64.6372
zf,G528,birdaves_biox_base_speed0p5,6,45,100,53.7259,53.7259
zf,G528,birdaves_biox_base_speed0p5,6,46,1,83.1577,83.1577
zf,G528,birdaves_biox_base_speed0p5,6,46,5,78.9393,78.9393
zf,G528,birdaves_biox_base_speed0p5,6,46,10,76.4387,76.4387
zf,G528,birdaves_biox_base_speed0p5,6,46,50,65.377,65.377
zf,G528,birdaves_biox_base_speed0p5,6,46,100,54.1866,54.1866
zf,G528,hubert_base_ls960,0,42,1,77.253,77.253
zf,G528,hubert_base_ls960,0,42,5,74.2051,74.2051
zf,G528,hubert_base_ls960,0,42,10,72.0544,72.0544
zf,G528,hubert_base_ls960,0,42,50,60.9831,60.9831
zf,G528,hubert_base_ls960,0,42,100,49.7032,49.7032
zf,G528,hubert_base_ls960,0,43,1,78.1181,78.1181
zf,G528,hubert_base_ls960,0,43,5,74.811,74.811
zf,G528,hubert_base_ls960,0,43,10,72.8726,72.8726
zf,G528,hubert_base_ls960,0,43,50,61.6929,61.6929
zf,G528,hubert_base_ls960,0,43,100,49.8968,49.8968
zf,G528,hubert_base_ls960,0,44,1,76.3119,76.3119
zf,G528,hubert_base_ls960,0,44,5,74.0852,74.0852
zf,G528,hubert_base_ls960,0,44,10,72.4277,72.4277
zf,G528,hubert_base_ls960,0,44,50,61.0452,61.0452
zf,G528,hubert_base_ls960,0,44,100,49.7643,49.7643
zf,G528,hubert_base_ls960,0,45,1,78.1389,78.1389
zf,G528,hubert_base_ls960,0,45,5,74.8112,74.8112
zf,G528,hubert_base_ls960,0,45,10,72.3427,72.3427
zf,G528,hubert_base_ls960,0,45,50,60.3331,60.3331
zf,G528,hubert_base_ls960,0,45,100,49.1388,49.1388
zf,G528,hubert_base_ls960,0,46,1,77.301,77.301
zf,G528,hubert_base_ls960,0,46,5,74.7626,74.7626
zf,G528,hubert_base_ls960,0,46,10,72.781,72.781
zf,G528,hubert_base_ls960,0,46,50,60.4531,60.4531
zf,G528,hubert_base_ls960,0,46,100,49.3613,49.3613
zf,G528,hubert_base_ls960,3,42,1,76.4354,76.4354
zf,G528,hubert_base_ls960,3,42,5,73.3462,73.3462
zf,G528,hubert_base_ls960,3,42,10,70.5339,70.5339
zf,G528,hubert_base_ls960,3,42,50,58.5359,58.5359
zf,G528,hubert_base_ls960,3,42,100,48.7839,48.7839
zf,G528,hubert_base_ls960,3,43,1,78.4313,78.4313
zf,G528,hubert_base_ls960,3,43,5,75.3168,75.3168
zf,G528,hubert_base_ls960,3,43,10,72.6938,72.6938
zf,G528,hubert_base_ls960,3,43,50,59.6051,59.6051
zf,G528,hubert_base_ls960,3,43,100,48.9867,48.9867
zf,G528,hubert_base_ls960,3,44,1,77.3934,77.3934
zf,G528,hubert_base_ls960,3,44,5,72.7301,72.7301
zf,G528,hubert_base_ls960,3,44,10,70.6119,70.6119
zf,G528,hubert_base_ls960,3,44,50,57.8189,57.8189
zf,G528,hubert_base_ls960,3,44,100,48.1096,48.1096
zf,G528,hubert_base_ls960,3,45,1,78.4521,78.4521
zf,G528,hubert_base_ls960,3,45,5,73.6828,73.6828
zf,G528,hubert_base_ls960,3,45,10,71.5485,71.5485
zf,G528,hubert_base_ls960,3,45,50,58.5802,58.5802
zf,G528,hubert_base_ls960,3,45,100,48.7081,48.7081
zf,G528,hubert_base_ls960,3,46,1,78.4662,78.4662
zf,G528,hubert_base_ls960,3,46,5,74.3778,74.3778
zf,G528,hubert_base_ls960,3,46,10,71.5396,71.5396
zf,G528,hubert_base_ls960,3,46,50,58.4803,58.4803
zf,G528,hubert_base_ls960,3,46,100,48.2706,48.2706
zf,G528,xcl_base_500k_p32x1_c005,5,42,1,80.2233,80.2233
zf,G528,xcl_base_500k_p32x1_c005,5,42,5,79.1701,79.1701
zf,G528,xcl_base_500k_p32x1_c005,5,42,10,78.1675,78.1675
zf,G528,xcl_base_500k_p32x1_c005,5,42,50,66.3102,66.3102
zf,G528,xcl_base_500k_p32x1_c005,5,42,100,55.328,55.328
zf,G528,xcl_base_500k_p32x1_c005,5,43,1,81.0393,81.0393
zf,G528,xcl_base_500k_p32x1_c005,5,43,5,80.2737,80.2737
zf,G528,xcl_base_500k_p32x1_c005,5,43,10,79.3218,79.3218
zf,G528,xcl_base_500k_p32x1_c005,5,43,50,67.5024,67.5024
zf,G528,xcl_base_500k_p32x1_c005,5,43,100,56.0073,56.0073
zf,G528,xcl_base_500k_p32x1_c005,5,44,1,80.9843,80.9843
zf,G528,xcl_base_500k_p32x1_c005,5,44,5,79.6281,79.6281
zf,G528,xcl_base_500k_p32x1_c005,5,44,10,78.5689,78.5689
zf,G528,xcl_base_500k_p32x1_c005,5,44,50,66.4166,66.4166
zf,G528,xcl_base_500k_p32x1_c005,5,44,100,55.2233,55.2233
zf,G528,xcl_base_500k_p32x1_c005,5,45,1,81.445,81.445
zf,G528,xcl_base_500k_p32x1_c005,5,45,5,78.9861,78.9861
zf,G528,xcl_base_500k_p32x1_c005,5,45,10,77.8221,77.8221
zf,G528,xcl_base_500k_p32x1_c005,5,45,50,66.0124,66.0124
zf,G528,xcl_base_500k_p32x1_c005,5,45,100,54.9864,54.9864
zf,G528,xcl_base_500k_p32x1_c005,5,46,1,82.9542,82.9542
zf,G528,xcl_base_500k_p32x1_c005,5,46,5,81.1566,81.1566
zf,G528,xcl_base_500k_p32x1_c005,5,46,10,79.6275,79.6275
zf,G528,xcl_base_500k_p32x1_c005,5,46,50,67.0707,67.0707
zf,G528,xcl_base_500k_p32x1_c005,5,46,100,55.759,55.759
zf,G528,xcl_base_500k_p32x4_c010,3,42,1,80.6572,80.6572
zf,G528,xcl_base_500k_p32x4_c010,3,42,5,73.3793,73.3793
zf,G528,xcl_base_500k_p32x4_c010,3,42,10,72.8229,72.8229
zf,G528,xcl_base_500k_p32x4_c010,3,42,50,62.1987,62.1987
zf,G528,xcl_base_500k_p32x4_c010,3,42,100,50.6844,50.6844
zf,G528,xcl_base_500k_p32x4_c010,3,43,1,81.6592,81.6592
zf,G528,xcl_base_500k_p32x4_c010,3,43,5,75.3077,75.3077
zf,G528,xcl_base_500k_p32x4_c010,3,43,10,74.065,74.065
zf,G528,xcl_base_500k_p32x4_c010,3,43,50,63.3189,63.3189
zf,G528,xcl_base_500k_p32x4_c010,3,43,100,50.9501,50.9501
zf,G528,xcl_base_500k_p32x4_c010,3,44,1,80.0237,80.0237
zf,G528,xcl_base_500k_p32x4_c010,3,44,5,74.0082,74.0082
zf,G528,xcl_base_500k_p32x4_c010,3,44,10,73.1598,73.1598
zf,G528,xcl_base_500k_p32x4_c010,3,44,50,62.2201,62.2201
zf,G528,xcl_base_500k_p32x4_c010,3,44,100,50.1161,50.1161
zf,G528,xcl_base_500k_p32x4_c010,3,45,1,81.1824,81.1824
zf,G528,xcl_base_500k_p32x4_c010,3,45,5,74.2452,74.2452
zf,G528,xcl_base_500k_p32x4_c010,3,45,10,72.9259,72.9259
zf,G528,xcl_base_500k_p32x4_c010,3,45,50,61.9001,61.9001
zf,G528,xcl_base_500k_p32x4_c010,3,45,100,50.2646,50.2646
zf,G528,xcl_base_500k_p32x4_c010,3,46,1,81.2136,81.2136
zf,G528,xcl_base_500k_p32x4_c010,3,46,5,75.0445,75.0445
zf,G528,xcl_base_500k_p32x4_c010,3,46,10,73.8173,73.8173
zf,G528,xcl_base_500k_p32x4_c010,3,46,50,62.7704,62.7704
zf,G528,xcl_base_500k_p32x4_c010,3,46,100,50.8881,50.8881
zf,G528,xcl_base_500k_p32x4_c010,4,42,1,79.961,79.961
zf,G528,xcl_base_500k_p32x4_c010,4,42,5,73.4863,73.4863
zf,G528,xcl_base_500k_p32x4_c010,4,42,10,72.6237,72.6237
zf,G528,xcl_base_500k_p32x4_c010,4,42,50,61.9598,61.9598
zf,G528,xcl_base_500k_p32x4_c010,4,42,100,50.2878,50.2878
zf,G528,xcl_base_500k_p32x4_c010,4,43,1,81.4249,81.4249
zf,G528,xcl_base_500k_p32x4_c010,4,43,5,74.4941,74.4941
zf,G528,xcl_base_500k_p32x4_c010,4,43,10,73.6452,73.6452
zf,G528,xcl_base_500k_p32x4_c010,4,43,50,63.0605,63.0605
zf,G528,xcl_base_500k_p32x4_c010,4,43,100,50.5728,50.5728
zf,G528,xcl_base_500k_p32x4_c010,4,44,1,78.8864,78.8864
zf,G528,xcl_base_500k_p32x4_c010,4,44,5,73.8852,73.8852
zf,G528,xcl_base_500k_p32x4_c010,4,44,10,73.0712,73.0712
zf,G528,xcl_base_500k_p32x4_c010,4,44,50,61.9926,61.9926
zf,G528,xcl_base_500k_p32x4_c010,4,44,100,49.7161,49.7161
zf,G528,xcl_base_500k_p32x4_c010,4,45,1,81.5689,81.5689
zf,G528,xcl_base_500k_p32x4_c010,4,45,5,73.8451,73.8451
zf,G528,xcl_base_500k_p32x4_c010,4,45,10,72.4871,72.4871
zf,G528,xcl_base_500k_p32x4_c010,4,45,50,61.5792,61.5792
zf,G528,xcl_base_500k_p32x4_c010,4,45,100,49.9522,49.9522
zf,G528,xcl_base_500k_p32x4_c010,4,46,1,80.106,80.106
zf,G528,xcl_base_500k_p32x4_c010,4,46,5,74.9283,74.9283
zf,G528,xcl_base_500k_p32x4_c010,4,46,10,73.6947,73.6947
zf,G528,xcl_base_500k_p32x4_c010,4,46,50,62.5517,62.5517
zf,G528,xcl_base_500k_p32x4_c010,4,46,100,50.5775,50.5775
zf,G528,xcl_large_500k_p32x1_c005,11,42,1,87.53,87.53
zf,G528,xcl_large_500k_p32x1_c005,11,42,5,81.628,81.628
zf,G528,xcl_large_500k_p32x1_c005,11,42,10,79.4791,79.4791
zf,G528,xcl_large_500k_p32x1_c005,11,42,50,67.2972,67.2972
zf,G528,xcl_large_500k_p32x1_c005,11,42,100,56.8047,56.8047
zf,G528,xcl_large_500k_p32x1_c005,11,43,1,88.2054,88.2054
zf,G528,xcl_large_500k_p32x1_c005,11,43,5,82.4838,82.4838
zf,G528,xcl_large_500k_p32x1_c005,11,43,10,80.5437,80.5437
zf,G528,xcl_large_500k_p32x1_c005,11,43,50,68.917,68.917
zf,G528,xcl_large_500k_p32x1_c005,11,43,100,58.0233,58.0233
zf,G528,xcl_large_500k_p32x1_c005,11,44,1,88.3238,88.3238
zf,G528,xcl_large_500k_p32x1_c005,11,44,5,82.6084,82.6084
zf,G528,xcl_large_500k_p32x1_c005,11,44,10,80.3445,80.3445
zf,G528,xcl_large_500k_p32x1_c005,11,44,50,68.1613,68.1613
zf,G528,xcl_large_500k_p32x1_c005,11,44,100,57.0854,57.0854
zf,G528,xcl_large_500k_p32x1_c005,11,45,1,87.2416,87.2416
zf,G528,xcl_large_500k_p32x1_c005,11,45,5,81.5229,81.5229
zf,G528,xcl_large_500k_p32x1_c005,11,45,10,79.2714,79.2714
zf,G528,xcl_large_500k_p32x1_c005,11,45,50,67.2736,67.2736
zf,G528,xcl_large_500k_p32x1_c005,11,45,100,56.9176,56.9176
zf,G528,xcl_large_500k_p32x1_c005,11,46,1,89.7835,89.7835
zf,G528,xcl_large_500k_p32x1_c005,11,46,5,83.6463,83.6463
zf,G528,xcl_large_500k_p32x1_c005,11,46,10,81.2508,81.2508
zf,G528,xcl_large_500k_p32x1_c005,11,46,50,68.4379,68.4379
zf,G528,xcl_large_500k_p32x1_c005,11,46,100,57.2494,57.2494
zf,G528,xcl_large_500k_p32x4_c0025,9,42,1,81.6438,81.6438
zf,G528,xcl_large_500k_p32x4_c0025,9,42,5,74.9317,74.9317
zf,G528,xcl_large_500k_p32x4_c0025,9,42,10,73.7941,73.7941
zf,G528,xcl_large_500k_p32x4_c0025,9,42,50,63.0285,63.0285
zf,G528,xcl_large_500k_p32x4_c0025,9,42,100,51.3815,51.3815
zf,G528,xcl_large_500k_p32x4_c0025,9,43,1,81.6488,81.6488
zf,G528,xcl_large_500k_p32x4_c0025,9,43,5,76.2205,76.2205
zf,G528,xcl_large_500k_p32x4_c0025,9,43,10,75.3319,75.3319
zf,G528,xcl_large_500k_p32x4_c0025,9,43,50,63.9924,63.9924
zf,G528,xcl_large_500k_p32x4_c0025,9,43,100,51.4082,51.4082
zf,G528,xcl_large_500k_p32x4_c0025,9,44,1,81.5684,81.5684
zf,G528,xcl_large_500k_p32x4_c0025,9,44,5,75.4542,75.4542
zf,G528,xcl_large_500k_p32x4_c0025,9,44,10,74.2808,74.2808
zf,G528,xcl_large_500k_p32x4_c0025,9,44,50,62.931,62.931
zf,G528,xcl_large_500k_p32x4_c0025,9,44,100,50.6731,50.6731
zf,G528,xcl_large_500k_p32x4_c0025,9,45,1,81.5034,81.5034
zf,G528,xcl_large_500k_p32x4_c0025,9,45,5,74.7771,74.7771
zf,G528,xcl_large_500k_p32x4_c0025,9,45,10,73.8718,73.8718
zf,G528,xcl_large_500k_p32x4_c0025,9,45,50,62.574,62.574
zf,G528,xcl_large_500k_p32x4_c0025,9,45,100,50.7827,50.7827
zf,G528,xcl_large_500k_p32x4_c0025,9,46,1,82.0487,82.0487
zf,G528,xcl_large_500k_p32x4_c0025,9,46,5,76.0119,76.0119
zf,G528,xcl_large_500k_p32x4_c0025,9,46,10,74.7307,74.7307
zf,G528,xcl_large_500k_p32x4_c0025,9,46,50,63.4677,63.4677
zf,G528,xcl_large_500k_p32x4_c0025,9,46,100,51.2612,51.2612
zf,G528,xcl_large_500k_p32x4_c010,10,42,1,80.5947,80.5947
zf,G528,xcl_large_500k_p32x4_c010,10,42,5,74.5784,74.5784
zf,G528,xcl_large_500k_p32x4_c010,10,42,10,73.5273,73.5273
zf,G528,xcl_large_500k_p32x4_c010,10,42,50,62.2796,62.2796
zf,G528,xcl_large_500k_p32x4_c010,10,42,100,51.9369,51.9369
zf,G528,xcl_large_500k_p32x4_c010,10,43,1,82.8248,82.8248
zf,G528,xcl_large_500k_p32x4_c010,10,43,5,75.6679,75.6679
zf,G528,xcl_large_500k_p32x4_c010,10,43,10,74.408,74.408
zf,G528,xcl_large_500k_p32x4_c010,10,43,50,63.619,63.619
zf,G528,xcl_large_500k_p32x4_c010,10,43,100,52.3496,52.3496
zf,G528,xcl_large_500k_p32x4_c010,10,44,1,82.1688,82.1688
zf,G528,xcl_large_500k_p32x4_c010,10,44,5,75.2489,75.2489
zf,G528,xcl_large_500k_p32x4_c010,10,44,10,74.1138,74.1138
zf,G528,xcl_large_500k_p32x4_c010,10,44,50,62.4109,62.4109
zf,G528,xcl_large_500k_p32x4_c010,10,44,100,51.4309,51.4309
zf,G528,xcl_large_500k_p32x4_c010,10,45,1,82.5229,82.5229
zf,G528,xcl_large_500k_p32x4_c010,10,45,5,75.7808,75.7808
zf,G528,xcl_large_500k_p32x4_c010,10,45,10,73.672,73.672
zf,G528,xcl_large_500k_p32x4_c010,10,45,50,61.9026,61.9026
zf,G528,xcl_large_500k_p32x4_c010,10,45,100,51.4237,51.4237
zf,G528,xcl_large_500k_p32x4_c010,10,46,1,83.1199,83.1199
zf,G528,xcl_large_500k_p32x4_c010,10,46,5,76.3395,76.3395
zf,G528,xcl_large_500k_p32x4_c010,10,46,10,75.1038,75.1038
zf,G528,xcl_large_500k_p32x4_c010,10,46,50,62.6482,62.6482
zf,G528,xcl_large_500k_p32x4_c010,10,46,100,52.0491,52.0491
zf,G528,xcl_micro_500k_p32x1_c005,4,42,1,76.6562,76.6562
zf,G528,xcl_micro_500k_p32x1_c005,4,42,5,75.0089,75.0089
zf,G528,xcl_micro_500k_p32x1_c005,4,42,10,73.7054,73.7054
zf,G528,xcl_micro_500k_p32x1_c005,4,42,50,60.2598,60.2598
zf,G528,xcl_micro_500k_p32x1_c005,4,42,100,48.4622,48.4622
zf,G528,xcl_micro_500k_p32x1_c005,4,43,1,78.5851,78.5851
zf,G528,xcl_micro_500k_p32x1_c005,4,43,5,76.2403,76.2403
zf,G528,xcl_micro_500k_p32x1_c005,4,43,10,75.0034,75.0034
zf,G528,xcl_micro_500k_p32x1_c005,4,43,50,61.1136,61.1136
zf,G528,xcl_micro_500k_p32x1_c005,4,43,100,48.5488,48.5488
zf,G528,xcl_micro_500k_p32x1_c005,4,44,1,77.181,77.181
zf,G528,xcl_micro_500k_p32x1_c005,4,44,5,75.8379,75.8379
zf,G528,xcl_micro_500k_p32x1_c005,4,44,10,74.419,74.419
zf,G528,xcl_micro_500k_p32x1_c005,4,44,50,60.8833,60.8833
zf,G528,xcl_micro_500k_p32x1_c005,4,44,100,48.6046,48.6046
zf,G528,xcl_micro_500k_p32x1_c005,4,45,1,76.4763,76.4763
zf,G528,xcl_micro_500k_p32x1_c005,4,45,5,74.993,74.993
zf,G528,xcl_micro_500k_p32x1_c005,4,45,10,73.6471,73.6471
zf,G528,xcl_micro_500k_p32x1_c005,4,45,50,60.5397,60.5397
zf,G528,xcl_micro_500k_p32x1_c005,4,45,100,48.8412,48.8412
zf,G528,xcl_micro_500k_p32x1_c005,4,46,1,79.0014,79.0014
zf,G528,xcl_micro_500k_p32x1_c005,4,46,5,77.1813,77.1813
zf,G528,xcl_micro_500k_p32x1_c005,4,46,10,75.7856,75.7856
zf,G528,xcl_micro_500k_p32x1_c005,4,46,50,61.4815,61.4815
zf,G528,xcl_micro_500k_p32x1_c005,4,46,100,49.1024,49.1024
zf,G528,xcl_micro_500k_p32x1_c005,5,42,1,76.482,76.482
zf,G528,xcl_micro_500k_p32x1_c005,5,42,5,75.3034,75.3034
zf,G528,xcl_micro_500k_p32x1_c005,5,42,10,73.8655,73.8655
zf,G528,xcl_micro_500k_p32x1_c005,5,42,50,60.2821,60.2821
zf,G528,xcl_micro_500k_p32x1_c005,5,42,100,48.8288,48.8288
zf,G528,xcl_micro_500k_p32x1_c005,5,43,1,78.8483,78.8483
zf,G528,xcl_micro_500k_p32x1_c005,5,43,5,76.1102,76.1102
zf,G528,xcl_micro_500k_p32x1_c005,5,43,10,74.8708,74.8708
zf,G528,xcl_micro_500k_p32x1_c005,5,43,50,61.0884,61.0884
zf,G528,xcl_micro_500k_p32x1_c005,5,43,100,48.7788,48.7788
zf,G528,xcl_micro_500k_p32x1_c005,5,44,1,77.3052,77.3052
zf,G528,xcl_micro_500k_p32x1_c005,5,44,5,75.7396,75.7396
zf,G528,xcl_micro_500k_p32x1_c005,5,44,10,74.4903,74.4903
zf,G528,xcl_micro_500k_p32x1_c005,5,44,50,60.8586,60.8586
zf,G528,xcl_micro_500k_p32x1_c005,5,44,100,48.861,48.861
zf,G528,xcl_micro_500k_p32x1_c005,5,45,1,76.8082,76.8082
zf,G528,xcl_micro_500k_p32x1_c005,5,45,5,75.0376,75.0376
zf,G528,xcl_micro_500k_p32x1_c005,5,45,10,73.8199,73.8199
zf,G528,xcl_micro_500k_p32x1_c005,5,45,50,60.6113,60.6113
zf,G528,xcl_micro_500k_p32x1_c005,5,45,100,49.1582,49.1582
zf,G528,xcl_micro_500k_p32x1_c005,5,46,1,79.1659,79.1659
zf,G528,xcl_micro_500k_p32x1_c005,5,46,5,77.3361,77.3361
zf,G528,xcl_micro_500k_p32x1_c005,5,46,10,75.6982,75.6982
zf,G528,xcl_micro_500k_p32x1_c005,5,46,50,61.4947,61.4947
zf,G528,xcl_micro_500k_p32x1_c005,5,46,100,49.4364,49.4364
zf,G528,xcl_micro_500k_p32x4_c010,3,42,1,80.2182,80.2182
zf,G528,xcl_micro_500k_p32x4_c010,3,42,5,72.8632,72.8632
zf,G528,xcl_micro_500k_p32x4_c010,3,42,10,72.0383,72.0383
zf,G528,xcl_micro_500k_p32x4_c010,3,42,50,60.4816,60.4816
zf,G528,xcl_micro_500k_p32x4_c010,3,42,100,47.7257,47.7257
zf,G528,xcl_micro_500k_p32x4_c010,3,43,1,79.7347,79.7347
zf,G528,xcl_micro_500k_p32x4_c010,3,43,5,74.6285,74.6285
zf,G528,xcl_micro_500k_p32x4_c010,3,43,10,73.5792,73.5792
zf,G528,xcl_micro_500k_p32x4_c010,3,43,50,61.4262,61.4262
zf,G528,xcl_micro_500k_p32x4_c010,3,43,100,47.8504,47.8504
zf,G528,xcl_micro_500k_p32x4_c010,3,44,1,79.7726,79.7726
zf,G528,xcl_micro_500k_p32x4_c010,3,44,5,73.104,73.104
zf,G528,xcl_micro_500k_p32x4_c010,3,44,10,72.487,72.487
zf,G528,xcl_micro_500k_p32x4_c010,3,44,50,59.8953,59.8953
zf,G528,xcl_micro_500k_p32x4_c010,3,44,100,46.7702,46.7702
zf,G528,xcl_micro_500k_p32x4_c010,3,45,1,81.591,81.591
zf,G528,xcl_micro_500k_p32x4_c010,3,45,5,72.8913,72.8913
zf,G528,xcl_micro_500k_p32x4_c010,3,45,10,71.8452,71.8452
zf,G528,xcl_micro_500k_p32x4_c010,3,45,50,60.2267,60.2267
zf,G528,xcl_micro_500k_p32x4_c010,3,45,100,47.2646,47.2646
zf,G528,xcl_micro_500k_p32x4_c010,3,46,1,83.5306,83.5306
zf,G528,xcl_micro_500k_p32x4_c010,3,46,5,74.4302,74.4302
zf,G528,xcl_micro_500k_p32x4_c010,3,46,10,73.6018,73.6018
zf,G528,xcl_micro_500k_p32x4_c010,3,46,50,61.1513,61.1513
zf,G528,xcl_micro_500k_p32x4_c010,3,46,100,48.1537,48.1537
zf,O144,birdaves_biox_base,3,42,1,84.744,84.744
zf,O144,birdaves_biox_base,3,42,5,80.0517,80.0517
zf,O144,birdaves_biox_base,3,42,10,76.2876,76.2876
zf,O144,birdaves_biox_base,3,42,50,57.4966,57.4966
zf,O144,birdaves_biox_base,3,42,100,44.1533,44.1533
zf,O144,birdaves_biox_base,3,43,1,85.6109,85.6109
zf,O144,birdaves_biox_base,3,43,5,79.1122,79.1122
zf,O144,birdaves_biox_base,3,43,10,74.7665,74.7665
zf,O144,birdaves_biox_base,3,43,50,56.958,56.958
zf,O144,birdaves_biox_base,3,43,100,43.9973,43.9973
zf,O144,birdaves_biox_base,3,44,1,85.2797,85.2797
zf,O144,birdaves_biox_base,3,44,5,80.716,80.716
zf,O144,birdaves_biox_base,3,44,10,76.0755,76.0755
zf,O144,birdaves_biox_base,3,44,50,57.092,57.092
zf,O144,birdaves_biox_base,3,44,100,43.4363,43.4363
zf,O144,birdaves_biox_base,3,45,1,85.4914,85.4914
zf,O144,birdaves_biox_base,3,45,5,80.6866,80.6866
zf,O144,birdaves_biox_base,3,45,10,76.0327,76.0327
zf,O144,birdaves_biox_base,3,45,50,56.5259,56.5259
zf,O144,birdaves_biox_base,3,45,100,43.4076,43.4076
zf,O144,birdaves_biox_base,3,46,1,84.8692,84.8692
zf,O144,birdaves_biox_base,3,46,5,79.7034,79.7034
zf,O144,birdaves_biox_base,3,46,10,75.0736,75.0736
zf,O144,birdaves_biox_base,3,46,50,56.4503,56.4503
zf,O144,birdaves_biox_base,3,46,100,43.5887,43.5887
zf,O144,birdaves_biox_base,7,42,1,83.8994,83.8994
zf,O144,birdaves_biox_base,7,42,5,79.0271,79.0271
zf,O144,birdaves_biox_base,7,42,10,75.0206,75.0206
zf,O144,birdaves_biox_base,7,42,50,56.501,56.501
zf,O144,birdaves_biox_base,7,42,100,43.623,43.623
zf,O144,birdaves_biox_base,7,43,1,83.7126,83.7126
zf,O144,birdaves_biox_base,7,43,5,78.576,78.576
zf,O144,birdaves_biox_base,7,43,10,74.4113,74.4113
zf,O144,birdaves_biox_base,7,43,50,56.2255,56.2255
zf,O144,birdaves_biox_base,7,43,100,43.5928,43.5928
zf,O144,birdaves_biox_base,7,44,1,85.6261,85.6261
zf,O144,birdaves_biox_base,7,44,5,79.6185,79.6185
zf,O144,birdaves_biox_base,7,44,10,74.9808,74.9808
zf,O144,birdaves_biox_base,7,44,50,56.205,56.205
zf,O144,birdaves_biox_base,7,44,100,42.7816,42.7816
zf,O144,birdaves_biox_base,7,45,1,84.3528,84.3528
zf,O144,birdaves_biox_base,7,45,5,79.748,79.748
zf,O144,birdaves_biox_base,7,45,10,75.0888,75.0888
zf,O144,birdaves_biox_base,7,45,50,55.719,55.719
zf,O144,birdaves_biox_base,7,45,100,42.8389,42.8389
zf,O144,birdaves_biox_base,7,46,1,84.4246,84.4246
zf,O144,birdaves_biox_base,7,46,5,79.3102,79.3102
zf,O144,birdaves_biox_base,7,46,10,74.4453,74.4453
zf,O144,birdaves_biox_base,7,46,50,55.8955,55.8955
zf,O144,birdaves_biox_base,7,46,100,43.2625,43.2625
zf,O144,birdaves_biox_base_speed0p25,3,42,1,84.8286,84.8286
zf,O144,birdaves_biox_base_speed0p25,3,42,5,80.8039,80.8039
zf,O144,birdaves_biox_base_speed0p25,3,42,10,78.0681,78.0681
zf,O144,birdaves_biox_base_speed0p25,3,42,50,59.2549,59.2549
zf,O144,birdaves_biox_base_speed0p25,3,42,100,44.0657,44.0657
zf,O144,birdaves_biox_base_speed0p25,3,43,1,82.528,82.528
zf,O144,birdaves_biox_base_speed0p25,3,43,5,78.6869,78.6869
zf,O144,birdaves_biox_base_speed0p25,3,43,10,76.2181,76.2181
zf,O144,birdaves_biox_base_speed0p25,3,43,50,57.9754,57.9754
zf,O144,birdaves_biox_base_speed0p25,3,43,100,43.4774,43.4774
zf,O144,birdaves_biox_base_speed0p25,3,44,1,84.6694,84.6694
zf,O144,birdaves_biox_base_speed0p25,3,44,5,80.7041,80.7041
zf,O144,birdaves_biox_base_speed0p25,3,44,10,77.6456,77.6456
zf,O144,birdaves_biox_base_speed0p25,3,44,50,59.1332,59.1332
zf,O144,birdaves_biox_base_speed0p25,3,44,100,43.7885,43.7885
zf,O144,birdaves_biox_base_speed0p25,3,45,1,84.6039,84.6039
zf,O144,birdaves_biox_base_speed0p25,3,45,5,80.4353,80.4353
zf,O144,birdaves_biox_base_speed0p25,3,45,10,77.4458,77.4458
zf,O144,birdaves_biox_base_speed0p25,3,45,50,58.3833,58.3833
zf,O144,birdaves_biox_base_speed0p25,3,45,100,43.445,43.445
zf,O144,birdaves_biox_base_speed0p25,3,46,1,84.5292,84.5292
zf,O144,birdaves_biox_base_speed0p25,3,46,5,80.4274,80.4274
zf,O144,birdaves_biox_base_speed0p25,3,46,10,77.5318,77.5318
zf,O144,birdaves_biox_base_speed0p25,3,46,50,58.742,58.742
zf,O144,birdaves_biox_base_speed0p25,3,46,100,43.8602,43.8602
zf,O144,birdaves_biox_base_speed0p25,4,42,1,85.6083,85.6083
zf,O144,birdaves_biox_base_speed0p25,4,42,5,81.6574,81.6574
zf,O144,birdaves_biox_base_speed0p25,4,42,10,79.0387,79.0387
zf,O144,birdaves_biox_base_speed0p25,4,42,50,60.0617,60.0617
zf,O144,birdaves_biox_base_speed0p25,4,42,100,44.6019,44.6019
zf,O144,birdaves_biox_base_speed0p25,4,43,1,83.4666,83.4666
zf,O144,birdaves_biox_base_speed0p25,4,43,5,79.3892,79.3892
zf,O144,birdaves_biox_base_speed0p25,4,43,10,77.0416,77.0416
zf,O144,birdaves_biox_base_speed0p25,4,43,50,58.7722,58.7722
zf,O144,birdaves_biox_base_speed0p25,4,43,100,44.0318,44.0318
zf,O144,birdaves_biox_base_speed0p25,4,44,1,84.7902,84.7902
zf,O144,birdaves_biox_base_speed0p25,4,44,5,81.3344,81.3344
zf,O144,birdaves_biox_base_speed0p25,4,44,10,78.4317,78.4317
zf,O144,birdaves_biox_base_speed0p25,4,44,50,59.9707,59.9707
zf,O144,birdaves_biox_base_speed0p25,4,44,100,44.1375,44.1375
zf,O144,birdaves_biox_base_speed0p25,4,45,1,85.0219,85.0219
zf,O144,birdaves_biox_base_speed0p25,4,45,5,81.2211,81.2211
zf,O144,birdaves_biox_base_speed0p25,4,45,10,78.4226,78.4226
zf,O144,birdaves_biox_base_speed0p25,4,45,50,59.3739,59.3739
zf,O144,birdaves_biox_base_speed0p25,4,45,100,44.0685,44.0685
zf,O144,birdaves_biox_base_speed0p25,4,46,1,85.4156,85.4156
zf,O144,birdaves_biox_base_speed0p25,4,46,5,81.1619,81.1619
zf,O144,birdaves_biox_base_speed0p25,4,46,10,78.2562,78.2562
zf,O144,birdaves_biox_base_speed0p25,4,46,50,59.4569,59.4569
zf,O144,birdaves_biox_base_speed0p25,4,46,100,44.2031,44.2031
zf,O144,birdaves_biox_base_speed0p5,3,42,1,87.2567,87.2567
zf,O144,birdaves_biox_base_speed0p5,3,42,5,83.2189,83.2189
zf,O144,birdaves_biox_base_speed0p5,3,42,10,79.503,79.503
zf,O144,birdaves_biox_base_speed0p5,3,42,50,60.3975,60.3975
zf,O144,birdaves_biox_base_speed0p5,3,42,100,45.5923,45.5923
zf,O144,birdaves_biox_base_speed0p5,3,43,1,85.3335,85.3335
zf,O144,birdaves_biox_base_speed0p5,3,43,5,81.2382,81.2382
zf,O144,birdaves_biox_base_speed0p5,3,43,10,77.7468,77.7468
zf,O144,birdaves_biox_base_speed0p5,3,43,50,59.2014,59.2014
zf,O144,birdaves_biox_base_speed0p5,3,43,100,45.134,45.134
zf,O144,birdaves_biox_base_speed0p5,3,44,1,89.3573,89.3573
zf,O144,birdaves_biox_base_speed0p5,3,44,5,83.4161,83.4161
zf,O144,birdaves_biox_base_speed0p5,3,44,10,79.1834,79.1834
zf,O144,birdaves_biox_base_speed0p5,3,44,50,60.2809,60.2809
zf,O144,birdaves_biox_base_speed0p5,3,44,100,45.171,45.171
zf,O144,birdaves_biox_base_speed0p5,3,45,1,89.1733,89.1733
zf,O144,birdaves_biox_base_speed0p5,3,45,5,83.9709,83.9709
zf,O144,birdaves_biox_base_speed0p5,3,45,10,79.7573,79.7573
zf,O144,birdaves_biox_base_speed0p5,3,45,50,59.9161,59.9161
zf,O144,birdaves_biox_base_speed0p5,3,45,100,45.2287,45.2287
zf,O144,birdaves_biox_base_speed0p5,3,46,1,87.7315,87.7315
zf,O144,birdaves_biox_base_speed0p5,3,46,5,82.9403,82.9403
zf,O144,birdaves_biox_base_speed0p5,3,46,10,79.1973,79.1973
zf,O144,birdaves_biox_base_speed0p5,3,46,50,59.9345,59.9345
zf,O144,birdaves_biox_base_speed0p5,3,46,100,45.2338,45.2338
zf,O144,birdaves_biox_base_speed0p5,6,42,1,88.1086,88.1086
zf,O144,birdaves_biox_base_speed0p5,6,42,5,83.7671,83.7671
zf,O144,birdaves_biox_base_speed0p5,6,42,10,80.0414,80.0414
zf,O144,birdaves_biox_base_speed0p5,6,42,50,60.9761,60.9761
zf,O144,birdaves_biox_base_speed0p5,6,42,100,45.6926,45.6926
zf,O144,birdaves_biox_base_speed0p5,6,43,1,85.8393,85.8393
zf,O144,birdaves_biox_base_speed0p5,6,43,5,81.7354,81.7354
zf,O144,birdaves_biox_base_speed0p5,6,43,10,77.8972,77.8972
zf,O144,birdaves_biox_base_speed0p5,6,43,50,59.434,59.434
zf,O144,birdaves_biox_base_speed0p5,6,43,100,45.1654,45.1654
zf,O144,birdaves_biox_base_speed0p5,6,44,1,88.9595,88.9595
zf,O144,birdaves_biox_base_speed0p5,6,44,5,84.1299,84.1299
zf,O144,birdaves_biox_base_speed0p5,6,44,10,80.2228,80.2228
zf,O144,birdaves_biox_base_speed0p5,6,44,50,61.2476,61.2476
zf,O144,birdaves_biox_base_speed0p5,6,44,100,45.4662,45.4662
zf,O144,birdaves_biox_base_speed0p5,6,45,1,88.5046,88.5046
zf,O144,birdaves_biox_base_speed0p5,6,45,5,84.3275,84.3275
zf,O144,birdaves_biox_base_speed0p5,6,45,10,80.1287,80.1287
zf,O144,birdaves_biox_base_speed0p5,6,45,50,60.4799,60.4799
zf,O144,birdaves_biox_base_speed0p5,6,45,100,45.2801,45.2801
zf,O144,birdaves_biox_base_speed0p5,6,46,1,87.7257,87.7257
zf,O144,birdaves_biox_base_speed0p5,6,46,5,83.535,83.535
zf,O144,birdaves_biox_base_speed0p5,6,46,10,79.4716,79.4716
zf,O144,birdaves_biox_base_speed0p5,6,46,50,60.3256,60.3256
zf,O144,birdaves_biox_base_speed0p5,6,46,100,45.197,45.197
zf,O144,hubert_base_ls960,0,42,1,82.2725,82.2725
zf,O144,hubert_base_ls960,0,42,5,76.4922,76.4922
zf,O144,hubert_base_ls960,0,42,10,71.8969,71.8969
zf,O144,hubert_base_ls960,0,42,50,51.2268,51.2268
zf,O144,hubert_base_ls960,0,42,100,40.5204,40.5204
zf,O144,hubert_base_ls960,0,43,1,80.5748,80.5748
zf,O144,hubert_base_ls960,0,43,5,75.4084,75.4084
zf,O144,hubert_base_ls960,0,43,10,70.7221,70.7221
zf,O144,hubert_base_ls960,0,43,50,50.5801,50.5801
zf,O144,hubert_base_ls960,0,43,100,39.9001,39.9001
zf,O144,hubert_base_ls960,0,44,1,81.393,81.393
zf,O144,hubert_base_ls960,0,44,5,76.6714,76.6714
zf,O144,hubert_base_ls960,0,44,10,71.6647,71.6647
zf,O144,hubert_base_ls960,0,44,50,51.2157,51.2157
zf,O144,hubert_base_ls960,0,44,100,40.1598,40.1598
zf,O144,hubert_base_ls960,0,45,1,82.6456,82.6456
zf,O144,hubert_base_ls960,0,45,5,77.1923,77.1923
zf,O144,hubert_base_ls960,0,45,10,72.1463,72.1463
zf,O144,hubert_base_ls960,0,45,50,51.0554,51.0554
zf,O144,hubert_base_ls960,0,45,100,39.9295,39.9295
zf,O144,hubert_base_ls960,0,46,1,81.2817,81.2817
zf,O144,hubert_base_ls960,0,46,5,76.0741,76.0741
zf,O144,hubert_base_ls960,0,46,10,71.3133,71.3133
zf,O144,hubert_base_ls960,0,46,50,50.7851,50.7851
zf,O144,hubert_base_ls960,0,46,100,40.1149,40.1149
zf,O144,hubert_base_ls960,3,42,1,80.7973,80.7973
zf,O144,hubert_base_ls960,3,42,5,73.7213,73.7213
zf,O144,hubert_base_ls960,3,42,10,69.3071,69.3071
zf,O144,hubert_base_ls960,3,42,50,50.4206,50.4206
zf,O144,hubert_base_ls960,3,42,100,39.9045,39.9045
zf,O144,hubert_base_ls960,3,43,1,79.3392,79.3392
zf,O144,hubert_base_ls960,3,43,5,73.2619,73.2619
zf,O144,hubert_base_ls960,3,43,10,68.5372,68.5372
zf,O144,hubert_base_ls960,3,43,50,50.8331,50.8331
zf,O144,hubert_base_ls960,3,43,100,40.0575,40.0575
zf,O144,hubert_base_ls960,3,44,1,81.5247,81.5247
zf,O144,hubert_base_ls960,3,44,5,73.7361,73.7361
zf,O144,hubert_base_ls960,3,44,10,68.8434,68.8434
zf,O144,hubert_base_ls960,3,44,50,50.2724,50.2724
zf,O144,hubert_base_ls960,3,44,100,39.4831,39.4831
zf,O144,hubert_base_ls960,3,45,1,80.8774,80.8774
zf,O144,hubert_base_ls960,3,45,5,74.278,74.278
zf,O144,hubert_base_ls960,3,45,10,68.9099,68.9099
zf,O144,hubert_base_ls960,3,45,50,50.091,50.091
zf,O144,hubert_base_ls960,3,45,100,39.3843,39.3843
zf,O144,hubert_base_ls960,3,46,1,79.177,79.177
zf,O144,hubert_base_ls960,3,46,5,73.1227,73.1227
zf,O144,hubert_base_ls960,3,46,10,68.8752,68.8752
zf,O144,hubert_base_ls960,3,46,50,50.2759,50.2759
zf,O144,hubert_base_ls960,3,46,100,39.6511,39.6511
zf,O144,xcl_base_500k_p32x1_c005,5,42,1,89.5561,89.5561
zf,O144,xcl_base_500k_p32x1_c005,5,42,5,86.1713,86.1713
zf,O144,xcl_base_500k_p32x1_c005,5,42,10,82.7985,82.7985
zf,O144,xcl_base_500k_p32x1_c005,5,42,50,62.04,62.04
zf,O144,xcl_base_500k_p32x1_c005,5,42,100,48.117,48.117
zf,O144,xcl_base_500k_p32x1_c005,5,43,1,87.0199,87.0199
zf,O144,xcl_base_500k_p32x1_c005,5,43,5,83.6969,83.6969
zf,O144,xcl_base_500k_p32x1_c005,5,43,10,80.5407,80.5407
zf,O144,xcl_base_500k_p32x1_c005,5,43,50,60.624,60.624
zf,O144,xcl_base_500k_p32x1_c005,5,43,100,47.4964,47.4964
zf,O144,xcl_base_500k_p32x1_c005,5,44,1,88.981,88.981
zf,O144,xcl_base_500k_p32x1_c005,5,44,5,85.7544,85.7544
zf,O144,xcl_base_500k_p32x1_c005,5,44,10,82.3114,82.3114
zf,O144,xcl_base_500k_p32x1_c005,5,44,50,61.8987,61.8987
zf,O144,xcl_base_500k_p32x1_c005,5,44,100,47.9493,47.9493
zf,O144,xcl_base_500k_p32x1_c005,5,45,1,89.1096,89.1096
zf,O144,xcl_base_500k_p32x1_c005,5,45,5,86.1648,86.1648
zf,O144,xcl_base_500k_p32x1_c005,5,45,10,82.8935,82.8935
zf,O144,xcl_base_500k_p32x1_c005,5,45,50,62.025,62.025
zf,O144,xcl_base_500k_p32x1_c005,5,45,100,48.1626,48.1626
zf,O144,xcl_base_500k_p32x1_c005,5,46,1,88.9129,88.9129
zf,O144,xcl_base_500k_p32x1_c005,5,46,5,85.9249,85.9249
zf,O144,xcl_base_500k_p32x1_c005,5,46,10,82.3215,82.3215
zf,O144,xcl_base_500k_p32x1_c005,5,46,50,61.5086,61.5086
zf,O144,xcl_base_500k_p32x1_c005,5,46,100,47.9544,47.9544
zf,O144,xcl_base_500k_p32x4_c010,3,42,1,84.3588,84.3588
zf,O144,xcl_base_500k_p32x4_c010,3,42,5,79.999,79.999
zf,O144,xcl_base_500k_p32x4_c010,3,42,10,76.5347,76.5347
zf,O144,xcl_base_500k_p32x4_c010,3,42,50,57.5068,57.5068
zf,O144,xcl_base_500k_p32x4_c010,3,42,100,44.636,44.636
zf,O144,xcl_base_500k_p32x4_c010,3,43,1,82.1644,82.1644
zf,O144,xcl_base_500k_p32x4_c010,3,43,5,77.9039,77.9039
zf,O144,xcl_base_500k_p32x4_c010,3,43,10,74.7757,74.7757
zf,O144,xcl_base_500k_p32x4_c010,3,43,50,56.2104,56.2104
zf,O144,xcl_base_500k_p32x4_c010,3,43,100,44.0277,44.0277
zf,O144,xcl_base_500k_p32x4_c010,3,44,1,84.5016,84.5016
zf,O144,xcl_base_500k_p32x4_c010,3,44,5,79.9092,79.9092
zf,O144,xcl_base_500k_p32x4_c010,3,44,10,75.8312,75.8312
zf,O144,xcl_base_500k_p32x4_c010,3,44,50,57.4439,57.4439
zf,O144,xcl_base_500k_p32x4_c010,3,44,100,44.2433,44.2433
zf,O144,xcl_base_500k_p32x4_c010,3,45,1,83.3833,83.3833
zf,O144,xcl_base_500k_p32x4_c010,3,45,5,79.2872,79.2872
zf,O144,xcl_base_500k_p32x4_c010,3,45,10,76.4076,76.4076
zf,O144,xcl_base_500k_p32x4_c010,3,45,50,56.9894,56.9894
zf,O144,xcl_base_500k_p32x4_c010,3,45,100,44.3471,44.3471
zf,O144,xcl_base_500k_p32x4_c010,3,46,1,83.0422,83.0422
zf,O144,xcl_base_500k_p32x4_c010,3,46,5,78.8945,78.8945
zf,O144,xcl_base_500k_p32x4_c010,3,46,10,75.1347,75.1347
zf,O144,xcl_base_500k_p32x4_c010,3,46,50,56.6396,56.6396
zf,O144,xcl_base_500k_p32x4_c010,3,46,100,43.9984,43.9984
zf,O144,xcl_base_500k_p32x4_c010,4,42,1,83.551,83.551
zf,O144,xcl_base_500k_p32x4_c010,4,42,5,79.8443,79.8443
zf,O144,xcl_base_500k_p32x4_c010,4,42,10,76.356,76.356
zf,O144,xcl_base_500k_p32x4_c010,4,42,50,57.2953,57.2953
zf,O144,xcl_base_500k_p32x4_c010,4,42,100,44.505,44.505
zf,O144,xcl_base_500k_p32x4_c010,4,43,1,82.8051,82.8051
zf,O144,xcl_base_500k_p32x4_c010,4,43,5,78.1563,78.1563
zf,O144,xcl_base_500k_p32x4_c010,4,43,10,74.574,74.574
zf,O144,xcl_base_500k_p32x4_c010,4,43,50,56.0359,56.0359
zf,O144,xcl_base_500k_p32x4_c010,4,43,100,43.9369,43.9369
zf,O144,xcl_base_500k_p32x4_c010,4,44,1,84.3811,84.3811
zf,O144,xcl_base_500k_p32x4_c010,4,44,5,79.8425,79.8425
zf,O144,xcl_base_500k_p32x4_c010,4,44,10,75.6652,75.6652
zf,O144,xcl_base_500k_p32x4_c010,4,44,50,57.2182,57.2182
zf,O144,xcl_base_500k_p32x4_c010,4,44,100,44.1565,44.1565
zf,O144,xcl_base_500k_p32x4_c010,4,45,1,82.9089,82.9089
zf,O144,xcl_base_500k_p32x4_c010,4,45,5,79.2497,79.2497
zf,O144,xcl_base_500k_p32x4_c010,4,45,10,76.3088,76.3088
zf,O144,xcl_base_500k_p32x4_c010,4,45,50,56.7835,56.7835
zf,O144,xcl_base_500k_p32x4_c010,4,45,100,44.2022,44.2022
zf,O144,xcl_base_500k_p32x4_c010,4,46,1,82.9971,82.9971
zf,O144,xcl_base_500k_p32x4_c010,4,46,5,78.9653,78.9653
zf,O144,xcl_base_500k_p32x4_c010,4,46,10,75.1213,75.1213
zf,O144,xcl_base_500k_p32x4_c010,4,46,50,56.4138,56.4138
zf,O144,xcl_base_500k_p32x4_c010,4,46,100,43.8362,43.8362
zf,O144,xcl_large_500k_p32x1_c005,11,42,1,90.3828,90.3828
zf,O144,xcl_large_500k_p32x1_c005,11,42,5,87.3631,87.3631
zf,O144,xcl_large_500k_p32x1_c005,11,42,10,83.9325,83.9325
zf,O144,xcl_large_500k_p32x1_c005,11,42,50,63.1254,63.1254
zf,O144,xcl_large_500k_p32x1_c005,11,42,100,48.629,48.629
zf,O144,xcl_large_500k_p32x1_c005,11,43,1,88.1492,88.1492
zf,O144,xcl_large_500k_p32x1_c005,11,43,5,85.2153,85.2153
zf,O144,xcl_large_500k_p32x1_c005,11,43,10,81.717,81.717
zf,O144,xcl_large_500k_p32x1_c005,11,43,50,62.0028,62.0028
zf,O144,xcl_large_500k_p32x1_c005,11,43,100,48.3253,48.3253
zf,O144,xcl_large_500k_p32x1_c005,11,44,1,90.5308,90.5308
zf,O144,xcl_large_500k_p32x1_c005,11,44,5,87.4394,87.4394
zf,O144,xcl_large_500k_p32x1_c005,11,44,10,83.7961,83.7961
zf,O144,xcl_large_500k_p32x1_c005,11,44,50,63.0396,63.0396
zf,O144,xcl_large_500k_p32x1_c005,11,44,100,48.4012,48.4012
zf,O144,xcl_large_500k_p32x1_c005,11,45,1,90.2956,90.2956
zf,O144,xcl_large_500k_p32x1_c005,11,45,5,87.6628,87.6628
zf,O144,xcl_large_500k_p32x1_c005,11,45,10,84.1508,84.1508
zf,O144,xcl_large_500k_p32x1_c005,11,45,50,63.1356,63.1356
zf,O144,xcl_large_500k_p32x1_c005,11,45,100,48.6842,48.6842
zf,O144,xcl_large_500k_p32x1_c005,11,46,1,90.1225,90.1225
zf,O144,xcl_large_500k_p32x1_c005,11,46,5,87.1295,87.1295
zf,O144,xcl_large_500k_p32x1_c005,11,46,10,83.5866,83.5866
zf,O144,xcl_large_500k_p32x1_c005,11,46,50,62.8179,62.8179
zf,O144,xcl_large_500k_p32x1_c005,11,46,100,48.5572,48.5572
zf,O144,xcl_large_500k_p32x4_c0025,9,42,1,84.2122,84.2122
zf,O144,xcl_large_500k_p32x4_c0025,9,42,5,80.4889,80.4889
zf,O144,xcl_large_500k_p32x4_c0025,9,42,10,76.9567,76.9567
zf,O144,xcl_large_500k_p32x4_c0025,9,42,50,57.3041,57.3041
zf,O144,xcl_large_500k_p32x4_c0025,9,42,100,44.2319,44.2319
zf,O144,xcl_large_500k_p32x4_c0025,9,43,1,83.5066,83.5066
zf,O144,xcl_large_500k_p32x4_c0025,9,43,5,78.9054,78.9054
zf,O144,xcl_large_500k_p32x4_c0025,9,43,10,74.8685,74.8685
zf,O144,xcl_large_500k_p32x4_c0025,9,43,50,56.1646,56.1646
zf,O144,xcl_large_500k_p32x4_c0025,9,43,100,43.7373,43.7373
zf,O144,xcl_large_500k_p32x4_c0025,9,44,1,84.6048,84.6048
zf,O144,xcl_large_500k_p32x4_c0025,9,44,5,80.6706,80.6706
zf,O144,xcl_large_500k_p32x4_c0025,9,44,10,76.1564,76.1564
zf,O144,xcl_large_500k_p32x4_c0025,9,44,50,57.0653,57.0653
zf,O144,xcl_large_500k_p32x4_c0025,9,44,100,43.9853,43.9853
zf,O144,xcl_large_500k_p32x4_c0025,9,45,1,83.2155,83.2155
zf,O144,xcl_large_500k_p32x4_c0025,9,45,5,80.4841,80.4841
zf,O144,xcl_large_500k_p32x4_c0025,9,45,10,76.7805,76.7805
zf,O144,xcl_large_500k_p32x4_c0025,9,45,50,56.7947,56.7947
zf,O144,xcl_large_500k_p32x4_c0025,9,45,100,43.966,43.966
zf,O144,xcl_large_500k_p32x4_c0025,9,46,1,82.6498,82.6498
zf,O144,xcl_large_500k_p32x4_c0025,9,46,5,79.4914,79.4914
zf,O144,xcl_large_500k_p32x4_c0025,9,46,10,75.7219,75.7219
zf,O144,xcl_large_500k_p32x4_c0025,9,46,50,56.3817,56.3817
zf,O144,xcl_large_500k_p32x4_c0025,9,46,100,43.5541,43.5541
zf,O144,xcl_large_500k_p32x4_c010,10,42,1,85.1597,85.1597
zf,O144,xcl_large_500k_p32x4_c010,10,42,5,81.5447,81.5447
zf,O144,xcl_large_500k_p32x4_c010,10,42,10,77.8503,77.8503
zf,O144,xcl_large_500k_p32x4_c010,10,42,50,58.8766,58.8766
zf,O144,xcl_large_500k_p32x4_c010,10,42,100,45.342,45.342
zf,O144,xcl_large_500k_p32x4_c010,10,43,1,83.9583,83.9583
zf,O144,xcl_large_500k_p32x4_c010,10,43,5,79.5202,79.5202
zf,O144,xcl_large_500k_p32x4_c010,10,43,10,75.6794,75.6794
zf,O144,xcl_large_500k_p32x4_c010,10,43,50,57.6426,57.6426
zf,O144,xcl_large_500k_p32x4_c010,10,43,100,44.8465,44.8465
zf,O144,xcl_large_500k_p32x4_c010,10,44,1,86.0264,86.0264
zf,O144,xcl_large_500k_p32x4_c010,10,44,5,80.4858,80.4858
zf,O144,xcl_large_500k_p32x4_c010,10,44,10,77.3306,77.3306
zf,O144,xcl_large_500k_p32x4_c010,10,44,50,58.9033,58.9033
zf,O144,xcl_large_500k_p32x4_c010,10,44,100,45.1293,45.1293
zf,O144,xcl_large_500k_p32x4_c010,10,45,1,84.7459,84.7459
zf,O144,xcl_large_500k_p32x4_c010,10,45,5,81.044,81.044
zf,O144,xcl_large_500k_p32x4_c010,10,45,10,77.8912,77.8912
zf,O144,xcl_large_500k_p32x4_c010,10,45,50,58.3296,58.3296
zf,O144,xcl_large_500k_p32x4_c010,10,45,100,45.0728,45.0728
zf,O144,xcl_large_500k_p32x4_c010,10,46,1,83.483,83.483
zf,O144,xcl_large_500k_p32x4_c010,10,46,5,80.0105,80.0105
zf,O144,xcl_large_500k_p32x4_c010,10,46,10,76.3646,76.3646
zf,O144,xcl_large_500k_p32x4_c010,10,46,50,57.8231,57.8231
zf,O144,xcl_large_500k_p32x4_c010,10,46,100,44.7082,44.7082
zf,O144,xcl_micro_500k_p32x1_c005,4,42,1,83.6063,83.6063
zf,O144,xcl_micro_500k_p32x1_c005,4,42,5,81.3067,81.3067
zf,O144,xcl_micro_500k_p32x1_c005,4,42,10,78.2789,78.2789
zf,O144,xcl_micro_500k_p32x1_c005,4,42,50,58.4996,58.4996
zf,O144,xcl_micro_500k_p32x1_c005,4,42,100,46.5098,46.5098
zf,O144,xcl_micro_500k_p32x1_c005,4,43,1,82.4442,82.4442
zf,O144,xcl_micro_500k_p32x1_c005,4,43,5,79.3405,79.3405
zf,O144,xcl_micro_500k_p32x1_c005,4,43,10,76.6939,76.6939
zf,O144,xcl_micro_500k_p32x1_c005,4,43,50,57.2088,57.2088
zf,O144,xcl_micro_500k_p32x1_c005,4,43,100,45.7534,45.7534
zf,O144,xcl_micro_500k_p32x1_c005,4,44,1,83.2532,83.2532
zf,O144,xcl_micro_500k_p32x1_c005,4,44,5,80.1856,80.1856
zf,O144,xcl_micro_500k_p32x1_c005,4,44,10,76.9032,76.9032
zf,O144,xcl_micro_500k_p32x1_c005,4,44,50,57.7648,57.7648
zf,O144,xcl_micro_500k_p32x1_c005,4,44,100,46.0286,46.0286
zf,O144,xcl_micro_500k_p32x1_c005,4,45,1,84.7984,84.7984
zf,O144,xcl_micro_500k_p32x1_c005,4,45,5,81.7657,81.7657
zf,O144,xcl_micro_500k_p32x1_c005,4,45,10,78.4751,78.4751
zf,O144,xcl_micro_500k_p32x1_c005,4,45,50,58.6334,58.6334
zf,O144,xcl_micro_500k_p32x1_c005,4,45,100,46.5771,46.5771
zf,O144,xcl_micro_500k_p32x1_c005,4,46,1,83.5308,83.5308
zf,O144,xcl_micro_500k_p32x1_c005,4,46,5,81.2126,81.2126
zf,O144,xcl_micro_500k_p32x1_c005,4,46,10,78.1087,78.1087
zf,O144,xcl_micro_500k_p32x1_c005,4,46,50,57.9298,57.9298
zf,O144,xcl_micro_500k_p32x1_c005,4,46,100,45.9441,45.9441
zf,O144,xcl_micro_500k_p32x1_c005,5,42,1,83.8807,83.8807
zf,O144,xcl_micro_500k_p32x1_c005,5,42,5,81.3708,81.3708
zf,O144,xcl_micro_500k_p32x1_c005,5,42,10,78.2832,78.2832
zf,O144,xcl_micro_500k_p32x1_c005,5,42,50,58.5075,58.5075
zf,O144,xcl_micro_500k_p32x1_c005,5,42,100,46.5221,46.5221
zf,O144,xcl_micro_500k_p32x1_c005,5,43,1,83.0126,83.0126
zf,O144,xcl_micro_500k_p32x1_c005,5,43,5,79.5108,79.5108
zf,O144,xcl_micro_500k_p32x1_c005,5,43,10,76.5793,76.5793
zf,O144,xcl_micro_500k_p32x1_c005,5,43,50,57.3422,57.3422
zf,O144,xcl_micro_500k_p32x1_c005,5,43,100,45.9117,45.9117
zf,O144,xcl_micro_500k_p32x1_c005,5,44,1,83.5667,83.5667
zf,O144,xcl_micro_500k_p32x1_c005,5,44,5,80.062,80.062
zf,O144,xcl_micro_500k_p32x1_c005,5,44,10,76.9177,76.9177
zf,O144,xcl_micro_500k_p32x1_c005,5,44,50,57.8575,57.8575
zf,O144,xcl_micro_500k_p32x1_c005,5,44,100,46.1578,46.1578
zf,O144,xcl_micro_500k_p32x1_c005,5,45,1,84.9458,84.9458
zf,O144,xcl_micro_500k_p32x1_c005,5,45,5,81.865,81.865
zf,O144,xcl_micro_500k_p32x1_c005,5,45,10,78.5279,78.5279
zf,O144,xcl_micro_500k_p32x1_c005,5,45,50,58.7437,58.7437
zf,O144,xcl_micro_500k_p32x1_c005,5,45,100,46.6956,46.6956
zf,O144,xcl_micro_500k_p32x1_c005,5,46,1,83.7811,83.7811
zf,O144,xcl_micro_500k_p32x1_c005,5,46,5,81.1984,81.1984
zf,O144,xcl_micro_500k_p32x1_c005,5,46,10,78.0204,78.0204
zf,O144,xcl_micro_500k_p32x1_c005,5,46,50,58.0259,58.0259
zf,O144,xcl_micro_500k_p32x1_c005,5,46,100,46.0447,46.0447
zf,O144,xcl_micro_500k_p32x4_c010,3,42,1,83.3196,83.3196
zf,O144,xcl_micro_500k_p32x4_c010,3,42,5,78.1687,78.1687
zf,O144,xcl_micro_500k_p32x4_c010,3,42,10,74.2352,74.2352
zf,O144,xcl_micro_500k_p32x4_c010,3,42,50,56.2209,56.2209
zf,O144,xcl_micro_500k_p32x4_c010,3,42,100,43.3865,43.3865
zf,O144,xcl_micro_500k_p32x4_c010,3,43,1,82.0536,82.0536
zf,O144,xcl_micro_500k_p32x4_c010,3,43,5,76.6506,76.6506
zf,O144,xcl_micro_500k_p32x4_c010,3,43,10,73.3726,73.3726
zf,O144,xcl_micro_500k_p32x4_c010,3,43,50,54.8458,54.8458
zf,O144,xcl_micro_500k_p32x4_c010,3,43,100,42.7297,42.7297
zf,O144,xcl_micro_500k_p32x4_c010,3,44,1,83.1918,83.1918
zf,O144,xcl_micro_500k_p32x4_c010,3,44,5,78.4245,78.4245
zf,O144,xcl_micro_500k_p32x4_c010,3,44,10,74.2563,74.2563
zf,O144,xcl_micro_500k_p32x4_c010,3,44,50,56.0415,56.0415
zf,O144,xcl_micro_500k_p32x4_c010,3,44,100,42.9586,42.9586
zf,O144,xcl_micro_500k_p32x4_c010,3,45,1,82.712,82.712
zf,O144,xcl_micro_500k_p32x4_c010,3,45,5,78.3209,78.3209
zf,O144,xcl_micro_500k_p32x4_c010,3,45,10,74.771,74.771
zf,O144,xcl_micro_500k_p32x4_c010,3,45,50,55.8482,55.8482
zf,O144,xcl_micro_500k_p32x4_c010,3,45,100,43.2195,43.2195
zf,O144,xcl_micro_500k_p32x4_c010,3,46,1,82.1315,82.1315
zf,O144,xcl_micro_500k_p32x4_c010,3,46,5,77.7087,77.7087
zf,O144,xcl_micro_500k_p32x4_c010,3,46,10,73.8524,73.8524
zf,O144,xcl_micro_500k_p32x4_c010,3,46,50,55.3389,55.3389
zf,O144,xcl_micro_500k_p32x4_c010,3,46,100,42.7696,42.7696
zf,O254,birdaves_biox_base,3,42,1,81.0469,81.0469
zf,O254,birdaves_biox_base,3,42,5,77.1932,77.1932
zf,O254,birdaves_biox_base,3,42,10,73.9523,73.9523
zf,O254,birdaves_biox_base,3,42,50,60.3897,60.3897
zf,O254,birdaves_biox_base,3,42,100,50.4431,50.4431
zf,O254,birdaves_biox_base,3,43,1,80.5587,80.5587
zf,O254,birdaves_biox_base,3,43,5,76.7296,76.7296
zf,O254,birdaves_biox_base,3,43,10,74.118,74.118
zf,O254,birdaves_biox_base,3,43,50,60.7806,60.7806
zf,O254,birdaves_biox_base,3,43,100,50.9878,50.9878
zf,O254,birdaves_biox_base,3,44,1,79.149,79.149
zf,O254,birdaves_biox_base,3,44,5,76.1813,76.1813
zf,O254,birdaves_biox_base,3,44,10,73.8307,73.8307
zf,O254,birdaves_biox_base,3,44,50,60.5179,60.5179
zf,O254,birdaves_biox_base,3,44,100,50.4282,50.4282
zf,O254,birdaves_biox_base,3,45,1,79.8133,79.8133
zf,O254,birdaves_biox_base,3,45,5,75.1313,75.1313
zf,O254,birdaves_biox_base,3,45,10,72.2751,72.2751
zf,O254,birdaves_biox_base,3,45,50,59.5721,59.5721
zf,O254,birdaves_biox_base,3,45,100,49.8384,49.8384
zf,O254,birdaves_biox_base,3,46,1,78.9752,78.9752
zf,O254,birdaves_biox_base,3,46,5,76.3296,76.3296
zf,O254,birdaves_biox_base,3,46,10,73.5789,73.5789
zf,O254,birdaves_biox_base,3,46,50,60.744,60.744
zf,O254,birdaves_biox_base,3,46,100,50.733,50.733
zf,O254,birdaves_biox_base,7,42,1,81.6316,81.6316
zf,O254,birdaves_biox_base,7,42,5,77.4819,77.4819
zf,O254,birdaves_biox_base,7,42,10,73.9913,73.9913
zf,O254,birdaves_biox_base,7,42,50,60.1789,60.1789
zf,O254,birdaves_biox_base,7,42,100,50.2925,50.2925
zf,O254,birdaves_biox_base,7,43,1,80.5126,80.5126
zf,O254,birdaves_biox_base,7,43,5,77.394,77.394
zf,O254,birdaves_biox_base,7,43,10,74.3711,74.3711
zf,O254,birdaves_biox_base,7,43,50,61.037,61.037
zf,O254,birdaves_biox_base,7,43,100,50.8794,50.8794
zf,O254,birdaves_biox_base,7,44,1,79.5743,79.5743
zf,O254,birdaves_biox_base,7,44,5,76.2123,76.2123
zf,O254,birdaves_biox_base,7,44,10,73.8325,73.8325
zf,O254,birdaves_biox_base,7,44,50,60.2996,60.2996
zf,O254,birdaves_biox_base,7,44,100,50.0234,50.0234
zf,O254,birdaves_biox_base,7,45,1,80.485,80.485
zf,O254,birdaves_biox_base,7,45,5,74.8322,74.8322
zf,O254,birdaves_biox_base,7,45,10,72.5028,72.5028
zf,O254,birdaves_biox_base,7,45,50,59.8333,59.8333
zf,O254,birdaves_biox_base,7,45,100,49.6111,49.6111
zf,O254,birdaves_biox_base,7,46,1,79.5137,79.5137
zf,O254,birdaves_biox_base,7,46,5,77.0941,77.0941
zf,O254,birdaves_biox_base,7,46,10,73.9123,73.9123
zf,O254,birdaves_biox_base,7,46,50,60.9689,60.9689
zf,O254,birdaves_biox_base,7,46,100,50.9888,50.9888
zf,O254,birdaves_biox_base_speed0p25,3,42,1,84.7393,84.7393
zf,O254,birdaves_biox_base_speed0p25,3,42,5,81.2849,81.2849
zf,O254,birdaves_biox_base_speed0p25,3,42,10,77.8802,77.8802
zf,O254,birdaves_biox_base_speed0p25,3,42,50,63.6272,63.6272
zf,O254,birdaves_biox_base_speed0p25,3,42,100,51.0689,51.0689
zf,O254,birdaves_biox_base_speed0p25,3,43,1,86.7036,86.7036
zf,O254,birdaves_biox_base_speed0p25,3,43,5,82.2396,82.2396
zf,O254,birdaves_biox_base_speed0p25,3,43,10,78.8055,78.8055
zf,O254,birdaves_biox_base_speed0p25,3,43,50,64.4836,64.4836
zf,O254,birdaves_biox_base_speed0p25,3,43,100,51.9808,51.9808
zf,O254,birdaves_biox_base_speed0p25,3,44,1,86.0471,86.0471
zf,O254,birdaves_biox_base_speed0p25,3,44,5,81.589,81.589
zf,O254,birdaves_biox_base_speed0p25,3,44,10,78.3878,78.3878
zf,O254,birdaves_biox_base_speed0p25,3,44,50,64.2931,64.2931
zf,O254,birdaves_biox_base_speed0p25,3,44,100,51.4807,51.4807
zf,O254,birdaves_biox_base_speed0p25,3,45,1,85.2763,85.2763
zf,O254,birdaves_biox_base_speed0p25,3,45,5,81.4055,81.4055
zf,O254,birdaves_biox_base_speed0p25,3,45,10,78.2445,78.2445
zf,O254,birdaves_biox_base_speed0p25,3,45,50,63.7792,63.7792
zf,O254,birdaves_biox_base_speed0p25,3,45,100,51.1598,51.1598
zf,O254,birdaves_biox_base_speed0p25,3,46,1,85.1289,85.1289
zf,O254,birdaves_biox_base_speed0p25,3,46,5,81.2935,81.2935
zf,O254,birdaves_biox_base_speed0p25,3,46,10,78.1029,78.1029
zf,O254,birdaves_biox_base_speed0p25,3,46,50,64.0802,64.0802
zf,O254,birdaves_biox_base_speed0p25,3,46,100,51.5384,51.5384
zf,O254,birdaves_biox_base_speed0p25,4,42,1,85.0712,85.0712
zf,O254,birdaves_biox_base_speed0p25,4,42,5,82.3877,82.3877
zf,O254,birdaves_biox_base_speed0p25,4,42,10,78.6377,78.6377
zf,O254,birdaves_biox_base_speed0p25,4,42,50,63.6873,63.6873
zf,O254,birdaves_biox_base_speed0p25,4,42,100,51.2844,51.2844
zf,O254,birdaves_biox_base_speed0p25,4,43,1,86.3701,86.3701
zf,O254,birdaves_biox_base_speed0p25,4,43,5,83.1966,83.1966
zf,O254,birdaves_biox_base_speed0p25,4,43,10,79.4263,79.4263
zf,O254,birdaves_biox_base_speed0p25,4,43,50,64.5321,64.5321
zf,O254,birdaves_biox_base_speed0p25,4,43,100,52.1309,52.1309
zf,O254,birdaves_biox_base_speed0p25,4,44,1,86.0098,86.0098
zf,O254,birdaves_biox_base_speed0p25,4,44,5,82.6393,82.6393
zf,O254,birdaves_biox_base_speed0p25,4,44,10,79.1876,79.1876
zf,O254,birdaves_biox_base_speed0p25,4,44,50,64.1613,64.1613
zf,O254,birdaves_biox_base_speed0p25,4,44,100,51.5894,51.5894
zf,O254,birdaves_biox_base_speed0p25,4,45,1,85.5376,85.5376
zf,O254,birdaves_biox_base_speed0p25,4,45,5,82.5333,82.5333
zf,O254,birdaves_biox_base_speed0p25,4,45,10,78.9953,78.9953
zf,O254,birdaves_biox_base_speed0p25,4,45,50,63.5852,63.5852
zf,O254,birdaves_biox_base_speed0p25,4,45,100,50.9438,50.9438
zf,O254,birdaves_biox_base_speed0p25,4,46,1,85.7153,85.7153
zf,O254,birdaves_biox_base_speed0p25,4,46,5,82.5661,82.5661
zf,O254,birdaves_biox_base_speed0p25,4,46,10,79.0367,79.0367
zf,O254,birdaves_biox_base_speed0p25,4,46,50,64.4386,64.4386
zf,O254,birdaves_biox_base_speed0p25,4,46,100,51.8916,51.8916
zf,O254,birdaves_biox_base_speed0p5,3,42,1,82.9629,82.9629
zf,O254,birdaves_biox_base_speed0p5,3,42,5,79.8313,79.8313
zf,O254,birdaves_biox_base_speed0p5,3,42,10,77.0698,77.0698
zf,O254,birdaves_biox_base_speed0p5,3,42,50,63.1891,63.1891
zf,O254,birdaves_biox_base_speed0p5,3,42,100,52.2244,52.2244
zf,O254,birdaves_biox_base_speed0p5,3,43,1,82.1707,82.1707
zf,O254,birdaves_biox_base_speed0p5,3,43,5,80.6935,80.6935
zf,O254,birdaves_biox_base_speed0p5,3,43,10,77.6984,77.6984
zf,O254,birdaves_biox_base_speed0p5,3,43,50,63.9649,63.9649
zf,O254,birdaves_biox_base_speed0p5,3,43,100,52.8852,52.8852
zf,O254,birdaves_biox_base_speed0p5,3,44,1,82.2487,82.2487
zf,O254,birdaves_biox_base_speed0p5,3,44,5,79.7412,79.7412
zf,O254,birdaves_biox_base_speed0p5,3,44,10,77.1022,77.1022
zf,O254,birdaves_biox_base_speed0p5,3,44,50,63.8852,63.8852
zf,O254,birdaves_biox_base_speed0p5,3,44,100,52.5603,52.5603
zf,O254,birdaves_biox_base_speed0p5,3,45,1,80.9768,80.9768
zf,O254,birdaves_biox_base_speed0p5,3,45,5,78.6793,78.6793
zf,O254,birdaves_biox_base_speed0p5,3,45,10,76.2458,76.2458
zf,O254,birdaves_biox_base_speed0p5,3,45,50,62.733,62.733
zf,O254,birdaves_biox_base_speed0p5,3,45,100,51.8178,51.8178
zf,O254,birdaves_biox_base_speed0p5,3,46,1,80.7634,80.7634
zf,O254,birdaves_biox_base_speed0p5,3,46,5,79.8696,79.8696
zf,O254,birdaves_biox_base_speed0p5,3,46,10,76.9407,76.9407
zf,O254,birdaves_biox_base_speed0p5,3,46,50,63.6759,63.6759
zf,O254,birdaves_biox_base_speed0p5,3,46,100,53.0038,53.0038
zf,O254,birdaves_biox_base_speed0p5,6,42,1,82.7209,82.7209
zf,O254,birdaves_biox_base_speed0p5,6,42,5,81.1303,81.1303
zf,O254,birdaves_biox_base_speed0p5,6,42,10,77.8744,77.8744
zf,O254,birdaves_biox_base_speed0p5,6,42,50,62.929,62.929
zf,O254,birdaves_biox_base_speed0p5,6,42,100,51.4711,51.4711
zf,O254,birdaves_biox_base_speed0p5,6,43,1,84.0982,84.0982
zf,O254,birdaves_biox_base_speed0p5,6,43,5,81.6849,81.6849
zf,O254,birdaves_biox_base_speed0p5,6,43,10,78.8392,78.8392
zf,O254,birdaves_biox_base_speed0p5,6,43,50,64.1929,64.1929
zf,O254,birdaves_biox_base_speed0p5,6,43,100,52.4204,52.4204
zf,O254,birdaves_biox_base_speed0p5,6,44,1,82.3971,82.3971
zf,O254,birdaves_biox_base_speed0p5,6,44,5,80.735,80.735
zf,O254,birdaves_biox_base_speed0p5,6,44,10,78.4931,78.4931
zf,O254,birdaves_biox_base_speed0p5,6,44,50,63.5657,63.5657
zf,O254,birdaves_biox_base_speed0p5,6,44,100,51.7417,51.7417
zf,O254,birdaves_biox_base_speed0p5,6,45,1,82.5186,82.5186
zf,O254,birdaves_biox_base_speed0p5,6,45,5,80.5803,80.5803
zf,O254,birdaves_biox_base_speed0p5,6,45,10,77.6281,77.6281
zf,O254,birdaves_biox_base_speed0p5,6,45,50,62.9124,62.9124
zf,O254,birdaves_biox_base_speed0p5,6,45,100,51.1918,51.1918
zf,O254,birdaves_biox_base_speed0p5,6,46,1,82.1847,82.1847
zf,O254,birdaves_biox_base_speed0p5,6,46,5,80.4254,80.4254
zf,O254,birdaves_biox_base_speed0p5,6,46,10,78.1316,78.1316
zf,O254,birdaves_biox_base_speed0p5,6,46,50,63.8627,63.8627
zf,O254,birdaves_biox_base_speed0p5,6,46,100,52.4405,52.4405
zf,O254,hubert_base_ls960,0,42,1,77.0237,77.0237
zf,O254,hubert_base_ls960,0,42,5,74.557,74.557
zf,O254,hubert_base_ls960,0,42,10,72.1523,72.1523
zf,O254,hubert_base_ls960,0,42,50,58.4414,58.4414
zf,O254,hubert_base_ls960,0,42,100,47.7243,47.7243
zf,O254,hubert_base_ls960,0,43,1,75.6992,75.6992
zf,O254,hubert_base_ls960,0,43,5,74.2978,74.2978
zf,O254,hubert_base_ls960,0,43,10,71.4013,71.4013
zf,O254,hubert_base_ls960,0,43,50,58.6941,58.6941
zf,O254,hubert_base_ls960,0,43,100,48.2643,48.2643
zf,O254,hubert_base_ls960,0,44,1,77.6531,77.6531
zf,O254,hubert_base_ls960,0,44,5,73.7379,73.7379
zf,O254,hubert_base_ls960,0,44,10,71.6116,71.6116
zf,O254,hubert_base_ls960,0,44,50,58.1468,58.1468
zf,O254,hubert_base_ls960,0,44,100,47.5026,47.5026
zf,O254,hubert_base_ls960,0,45,1,74.5614,74.5614
zf,O254,hubert_base_ls960,0,45,5,72.6752,72.6752
zf,O254,hubert_base_ls960,0,45,10,70.159,70.159
zf,O254,hubert_base_ls960,0,45,50,57.5578,57.5578
zf,O254,hubert_base_ls960,0,45,100,47.391,47.391
zf,O254,hubert_base_ls960,0,46,1,74.947,74.947
zf,O254,hubert_base_ls960,0,46,5,73.8889,73.8889
zf,O254,hubert_base_ls960,0,46,10,71.7567,71.7567
zf,O254,hubert_base_ls960,0,46,50,58.6299,58.6299
zf,O254,hubert_base_ls960,0,46,100,48.0507,48.0507
zf,O254,hubert_base_ls960,3,42,1,75.9988,75.9988
zf,O254,hubert_base_ls960,3,42,5,73.5869,73.5869
zf,O254,hubert_base_ls960,3,42,10,71.0648,71.0648
zf,O254,hubert_base_ls960,3,42,50,58.1078,58.1078
zf,O254,hubert_base_ls960,3,42,100,47.8229,47.8229
zf,O254,hubert_base_ls960,3,43,1,75.7456,75.7456
zf,O254,hubert_base_ls960,3,43,5,73.7384,73.7384
zf,O254,hubert_base_ls960,3,43,10,70.9386,70.9386
zf,O254,hubert_base_ls960,3,43,50,57.7771,57.7771
zf,O254,hubert_base_ls960,3,43,100,47.9721,47.9721
zf,O254,hubert_base_ls960,3,44,1,76.2361,76.2361
zf,O254,hubert_base_ls960,3,44,5,73.1865,73.1865
zf,O254,hubert_base_ls960,3,44,10,70.2989,70.2989
zf,O254,hubert_base_ls960,3,44,50,57.4343,57.4343
zf,O254,hubert_base_ls960,3,44,100,47.2224,47.2224
zf,O254,hubert_base_ls960,3,45,1,74.9661,74.9661
zf,O254,hubert_base_ls960,3,45,5,71.1367,71.1367
zf,O254,hubert_base_ls960,3,45,10,68.3781,68.3781
zf,O254,hubert_base_ls960,3,45,50,56.6991,56.6991
zf,O254,hubert_base_ls960,3,45,100,46.8753,46.8753
zf,O254,hubert_base_ls960,3,46,1,76.0579,76.0579
zf,O254,hubert_base_ls960,3,46,5,72.707,72.707
zf,O254,hubert_base_ls960,3,46,10,70.5379,70.5379
zf,O254,hubert_base_ls960,3,46,50,57.8899,57.8899
zf,O254,hubert_base_ls960,3,46,100,47.5905,47.5905
zf,O254,xcl_base_500k_p32x1_c005,5,42,1,84.4806,84.4806
zf,O254,xcl_base_500k_p32x1_c005,5,42,5,81.9281,81.9281
zf,O254,xcl_base_500k_p32x1_c005,5,42,10,80.0739,80.0739
zf,O254,xcl_base_500k_p32x1_c005,5,42,50,65.7131,65.7131
zf,O254,xcl_base_500k_p32x1_c005,5,42,100,55.0713,55.0713
zf,O254,xcl_base_500k_p32x1_c005,5,43,1,85.2038,85.2038
zf,O254,xcl_base_500k_p32x1_c005,5,43,5,82.789,82.789
zf,O254,xcl_base_500k_p32x1_c005,5,43,10,80.95,80.95
zf,O254,xcl_base_500k_p32x1_c005,5,43,50,66.5985,66.5985
zf,O254,xcl_base_500k_p32x1_c005,5,43,100,55.7219,55.7219
zf,O254,xcl_base_500k_p32x1_c005,5,44,1,85.1365,85.1365
zf,O254,xcl_base_500k_p32x1_c005,5,44,5,82.7844,82.7844
zf,O254,xcl_base_500k_p32x1_c005,5,44,10,80.8854,80.8854
zf,O254,xcl_base_500k_p32x1_c005,5,44,50,66.5772,66.5772
zf,O254,xcl_base_500k_p32x1_c005,5,44,100,55.6563,55.6563
zf,O254,xcl_base_500k_p32x1_c005,5,45,1,85.0757,85.0757
zf,O254,xcl_base_500k_p32x1_c005,5,45,5,81.8529,81.8529
zf,O254,xcl_base_500k_p32x1_c005,5,45,10,79.9291,79.9291
zf,O254,xcl_base_500k_p32x1_c005,5,45,50,65.8225,65.8225
zf,O254,xcl_base_500k_p32x1_c005,5,45,100,54.9495,54.9495
zf,O254,xcl_base_500k_p32x1_c005,5,46,1,84.5178,84.5178
zf,O254,xcl_base_500k_p32x1_c005,5,46,5,81.8987,81.8987
zf,O254,xcl_base_500k_p32x1_c005,5,46,10,80.4729,80.4729
zf,O254,xcl_base_500k_p32x1_c005,5,46,50,66.347,66.347
zf,O254,xcl_base_500k_p32x1_c005,5,46,100,55.5435,55.5435
zf,O254,xcl_base_500k_p32x4_c010,3,42,1,80.2951,80.2951
zf,O254,xcl_base_500k_p32x4_c010,3,42,5,77.2457,77.2457
zf,O254,xcl_base_500k_p32x4_c010,3,42,10,74.1001,74.1001
zf,O254,xcl_base_500k_p32x4_c010,3,42,50,60.2776,60.2776
zf,O254,xcl_base_500k_p32x4_c010,3,42,100,50.5,50.5
zf,O254,xcl_base_500k_p32x4_c010,3,43,1,80.3189,80.3189
zf,O254,xcl_base_500k_p32x4_c010,3,43,5,76.7354,76.7354
zf,O254,xcl_base_500k_p32x4_c010,3,43,10,74.1628,74.1628
zf,O254,xcl_base_500k_p32x4_c010,3,43,50,60.4325,60.4325
zf,O254,xcl_base_500k_p32x4_c010,3,43,100,50.6412,50.6412
zf,O254,xcl_base_500k_p32x4_c010,3,44,1,80.9354,80.9354
zf,O254,xcl_base_500k_p32x4_c010,3,44,5,76.8688,76.8688
zf,O254,xcl_base_500k_p32x4_c010,3,44,10,74.5804,74.5804
zf,O254,xcl_base_500k_p32x4_c010,3,44,50,60.6372,60.6372
zf,O254,xcl_base_500k_p32x4_c010,3,44,100,50.7906,50.7906
zf,O254,xcl_base_500k_p32x4_c010,3,45,1,78.0278,78.0278
zf,O254,xcl_base_500k_p32x4_c010,3,45,5,75.7024,75.7024
zf,O254,xcl_base_500k_p32x4_c010,3,45,10,73.1269,73.1269
zf,O254,xcl_base_500k_p32x4_c010,3,45,50,60.0549,60.0549
zf,O254,xcl_base_500k_p32x4_c010,3,45,100,50.3251,50.3251
zf,O254,xcl_base_500k_p32x4_c010,3,46,1,78.7435,78.7435
zf,O254,xcl_base_500k_p32x4_c010,3,46,5,76.2716,76.2716
zf,O254,xcl_base_500k_p32x4_c010,3,46,10,74.6384,74.6384
zf,O254,xcl_base_500k_p32x4_c010,3,46,50,60.3411,60.3411
zf,O254,xcl_base_500k_p32x4_c010,3,46,100,50.6746,50.6746
zf,O254,xcl_base_500k_p32x4_c010,4,42,1,80.1701,80.1701
zf,O254,xcl_base_500k_p32x4_c010,4,42,5,77.1468,77.1468
zf,O254,xcl_base_500k_p32x4_c010,4,42,10,74.314,74.314
zf,O254,xcl_base_500k_p32x4_c010,4,42,50,60.2296,60.2296
zf,O254,xcl_base_500k_p32x4_c010,4,42,100,50.575,50.575
zf,O254,xcl_base_500k_p32x4_c010,4,43,1,79.7262,79.7262
zf,O254,xcl_base_500k_p32x4_c010,4,43,5,76.355,76.355
zf,O254,xcl_base_500k_p32x4_c010,4,43,10,74.0839,74.0839
zf,O254,xcl_base_500k_p32x4_c010,4,43,50,60.3667,60.3667
zf,O254,xcl_base_500k_p32x4_c010,4,43,100,50.614,50.614
zf,O254,xcl_base_500k_p32x4_c010,4,44,1,81.1735,81.1735
zf,O254,xcl_base_500k_p32x4_c010,4,44,5,76.5935,76.5935
zf,O254,xcl_base_500k_p32x4_c010,4,44,10,74.3912,74.3912
zf,O254,xcl_base_500k_p32x4_c010,4,44,50,60.6308,60.6308
zf,O254,xcl_base_500k_p32x4_c010,4,44,100,50.838,50.838
zf,O254,xcl_base_500k_p32x4_c010,4,45,1,77.3373,77.3373
zf,O254,xcl_base_500k_p32x4_c010,4,45,5,74.9221,74.9221
zf,O254,xcl_base_500k_p32x4_c010,4,45,10,72.9513,72.9513
zf,O254,xcl_base_500k_p32x4_c010,4,45,50,60.0122,60.0122
zf,O254,xcl_base_500k_p32x4_c010,4,45,100,50.341,50.341
zf,O254,xcl_base_500k_p32x4_c010,4,46,1,78.8049,78.8049
zf,O254,xcl_base_500k_p32x4_c010,4,46,5,75.9397,75.9397
zf,O254,xcl_base_500k_p32x4_c010,4,46,10,74.3897,74.3897
zf,O254,xcl_base_500k_p32x4_c010,4,46,50,60.3403,60.3403
zf,O254,xcl_base_500k_p32x4_c010,4,46,100,50.6751,50.6751
zf,O254,xcl_large_500k_p32x1_c005,11,42,1,85.1851,85.1851
zf,O254,xcl_large_500k_p32x1_c005,11,42,5,83.0134,83.0134
zf,O254,xcl_large_500k_p32x1_c005,11,42,10,80.6584,80.6584
zf,O254,xcl_large_500k_p32x1_c005,11,42,50,66.3164,66.3164
zf,O254,xcl_large_500k_p32x1_c005,11,42,100,55.8068,55.8068
zf,O254,xcl_large_500k_p32x1_c005,11,43,1,86.0512,86.0512
zf,O254,xcl_large_500k_p32x1_c005,11,43,5,83.868,83.868
zf,O254,xcl_large_500k_p32x1_c005,11,43,10,81.5252,81.5252
zf,O254,xcl_large_500k_p32x1_c005,11,43,50,67.2067,67.2067
zf,O254,xcl_large_500k_p32x1_c005,11,43,100,56.5708,56.5708
zf,O254,xcl_large_500k_p32x1_c005,11,44,1,85.0668,85.0668
zf,O254,xcl_large_500k_p32x1_c005,11,44,5,83.4924,83.4924
zf,O254,xcl_large_500k_p32x1_c005,11,44,10,81.4641,81.4641
zf,O254,xcl_large_500k_p32x1_c005,11,44,50,67.0749,67.0749
zf,O254,xcl_large_500k_p32x1_c005,11,44,100,56.1861,56.1861
zf,O254,xcl_large_500k_p32x1_c005,11,45,1,84.8738,84.8738
zf,O254,xcl_large_500k_p32x1_c005,11,45,5,83.1029,83.1029
zf,O254,xcl_large_500k_p32x1_c005,11,45,10,80.741,80.741
zf,O254,xcl_large_500k_p32x1_c005,11,45,50,66.6111,66.6111
zf,O254,xcl_large_500k_p32x1_c005,11,45,100,55.6939,55.6939
zf,O254,xcl_large_500k_p32x1_c005,11,46,1,84.7582,84.7582
zf,O254,xcl_large_500k_p32x1_c005,11,46,5,82.9259,82.9259
zf,O254,xcl_large_500k_p32x1_c005,11,46,10,81.0942,81.0942
zf,O254,xcl_large_500k_p32x1_c005,11,46,50,66.9833,66.9833
zf,O254,xcl_large_500k_p32x1_c005,11,46,100,56.3492,56.3492
zf,O254,xcl_large_500k_p32x4_c0025,9,42,1,80.3226,80.3226
zf,O254,xcl_large_500k_p32x4_c0025,9,42,5,77.5186,77.5186
zf,O254,xcl_large_500k_p32x4_c0025,9,42,10,74.5975,74.5975
zf,O254,xcl_large_500k_p32x4_c0025,9,42,50,60.2714,60.2714
zf,O254,xcl_large_500k_p32x4_c0025,9,42,100,50.6253,50.6253
zf,O254,xcl_large_500k_p32x4_c0025,9,43,1,79.4703,79.4703
zf,O254,xcl_large_500k_p32x4_c0025,9,43,5,76.8753,76.8753
zf,O254,xcl_large_500k_p32x4_c0025,9,43,10,74.7701,74.7701
zf,O254,xcl_large_500k_p32x4_c0025,9,43,50,60.3775,60.3775
zf,O254,xcl_large_500k_p32x4_c0025,9,43,100,50.5326,50.5326
zf,O254,xcl_large_500k_p32x4_c0025,9,44,1,80.309,80.309
zf,O254,xcl_large_500k_p32x4_c0025,9,44,5,77.3487,77.3487
zf,O254,xcl_large_500k_p32x4_c0025,9,44,10,74.7148,74.7148
zf,O254,xcl_large_500k_p32x4_c0025,9,44,50,60.5926,60.5926
zf,O254,xcl_large_500k_p32x4_c0025,9,44,100,50.7997,50.7997
zf,O254,xcl_large_500k_p32x4_c0025,9,45,1,76.0725,76.0725
zf,O254,xcl_large_500k_p32x4_c0025,9,45,5,75.4246,75.4246
zf,O254,xcl_large_500k_p32x4_c0025,9,45,10,73.351,73.351
zf,O254,xcl_large_500k_p32x4_c0025,9,45,50,59.9997,59.9997
zf,O254,xcl_large_500k_p32x4_c0025,9,45,100,50.0561,50.0561
zf,O254,xcl_large_500k_p32x4_c0025,9,46,1,79.289,79.289
zf,O254,xcl_large_500k_p32x4_c0025,9,46,5,77.4408,77.4408
zf,O254,xcl_large_500k_p32x4_c0025,9,46,10,74.8864,74.8864
zf,O254,xcl_large_500k_p32x4_c0025,9,46,50,60.4957,60.4957
zf,O254,xcl_large_500k_p32x4_c0025,9,46,100,50.5556,50.5556
zf,O254,xcl_large_500k_p32x4_c010,10,42,1,79.5625,79.5625
zf,O254,xcl_large_500k_p32x4_c010,10,42,5,77.4494,77.4494
zf,O254,xcl_large_500k_p32x4_c010,10,42,10,74.6504,74.6504
zf,O254,xcl_large_500k_p32x4_c010,10,42,50,60.5992,60.5992
zf,O254,xcl_large_500k_p32x4_c010,10,42,100,50.9575,50.9575
zf,O254,xcl_large_500k_p32x4_c010,10,43,1,80.8447,80.8447
zf,O254,xcl_large_500k_p32x4_c010,10,43,5,76.939,76.939
zf,O254,xcl_large_500k_p32x4_c010,10,43,10,74.3383,74.3383
zf,O254,xcl_large_500k_p32x4_c010,10,43,50,60.7113,60.7113
zf,O254,xcl_large_500k_p32x4_c010,10,43,100,51.0541,51.0541
zf,O254,xcl_large_500k_p32x4_c010,10,44,1,79.5417,79.5417
zf,O254,xcl_large_500k_p32x4_c010,10,44,5,77.3429,77.3429
zf,O254,xcl_large_500k_p32x4_c010,10,44,10,74.4051,74.4051
zf,O254,xcl_large_500k_p32x4_c010,10,44,50,60.7449,60.7449
zf,O254,xcl_large_500k_p32x4_c010,10,44,100,51.2856,51.2856
zf,O254,xcl_large_500k_p32x4_c010,10,45,1,77.9771,77.9771
zf,O254,xcl_large_500k_p32x4_c010,10,45,5,76.1059,76.1059
zf,O254,xcl_large_500k_p32x4_c010,10,45,10,73.3486,73.3486
zf,O254,xcl_large_500k_p32x4_c010,10,45,50,60.2204,60.2204
zf,O254,xcl_large_500k_p32x4_c010,10,45,100,50.4416,50.4416
zf,O254,xcl_large_500k_p32x4_c010,10,46,1,79.5831,79.5831
zf,O254,xcl_large_500k_p32x4_c010,10,46,5,77.3493,77.3493
zf,O254,xcl_large_500k_p32x4_c010,10,46,10,74.8502,74.8502
zf,O254,xcl_large_500k_p32x4_c010,10,46,50,60.6947,60.6947
zf,O254,xcl_large_500k_p32x4_c010,10,46,100,50.9123,50.9123
zf,O254,xcl_micro_500k_p32x1_c005,4,42,1,83.8579,83.8579
zf,O254,xcl_micro_500k_p32x1_c005,4,42,5,80.6465,80.6465
zf,O254,xcl_micro_500k_p32x1_c005,4,42,10,77.3476,77.3476
zf,O254,xcl_micro_500k_p32x1_c005,4,42,50,63.7005,63.7005
zf,O254,xcl_micro_500k_p32x1_c005,4,42,100,52.6094,52.6094
zf,O254,xcl_micro_500k_p32x1_c005,4,43,1,85.5821,85.5821
zf,O254,xcl_micro_500k_p32x1_c005,4,43,5,80.8424,80.8424
zf,O254,xcl_micro_500k_p32x1_c005,4,43,10,78.3099,78.3099
zf,O254,xcl_micro_500k_p32x1_c005,4,43,50,64.3835,64.3835
zf,O254,xcl_micro_500k_p32x1_c005,4,43,100,53.2065,53.2065
zf,O254,xcl_micro_500k_p32x1_c005,4,44,1,84.379,84.379
zf,O254,xcl_micro_500k_p32x1_c005,4,44,5,80.9803,80.9803
zf,O254,xcl_micro_500k_p32x1_c005,4,44,10,78.7062,78.7062
zf,O254,xcl_micro_500k_p32x1_c005,4,44,50,64.7017,64.7017
zf,O254,xcl_micro_500k_p32x1_c005,4,44,100,53.153,53.153
zf,O254,xcl_micro_500k_p32x1_c005,4,45,1,83.3954,83.3954
zf,O254,xcl_micro_500k_p32x1_c005,4,45,5,80.7327,80.7327
zf,O254,xcl_micro_500k_p32x1_c005,4,45,10,78.1775,78.1775
zf,O254,xcl_micro_500k_p32x1_c005,4,45,50,64.1157,64.1157
zf,O254,xcl_micro_500k_p32x1_c005,4,45,100,52.5912,52.5912
zf,O254,xcl_micro_500k_p32x1_c005,4,46,1,83.5512,83.5512
zf,O254,xcl_micro_500k_p32x1_c005,4,46,5,80.8247,80.8247
zf,O254,xcl_micro_500k_p32x1_c005,4,46,10,78.3854,78.3854
zf,O254,xcl_micro_500k_p32x1_c005,4,46,50,64.5013,64.5013
zf,O254,xcl_micro_500k_p32x1_c005,4,46,100,53.1608,53.1608
zf,O254,xcl_micro_500k_p32x1_c005,5,42,1,83.4773,83.4773
zf,O254,xcl_micro_500k_p32x1_c005,5,42,5,80.6377,80.6377
zf,O254,xcl_micro_500k_p32x1_c005,5,42,10,77.2876,77.2876
zf,O254,xcl_micro_500k_p32x1_c005,5,42,50,63.7101,63.7101
zf,O254,xcl_micro_500k_p32x1_c005,5,42,100,52.6618,52.6618
zf,O254,xcl_micro_500k_p32x1_c005,5,43,1,85.0127,85.0127
zf,O254,xcl_micro_500k_p32x1_c005,5,43,5,80.8339,80.8339
zf,O254,xcl_micro_500k_p32x1_c005,5,43,10,78.1641,78.1641
zf,O254,xcl_micro_500k_p32x1_c005,5,43,50,64.3866,64.3866
zf,O254,xcl_micro_500k_p32x1_c005,5,43,100,53.1984,53.1984
zf,O254,xcl_micro_500k_p32x1_c005,5,44,1,83.4232,83.4232
zf,O254,xcl_micro_500k_p32x1_c005,5,44,5,80.7108,80.7108
zf,O254,xcl_micro_500k_p32x1_c005,5,44,10,78.3817,78.3817
zf,O254,xcl_micro_500k_p32x1_c005,5,44,50,64.6368,64.6368
zf,O254,xcl_micro_500k_p32x1_c005,5,44,100,53.2273,53.2273
zf,O254,xcl_micro_500k_p32x1_c005,5,45,1,83.1522,83.1522
zf,O254,xcl_micro_500k_p32x1_c005,5,45,5,80.3877,80.3877
zf,O254,xcl_micro_500k_p32x1_c005,5,45,10,77.8685,77.8685
zf,O254,xcl_micro_500k_p32x1_c005,5,45,50,64.2066,64.2066
zf,O254,xcl_micro_500k_p32x1_c005,5,45,100,52.7242,52.7242
zf,O254,xcl_micro_500k_p32x1_c005,5,46,1,82.673,82.673
zf,O254,xcl_micro_500k_p32x1_c005,5,46,5,80.7357,80.7357
zf,O254,xcl_micro_500k_p32x1_c005,5,46,10,78.3661,78.3661
zf,O254,xcl_micro_500k_p32x1_c005,5,46,50,64.5107,64.5107
zf,O254,xcl_micro_500k_p32x1_c005,5,46,100,53.1675,53.1675
zf,O254,xcl_micro_500k_p32x4_c010,3,42,1,78.8557,78.8557
zf,O254,xcl_micro_500k_p32x4_c010,3,42,5,75.8253,75.8253
zf,O254,xcl_micro_500k_p32x4_c010,3,42,10,71.9425,71.9425
zf,O254,xcl_micro_500k_p32x4_c010,3,42,50,58.9631,58.9631
zf,O254,xcl_micro_500k_p32x4_c010,3,42,100,48.4419,48.4419
zf,O254,xcl_micro_500k_p32x4_c010,3,43,1,80.4962,80.4962
zf,O254,xcl_micro_500k_p32x4_c010,3,43,5,75.9261,75.9261
zf,O254,xcl_micro_500k_p32x4_c010,3,43,10,72.5433,72.5433
zf,O254,xcl_micro_500k_p32x4_c010,3,43,50,58.9691,58.9691
zf,O254,xcl_micro_500k_p32x4_c010,3,43,100,48.2101,48.2101
zf,O254,xcl_micro_500k_p32x4_c010,3,44,1,80.9317,80.9317
zf,O254,xcl_micro_500k_p32x4_c010,3,44,5,76.4539,76.4539
zf,O254,xcl_micro_500k_p32x4_c010,3,44,10,73.3551,73.3551
zf,O254,xcl_micro_500k_p32x4_c010,3,44,50,59.0776,59.0776
zf,O254,xcl_micro_500k_p32x4_c010,3,44,100,48.5007,48.5007
zf,O254,xcl_micro_500k_p32x4_c010,3,45,1,77.199,77.199
zf,O254,xcl_micro_500k_p32x4_c010,3,45,5,74.9177,74.9177
zf,O254,xcl_micro_500k_p32x4_c010,3,45,10,71.832,71.832
zf,O254,xcl_micro_500k_p32x4_c010,3,45,50,58.6045,58.6045
zf,O254,xcl_micro_500k_p32x4_c010,3,45,100,48.0824,48.0824
zf,O254,xcl_micro_500k_p32x4_c010,3,46,1,79.1147,79.1147
zf,O254,xcl_micro_500k_p32x4_c010,3,46,5,75.4772,75.4772
zf,O254,xcl_micro_500k_p32x4_c010,3,46,10,72.9438,72.9438
zf,O254,xcl_micro_500k_p32x4_c010,3,46,50,59.3314,59.3314
zf,O254,xcl_micro_500k_p32x4_c010,3,46,100,48.9291,48.9291
zf,O421,birdaves_biox_base,3,42,1,84.7769,84.7769
zf,O421,birdaves_biox_base,3,42,5,82.9725,82.9725
zf,O421,birdaves_biox_base,3,42,10,81.8604,81.8604
zf,O421,birdaves_biox_base,3,42,50,74.9578,74.9578
zf,O421,birdaves_biox_base,3,42,100,56.0311,56.0311
zf,O421,birdaves_biox_base,3,43,1,85.6437,85.6437
zf,O421,birdaves_biox_base,3,43,5,82.7269,82.7269
zf,O421,birdaves_biox_base,3,43,10,81.7048,81.7048
zf,O421,birdaves_biox_base,3,43,50,75.1614,75.1614
zf,O421,birdaves_biox_base,3,43,100,55.7784,55.7784
zf,O421,birdaves_biox_base,3,44,1,85.678,85.678
zf,O421,birdaves_biox_base,3,44,5,84.3018,84.3018
zf,O421,birdaves_biox_base,3,44,10,83.4734,83.4734
zf,O421,birdaves_biox_base,3,44,50,75.2907,75.2907
zf,O421,birdaves_biox_base,3,44,100,56.2927,56.2927
zf,O421,birdaves_biox_base,3,45,1,83.81,83.81
zf,O421,birdaves_biox_base,3,45,5,83.4949,83.4949
zf,O421,birdaves_biox_base,3,45,10,81.9938,81.9938
zf,O421,birdaves_biox_base,3,45,50,74.5278,74.5278
zf,O421,birdaves_biox_base,3,45,100,55.876,55.876
zf,O421,birdaves_biox_base,3,46,1,85.7499,85.7499
zf,O421,birdaves_biox_base,3,46,5,83.3959,83.3959
zf,O421,birdaves_biox_base,3,46,10,82.2274,82.2274
zf,O421,birdaves_biox_base,3,46,50,74.6924,74.6924
zf,O421,birdaves_biox_base,3,46,100,55.6914,55.6914
zf,O421,birdaves_biox_base,7,42,1,84.6998,84.6998
zf,O421,birdaves_biox_base,7,42,5,82.9031,82.9031
zf,O421,birdaves_biox_base,7,42,10,81.7052,81.7052
zf,O421,birdaves_biox_base,7,42,50,74.887,74.887
zf,O421,birdaves_biox_base,7,42,100,55.5973,55.5973
zf,O421,birdaves_biox_base,7,43,1,85.6885,85.6885
zf,O421,birdaves_biox_base,7,43,5,82.7337,82.7337
zf,O421,birdaves_biox_base,7,43,10,81.8755,81.8755
zf,O421,birdaves_biox_base,7,43,50,75.0674,75.0674
zf,O421,birdaves_biox_base,7,43,100,55.3245,55.3245
zf,O421,birdaves_biox_base,7,44,1,85.8038,85.8038
zf,O421,birdaves_biox_base,7,44,5,83.7504,83.7504
zf,O421,birdaves_biox_base,7,44,10,83.3357,83.3357
zf,O421,birdaves_biox_base,7,44,50,75.6666,75.6666
zf,O421,birdaves_biox_base,7,44,100,55.8569,55.8569
zf,O421,birdaves_biox_base,7,45,1,84.335,84.335
zf,O421,birdaves_biox_base,7,45,5,83.2553,83.2553
zf,O421,birdaves_biox_base,7,45,10,82.1974,82.1974
zf,O421,birdaves_biox_base,7,45,50,74.5568,74.5568
zf,O421,birdaves_biox_base,7,45,100,55.4721,55.4721
zf,O421,birdaves_biox_base,7,46,1,84.2789,84.2789
zf,O421,birdaves_biox_base,7,46,5,84.1947,84.1947
zf,O421,birdaves_biox_base,7,46,10,82.7769,82.7769
zf,O421,birdaves_biox_base,7,46,50,75.0349,75.0349
zf,O421,birdaves_biox_base,7,46,100,55.5652,55.5652
zf,O421,birdaves_biox_base_speed0p25,3,42,1,90.5591,90.5591
zf,O421,birdaves_biox_base_speed0p25,3,42,5,88.9752,88.9752
zf,O421,birdaves_biox_base_speed0p25,3,42,10,87.5839,87.5839
zf,O421,birdaves_biox_base_speed0p25,3,42,50,78.223,78.223
zf,O421,birdaves_biox_base_speed0p25,3,42,100,56.9589,56.9589
zf,O421,birdaves_biox_base_speed0p25,3,43,1,91.4511,91.4511
zf,O421,birdaves_biox_base_speed0p25,3,43,5,88.9206,88.9206
zf,O421,birdaves_biox_base_speed0p25,3,43,10,87.3494,87.3494
zf,O421,birdaves_biox_base_speed0p25,3,43,50,77.1319,77.1319
zf,O421,birdaves_biox_base_speed0p25,3,43,100,56.3658,56.3658
zf,O421,birdaves_biox_base_speed0p25,3,44,1,92.3503,92.3503
zf,O421,birdaves_biox_base_speed0p25,3,44,5,90.3016,90.3016
zf,O421,birdaves_biox_base_speed0p25,3,44,10,88.7707,88.7707
zf,O421,birdaves_biox_base_speed0p25,3,44,50,78.7207,78.7207
zf,O421,birdaves_biox_base_speed0p25,3,44,100,57.4837,57.4837
zf,O421,birdaves_biox_base_speed0p25,3,45,1,90.4813,90.4813
zf,O421,birdaves_biox_base_speed0p25,3,45,5,90.5509,90.5509
zf,O421,birdaves_biox_base_speed0p25,3,45,10,88.7896,88.7896
zf,O421,birdaves_biox_base_speed0p25,3,45,50,78.5161,78.5161
zf,O421,birdaves_biox_base_speed0p25,3,45,100,57.7139,57.7139
zf,O421,birdaves_biox_base_speed0p25,3,46,1,91.4225,91.4225
zf,O421,birdaves_biox_base_speed0p25,3,46,5,90.2283,90.2283
zf,O421,birdaves_biox_base_speed0p25,3,46,10,88.6985,88.6985
zf,O421,birdaves_biox_base_speed0p25,3,46,50,78.387,78.387
zf,O421,birdaves_biox_base_speed0p25,3,46,100,57.2856,57.2856
zf,O421,birdaves_biox_base_speed0p25,4,42,1,91.0016,91.0016
zf,O421,birdaves_biox_base_speed0p25,4,42,5,89.2363,89.2363
zf,O421,birdaves_biox_base_speed0p25,4,42,10,88.1791,88.1791
zf,O421,birdaves_biox_base_speed0p25,4,42,50,79.0406,79.0406
zf,O421,birdaves_biox_base_speed0p25,4,42,100,57.3966,57.3966
zf,O421,birdaves_biox_base_speed0p25,4,43,1,91.0119,91.0119
zf,O421,birdaves_biox_base_speed0p25,4,43,5,88.9763,88.9763
zf,O421,birdaves_biox_base_speed0p25,4,43,10,87.6396,87.6396
zf,O421,birdaves_biox_base_speed0p25,4,43,50,77.7637,77.7637
zf,O421,birdaves_biox_base_speed0p25,4,43,100,56.7842,56.7842
zf,O421,birdaves_biox_base_speed0p25,4,44,1,92.8769,92.8769
zf,O421,birdaves_biox_base_speed0p25,4,44,5,90.5765,90.5765
zf,O421,birdaves_biox_base_speed0p25,4,44,10,89.0962,89.0962
zf,O421,birdaves_biox_base_speed0p25,4,44,50,79.2334,79.2334
zf,O421,birdaves_biox_base_speed0p25,4,44,100,57.8832,57.8832
zf,O421,birdaves_biox_base_speed0p25,4,45,1,90.8499,90.8499
zf,O421,birdaves_biox_base_speed0p25,4,45,5,90.2794,90.2794
zf,O421,birdaves_biox_base_speed0p25,4,45,10,88.7534,88.7534
zf,O421,birdaves_biox_base_speed0p25,4,45,50,78.9695,78.9695
zf,O421,birdaves_biox_base_speed0p25,4,45,100,58.1241,58.1241
zf,O421,birdaves_biox_base_speed0p25,4,46,1,91.2588,91.2588
zf,O421,birdaves_biox_base_speed0p25,4,46,5,90.5701,90.5701
zf,O421,birdaves_biox_base_speed0p25,4,46,10,89.2079,89.2079
zf,O421,birdaves_biox_base_speed0p25,4,46,50,79.2061,79.2061
zf,O421,birdaves_biox_base_speed0p25,4,46,100,57.6339,57.6339
zf,O421,birdaves_biox_base_speed0p5,3,42,1,89.016,89.016
zf,O421,birdaves_biox_base_speed0p5,3,42,5,86.7223,86.7223
zf,O421,birdaves_biox_base_speed0p5,3,42,10,85.4927,85.4927
zf,O421,birdaves_biox_base_speed0p5,3,42,50,78.5003,78.5003
zf,O421,birdaves_biox_base_speed0p5,3,42,100,57.6236,57.6236
zf,O421,birdaves_biox_base_speed0p5,3,43,1,87.804,87.804
zf,O421,birdaves_biox_base_speed0p5,3,43,5,87.3114,87.3114
zf,O421,birdaves_biox_base_speed0p5,3,43,10,86.0176,86.0176
zf,O421,birdaves_biox_base_speed0p5,3,43,50,78.3019,78.3019
zf,O421,birdaves_biox_base_speed0p5,3,43,100,56.9824,56.9824
zf,O421,birdaves_biox_base_speed0p5,3,44,1,90.5336,90.5336
zf,O421,birdaves_biox_base_speed0p5,3,44,5,88.1718,88.1718
zf,O421,birdaves_biox_base_speed0p5,3,44,10,87.0755,87.0755
zf,O421,birdaves_biox_base_speed0p5,3,44,50,78.8789,78.8789
zf,O421,birdaves_biox_base_speed0p5,3,44,100,58.4844,58.4844
zf,O421,birdaves_biox_base_speed0p5,3,45,1,87.8629,87.8629
zf,O421,birdaves_biox_base_speed0p5,3,45,5,87.6318,87.6318
zf,O421,birdaves_biox_base_speed0p5,3,45,10,86.5062,86.5062
zf,O421,birdaves_biox_base_speed0p5,3,45,50,78.8165,78.8165
zf,O421,birdaves_biox_base_speed0p5,3,45,100,58.6104,58.6104
zf,O421,birdaves_biox_base_speed0p5,3,46,1,90.9571,90.9571
zf,O421,birdaves_biox_base_speed0p5,3,46,5,88.6043,88.6043
zf,O421,birdaves_biox_base_speed0p5,3,46,10,86.8321,86.8321
zf,O421,birdaves_biox_base_speed0p5,3,46,50,78.9769,78.9769
zf,O421,birdaves_biox_base_speed0p5,3,46,100,57.9976,57.9976
zf,O421,birdaves_biox_base_speed0p5,6,42,1,88.5408,88.5408
zf,O421,birdaves_biox_base_speed0p5,6,42,5,86.7735,86.7735
zf,O421,birdaves_biox_base_speed0p5,6,42,10,85.1647,85.1647
zf,O421,birdaves_biox_base_speed0p5,6,42,50,78.0523,78.0523
zf,O421,birdaves_biox_base_speed0p5,6,42,100,57.4502,57.4502
zf,O421,birdaves_biox_base_speed0p5,6,43,1,87.9166,87.9166
zf,O421,birdaves_biox_base_speed0p5,6,43,5,86.8566,86.8566
zf,O421,birdaves_biox_base_speed0p5,6,43,10,85.594,85.594
zf,O421,birdaves_biox_base_speed0p5,6,43,50,77.8605,77.8605
zf,O421,birdaves_biox_base_speed0p5,6,43,100,57.3763,57.3763
zf,O421,birdaves_biox_base_speed0p5,6,44,1,89.0547,89.0547
zf,O421,birdaves_biox_base_speed0p5,6,44,5,87.9441,87.9441
zf,O421,birdaves_biox_base_speed0p5,6,44,10,86.5369,86.5369
zf,O421,birdaves_biox_base_speed0p5,6,44,50,78.2357,78.2357
zf,O421,birdaves_biox_base_speed0p5,6,44,100,58.1803,58.1803
zf,O421,birdaves_biox_base_speed0p5,6,45,1,88.346,88.346
zf,O421,birdaves_biox_base_speed0p5,6,45,5,87.7539,87.7539
zf,O421,birdaves_biox_base_speed0p5,6,45,10,86.5521,86.5521
zf,O421,birdaves_biox_base_speed0p5,6,45,50,78.4997,78.4997
zf,O421,birdaves_biox_base_speed0p5,6,45,100,58.5767,58.5767
zf,O421,birdaves_biox_base_speed0p5,6,46,1,91.3202,91.3202
zf,O421,birdaves_biox_base_speed0p5,6,46,5,88.3778,88.3778
zf,O421,birdaves_biox_base_speed0p5,6,46,10,86.8446,86.8446
zf,O421,birdaves_biox_base_speed0p5,6,46,50,78.2847,78.2847
zf,O421,birdaves_biox_base_speed0p5,6,46,100,57.56,57.56
zf,O421,hubert_base_ls960,0,42,1,83.339,83.339
zf,O421,hubert_base_ls960,0,42,5,81.7703,81.7703
zf,O421,hubert_base_ls960,0,42,10,80.4127,80.4127
zf,O421,hubert_base_ls960,0,42,50,70.4307,70.4307
zf,O421,hubert_base_ls960,0,42,100,51.9643,51.9643
zf,O421,hubert_base_ls960,0,43,1,86.1947,86.1947
zf,O421,hubert_base_ls960,0,43,5,81.4588,81.4588
zf,O421,hubert_base_ls960,0,43,10,79.8379,79.8379
zf,O421,hubert_base_ls960,0,43,50,70.2602,70.2602
zf,O421,hubert_base_ls960,0,43,100,51.6677,51.6677
zf,O421,hubert_base_ls960,0,44,1,86.136,86.136
zf,O421,hubert_base_ls960,0,44,5,83.6339,83.6339
zf,O421,hubert_base_ls960,0,44,10,81.9203,81.9203
zf,O421,hubert_base_ls960,0,44,50,71.1339,71.1339
zf,O421,hubert_base_ls960,0,44,100,52.253,52.253
zf,O421,hubert_base_ls960,0,45,1,84.5104,84.5104
zf,O421,hubert_base_ls960,0,45,5,82.087,82.087
zf,O421,hubert_base_ls960,0,45,10,80.7485,80.7485
zf,O421,hubert_base_ls960,0,45,50,70.0352,70.0352
zf,O421,hubert_base_ls960,0,45,100,51.7513,51.7513
zf,O421,hubert_base_ls960,0,46,1,86.5251,86.5251
zf,O421,hubert_base_ls960,0,46,5,82.6327,82.6327
zf,O421,hubert_base_ls960,0,46,10,81.0348,81.0348
zf,O421,hubert_base_ls960,0,46,50,69.8253,69.8253
zf,O421,hubert_base_ls960,0,46,100,51.7118,51.7118
zf,O421,hubert_base_ls960,3,42,1,82.9662,82.9662
zf,O421,hubert_base_ls960,3,42,5,82.8903,82.8903
zf,O421,hubert_base_ls960,3,42,10,81.2534,81.2534
zf,O421,hubert_base_ls960,3,42,50,70.9277,70.9277
zf,O421,hubert_base_ls960,3,42,100,52.8392,52.8392
zf,O421,hubert_base_ls960,3,43,1,82.5499,82.5499
zf,O421,hubert_base_ls960,3,43,5,81.2933,81.2933
zf,O421,hubert_base_ls960,3,43,10,79.9612,79.9612
zf,O421,hubert_base_ls960,3,43,50,71.1779,71.1779
zf,O421,hubert_base_ls960,3,43,100,52.6211,52.6211
zf,O421,hubert_base_ls960,3,44,1,86.3987,86.3987
zf,O421,hubert_base_ls960,3,44,5,83.4876,83.4876
zf,O421,hubert_base_ls960,3,44,10,82.0876,82.0876
zf,O421,hubert_base_ls960,3,44,50,71.9358,71.9358
zf,O421,hubert_base_ls960,3,44,100,53.2205,53.2205
zf,O421,hubert_base_ls960,3,45,1,82.9674,82.9674
zf,O421,hubert_base_ls960,3,45,5,81.9736,81.9736
zf,O421,hubert_base_ls960,3,45,10,80.2802,80.2802
zf,O421,hubert_base_ls960,3,45,50,70.2428,70.2428
zf,O421,hubert_base_ls960,3,45,100,52.4936,52.4936
zf,O421,hubert_base_ls960,3,46,1,86.8899,86.8899
zf,O421,hubert_base_ls960,3,46,5,83.7935,83.7935
zf,O421,hubert_base_ls960,3,46,10,81.8267,81.8267
zf,O421,hubert_base_ls960,3,46,50,70.5754,70.5754
zf,O421,hubert_base_ls960,3,46,100,52.927,52.927
zf,O421,xcl_base_500k_p32x1_c005,5,42,1,91.5837,91.5837
zf,O421,xcl_base_500k_p32x1_c005,5,42,5,89.5542,89.5542
zf,O421,xcl_base_500k_p32x1_c005,5,42,10,88.6954,88.6954
zf,O421,xcl_base_500k_p32x1_c005,5,42,50,81.1283,81.1283
zf,O421,xcl_base_500k_p32x1_c005,5,42,100,59.8144,59.8144
zf,O421,xcl_base_500k_p32x1_c005,5,43,1,90.0806,90.0806
zf,O421,xcl_base_500k_p32x1_c005,5,43,5,89.2016,89.2016
zf,O421,xcl_base_500k_p32x1_c005,5,43,10,88.2367,88.2367
zf,O421,xcl_base_500k_p32x1_c005,5,43,50,80.9788,80.9788
zf,O421,xcl_base_500k_p32x1_c005,5,43,100,60.2218,60.2218
zf,O421,xcl_base_500k_p32x1_c005,5,44,1,91.0348,91.0348
zf,O421,xcl_base_500k_p32x1_c005,5,44,5,90.1442,90.1442
zf,O421,xcl_base_500k_p32x1_c005,5,44,10,89.1998,89.1998
zf,O421,xcl_base_500k_p32x1_c005,5,44,50,81.5865,81.5865
zf,O421,xcl_base_500k_p32x1_c005,5,44,100,60.314,60.314
zf,O421,xcl_base_500k_p32x1_c005,5,45,1,93.8499,93.8499
zf,O421,xcl_base_500k_p32x1_c005,5,45,5,91.0192,91.0192
zf,O421,xcl_base_500k_p32x1_c005,5,45,10,89.8854,89.8854
zf,O421,xcl_base_500k_p32x1_c005,5,45,50,81.6495,81.6495
zf,O421,xcl_base_500k_p32x1_c005,5,45,100,60.5565,60.5565
zf,O421,xcl_base_500k_p32x1_c005,5,46,1,91.7572,91.7572
zf,O421,xcl_base_500k_p32x1_c005,5,46,5,90.9126,90.9126
zf,O421,xcl_base_500k_p32x1_c005,5,46,10,89.7813,89.7813
zf,O421,xcl_base_500k_p32x1_c005,5,46,50,81.7792,81.7792
zf,O421,xcl_base_500k_p32x1_c005,5,46,100,60.5734,60.5734
zf,O421,xcl_base_500k_p32x4_c010,3,42,1,84.6426,84.6426
zf,O421,xcl_base_500k_p32x4_c010,3,42,5,82.4564,82.4564
zf,O421,xcl_base_500k_p32x4_c010,3,42,10,81.287,81.287
zf,O421,xcl_base_500k_p32x4_c010,3,42,50,73.7289,73.7289
zf,O421,xcl_base_500k_p32x4_c010,3,42,100,54.7254,54.7254
zf,O421,xcl_base_500k_p32x4_c010,3,43,1,85.2616,85.2616
zf,O421,xcl_base_500k_p32x4_c010,3,43,5,81.5217,81.5217
zf,O421,xcl_base_500k_p32x4_c010,3,43,10,80.9745,80.9745
zf,O421,xcl_base_500k_p32x4_c010,3,43,50,73.8977,73.8977
zf,O421,xcl_base_500k_p32x4_c010,3,43,100,54.5264,54.5264
zf,O421,xcl_base_500k_p32x4_c010,3,44,1,85.8713,85.8713
zf,O421,xcl_base_500k_p32x4_c010,3,44,5,82.4888,82.4888
zf,O421,xcl_base_500k_p32x4_c010,3,44,10,81.94,81.94
zf,O421,xcl_base_500k_p32x4_c010,3,44,50,75.0441,75.0441
zf,O421,xcl_base_500k_p32x4_c010,3,44,100,54.9859,54.9859
zf,O421,xcl_base_500k_p32x4_c010,3,45,1,84.6327,84.6327
zf,O421,xcl_base_500k_p32x4_c010,3,45,5,81.971,81.971
zf,O421,xcl_base_500k_p32x4_c010,3,45,10,81.7032,81.7032
zf,O421,xcl_base_500k_p32x4_c010,3,45,50,74.4747,74.4747
zf,O421,xcl_base_500k_p32x4_c010,3,45,100,55.3299,55.3299
zf,O421,xcl_base_500k_p32x4_c010,3,46,1,84.9572,84.9572
zf,O421,xcl_base_500k_p32x4_c010,3,46,5,82.6863,82.6863
zf,O421,xcl_base_500k_p32x4_c010,3,46,10,81.0678,81.0678
zf,O421,xcl_base_500k_p32x4_c010,3,46,50,74.2048,74.2048
zf,O421,xcl_base_500k_p32x4_c010,3,46,100,54.5593,54.5593
zf,O421,xcl_base_500k_p32x4_c010,4,42,1,84.5717,84.5717
zf,O421,xcl_base_500k_p32x4_c010,4,42,5,82.3876,82.3876
zf,O421,xcl_base_500k_p32x4_c010,4,42,10,81.0889,81.0889
zf,O421,xcl_base_500k_p32x4_c010,4,42,50,73.6243,73.6243
zf,O421,xcl_base_500k_p32x4_c010,4,42,100,54.5576,54.5576
zf,O421,xcl_base_500k_p32x4_c010,4,43,1,84.7735,84.7735
zf,O421,xcl_base_500k_p32x4_c010,4,43,5,81.2603,81.2603
zf,O421,xcl_base_500k_p32x4_c010,4,43,10,81.0579,81.0579
zf,O421,xcl_base_500k_p32x4_c010,4,43,50,73.8032,73.8032
zf,O421,xcl_base_500k_p32x4_c010,4,43,100,54.5579,54.5579
zf,O421,xcl_base_500k_p32x4_c010,4,44,1,85.278,85.278
zf,O421,xcl_base_500k_p32x4_c010,4,44,5,82.6374,82.6374
zf,O421,xcl_base_500k_p32x4_c010,4,44,10,81.9909,81.9909
zf,O421,xcl_base_500k_p32x4_c010,4,44,50,74.8709,74.8709
zf,O421,xcl_base_500k_p32x4_c010,4,44,100,54.9907,54.9907
zf,O421,xcl_base_500k_p32x4_c010,4,45,1,84.4728,84.4728
zf,O421,xcl_base_500k_p32x4_c010,4,45,5,81.8952,81.8952
zf,O421,xcl_base_500k_p32x4_c010,4,45,10,81.6459,81.6459
zf,O421,xcl_base_500k_p32x4_c010,4,45,50,74.2312,74.2312
zf,O421,xcl_base_500k_p32x4_c010,4,45,100,55.0229,55.0229
zf,O421,xcl_base_500k_p32x4_c010,4,46,1,84.0524,84.0524
zf,O421,xcl_base_500k_p32x4_c010,4,46,5,82.323,82.323
zf,O421,xcl_base_500k_p32x4_c010,4,46,10,81.1492,81.1492
zf,O421,xcl_base_500k_p32x4_c010,4,46,50,74.1015,74.1015
zf,O421,xcl_base_500k_p32x4_c010,4,46,100,54.508,54.508
zf,O421,xcl_large_500k_p32x1_c005,11,42,1,90.7571,90.7571
zf,O421,xcl_large_500k_p32x1_c005,11,42,5,89.6149,89.6149
zf,O421,xcl_large_500k_p32x1_c005,11,42,10,88.8987,88.8987
zf,O421,xcl_large_500k_p32x1_c005,11,42,50,81.5855,81.5855
zf,O421,xcl_large_500k_p32x1_c005,11,42,100,60.5533,60.5533
zf,O421,xcl_large_500k_p32x1_c005,11,43,1,91.965,91.965
zf,O421,xcl_large_500k_p32x1_c005,11,43,5,89.4785,89.4785
zf,O421,xcl_large_500k_p32x1_c005,11,43,10,88.6437,88.6437
zf,O421,xcl_large_500k_p32x1_c005,11,43,50,80.9451,80.9451
zf,O421,xcl_large_500k_p32x1_c005,11,43,100,60.3652,60.3652
zf,O421,xcl_large_500k_p32x1_c005,11,44,1,91.5293,91.5293
zf,O421,xcl_large_500k_p32x1_c005,11,44,5,90.1923,90.1923
zf,O421,xcl_large_500k_p32x1_c005,11,44,10,89.757,89.757
zf,O421,xcl_large_500k_p32x1_c005,11,44,50,81.8372,81.8372
zf,O421,xcl_large_500k_p32x1_c005,11,44,100,60.8283,60.8283
zf,O421,xcl_large_500k_p32x1_c005,11,45,1,92.8967,92.8967
zf,O421,xcl_large_500k_p32x1_c005,11,45,5,91.3697,91.3697
zf,O421,xcl_large_500k_p32x1_c005,11,45,10,90.6757,90.6757
zf,O421,xcl_large_500k_p32x1_c005,11,45,50,82.3703,82.3703
zf,O421,xcl_large_500k_p32x1_c005,11,45,100,61.3181,61.3181
zf,O421,xcl_large_500k_p32x1_c005,11,46,1,91.5468,91.5468
zf,O421,xcl_large_500k_p32x1_c005,11,46,5,91.2763,91.2763
zf,O421,xcl_large_500k_p32x1_c005,11,46,10,90.3106,90.3106
zf,O421,xcl_large_500k_p32x1_c005,11,46,50,82.0699,82.0699
zf,O421,xcl_large_500k_p32x1_c005,11,46,100,61.0073,61.0073
zf,O421,xcl_large_500k_p32x4_c0025,9,42,1,83.1157,83.1157
zf,O421,xcl_large_500k_p32x4_c0025,9,42,5,82.0303,82.0303
zf,O421,xcl_large_500k_p32x4_c0025,9,42,10,81.5507,81.5507
zf,O421,xcl_large_500k_p32x4_c0025,9,42,50,73.9787,73.9787
zf,O421,xcl_large_500k_p32x4_c0025,9,42,100,54.8006,54.8006
zf,O421,xcl_large_500k_p32x4_c0025,9,43,1,84.5366,84.5366
zf,O421,xcl_large_500k_p32x4_c0025,9,43,5,82.1141,82.1141
zf,O421,xcl_large_500k_p32x4_c0025,9,43,10,81.5239,81.5239
zf,O421,xcl_large_500k_p32x4_c0025,9,43,50,74.2008,74.2008
zf,O421,xcl_large_500k_p32x4_c0025,9,43,100,54.6003,54.6003
zf,O421,xcl_large_500k_p32x4_c0025,9,44,1,84.5353,84.5353
zf,O421,xcl_large_500k_p32x4_c0025,9,44,5,83.147,83.147
zf,O421,xcl_large_500k_p32x4_c0025,9,44,10,82.3818,82.3818
zf,O421,xcl_large_500k_p32x4_c0025,9,44,50,75.2925,75.2925
zf,O421,xcl_large_500k_p32x4_c0025,9,44,100,55.2457,55.2457
zf,O421,xcl_large_500k_p32x4_c0025,9,45,1,84.8769,84.8769
zf,O421,xcl_large_500k_p32x4_c0025,9,45,5,82.7972,82.7972
zf,O421,xcl_large_500k_p32x4_c0025,9,45,10,81.7819,81.7819
zf,O421,xcl_large_500k_p32x4_c0025,9,45,50,74.6774,74.6774
zf,O421,xcl_large_500k_p32x4_c0025,9,45,100,55.2086,55.2086
zf,O421,xcl_large_500k_p32x4_c0025,9,46,1,83.7511,83.7511
zf,O421,xcl_large_500k_p32x4_c0025,9,46,5,82.4449,82.4449
zf,O421,xcl_large_500k_p32x4_c0025,9,46,10,81.8883,81.8883
zf,O421,xcl_large_500k_p32x4_c0025,9,46,50,74.4517,74.4517
zf,O421,xcl_large_500k_p32x4_c0025,9,46,100,54.9072,54.9072
zf,O421,xcl_large_500k_p32x4_c010,10,42,1,82.8963,82.8963
zf,O421,xcl_large_500k_p32x4_c010,10,42,5,82.6324,82.6324
zf,O421,xcl_large_500k_p32x4_c010,10,42,10,81.5202,81.5202
zf,O421,xcl_large_500k_p32x4_c010,10,42,50,74.2674,74.2674
zf,O421,xcl_large_500k_p32x4_c010,10,42,100,55.5088,55.5088
zf,O421,xcl_large_500k_p32x4_c010,10,43,1,83.7101,83.7101
zf,O421,xcl_large_500k_p32x4_c010,10,43,5,82.2904,82.2904
zf,O421,xcl_large_500k_p32x4_c010,10,43,10,81.6897,81.6897
zf,O421,xcl_large_500k_p32x4_c010,10,43,50,74.8459,74.8459
zf,O421,xcl_large_500k_p32x4_c010,10,43,100,55.4714,55.4714
zf,O421,xcl_large_500k_p32x4_c010,10,44,1,86.1456,86.1456
zf,O421,xcl_large_500k_p32x4_c010,10,44,5,83.4189,83.4189
zf,O421,xcl_large_500k_p32x4_c010,10,44,10,82.6556,82.6556
zf,O421,xcl_large_500k_p32x4_c010,10,44,50,75.8049,75.8049
zf,O421,xcl_large_500k_p32x4_c010,10,44,100,56.0243,56.0243
zf,O421,xcl_large_500k_p32x4_c010,10,45,1,84.1624,84.1624
zf,O421,xcl_large_500k_p32x4_c010,10,45,5,83.2527,83.2527
zf,O421,xcl_large_500k_p32x4_c010,10,45,10,82.3017,82.3017
zf,O421,xcl_large_500k_p32x4_c010,10,45,50,75.3785,75.3785
zf,O421,xcl_large_500k_p32x4_c010,10,45,100,55.8878,55.8878
zf,O421,xcl_large_500k_p32x4_c010,10,46,1,84.1425,84.1425
zf,O421,xcl_large_500k_p32x4_c010,10,46,5,82.6978,82.6978
zf,O421,xcl_large_500k_p32x4_c010,10,46,10,81.9359,81.9359
zf,O421,xcl_large_500k_p32x4_c010,10,46,50,74.8103,74.8103
zf,O421,xcl_large_500k_p32x4_c010,10,46,100,55.3507,55.3507
zf,O421,xcl_micro_500k_p32x1_c005,4,42,1,90.0075,90.0075
zf,O421,xcl_micro_500k_p32x1_c005,4,42,5,88.1887,88.1887
zf,O421,xcl_micro_500k_p32x1_c005,4,42,10,87.1299,87.1299
zf,O421,xcl_micro_500k_p32x1_c005,4,42,50,77.3643,77.3643
zf,O421,xcl_micro_500k_p32x1_c005,4,42,100,57.4817,57.4817
zf,O421,xcl_micro_500k_p32x1_c005,4,43,1,90.8859,90.8859
zf,O421,xcl_micro_500k_p32x1_c005,4,43,5,87.549,87.549
zf,O421,xcl_micro_500k_p32x1_c005,4,43,10,86.5975,86.5975
zf,O421,xcl_micro_500k_p32x1_c005,4,43,50,76.8734,76.8734
zf,O421,xcl_micro_500k_p32x1_c005,4,43,100,57.2565,57.2565
zf,O421,xcl_micro_500k_p32x1_c005,4,44,1,91.0747,91.0747
zf,O421,xcl_micro_500k_p32x1_c005,4,44,5,88.2497,88.2497
zf,O421,xcl_micro_500k_p32x1_c005,4,44,10,87.0139,87.0139
zf,O421,xcl_micro_500k_p32x1_c005,4,44,50,77.3173,77.3173
zf,O421,xcl_micro_500k_p32x1_c005,4,44,100,57.7569,57.7569
zf,O421,xcl_micro_500k_p32x1_c005,4,45,1,92.3353,92.3353
zf,O421,xcl_micro_500k_p32x1_c005,4,45,5,89.8039,89.8039
zf,O421,xcl_micro_500k_p32x1_c005,4,45,10,88.0959,88.0959
zf,O421,xcl_micro_500k_p32x1_c005,4,45,50,78.0266,78.0266
zf,O421,xcl_micro_500k_p32x1_c005,4,45,100,58.235,58.235
zf,O421,xcl_micro_500k_p32x1_c005,4,46,1,90.8974,90.8974
zf,O421,xcl_micro_500k_p32x1_c005,4,46,5,89.2633,89.2633
zf,O421,xcl_micro_500k_p32x1_c005,4,46,10,87.7452,87.7452
zf,O421,xcl_micro_500k_p32x1_c005,4,46,50,77.9311,77.9311
zf,O421,xcl_micro_500k_p32x1_c005,4,46,100,57.897,57.897
zf,O421,xcl_micro_500k_p32x1_c005,5,42,1,90.1499,90.1499
zf,O421,xcl_micro_500k_p32x1_c005,5,42,5,88.3807,88.3807
zf,O421,xcl_micro_500k_p32x1_c005,5,42,10,87.2741,87.2741
zf,O421,xcl_micro_500k_p32x1_c005,5,42,50,77.5874,77.5874
zf,O421,xcl_micro_500k_p32x1_c005,5,42,100,57.5806,57.5806
zf,O421,xcl_micro_500k_p32x1_c005,5,43,1,90.633,90.633
zf,O421,xcl_micro_500k_p32x1_c005,5,43,5,87.6998,87.6998
zf,O421,xcl_micro_500k_p32x1_c005,5,43,10,86.7227,86.7227
zf,O421,xcl_micro_500k_p32x1_c005,5,43,50,77.0523,77.0523
zf,O421,xcl_micro_500k_p32x1_c005,5,43,100,57.4003,57.4003
zf,O421,xcl_micro_500k_p32x1_c005,5,44,1,91.2629,91.2629
zf,O421,xcl_micro_500k_p32x1_c005,5,44,5,88.3275,88.3275
zf,O421,xcl_micro_500k_p32x1_c005,5,44,10,87.1547,87.1547
zf,O421,xcl_micro_500k_p32x1_c005,5,44,50,77.6677,77.6677
zf,O421,xcl_micro_500k_p32x1_c005,5,44,100,57.9185,57.9185
zf,O421,xcl_micro_500k_p32x1_c005,5,45,1,92.2845,92.2845
zf,O421,xcl_micro_500k_p32x1_c005,5,45,5,89.9635,89.9635
zf,O421,xcl_micro_500k_p32x1_c005,5,45,10,88.2572,88.2572
zf,O421,xcl_micro_500k_p32x1_c005,5,45,50,78.1272,78.1272
zf,O421,xcl_micro_500k_p32x1_c005,5,45,100,58.3169,58.3169
zf,O421,xcl_micro_500k_p32x1_c005,5,46,1,90.8122,90.8122
zf,O421,xcl_micro_500k_p32x1_c005,5,46,5,89.5538,89.5538
zf,O421,xcl_micro_500k_p32x1_c005,5,46,10,88.2308,88.2308
zf,O421,xcl_micro_500k_p32x1_c005,5,46,50,78.2963,78.2963
zf,O421,xcl_micro_500k_p32x1_c005,5,46,100,58.1389,58.1389
zf,O421,xcl_micro_500k_p32x4_c010,3,42,1,83.8132,83.8132
zf,O421,xcl_micro_500k_p32x4_c010,3,42,5,81.763,81.763
zf,O421,xcl_micro_500k_p32x4_c010,3,42,10,80.6196,80.6196
zf,O421,xcl_micro_500k_p32x4_c010,3,42,50,71.6938,71.6938
zf,O421,xcl_micro_500k_p32x4_c010,3,42,100,52.7383,52.7383
zf,O421,xcl_micro_500k_p32x4_c010,3,43,1,84.5851,84.5851
zf,O421,xcl_micro_500k_p32x4_c010,3,43,5,81.7103,81.7103
zf,O421,xcl_micro_500k_p32x4_c010,3,43,10,80.6205,80.6205
zf,O421,xcl_micro_500k_p32x4_c010,3,43,50,71.9871,71.9871
zf,O421,xcl_micro_500k_p32x4_c010,3,43,100,52.4316,52.4316
zf,O421,xcl_micro_500k_p32x4_c010,3,44,1,84.611,84.611
zf,O421,xcl_micro_500k_p32x4_c010,3,44,5,81.1825,81.1825
zf,O421,xcl_micro_500k_p32x4_c010,3,44,10,80.8834,80.8834
zf,O421,xcl_micro_500k_p32x4_c010,3,44,50,72.6558,72.6558
zf,O421,xcl_micro_500k_p32x4_c010,3,44,100,52.9851,52.9851
zf,O421,xcl_micro_500k_p32x4_c010,3,45,1,82.6397,82.6397
zf,O421,xcl_micro_500k_p32x4_c010,3,45,5,82.3814,82.3814
zf,O421,xcl_micro_500k_p32x4_c010,3,45,10,80.9362,80.9362
zf,O421,xcl_micro_500k_p32x4_c010,3,45,50,72.1128,72.1128
zf,O421,xcl_micro_500k_p32x4_c010,3,45,100,52.9539,52.9539
zf,O421,xcl_micro_500k_p32x4_c010,3,46,1,83.426,83.426
zf,O421,xcl_micro_500k_p32x4_c010,3,46,5,81.2372,81.2372
zf,O421,xcl_micro_500k_p32x4_c010,3,46,10,80.4204,80.4204
zf,O421,xcl_micro_500k_p32x4_c010,3,46,50,71.9824,71.9824
zf,O421,xcl_micro_500k_p32x4_c010,3,46,100,52.7378,52.7378
zf,O434,birdaves_biox_base,3,42,1,77.7953,77.7953
zf,O434,birdaves_biox_base,3,42,5,75.2852,75.2852
zf,O434,birdaves_biox_base,3,42,10,71.9443,71.9443
zf,O434,birdaves_biox_base,3,42,50,65.8837,65.8837
zf,O434,birdaves_biox_base,3,42,100,59.3042,59.3042
zf,O434,birdaves_biox_base,3,43,1,76.3732,76.3732
zf,O434,birdaves_biox_base,3,43,5,74.2618,74.2618
zf,O434,birdaves_biox_base,3,43,10,70.9936,70.9936
zf,O434,birdaves_biox_base,3,43,50,63.8519,63.8519
zf,O434,birdaves_biox_base,3,43,100,57.9521,57.9521
zf,O434,birdaves_biox_base,3,44,1,76.7712,76.7712
zf,O434,birdaves_biox_base,3,44,5,74.3513,74.3513
zf,O434,birdaves_biox_base,3,44,10,72.0183,72.0183
zf,O434,birdaves_biox_base,3,44,50,64.8797,64.8797
zf,O434,birdaves_biox_base,3,44,100,58.8197,58.8197
zf,O434,birdaves_biox_base,3,45,1,77.1481,77.1481
zf,O434,birdaves_biox_base,3,45,5,74.436,74.436
zf,O434,birdaves_biox_base,3,45,10,72.2061,72.2061
zf,O434,birdaves_biox_base,3,45,50,64.7823,64.7823
zf,O434,birdaves_biox_base,3,45,100,58.7046,58.7046
zf,O434,birdaves_biox_base,3,46,1,75.0417,75.0417
zf,O434,birdaves_biox_base,3,46,5,73.1917,73.1917
zf,O434,birdaves_biox_base,3,46,10,70.1621,70.1621
zf,O434,birdaves_biox_base,3,46,50,63.3435,63.3435
zf,O434,birdaves_biox_base,3,46,100,57.3699,57.3699
zf,O434,birdaves_biox_base,7,42,1,79.6092,79.6092
zf,O434,birdaves_biox_base,7,42,5,75.8765,75.8765
zf,O434,birdaves_biox_base,7,42,10,73.6249,73.6249
zf,O434,birdaves_biox_base,7,42,50,66.1947,66.1947
zf,O434,birdaves_biox_base,7,42,100,59.3846,59.3846
zf,O434,birdaves_biox_base,7,43,1,78.2917,78.2917
zf,O434,birdaves_biox_base,7,43,5,75.1272,75.1272
zf,O434,birdaves_biox_base,7,43,10,72.4771,72.4771
zf,O434,birdaves_biox_base,7,43,50,64.45,64.45
zf,O434,birdaves_biox_base,7,43,100,58.3285,58.3285
zf,O434,birdaves_biox_base,7,44,1,80.3884,80.3884
zf,O434,birdaves_biox_base,7,44,5,75.0902,75.0902
zf,O434,birdaves_biox_base,7,44,10,73.2646,73.2646
zf,O434,birdaves_biox_base,7,44,50,65.2583,65.2583
zf,O434,birdaves_biox_base,7,44,100,58.8955,58.8955
zf,O434,birdaves_biox_base,7,45,1,77.839,77.839
zf,O434,birdaves_biox_base,7,45,5,75.1956,75.1956
zf,O434,birdaves_biox_base,7,45,10,73.327,73.327
zf,O434,birdaves_biox_base,7,45,50,65.1913,65.1913
zf,O434,birdaves_biox_base,7,45,100,58.8015,58.8015
zf,O434,birdaves_biox_base,7,46,1,76.8906,76.8906
zf,O434,birdaves_biox_base,7,46,5,73.8164,73.8164
zf,O434,birdaves_biox_base,7,46,10,71.5433,71.5433
zf,O434,birdaves_biox_base,7,46,50,63.9965,63.9965
zf,O434,birdaves_biox_base,7,46,100,57.5995,57.5995
zf,O434,birdaves_biox_base_speed0p25,3,42,1,81.9552,81.9552
zf,O434,birdaves_biox_base_speed0p25,3,42,5,79.7027,79.7027
zf,O434,birdaves_biox_base_speed0p25,3,42,10,77.4,77.4
zf,O434,birdaves_biox_base_speed0p25,3,42,50,70.2736,70.2736
zf,O434,birdaves_biox_base_speed0p25,3,42,100,60.1996,60.1996
zf,O434,birdaves_biox_base_speed0p25,3,43,1,80.6568,80.6568
zf,O434,birdaves_biox_base_speed0p25,3,43,5,78.7466,78.7466
zf,O434,birdaves_biox_base_speed0p25,3,43,10,76.194,76.194
zf,O434,birdaves_biox_base_speed0p25,3,43,50,67.9389,67.9389
zf,O434,birdaves_biox_base_speed0p25,3,43,100,58.6377,58.6377
zf,O434,birdaves_biox_base_speed0p25,3,44,1,82.4788,82.4788
zf,O434,birdaves_biox_base_speed0p25,3,44,5,79.7301,79.7301
zf,O434,birdaves_biox_base_speed0p25,3,44,10,77.4364,77.4364
zf,O434,birdaves_biox_base_speed0p25,3,44,50,69.4017,69.4017
zf,O434,birdaves_biox_base_speed0p25,3,44,100,59.6443,59.6443
zf,O434,birdaves_biox_base_speed0p25,3,45,1,82.5255,82.5255
zf,O434,birdaves_biox_base_speed0p25,3,45,5,79.595,79.595
zf,O434,birdaves_biox_base_speed0p25,3,45,10,77.3802,77.3802
zf,O434,birdaves_biox_base_speed0p25,3,45,50,69.2783,69.2783
zf,O434,birdaves_biox_base_speed0p25,3,45,100,59.7212,59.7212
zf,O434,birdaves_biox_base_speed0p25,3,46,1,79.578,79.578
zf,O434,birdaves_biox_base_speed0p25,3,46,5,76.7916,76.7916
zf,O434,birdaves_biox_base_speed0p25,3,46,10,74.4391,74.4391
zf,O434,birdaves_biox_base_speed0p25,3,46,50,66.0165,66.0165
zf,O434,birdaves_biox_base_speed0p25,3,46,100,56.9578,56.9578
zf,O434,birdaves_biox_base_speed0p25,4,42,1,83.9655,83.9655
zf,O434,birdaves_biox_base_speed0p25,4,42,5,80.4692,80.4692
zf,O434,birdaves_biox_base_speed0p25,4,42,10,77.7678,77.7678
zf,O434,birdaves_biox_base_speed0p25,4,42,50,70.7333,70.7333
zf,O434,birdaves_biox_base_speed0p25,4,42,100,61.2495,61.2495
zf,O434,birdaves_biox_base_speed0p25,4,43,1,82.229,82.229
zf,O434,birdaves_biox_base_speed0p25,4,43,5,79.6577,79.6577
zf,O434,birdaves_biox_base_speed0p25,4,43,10,76.726,76.726
zf,O434,birdaves_biox_base_speed0p25,4,43,50,68.4123,68.4123
zf,O434,birdaves_biox_base_speed0p25,4,43,100,59.5707,59.5707
zf,O434,birdaves_biox_base_speed0p25,4,44,1,83.5384,83.5384
zf,O434,birdaves_biox_base_speed0p25,4,44,5,80.8191,80.8191
zf,O434,birdaves_biox_base_speed0p25,4,44,10,77.8553,77.8553
zf,O434,birdaves_biox_base_speed0p25,4,44,50,69.5684,69.5684
zf,O434,birdaves_biox_base_speed0p25,4,44,100,60.5107,60.5107
zf,O434,birdaves_biox_base_speed0p25,4,45,1,84.017,84.017
zf,O434,birdaves_biox_base_speed0p25,4,45,5,79.8517,79.8517
zf,O434,birdaves_biox_base_speed0p25,4,45,10,77.6783,77.6783
zf,O434,birdaves_biox_base_speed0p25,4,45,50,69.7177,69.7177
zf,O434,birdaves_biox_base_speed0p25,4,45,100,60.7303,60.7303
zf,O434,birdaves_biox_base_speed0p25,4,46,1,81.0328,81.0328
zf,O434,birdaves_biox_base_speed0p25,4,46,5,77.536,77.536
zf,O434,birdaves_biox_base_speed0p25,4,46,10,74.7918,74.7918
zf,O434,birdaves_biox_base_speed0p25,4,46,50,66.503,66.503
zf,O434,birdaves_biox_base_speed0p25,4,46,100,57.9348,57.9348
zf,O434,birdaves_biox_base_speed0p5,3,42,1,81.7561,81.7561
zf,O434,birdaves_biox_base_speed0p5,3,42,5,78.766,78.766
zf,O434,birdaves_biox_base_speed0p5,3,42,10,76.3593,76.3593
zf,O434,birdaves_biox_base_speed0p5,3,42,50,69.1613,69.1613
zf,O434,birdaves_biox_base_speed0p5,3,42,100,61.6712,61.6712
zf,O434,birdaves_biox_base_speed0p5,3,43,1,81.663,81.663
zf,O434,birdaves_biox_base_speed0p5,3,43,5,78.082,78.082
zf,O434,birdaves_biox_base_speed0p5,3,43,10,75.0432,75.0432
zf,O434,birdaves_biox_base_speed0p5,3,43,50,67.088,67.088
zf,O434,birdaves_biox_base_speed0p5,3,43,100,60.1368,60.1368
zf,O434,birdaves_biox_base_speed0p5,3,44,1,81.9967,81.9967
zf,O434,birdaves_biox_base_speed0p5,3,44,5,79.3096,79.3096
zf,O434,birdaves_biox_base_speed0p5,3,44,10,76.5471,76.5471
zf,O434,birdaves_biox_base_speed0p5,3,44,50,68.3488,68.3488
zf,O434,birdaves_biox_base_speed0p5,3,44,100,61.0192,61.0192
zf,O434,birdaves_biox_base_speed0p5,3,45,1,82.6479,82.6479
zf,O434,birdaves_biox_base_speed0p5,3,45,5,78.9757,78.9757
zf,O434,birdaves_biox_base_speed0p5,3,45,10,76.1673,76.1673
zf,O434,birdaves_biox_base_speed0p5,3,45,50,68.2798,68.2798
zf,O434,birdaves_biox_base_speed0p5,3,45,100,60.869,60.869
zf,O434,birdaves_biox_base_speed0p5,3,46,1,79.8838,79.8838
zf,O434,birdaves_biox_base_speed0p5,3,46,5,77.5118,77.5118
zf,O434,birdaves_biox_base_speed0p5,3,46,10,74.755,74.755
zf,O434,birdaves_biox_base_speed0p5,3,46,50,66.5853,66.5853
zf,O434,birdaves_biox_base_speed0p5,3,46,100,59.5263,59.5263
zf,O434,birdaves_biox_base_speed0p5,6,42,1,83.2935,83.2935
zf,O434,birdaves_biox_base_speed0p5,6,42,5,79.7307,79.7307
zf,O434,birdaves_biox_base_speed0p5,6,42,10,76.5509,76.5509
zf,O434,birdaves_biox_base_speed0p5,6,42,50,69.2499,69.2499
zf,O434,birdaves_biox_base_speed0p5,6,42,100,61.6297,61.6297
zf,O434,birdaves_biox_base_speed0p5,6,43,1,81.5902,81.5902
zf,O434,birdaves_biox_base_speed0p5,6,43,5,78.6238,78.6238
zf,O434,birdaves_biox_base_speed0p5,6,43,10,75.5078,75.5078
zf,O434,birdaves_biox_base_speed0p5,6,43,50,67.0553,67.0553
zf,O434,birdaves_biox_base_speed0p5,6,43,100,60.1314,60.1314
zf,O434,birdaves_biox_base_speed0p5,6,44,1,81.049,81.049
zf,O434,birdaves_biox_base_speed0p5,6,44,5,79.1138,79.1138
zf,O434,birdaves_biox_base_speed0p5,6,44,10,76.538,76.538
zf,O434,birdaves_biox_base_speed0p5,6,44,50,67.7792,67.7792
zf,O434,birdaves_biox_base_speed0p5,6,44,100,60.5645,60.5645
zf,O434,birdaves_biox_base_speed0p5,6,45,1,83.0346,83.0346
zf,O434,birdaves_biox_base_speed0p5,6,45,5,79.5789,79.5789
zf,O434,birdaves_biox_base_speed0p5,6,45,10,76.3325,76.3325
zf,O434,birdaves_biox_base_speed0p5,6,45,50,68.024,68.024
zf,O434,birdaves_biox_base_speed0p5,6,45,100,60.7549,60.7549
zf,O434,birdaves_biox_base_speed0p5,6,46,1,79.4813,79.4813
zf,O434,birdaves_biox_base_speed0p5,6,46,5,78.0539,78.0539
zf,O434,birdaves_biox_base_speed0p5,6,46,10,75.2389,75.2389
zf,O434,birdaves_biox_base_speed0p5,6,46,50,66.3178,66.3178
zf,O434,birdaves_biox_base_speed0p5,6,46,100,59.2739,59.2739
zf,O434,hubert_base_ls960,0,42,1,77.9053,77.9053
zf,O434,hubert_base_ls960,0,42,5,73.6001,73.6001
zf,O434,hubert_base_ls960,0,42,10,70.7719,70.7719
zf,O434,hubert_base_ls960,0,42,50,62.4045,62.4045
zf,O434,hubert_base_ls960,0,42,100,52.0123,52.0123
zf,O434,hubert_base_ls960,0,43,1,76.7472,76.7472
zf,O434,hubert_base_ls960,0,43,5,72.7565,72.7565
zf,O434,hubert_base_ls960,0,43,10,70.2507,70.2507
zf,O434,hubert_base_ls960,0,43,50,60.9971,60.9971
zf,O434,hubert_base_ls960,0,43,100,51.2215,51.2215
zf,O434,hubert_base_ls960,0,44,1,77.4669,77.4669
zf,O434,hubert_base_ls960,0,44,5,72.8926,72.8926
zf,O434,hubert_base_ls960,0,44,10,70.7265,70.7265
zf,O434,hubert_base_ls960,0,44,50,61.1162,61.1162
zf,O434,hubert_base_ls960,0,44,100,51.1953,51.1953
zf,O434,hubert_base_ls960,0,45,1,79.164,79.164
zf,O434,hubert_base_ls960,0,45,5,73.1026,73.1026
zf,O434,hubert_base_ls960,0,45,10,70.3588,70.3588
zf,O434,hubert_base_ls960,0,45,50,61.3774,61.3774
zf,O434,hubert_base_ls960,0,45,100,51.5887,51.5887
zf,O434,hubert_base_ls960,0,46,1,74.8634,74.8634
zf,O434,hubert_base_ls960,0,46,5,71.3535,71.3535
zf,O434,hubert_base_ls960,0,46,10,68.849,68.849
zf,O434,hubert_base_ls960,0,46,50,59.9378,59.9378
zf,O434,hubert_base_ls960,0,46,100,50.1267,50.1267
zf,O434,hubert_base_ls960,3,42,1,76.4218,76.4218
zf,O434,hubert_base_ls960,3,42,5,72.6919,72.6919
zf,O434,hubert_base_ls960,3,42,10,70.0191,70.0191
zf,O434,hubert_base_ls960,3,42,50,61.8519,61.8519
zf,O434,hubert_base_ls960,3,42,100,51.3636,51.3636
zf,O434,hubert_base_ls960,3,43,1,75.4079,75.4079
zf,O434,hubert_base_ls960,3,43,5,71.4932,71.4932
zf,O434,hubert_base_ls960,3,43,10,69.0766,69.0766
zf,O434,hubert_base_ls960,3,43,50,60.2529,60.2529
zf,O434,hubert_base_ls960,3,43,100,50.6448,50.6448
zf,O434,hubert_base_ls960,3,44,1,75.168,75.168
zf,O434,hubert_base_ls960,3,44,5,70.9176,70.9176
zf,O434,hubert_base_ls960,3,44,10,69.0253,69.0253
zf,O434,hubert_base_ls960,3,44,50,59.559,59.559
zf,O434,hubert_base_ls960,3,44,100,49.7205,49.7205
zf,O434,hubert_base_ls960,3,45,1,75.241,75.241
zf,O434,hubert_base_ls960,3,45,5,70.6954,70.6954
zf,O434,hubert_base_ls960,3,45,10,68.4163,68.4163
zf,O434,hubert_base_ls960,3,45,50,59.4012,59.4012
zf,O434,hubert_base_ls960,3,45,100,50.0377,50.0377
zf,O434,hubert_base_ls960,3,46,1,71.9011,71.9011
zf,O434,hubert_base_ls960,3,46,5,69.7325,69.7325
zf,O434,hubert_base_ls960,3,46,10,67.4487,67.4487
zf,O434,hubert_base_ls960,3,46,50,58.8916,58.8916
zf,O434,hubert_base_ls960,3,46,100,49.4694,49.4694
zf,O434,xcl_base_500k_p32x1_c005,5,42,1,87.1756,87.1756
zf,O434,xcl_base_500k_p32x1_c005,5,42,5,83.0876,83.0876
zf,O434,xcl_base_500k_p32x1_c005,5,42,10,80.8162,80.8162
zf,O434,xcl_base_500k_p32x1_c005,5,42,50,70.959,70.959
zf,O434,xcl_base_500k_p32x1_c005,5,42,100,60.9031,60.9031
zf,O434,xcl_base_500k_p32x1_c005,5,43,1,84.3472,84.3472
zf,O434,xcl_base_500k_p32x1_c005,5,43,5,81.2947,81.2947
zf,O434,xcl_base_500k_p32x1_c005,5,43,10,78.8329,78.8329
zf,O434,xcl_base_500k_p32x1_c005,5,43,50,68.0273,68.0273
zf,O434,xcl_base_500k_p32x1_c005,5,43,100,58.8281,58.8281
zf,O434,xcl_base_500k_p32x1_c005,5,44,1,85.0308,85.0308
zf,O434,xcl_base_500k_p32x1_c005,5,44,5,82.0711,82.0711
zf,O434,xcl_base_500k_p32x1_c005,5,44,10,79.6233,79.6233
zf,O434,xcl_base_500k_p32x1_c005,5,44,50,68.6415,68.6415
zf,O434,xcl_base_500k_p32x1_c005,5,44,100,58.8825,58.8825
zf,O434,xcl_base_500k_p32x1_c005,5,45,1,84.6209,84.6209
zf,O434,xcl_base_500k_p32x1_c005,5,45,5,81.9891,81.9891
zf,O434,xcl_base_500k_p32x1_c005,5,45,10,79.7905,79.7905
zf,O434,xcl_base_500k_p32x1_c005,5,45,50,69.3281,69.3281
zf,O434,xcl_base_500k_p32x1_c005,5,45,100,59.606,59.606
zf,O434,xcl_base_500k_p32x1_c005,5,46,1,83.7296,83.7296
zf,O434,xcl_base_500k_p32x1_c005,5,46,5,80.595,80.595
zf,O434,xcl_base_500k_p32x1_c005,5,46,10,78.3003,78.3003
zf,O434,xcl_base_500k_p32x1_c005,5,46,50,67.9939,67.9939
zf,O434,xcl_base_500k_p32x1_c005,5,46,100,58.3787,58.3787
zf,O434,xcl_base_500k_p32x4_c010,3,42,1,82.1314,82.1314
zf,O434,xcl_base_500k_p32x4_c010,3,42,5,77.9135,77.9135
zf,O434,xcl_base_500k_p32x4_c010,3,42,10,75.3008,75.3008
zf,O434,xcl_base_500k_p32x4_c010,3,42,50,65.8781,65.8781
zf,O434,xcl_base_500k_p32x4_c010,3,42,100,57.1233,57.1233
zf,O434,xcl_base_500k_p32x4_c010,3,43,1,80.6537,80.6537
zf,O434,xcl_base_500k_p32x4_c010,3,43,5,76.9387,76.9387
zf,O434,xcl_base_500k_p32x4_c010,3,43,10,73.6822,73.6822
zf,O434,xcl_base_500k_p32x4_c010,3,43,50,63.3671,63.3671
zf,O434,xcl_base_500k_p32x4_c010,3,43,100,54.9485,54.9485
zf,O434,xcl_base_500k_p32x4_c010,3,44,1,79.9553,79.9553
zf,O434,xcl_base_500k_p32x4_c010,3,44,5,76.6001,76.6001
zf,O434,xcl_base_500k_p32x4_c010,3,44,10,73.6312,73.6312
zf,O434,xcl_base_500k_p32x4_c010,3,44,50,63.7788,63.7788
zf,O434,xcl_base_500k_p32x4_c010,3,44,100,55.301,55.301
zf,O434,xcl_base_500k_p32x4_c010,3,45,1,81.4747,81.4747
zf,O434,xcl_base_500k_p32x4_c010,3,45,5,76.8443,76.8443
zf,O434,xcl_base_500k_p32x4_c010,3,45,10,73.7084,73.7084
zf,O434,xcl_base_500k_p32x4_c010,3,45,50,64.0278,64.0278
zf,O434,xcl_base_500k_p32x4_c010,3,45,100,55.5832,55.5832
zf,O434,xcl_base_500k_p32x4_c010,3,46,1,80.0543,80.0543
zf,O434,xcl_base_500k_p32x4_c010,3,46,5,76.3175,76.3175
zf,O434,xcl_base_500k_p32x4_c010,3,46,10,73.4139,73.4139
zf,O434,xcl_base_500k_p32x4_c010,3,46,50,62.8108,62.8108
zf,O434,xcl_base_500k_p32x4_c010,3,46,100,54.3155,54.3155
zf,O434,xcl_base_500k_p32x4_c010,4,42,1,80.7245,80.7245
zf,O434,xcl_base_500k_p32x4_c010,4,42,5,77.5914,77.5914
zf,O434,xcl_base_500k_p32x4_c010,4,42,10,75.1664,75.1664
zf,O434,xcl_base_500k_p32x4_c010,4,42,50,65.9957,65.9957
zf,O434,xcl_base_500k_p32x4_c010,4,42,100,56.9355,56.9355
zf,O434,xcl_base_500k_p32x4_c010,4,43,1,80.3824,80.3824
zf,O434,xcl_base_500k_p32x4_c010,4,43,5,76.5378,76.5378
zf,O434,xcl_base_500k_p32x4_c010,4,43,10,73.4714,73.4714
zf,O434,xcl_base_500k_p32x4_c010,4,43,50,63.4273,63.4273
zf,O434,xcl_base_500k_p32x4_c010,4,43,100,54.894,54.894
zf,O434,xcl_base_500k_p32x4_c010,4,44,1,80.2045,80.2045
zf,O434,xcl_base_500k_p32x4_c010,4,44,5,76.5066,76.5066
zf,O434,xcl_base_500k_p32x4_c010,4,44,10,73.4469,73.4469
zf,O434,xcl_base_500k_p32x4_c010,4,44,50,63.6868,63.6868
zf,O434,xcl_base_500k_p32x4_c010,4,44,100,55.2291,55.2291
zf,O434,xcl_base_500k_p32x4_c010,4,45,1,81.2574,81.2574
zf,O434,xcl_base_500k_p32x4_c010,4,45,5,76.4196,76.4196
zf,O434,xcl_base_500k_p32x4_c010,4,45,10,73.6404,73.6404
zf,O434,xcl_base_500k_p32x4_c010,4,45,50,64.0166,64.0166
zf,O434,xcl_base_500k_p32x4_c010,4,45,100,55.3801,55.3801
zf,O434,xcl_base_500k_p32x4_c010,4,46,1,78.9942,78.9942
zf,O434,xcl_base_500k_p32x4_c010,4,46,5,76.1095,76.1095
zf,O434,xcl_base_500k_p32x4_c010,4,46,10,73.023,73.023
zf,O434,xcl_base_500k_p32x4_c010,4,46,50,62.9946,62.9946
zf,O434,xcl_base_500k_p32x4_c010,4,46,100,54.2369,54.2369
zf,O434,xcl_large_500k_p32x1_c005,11,42,1,87.2171,87.2171
zf,O434,xcl_large_500k_p32x1_c005,11,42,5,84.0746,84.0746
zf,O434,xcl_large_500k_p32x1_c005,11,42,10,82.0369,82.0369
zf,O434,xcl_large_500k_p32x1_c005,11,42,50,72.2804,72.2804
zf,O434,xcl_large_500k_p32x1_c005,11,42,100,64.2596,64.2596
zf,O434,xcl_large_500k_p32x1_c005,11,43,1,85.1743,85.1743
zf,O434,xcl_large_500k_p32x1_c005,11,43,5,82.3916,82.3916
zf,O434,xcl_large_500k_p32x1_c005,11,43,10,80.049,80.049
zf,O434,xcl_large_500k_p32x1_c005,11,43,50,69.9486,69.9486
zf,O434,xcl_large_500k_p32x1_c005,11,43,100,62.8781,62.8781
zf,O434,xcl_large_500k_p32x1_c005,11,44,1,85.9414,85.9414
zf,O434,xcl_large_500k_p32x1_c005,11,44,5,82.8837,82.8837
zf,O434,xcl_large_500k_p32x1_c005,11,44,10,80.6986,80.6986
zf,O434,xcl_large_500k_p32x1_c005,11,44,50,70.5931,70.5931
zf,O434,xcl_large_500k_p32x1_c005,11,44,100,62.8238,62.8238
zf,O434,xcl_large_500k_p32x1_c005,11,45,1,86.0824,86.0824
zf,O434,xcl_large_500k_p32x1_c005,11,45,5,82.9974,82.9974
zf,O434,xcl_large_500k_p32x1_c005,11,45,10,81.016,81.016
zf,O434,xcl_large_500k_p32x1_c005,11,45,50,71.1308,71.1308
zf,O434,xcl_large_500k_p32x1_c005,11,45,100,63.3249,63.3249
zf,O434,xcl_large_500k_p32x1_c005,11,46,1,83.8735,83.8735
zf,O434,xcl_large_500k_p32x1_c005,11,46,5,81.5821,81.5821
zf,O434,xcl_large_500k_p32x1_c005,11,46,10,79.5732,79.5732
zf,O434,xcl_large_500k_p32x1_c005,11,46,50,69.7375,69.7375
zf,O434,xcl_large_500k_p32x1_c005,11,46,100,62.0379,62.0379
zf,O434,xcl_large_500k_p32x4_c0025,9,42,1,81.1866,81.1866
zf,O434,xcl_large_500k_p32x4_c0025,9,42,5,78.4152,78.4152
zf,O434,xcl_large_500k_p32x4_c0025,9,42,10,75.24,75.24
zf,O434,xcl_large_500k_p32x4_c0025,9,42,50,66.1307,66.1307
zf,O434,xcl_large_500k_p32x4_c0025,9,42,100,57.407,57.407
zf,O434,xcl_large_500k_p32x4_c0025,9,43,1,79.7908,79.7908
zf,O434,xcl_large_500k_p32x4_c0025,9,43,5,77.0982,77.0982
zf,O434,xcl_large_500k_p32x4_c0025,9,43,10,73.9739,73.9739
zf,O434,xcl_large_500k_p32x4_c0025,9,43,50,63.9013,63.9013
zf,O434,xcl_large_500k_p32x4_c0025,9,43,100,55.6153,55.6153
zf,O434,xcl_large_500k_p32x4_c0025,9,44,1,81.4014,81.4014
zf,O434,xcl_large_500k_p32x4_c0025,9,44,5,77.6101,77.6101
zf,O434,xcl_large_500k_p32x4_c0025,9,44,10,74.1743,74.1743
zf,O434,xcl_large_500k_p32x4_c0025,9,44,50,64.2751,64.2751
zf,O434,xcl_large_500k_p32x4_c0025,9,44,100,55.6605,55.6605
zf,O434,xcl_large_500k_p32x4_c0025,9,45,1,79.9835,79.9835
zf,O434,xcl_large_500k_p32x4_c0025,9,45,5,76.335,76.335
zf,O434,xcl_large_500k_p32x4_c0025,9,45,10,73.8955,73.8955
zf,O434,xcl_large_500k_p32x4_c0025,9,45,50,64.2626,64.2626
zf,O434,xcl_large_500k_p32x4_c0025,9,45,100,55.7287,55.7287
zf,O434,xcl_large_500k_p32x4_c0025,9,46,1,77.3587,77.3587
zf,O434,xcl_large_500k_p32x4_c0025,9,46,5,76.4078,76.4078
zf,O434,xcl_large_500k_p32x4_c0025,9,46,10,73.3841,73.3841
zf,O434,xcl_large_500k_p32x4_c0025,9,46,50,63.2268,63.2268
zf,O434,xcl_large_500k_p32x4_c0025,9,46,100,54.5373,54.5373
zf,O434,xcl_large_500k_p32x4_c010,10,42,1,82.6486,82.6486
zf,O434,xcl_large_500k_p32x4_c010,10,42,5,78.203,78.203
zf,O434,xcl_large_500k_p32x4_c010,10,42,10,75.0156,75.0156
zf,O434,xcl_large_500k_p32x4_c010,10,42,50,66.6761,66.6761
zf,O434,xcl_large_500k_p32x4_c010,10,42,100,59.0549,59.0549
zf,O434,xcl_large_500k_p32x4_c010,10,43,1,80.3929,80.3929
zf,O434,xcl_large_500k_p32x4_c010,10,43,5,76.666,76.666
zf,O434,xcl_large_500k_p32x4_c010,10,43,10,73.0779,73.0779
zf,O434,xcl_large_500k_p32x4_c010,10,43,50,64.3108,64.3108
zf,O434,xcl_large_500k_p32x4_c010,10,43,100,57.222,57.222
zf,O434,xcl_large_500k_p32x4_c010,10,44,1,81.0606,81.0606
zf,O434,xcl_large_500k_p32x4_c010,10,44,5,76.2255,76.2255
zf,O434,xcl_large_500k_p32x4_c010,10,44,10,73.5769,73.5769
zf,O434,xcl_large_500k_p32x4_c010,10,44,50,64.4574,64.4574
zf,O434,xcl_large_500k_p32x4_c010,10,44,100,57.2262,57.2262
zf,O434,xcl_large_500k_p32x4_c010,10,45,1,82.0186,82.0186
zf,O434,xcl_large_500k_p32x4_c010,10,45,5,76.386,76.386
zf,O434,xcl_large_500k_p32x4_c010,10,45,10,73.4045,73.4045
zf,O434,xcl_large_500k_p32x4_c010,10,45,50,64.6466,64.6466
zf,O434,xcl_large_500k_p32x4_c010,10,45,100,57.294,57.294
zf,O434,xcl_large_500k_p32x4_c010,10,46,1,78.5679,78.5679
zf,O434,xcl_large_500k_p32x4_c010,10,46,5,76.0824,76.0824
zf,O434,xcl_large_500k_p32x4_c010,10,46,10,73.0091,73.0091
zf,O434,xcl_large_500k_p32x4_c010,10,46,50,63.6534,63.6534
zf,O434,xcl_large_500k_p32x4_c010,10,46,100,56.2306,56.2306
zf,O434,xcl_micro_500k_p32x1_c005,4,42,1,84.2242,84.2242
zf,O434,xcl_micro_500k_p32x1_c005,4,42,5,80.7504,80.7504
zf,O434,xcl_micro_500k_p32x1_c005,4,42,10,77.1962,77.1962
zf,O434,xcl_micro_500k_p32x1_c005,4,42,50,62.6706,62.6706
zf,O434,xcl_micro_500k_p32x1_c005,4,42,100,51.3811,51.3811
zf,O434,xcl_micro_500k_p32x1_c005,4,43,1,82.2201,82.2201
zf,O434,xcl_micro_500k_p32x1_c005,4,43,5,78.8412,78.8412
zf,O434,xcl_micro_500k_p32x1_c005,4,43,10,74.9612,74.9612
zf,O434,xcl_micro_500k_p32x1_c005,4,43,50,60.2671,60.2671
zf,O434,xcl_micro_500k_p32x1_c005,4,43,100,50.1867,50.1867
zf,O434,xcl_micro_500k_p32x1_c005,4,44,1,82.497,82.497
zf,O434,xcl_micro_500k_p32x1_c005,4,44,5,79.2442,79.2442
zf,O434,xcl_micro_500k_p32x1_c005,4,44,10,75.7103,75.7103
zf,O434,xcl_micro_500k_p32x1_c005,4,44,50,60.7452,60.7452
zf,O434,xcl_micro_500k_p32x1_c005,4,44,100,50.0472,50.0472
zf,O434,xcl_micro_500k_p32x1_c005,4,45,1,83.2496,83.2496
zf,O434,xcl_micro_500k_p32x1_c005,4,45,5,79.042,79.042
zf,O434,xcl_micro_500k_p32x1_c005,4,45,10,75.6076,75.6076
zf,O434,xcl_micro_500k_p32x1_c005,4,45,50,61.019,61.019
zf,O434,xcl_micro_500k_p32x1_c005,4,45,100,50.3247,50.3247
zf,O434,xcl_micro_500k_p32x1_c005,4,46,1,79.7077,79.7077
zf,O434,xcl_micro_500k_p32x1_c005,4,46,5,76.8773,76.8773
zf,O434,xcl_micro_500k_p32x1_c005,4,46,10,73.5926,73.5926
zf,O434,xcl_micro_500k_p32x1_c005,4,46,50,59.356,59.356
zf,O434,xcl_micro_500k_p32x1_c005,4,46,100,49.1587,49.1587
zf,O434,xcl_micro_500k_p32x1_c005,5,42,1,84.0957,84.0957
zf,O434,xcl_micro_500k_p32x1_c005,5,42,5,80.8511,80.8511
zf,O434,xcl_micro_500k_p32x1_c005,5,42,10,77.1156,77.1156
zf,O434,xcl_micro_500k_p32x1_c005,5,42,50,62.9804,62.9804
zf,O434,xcl_micro_500k_p32x1_c005,5,42,100,51.6838,51.6838
zf,O434,xcl_micro_500k_p32x1_c005,5,43,1,81.7046,81.7046
zf,O434,xcl_micro_500k_p32x1_c005,5,43,5,78.8229,78.8229
zf,O434,xcl_micro_500k_p32x1_c005,5,43,10,75.1207,75.1207
zf,O434,xcl_micro_500k_p32x1_c005,5,43,50,60.6605,60.6605
zf,O434,xcl_micro_500k_p32x1_c005,5,43,100,50.5108,50.5108
zf,O434,xcl_micro_500k_p32x1_c005,5,44,1,82.927,82.927
zf,O434,xcl_micro_500k_p32x1_c005,5,44,5,79.5189,79.5189
zf,O434,xcl_micro_500k_p32x1_c005,5,44,10,75.7334,75.7334
zf,O434,xcl_micro_500k_p32x1_c005,5,44,50,61.1785,61.1785
zf,O434,xcl_micro_500k_p32x1_c005,5,44,100,50.2938,50.2938
zf,O434,xcl_micro_500k_p32x1_c005,5,45,1,82.6999,82.6999
zf,O434,xcl_micro_500k_p32x1_c005,5,45,5,78.8702,78.8702
zf,O434,xcl_micro_500k_p32x1_c005,5,45,10,75.8301,75.8301
zf,O434,xcl_micro_500k_p32x1_c005,5,45,50,61.4373,61.4373
zf,O434,xcl_micro_500k_p32x1_c005,5,45,100,50.7042,50.7042
zf,O434,xcl_micro_500k_p32x1_c005,5,46,1,80.0969,80.0969
zf,O434,xcl_micro_500k_p32x1_c005,5,46,5,77.2338,77.2338
zf,O434,xcl_micro_500k_p32x1_c005,5,46,10,73.7914,73.7914
zf,O434,xcl_micro_500k_p32x1_c005,5,46,50,59.7964,59.7964
zf,O434,xcl_micro_500k_p32x1_c005,5,46,100,49.4498,49.4498
zf,O434,xcl_micro_500k_p32x4_c010,3,42,1,80.7383,80.7383
zf,O434,xcl_micro_500k_p32x4_c010,3,42,5,76.4443,76.4443
zf,O434,xcl_micro_500k_p32x4_c010,3,42,10,73.1085,73.1085
zf,O434,xcl_micro_500k_p32x4_c010,3,42,50,63.9107,63.9107
zf,O434,xcl_micro_500k_p32x4_c010,3,42,100,52.9463,52.9463
zf,O434,xcl_micro_500k_p32x4_c010,3,43,1,79.5442,79.5442
zf,O434,xcl_micro_500k_p32x4_c010,3,43,5,75.0435,75.0435
zf,O434,xcl_micro_500k_p32x4_c010,3,43,10,71.5162,71.5162
zf,O434,xcl_micro_500k_p32x4_c010,3,43,50,61.2414,61.2414
zf,O434,xcl_micro_500k_p32x4_c010,3,43,100,51.0392,51.0392
zf,O434,xcl_micro_500k_p32x4_c010,3,44,1,80.4316,80.4316
zf,O434,xcl_micro_500k_p32x4_c010,3,44,5,75.044,75.044
zf,O434,xcl_micro_500k_p32x4_c010,3,44,10,72.3693,72.3693
zf,O434,xcl_micro_500k_p32x4_c010,3,44,50,61.879,61.879
zf,O434,xcl_micro_500k_p32x4_c010,3,44,100,51.1923,51.1923
zf,O434,xcl_micro_500k_p32x4_c010,3,45,1,79.2684,79.2684
zf,O434,xcl_micro_500k_p32x4_c010,3,45,5,75.3434,75.3434
zf,O434,xcl_micro_500k_p32x4_c010,3,45,10,72.1629,72.1629
zf,O434,xcl_micro_500k_p32x4_c010,3,45,50,62.0437,62.0437
zf,O434,xcl_micro_500k_p32x4_c010,3,45,100,51.3321,51.3321
zf,O434,xcl_micro_500k_p32x4_c010,3,46,1,78.9994,78.9994
zf,O434,xcl_micro_500k_p32x4_c010,3,46,5,74.4837,74.4837
zf,O434,xcl_micro_500k_p32x4_c010,3,46,10,71.0733,71.0733
zf,O434,xcl_micro_500k_p32x4_c010,3,46,50,60.3223,60.3223
zf,O434,xcl_micro_500k_p32x4_c010,3,46,100,50.0256,50.0256
zf,O440,birdaves_biox_base,3,42,1,87.7599,87.7599
zf,O440,birdaves_biox_base,3,42,5,86.1904,86.1904
zf,O440,birdaves_biox_base,3,42,10,83.0685,83.0685
zf,O440,birdaves_biox_base,3,42,50,71.5027,71.5027
zf,O440,birdaves_biox_base,3,42,100,51.4151,51.4151
zf,O440,birdaves_biox_base,3,43,1,88.9145,88.9145
zf,O440,birdaves_biox_base,3,43,5,86.382,86.382
zf,O440,birdaves_biox_base,3,43,10,83.6665,83.6665
zf,O440,birdaves_biox_base,3,43,50,71.6133,71.6133
zf,O440,birdaves_biox_base,3,43,100,51.3675,51.3675
zf,O440,birdaves_biox_base,3,44,1,87.8539,87.8539
zf,O440,birdaves_biox_base,3,44,5,86.5421,86.5421
zf,O440,birdaves_biox_base,3,44,10,83.9023,83.9023
zf,O440,birdaves_biox_base,3,44,50,71.5749,71.5749
zf,O440,birdaves_biox_base,3,44,100,51.2833,51.2833
zf,O440,birdaves_biox_base,3,45,1,87.7125,87.7125
zf,O440,birdaves_biox_base,3,45,5,84.3594,84.3594
zf,O440,birdaves_biox_base,3,45,10,81.9026,81.9026
zf,O440,birdaves_biox_base,3,45,50,70.2617,70.2617
zf,O440,birdaves_biox_base,3,45,100,50.7651,50.7651
zf,O440,birdaves_biox_base,3,46,1,88.7146,88.7146
zf,O440,birdaves_biox_base,3,46,5,86.39,86.39
zf,O440,birdaves_biox_base,3,46,10,83.3308,83.3308
zf,O440,birdaves_biox_base,3,46,50,71.4967,71.4967
zf,O440,birdaves_biox_base,3,46,100,51.2514,51.2514
zf,O440,birdaves_biox_base,7,42,1,87.8562,87.8562
zf,O440,birdaves_biox_base,7,42,5,85.9807,85.9807
zf,O440,birdaves_biox_base,7,42,10,83.1673,83.1673
zf,O440,birdaves_biox_base,7,42,50,71.6727,71.6727
zf,O440,birdaves_biox_base,7,42,100,51.6197,51.6197
zf,O440,birdaves_biox_base,7,43,1,88.0686,88.0686
zf,O440,birdaves_biox_base,7,43,5,86.4381,86.4381
zf,O440,birdaves_biox_base,7,43,10,83.5897,83.5897
zf,O440,birdaves_biox_base,7,43,50,71.5712,71.5712
zf,O440,birdaves_biox_base,7,43,100,51.6933,51.6933
zf,O440,birdaves_biox_base,7,44,1,88.7161,88.7161
zf,O440,birdaves_biox_base,7,44,5,86.4285,86.4285
zf,O440,birdaves_biox_base,7,44,10,83.7112,83.7112
zf,O440,birdaves_biox_base,7,44,50,71.595,71.595
zf,O440,birdaves_biox_base,7,44,100,51.499,51.499
zf,O440,birdaves_biox_base,7,45,1,86.4587,86.4587
zf,O440,birdaves_biox_base,7,45,5,84.6525,84.6525
zf,O440,birdaves_biox_base,7,45,10,81.8883,81.8883
zf,O440,birdaves_biox_base,7,45,50,70.4213,70.4213
zf,O440,birdaves_biox_base,7,45,100,51.1021,51.1021
zf,O440,birdaves_biox_base,7,46,1,89.6229,89.6229
zf,O440,birdaves_biox_base,7,46,5,85.9482,85.9482
zf,O440,birdaves_biox_base,7,46,10,83.4504,83.4504
zf,O440,birdaves_biox_base,7,46,50,71.6154,71.6154
zf,O440,birdaves_biox_base,7,46,100,51.5673,51.5673
zf,O440,birdaves_biox_base_speed0p25,3,42,1,89.8374,89.8374
zf,O440,birdaves_biox_base_speed0p25,3,42,5,86.0917,86.0917
zf,O440,birdaves_biox_base_speed0p25,3,42,10,83.1814,83.1814
zf,O440,birdaves_biox_base_speed0p25,3,42,50,69.0204,69.0204
zf,O440,birdaves_biox_base_speed0p25,3,42,100,50.3676,50.3676
zf,O440,birdaves_biox_base_speed0p25,3,43,1,90.959,90.959
zf,O440,birdaves_biox_base_speed0p25,3,43,5,87.1158,87.1158
zf,O440,birdaves_biox_base_speed0p25,3,43,10,84.1819,84.1819
zf,O440,birdaves_biox_base_speed0p25,3,43,50,69.6952,69.6952
zf,O440,birdaves_biox_base_speed0p25,3,43,100,50.7429,50.7429
zf,O440,birdaves_biox_base_speed0p25,3,44,1,90.4466,90.4466
zf,O440,birdaves_biox_base_speed0p25,3,44,5,87.0925,87.0925
zf,O440,birdaves_biox_base_speed0p25,3,44,10,84.321,84.321
zf,O440,birdaves_biox_base_speed0p25,3,44,50,69.8747,69.8747
zf,O440,birdaves_biox_base_speed0p25,3,44,100,50.5158,50.5158
zf,O440,birdaves_biox_base_speed0p25,3,45,1,89.6115,89.6115
zf,O440,birdaves_biox_base_speed0p25,3,45,5,86.3145,86.3145
zf,O440,birdaves_biox_base_speed0p25,3,45,10,83.4992,83.4992
zf,O440,birdaves_biox_base_speed0p25,3,45,50,68.6899,68.6899
zf,O440,birdaves_biox_base_speed0p25,3,45,100,49.8569,49.8569
zf,O440,birdaves_biox_base_speed0p25,3,46,1,90.3491,90.3491
zf,O440,birdaves_biox_base_speed0p25,3,46,5,86.2526,86.2526
zf,O440,birdaves_biox_base_speed0p25,3,46,10,83.6041,83.6041
zf,O440,birdaves_biox_base_speed0p25,3,46,50,69.4173,69.4173
zf,O440,birdaves_biox_base_speed0p25,3,46,100,50.4636,50.4636
zf,O440,birdaves_biox_base_speed0p25,4,42,1,90.3156,90.3156
zf,O440,birdaves_biox_base_speed0p25,4,42,5,86.6644,86.6644
zf,O440,birdaves_biox_base_speed0p25,4,42,10,84.0503,84.0503
zf,O440,birdaves_biox_base_speed0p25,4,42,50,70.2307,70.2307
zf,O440,birdaves_biox_base_speed0p25,4,42,100,51.127,51.127
zf,O440,birdaves_biox_base_speed0p25,4,43,1,90.8574,90.8574
zf,O440,birdaves_biox_base_speed0p25,4,43,5,87.5449,87.5449
zf,O440,birdaves_biox_base_speed0p25,4,43,10,85.0107,85.0107
zf,O440,birdaves_biox_base_speed0p25,4,43,50,70.6153,70.6153
zf,O440,birdaves_biox_base_speed0p25,4,43,100,51.2081,51.2081
zf,O440,birdaves_biox_base_speed0p25,4,44,1,91.0593,91.0593
zf,O440,birdaves_biox_base_speed0p25,4,44,5,87.776,87.776
zf,O440,birdaves_biox_base_speed0p25,4,44,10,85.1579,85.1579
zf,O440,birdaves_biox_base_speed0p25,4,44,50,70.9767,70.9767
zf,O440,birdaves_biox_base_speed0p25,4,44,100,51.2286,51.2286
zf,O440,birdaves_biox_base_speed0p25,4,45,1,89.5217,89.5217
zf,O440,birdaves_biox_base_speed0p25,4,45,5,86.7254,86.7254
zf,O440,birdaves_biox_base_speed0p25,4,45,10,84.2891,84.2891
zf,O440,birdaves_biox_base_speed0p25,4,45,50,69.8428,69.8428
zf,O440,birdaves_biox_base_speed0p25,4,45,100,50.667,50.667
zf,O440,birdaves_biox_base_speed0p25,4,46,1,90.1949,90.1949
zf,O440,birdaves_biox_base_speed0p25,4,46,5,86.5742,86.5742
zf,O440,birdaves_biox_base_speed0p25,4,46,10,84.251,84.251
zf,O440,birdaves_biox_base_speed0p25,4,46,50,70.4863,70.4863
zf,O440,birdaves_biox_base_speed0p25,4,46,100,51.0936,51.0936
zf,O440,birdaves_biox_base_speed0p5,3,42,1,90.7936,90.7936
zf,O440,birdaves_biox_base_speed0p5,3,42,5,87.3085,87.3085
zf,O440,birdaves_biox_base_speed0p5,3,42,10,84.8193,84.8193
zf,O440,birdaves_biox_base_speed0p5,3,42,50,72.6451,72.6451
zf,O440,birdaves_biox_base_speed0p5,3,42,100,51.7817,51.7817
zf,O440,birdaves_biox_base_speed0p5,3,43,1,89.8952,89.8952
zf,O440,birdaves_biox_base_speed0p5,3,43,5,87.2488,87.2488
zf,O440,birdaves_biox_base_speed0p5,3,43,10,85.1885,85.1885
zf,O440,birdaves_biox_base_speed0p5,3,43,50,72.883,72.883
zf,O440,birdaves_biox_base_speed0p5,3,43,100,51.9797,51.9797
zf,O440,birdaves_biox_base_speed0p5,3,44,1,89.5542,89.5542
zf,O440,birdaves_biox_base_speed0p5,3,44,5,87.675,87.675
zf,O440,birdaves_biox_base_speed0p5,3,44,10,85.5319,85.5319
zf,O440,birdaves_biox_base_speed0p5,3,44,50,73.1086,73.1086
zf,O440,birdaves_biox_base_speed0p5,3,44,100,51.7708,51.7708
zf,O440,birdaves_biox_base_speed0p5,3,45,1,89.3809,89.3809
zf,O440,birdaves_biox_base_speed0p5,3,45,5,86.5737,86.5737
zf,O440,birdaves_biox_base_speed0p5,3,45,10,84.1671,84.1671
zf,O440,birdaves_biox_base_speed0p5,3,45,50,71.3164,71.3164
zf,O440,birdaves_biox_base_speed0p5,3,45,100,50.948,50.948
zf,O440,birdaves_biox_base_speed0p5,3,46,1,90.4443,90.4443
zf,O440,birdaves_biox_base_speed0p5,3,46,5,87.6705,87.6705
zf,O440,birdaves_biox_base_speed0p5,3,46,10,85.3146,85.3146
zf,O440,birdaves_biox_base_speed0p5,3,46,50,72.907,72.907
zf,O440,birdaves_biox_base_speed0p5,3,46,100,51.8459,51.8459
zf,O440,birdaves_biox_base_speed0p5,6,42,1,90.0642,90.0642
zf,O440,birdaves_biox_base_speed0p5,6,42,5,87.3507,87.3507
zf,O440,birdaves_biox_base_speed0p5,6,42,10,84.7538,84.7538
zf,O440,birdaves_biox_base_speed0p5,6,42,50,73.1062,73.1062
zf,O440,birdaves_biox_base_speed0p5,6,42,100,52.3069,52.3069
zf,O440,birdaves_biox_base_speed0p5,6,43,1,90.5174,90.5174
zf,O440,birdaves_biox_base_speed0p5,6,43,5,87.6895,87.6895
zf,O440,birdaves_biox_base_speed0p5,6,43,10,85.3695,85.3695
zf,O440,birdaves_biox_base_speed0p5,6,43,50,73.4177,73.4177
zf,O440,birdaves_biox_base_speed0p5,6,43,100,52.4912,52.4912
zf,O440,birdaves_biox_base_speed0p5,6,44,1,90.6062,90.6062
zf,O440,birdaves_biox_base_speed0p5,6,44,5,87.82,87.82
zf,O440,birdaves_biox_base_speed0p5,6,44,10,85.8052,85.8052
zf,O440,birdaves_biox_base_speed0p5,6,44,50,73.7055,73.7055
zf,O440,birdaves_biox_base_speed0p5,6,44,100,52.3151,52.3151
zf,O440,birdaves_biox_base_speed0p5,6,45,1,89.2788,89.2788
zf,O440,birdaves_biox_base_speed0p5,6,45,5,86.7696,86.7696
zf,O440,birdaves_biox_base_speed0p5,6,45,10,84.5611,84.5611
zf,O440,birdaves_biox_base_speed0p5,6,45,50,71.9757,71.9757
zf,O440,birdaves_biox_base_speed0p5,6,45,100,51.6087,51.6087
zf,O440,birdaves_biox_base_speed0p5,6,46,1,90.5512,90.5512
zf,O440,birdaves_biox_base_speed0p5,6,46,5,87.6114,87.6114
zf,O440,birdaves_biox_base_speed0p5,6,46,10,85.3041,85.3041
zf,O440,birdaves_biox_base_speed0p5,6,46,50,73.2899,73.2899
zf,O440,birdaves_biox_base_speed0p5,6,46,100,52.3716,52.3716
zf,O440,hubert_base_ls960,0,42,1,88.5437,88.5437
zf,O440,hubert_base_ls960,0,42,5,84.4829,84.4829
zf,O440,hubert_base_ls960,0,42,10,81.4631,81.4631
zf,O440,hubert_base_ls960,0,42,50,67.0568,67.0568
zf,O440,hubert_base_ls960,0,42,100,48.7483,48.7483
zf,O440,hubert_base_ls960,0,43,1,87.5652,87.5652
zf,O440,hubert_base_ls960,0,43,5,84.596,84.596
zf,O440,hubert_base_ls960,0,43,10,81.3128,81.3128
zf,O440,hubert_base_ls960,0,43,50,66.8279,66.8279
zf,O440,hubert_base_ls960,0,43,100,48.6118,48.6118
zf,O440,hubert_base_ls960,0,44,1,87.0736,87.0736
zf,O440,hubert_base_ls960,0,44,5,84.9755,84.9755
zf,O440,hubert_base_ls960,0,44,10,81.9472,81.9472
zf,O440,hubert_base_ls960,0,44,50,67.5691,67.5691
zf,O440,hubert_base_ls960,0,44,100,48.7304,48.7304
zf,O440,hubert_base_ls960,0,45,1,85.8626,85.8626
zf,O440,hubert_base_ls960,0,45,5,83.8744,83.8744
zf,O440,hubert_base_ls960,0,45,10,81.0043,81.0043
zf,O440,hubert_base_ls960,0,45,50,66.5639,66.5639
zf,O440,hubert_base_ls960,0,45,100,48.1812,48.1812
zf,O440,hubert_base_ls960,0,46,1,88.7781,88.7781
zf,O440,hubert_base_ls960,0,46,5,85.2544,85.2544
zf,O440,hubert_base_ls960,0,46,10,81.6672,81.6672
zf,O440,hubert_base_ls960,0,46,50,67.108,67.108
zf,O440,hubert_base_ls960,0,46,100,48.5317,48.5317
zf,O440,hubert_base_ls960,3,42,1,87.1544,87.1544
zf,O440,hubert_base_ls960,3,42,5,83.0206,83.0206
zf,O440,hubert_base_ls960,3,42,10,79.7011,79.7011
zf,O440,hubert_base_ls960,3,42,50,64.6508,64.6508
zf,O440,hubert_base_ls960,3,42,100,47.5141,47.5141
zf,O440,hubert_base_ls960,3,43,1,87.3115,87.3115
zf,O440,hubert_base_ls960,3,43,5,82.3883,82.3883
zf,O440,hubert_base_ls960,3,43,10,79.7406,79.7406
zf,O440,hubert_base_ls960,3,43,50,65.0252,65.0252
zf,O440,hubert_base_ls960,3,43,100,47.7531,47.7531
zf,O440,hubert_base_ls960,3,44,1,87.2406,87.2406
zf,O440,hubert_base_ls960,3,44,5,83.3388,83.3388
zf,O440,hubert_base_ls960,3,44,10,80.524,80.524
zf,O440,hubert_base_ls960,3,44,50,65.1166,65.1166
zf,O440,hubert_base_ls960,3,44,100,47.4989,47.4989
zf,O440,hubert_base_ls960,3,45,1,85.5575,85.5575
zf,O440,hubert_base_ls960,3,45,5,81.6798,81.6798
zf,O440,hubert_base_ls960,3,45,10,79.0184,79.0184
zf,O440,hubert_base_ls960,3,45,50,64.1922,64.1922
zf,O440,hubert_base_ls960,3,45,100,47.0463,47.0463
zf,O440,hubert_base_ls960,3,46,1,88.5744,88.5744
zf,O440,hubert_base_ls960,3,46,5,82.9755,82.9755
zf,O440,hubert_base_ls960,3,46,10,80.0472,80.0472
zf,O440,hubert_base_ls960,3,46,50,64.9997,64.9997
zf,O440,hubert_base_ls960,3,46,100,47.5137,47.5137
zf,O440,xcl_base_500k_p32x1_c005,5,42,1,92.2298,92.2298
zf,O440,xcl_base_500k_p32x1_c005,5,42,5,89.9356,89.9356
zf,O440,xcl_base_500k_p32x1_c005,5,42,10,86.9412,86.9412
zf,O440,xcl_base_500k_p32x1_c005,5,42,50,73.4435,73.4435
zf,O440,xcl_base_500k_p32x1_c005,5,42,100,53.0216,53.0216
zf,O440,xcl_base_500k_p32x1_c005,5,43,1,93.2983,93.2983
zf,O440,xcl_base_500k_p32x1_c005,5,43,5,90.9122,90.9122
zf,O440,xcl_base_500k_p32x1_c005,5,43,10,87.9008,87.9008
zf,O440,xcl_base_500k_p32x1_c005,5,43,50,74.0137,74.0137
zf,O440,xcl_base_500k_p32x1_c005,5,43,100,53.1307,53.1307
zf,O440,xcl_base_500k_p32x1_c005,5,44,1,91.9579,91.9579
zf,O440,xcl_base_500k_p32x1_c005,5,44,5,90.2822,90.2822
zf,O440,xcl_base_500k_p32x1_c005,5,44,10,87.4167,87.4167
zf,O440,xcl_base_500k_p32x1_c005,5,44,50,73.9783,73.9783
zf,O440,xcl_base_500k_p32x1_c005,5,44,100,52.9215,52.9215
zf,O440,xcl_base_500k_p32x1_c005,5,45,1,92.2225,92.2225
zf,O440,xcl_base_500k_p32x1_c005,5,45,5,89.7377,89.7377
zf,O440,xcl_base_500k_p32x1_c005,5,45,10,86.7851,86.7851
zf,O440,xcl_base_500k_p32x1_c005,5,45,50,73.1624,73.1624
zf,O440,xcl_base_500k_p32x1_c005,5,45,100,52.6769,52.6769
zf,O440,xcl_base_500k_p32x1_c005,5,46,1,92.5541,92.5541
zf,O440,xcl_base_500k_p32x1_c005,5,46,5,89.9915,89.9915
zf,O440,xcl_base_500k_p32x1_c005,5,46,10,87.1466,87.1466
zf,O440,xcl_base_500k_p32x1_c005,5,46,50,73.9057,73.9057
zf,O440,xcl_base_500k_p32x1_c005,5,46,100,53.065,53.065
zf,O440,xcl_base_500k_p32x4_c010,3,42,1,87.6832,87.6832
zf,O440,xcl_base_500k_p32x4_c010,3,42,5,85.3044,85.3044
zf,O440,xcl_base_500k_p32x4_c010,3,42,10,82.5038,82.5038
zf,O440,xcl_base_500k_p32x4_c010,3,42,50,69.3379,69.3379
zf,O440,xcl_base_500k_p32x4_c010,3,42,100,49.4771,49.4771
zf,O440,xcl_base_500k_p32x4_c010,3,43,1,86.3011,86.3011
zf,O440,xcl_base_500k_p32x4_c010,3,43,5,85.3347,85.3347
zf,O440,xcl_base_500k_p32x4_c010,3,43,10,82.9708,82.9708
zf,O440,xcl_base_500k_p32x4_c010,3,43,50,69.2932,69.2932
zf,O440,xcl_base_500k_p32x4_c010,3,43,100,49.4276,49.4276
zf,O440,xcl_base_500k_p32x4_c010,3,44,1,85.9711,85.9711
zf,O440,xcl_base_500k_p32x4_c010,3,44,5,84.6677,84.6677
zf,O440,xcl_base_500k_p32x4_c010,3,44,10,82.5811,82.5811
zf,O440,xcl_base_500k_p32x4_c010,3,44,50,69.4442,69.4442
zf,O440,xcl_base_500k_p32x4_c010,3,44,100,49.1506,49.1506
zf,O440,xcl_base_500k_p32x4_c010,3,45,1,86.8433,86.8433
zf,O440,xcl_base_500k_p32x4_c010,3,45,5,84.6458,84.6458
zf,O440,xcl_base_500k_p32x4_c010,3,45,10,81.8734,81.8734
zf,O440,xcl_base_500k_p32x4_c010,3,45,50,68.8828,68.8828
zf,O440,xcl_base_500k_p32x4_c010,3,45,100,49.5001,49.5001
zf,O440,xcl_base_500k_p32x4_c010,3,46,1,88.0673,88.0673
zf,O440,xcl_base_500k_p32x4_c010,3,46,5,85.4861,85.4861
zf,O440,xcl_base_500k_p32x4_c010,3,46,10,82.7586,82.7586
zf,O440,xcl_base_500k_p32x4_c010,3,46,50,69.3123,69.3123
zf,O440,xcl_base_500k_p32x4_c010,3,46,100,49.5825,49.5825
zf,O440,xcl_base_500k_p32x4_c010,4,42,1,87.0175,87.0175
zf,O440,xcl_base_500k_p32x4_c010,4,42,5,84.8986,84.8986
zf,O440,xcl_base_500k_p32x4_c010,4,42,10,82.4464,82.4464
zf,O440,xcl_base_500k_p32x4_c010,4,42,50,69.0125,69.0125
zf,O440,xcl_base_500k_p32x4_c010,4,42,100,49.297,49.297
zf,O440,xcl_base_500k_p32x4_c010,4,43,1,85.8438,85.8438
zf,O440,xcl_base_500k_p32x4_c010,4,43,5,85.1047,85.1047
zf,O440,xcl_base_500k_p32x4_c010,4,43,10,82.6505,82.6505
zf,O440,xcl_base_500k_p32x4_c010,4,43,50,69.0063,69.0063
zf,O440,xcl_base_500k_p32x4_c010,4,43,100,49.2588,49.2588
zf,O440,xcl_base_500k_p32x4_c010,4,44,1,85.2865,85.2865
zf,O440,xcl_base_500k_p32x4_c010,4,44,5,84.5891,84.5891
zf,O440,xcl_base_500k_p32x4_c010,4,44,10,82.599,82.599
zf,O440,xcl_base_500k_p32x4_c010,4,44,50,69.1548,69.1548
zf,O440,xcl_base_500k_p32x4_c010,4,44,100,49.0136,49.0136
zf,O440,xcl_base_500k_p32x4_c010,4,45,1,86.3859,86.3859
zf,O440,xcl_base_500k_p32x4_c010,4,45,5,84.3592,84.3592
zf,O440,xcl_base_500k_p32x4_c010,4,45,10,81.7195,81.7195
zf,O440,xcl_base_500k_p32x4_c010,4,45,50,68.5529,68.5529
zf,O440,xcl_base_500k_p32x4_c010,4,45,100,49.309,49.309
zf,O440,xcl_base_500k_p32x4_c010,4,46,1,87.481,87.481
zf,O440,xcl_base_500k_p32x4_c010,4,46,5,85.2502,85.2502
zf,O440,xcl_base_500k_p32x4_c010,4,46,10,82.4979,82.4979
zf,O440,xcl_base_500k_p32x4_c010,4,46,50,69.0446,69.0446
zf,O440,xcl_base_500k_p32x4_c010,4,46,100,49.4115,49.4115
zf,O440,xcl_large_500k_p32x1_c005,11,42,1,92.8057,92.8057
zf,O440,xcl_large_500k_p32x1_c005,11,42,5,90.2465,90.2465
zf,O440,xcl_large_500k_p32x1_c005,11,42,10,87.4648,87.4648
zf,O440,xcl_large_500k_p32x1_c005,11,42,50,75.2185,75.2185
zf,O440,xcl_large_500k_p32x1_c005,11,42,100,54.1711,54.1711
zf,O440,xcl_large_500k_p32x1_c005,11,43,1,93.3646,93.3646
zf,O440,xcl_large_500k_p32x1_c005,11,43,5,91.083,91.083
zf,O440,xcl_large_500k_p32x1_c005,11,43,10,88.3509,88.3509
zf,O440,xcl_large_500k_p32x1_c005,11,43,50,75.622,75.622
zf,O440,xcl_large_500k_p32x1_c005,11,43,100,54.2547,54.2547
zf,O440,xcl_large_500k_p32x1_c005,11,44,1,92.3155,92.3155
zf,O440,xcl_large_500k_p32x1_c005,11,44,5,90.5266,90.5266
zf,O440,xcl_large_500k_p32x1_c005,11,44,10,87.8413,87.8413
zf,O440,xcl_large_500k_p32x1_c005,11,44,50,75.5691,75.5691
zf,O440,xcl_large_500k_p32x1_c005,11,44,100,54.105,54.105
zf,O440,xcl_large_500k_p32x1_c005,11,45,1,92.3097,92.3097
zf,O440,xcl_large_500k_p32x1_c005,11,45,5,89.9913,89.9913
zf,O440,xcl_large_500k_p32x1_c005,11,45,10,87.3002,87.3002
zf,O440,xcl_large_500k_p32x1_c005,11,45,50,74.5421,74.5421
zf,O440,xcl_large_500k_p32x1_c005,11,45,100,53.6202,53.6202
zf,O440,xcl_large_500k_p32x1_c005,11,46,1,92.6916,92.6916
zf,O440,xcl_large_500k_p32x1_c005,11,46,5,90.5405,90.5405
zf,O440,xcl_large_500k_p32x1_c005,11,46,10,87.7238,87.7238
zf,O440,xcl_large_500k_p32x1_c005,11,46,50,75.249,75.249
zf,O440,xcl_large_500k_p32x1_c005,11,46,100,54.1449,54.1449
zf,O440,xcl_large_500k_p32x4_c0025,9,42,1,88.1532,88.1532
zf,O440,xcl_large_500k_p32x4_c0025,9,42,5,85.3478,85.3478
zf,O440,xcl_large_500k_p32x4_c0025,9,42,10,82.5775,82.5775
zf,O440,xcl_large_500k_p32x4_c0025,9,42,50,69.8622,69.8622
zf,O440,xcl_large_500k_p32x4_c0025,9,42,100,49.8384,49.8384
zf,O440,xcl_large_500k_p32x4_c0025,9,43,1,87.8829,87.8829
zf,O440,xcl_large_500k_p32x4_c0025,9,43,5,85.8154,85.8154
zf,O440,xcl_large_500k_p32x4_c0025,9,43,10,82.9599,82.9599
zf,O440,xcl_large_500k_p32x4_c0025,9,43,50,69.7587,69.7587
zf,O440,xcl_large_500k_p32x4_c0025,9,43,100,49.822,49.822
zf,O440,xcl_large_500k_p32x4_c0025,9,44,1,86.8484,86.8484
zf,O440,xcl_large_500k_p32x4_c0025,9,44,5,84.5535,84.5535
zf,O440,xcl_large_500k_p32x4_c0025,9,44,10,82.3802,82.3802
zf,O440,xcl_large_500k_p32x4_c0025,9,44,50,69.6067,69.6067
zf,O440,xcl_large_500k_p32x4_c0025,9,44,100,49.4235,49.4235
zf,O440,xcl_large_500k_p32x4_c0025,9,45,1,86.3135,86.3135
zf,O440,xcl_large_500k_p32x4_c0025,9,45,5,84.5776,84.5776
zf,O440,xcl_large_500k_p32x4_c0025,9,45,10,81.9721,81.9721
zf,O440,xcl_large_500k_p32x4_c0025,9,45,50,69.2114,69.2114
zf,O440,xcl_large_500k_p32x4_c0025,9,45,100,49.9308,49.9308
zf,O440,xcl_large_500k_p32x4_c0025,9,46,1,88.6541,88.6541
zf,O440,xcl_large_500k_p32x4_c0025,9,46,5,85.6213,85.6213
zf,O440,xcl_large_500k_p32x4_c0025,9,46,10,82.4329,82.4329
zf,O440,xcl_large_500k_p32x4_c0025,9,46,50,69.7723,69.7723
zf,O440,xcl_large_500k_p32x4_c0025,9,46,100,49.9514,49.9514
zf,O440,xcl_large_500k_p32x4_c010,10,42,1,88.728,88.728
zf,O440,xcl_large_500k_p32x4_c010,10,42,5,84.9174,84.9174
zf,O440,xcl_large_500k_p32x4_c010,10,42,10,82.3937,82.3937
zf,O440,xcl_large_500k_p32x4_c010,10,42,50,70.2997,70.2997
zf,O440,xcl_large_500k_p32x4_c010,10,42,100,50.4819,50.4819
zf,O440,xcl_large_500k_p32x4_c010,10,43,1,89.3428,89.3428
zf,O440,xcl_large_500k_p32x4_c010,10,43,5,85.5164,85.5164
zf,O440,xcl_large_500k_p32x4_c010,10,43,10,83.0169,83.0169
zf,O440,xcl_large_500k_p32x4_c010,10,43,50,70.3564,70.3564
zf,O440,xcl_large_500k_p32x4_c010,10,43,100,50.5544,50.5544
zf,O440,xcl_large_500k_p32x4_c010,10,44,1,86.9707,86.9707
zf,O440,xcl_large_500k_p32x4_c010,10,44,5,85.0172,85.0172
zf,O440,xcl_large_500k_p32x4_c010,10,44,10,82.9602,82.9602
zf,O440,xcl_large_500k_p32x4_c010,10,44,50,70.2905,70.2905
zf,O440,xcl_large_500k_p32x4_c010,10,44,100,50.0764,50.0764
zf,O440,xcl_large_500k_p32x4_c010,10,45,1,86.8609,86.8609
zf,O440,xcl_large_500k_p32x4_c010,10,45,5,84.0402,84.0402
zf,O440,xcl_large_500k_p32x4_c010,10,45,10,81.7205,81.7205
zf,O440,xcl_large_500k_p32x4_c010,10,45,50,69.557,69.557
zf,O440,xcl_large_500k_p32x4_c010,10,45,100,50.3021,50.3021
zf,O440,xcl_large_500k_p32x4_c010,10,46,1,88.2897,88.2897
zf,O440,xcl_large_500k_p32x4_c010,10,46,5,84.8739,84.8739
zf,O440,xcl_large_500k_p32x4_c010,10,46,10,82.4564,82.4564
zf,O440,xcl_large_500k_p32x4_c010,10,46,50,70.1365,70.1365
zf,O440,xcl_large_500k_p32x4_c010,10,46,100,50.4483,50.4483
zf,O440,xcl_micro_500k_p32x1_c005,4,42,1,90.967,90.967
zf,O440,xcl_micro_500k_p32x1_c005,4,42,5,88.0339,88.0339
zf,O440,xcl_micro_500k_p32x1_c005,4,42,10,84.6806,84.6806
zf,O440,xcl_micro_500k_p32x1_c005,4,42,50,67.3088,67.3088
zf,O440,xcl_micro_500k_p32x1_c005,4,42,100,48.482,48.482
zf,O440,xcl_micro_500k_p32x1_c005,4,43,1,91.7482,91.7482
zf,O440,xcl_micro_500k_p32x1_c005,4,43,5,88.6017,88.6017
zf,O440,xcl_micro_500k_p32x1_c005,4,43,10,85.1849,85.1849
zf,O440,xcl_micro_500k_p32x1_c005,4,43,50,67.5641,67.5641
zf,O440,xcl_micro_500k_p32x1_c005,4,43,100,48.2375,48.2375
zf,O440,xcl_micro_500k_p32x1_c005,4,44,1,91.7463,91.7463
zf,O440,xcl_micro_500k_p32x1_c005,4,44,5,88.391,88.391
zf,O440,xcl_micro_500k_p32x1_c005,4,44,10,84.6919,84.6919
zf,O440,xcl_micro_500k_p32x1_c005,4,44,50,67.876,67.876
zf,O440,xcl_micro_500k_p32x1_c005,4,44,100,48.3224,48.3224
zf,O440,xcl_micro_500k_p32x1_c005,4,45,1,91.5541,91.5541
zf,O440,xcl_micro_500k_p32x1_c005,4,45,5,88.1928,88.1928
zf,O440,xcl_micro_500k_p32x1_c005,4,45,10,84.6679,84.6679
zf,O440,xcl_micro_500k_p32x1_c005,4,45,50,67.1711,67.1711
zf,O440,xcl_micro_500k_p32x1_c005,4,45,100,48.16,48.16
zf,O440,xcl_micro_500k_p32x1_c005,4,46,1,91.5281,91.5281
zf,O440,xcl_micro_500k_p32x1_c005,4,46,5,88.6012,88.6012
zf,O440,xcl_micro_500k_p32x1_c005,4,46,10,85.2107,85.2107
zf,O440,xcl_micro_500k_p32x1_c005,4,46,50,67.716,67.716
zf,O440,xcl_micro_500k_p32x1_c005,4,46,100,48.3296,48.3296
zf,O440,xcl_micro_500k_p32x1_c005,5,42,1,90.8627,90.8627
zf,O440,xcl_micro_500k_p32x1_c005,5,42,5,88.1508,88.1508
zf,O440,xcl_micro_500k_p32x1_c005,5,42,10,84.5672,84.5672
zf,O440,xcl_micro_500k_p32x1_c005,5,42,50,67.3601,67.3601
zf,O440,xcl_micro_500k_p32x1_c005,5,42,100,48.6047,48.6047
zf,O440,xcl_micro_500k_p32x1_c005,5,43,1,91.6627,91.6627
zf,O440,xcl_micro_500k_p32x1_c005,5,43,5,88.7225,88.7225
zf,O440,xcl_micro_500k_p32x1_c005,5,43,10,85.2026,85.2026
zf,O440,xcl_micro_500k_p32x1_c005,5,43,50,67.6842,67.6842
zf,O440,xcl_micro_500k_p32x1_c005,5,43,100,48.3479,48.3479
zf,O440,xcl_micro_500k_p32x1_c005,5,44,1,91.5179,91.5179
zf,O440,xcl_micro_500k_p32x1_c005,5,44,5,88.4972,88.4972
zf,O440,xcl_micro_500k_p32x1_c005,5,44,10,84.8842,84.8842
zf,O440,xcl_micro_500k_p32x1_c005,5,44,50,68.037,68.037
zf,O440,xcl_micro_500k_p32x1_c005,5,44,100,48.4478,48.4478
zf,O440,xcl_micro_500k_p32x1_c005,5,45,1,91.4093,91.4093
zf,O440,xcl_micro_500k_p32x1_c005,5,45,5,88.3066,88.3066
zf,O440,xcl_micro_500k_p32x1_c005,5,45,10,84.6244,84.6244
zf,O440,xcl_micro_500k_p32x1_c005,5,45,50,67.3098,67.3098
zf,O440,xcl_micro_500k_p32x1_c005,5,45,100,48.2916,48.2916
zf,O440,xcl_micro_500k_p32x1_c005,5,46,1,91.5422,91.5422
zf,O440,xcl_micro_500k_p32x1_c005,5,46,5,88.4372,88.4372
zf,O440,xcl_micro_500k_p32x1_c005,5,46,10,85.1135,85.1135
zf,O440,xcl_micro_500k_p32x1_c005,5,46,50,67.903,67.903
zf,O440,xcl_micro_500k_p32x1_c005,5,46,100,48.5071,48.5071
zf,O440,xcl_micro_500k_p32x4_c010,3,42,1,86.4242,86.4242
zf,O440,xcl_micro_500k_p32x4_c010,3,42,5,84.082,84.082
zf,O440,xcl_micro_500k_p32x4_c010,3,42,10,81.0844,81.0844
zf,O440,xcl_micro_500k_p32x4_c010,3,42,50,66.054,66.054
zf,O440,xcl_micro_500k_p32x4_c010,3,42,100,46.8242,46.8242
zf,O440,xcl_micro_500k_p32x4_c010,3,43,1,86.518,86.518
zf,O440,xcl_micro_500k_p32x4_c010,3,43,5,84.4132,84.4132
zf,O440,xcl_micro_500k_p32x4_c010,3,43,10,82.1702,82.1702
zf,O440,xcl_micro_500k_p32x4_c010,3,43,50,66.1801,66.1801
zf,O440,xcl_micro_500k_p32x4_c010,3,43,100,46.7883,46.7883
zf,O440,xcl_micro_500k_p32x4_c010,3,44,1,85.8836,85.8836
zf,O440,xcl_micro_500k_p32x4_c010,3,44,5,83.4604,83.4604
zf,O440,xcl_micro_500k_p32x4_c010,3,44,10,81.3373,81.3373
zf,O440,xcl_micro_500k_p32x4_c010,3,44,50,66.3381,66.3381
zf,O440,xcl_micro_500k_p32x4_c010,3,44,100,46.6623,46.6623
zf,O440,xcl_micro_500k_p32x4_c010,3,45,1,86.5336,86.5336
zf,O440,xcl_micro_500k_p32x4_c010,3,45,5,82.8746,82.8746
zf,O440,xcl_micro_500k_p32x4_c010,3,45,10,80.6705,80.6705
zf,O440,xcl_micro_500k_p32x4_c010,3,45,50,65.6179,65.6179
zf,O440,xcl_micro_500k_p32x4_c010,3,45,100,46.7945,46.7945
zf,O440,xcl_micro_500k_p32x4_c010,3,46,1,87.1209,87.1209
zf,O440,xcl_micro_500k_p32x4_c010,3,46,5,84.3685,84.3685
zf,O440,xcl_micro_500k_p32x4_c010,3,46,10,81.5071,81.5071
zf,O440,xcl_micro_500k_p32x4_c010,3,46,50,65.936,65.936
zf,O440,xcl_micro_500k_p32x4_c010,3,46,100,46.7005,46.7005
zf,O512,birdaves_biox_base,3,42,1,87.3948,87.3948
zf,O512,birdaves_biox_base,3,42,5,85.2445,85.2445
zf,O512,birdaves_biox_base,3,42,10,82.2093,82.2093
zf,O512,birdaves_biox_base,3,42,50,61.7534,61.7534
zf,O512,birdaves_biox_base,3,42,100,43.2426,43.2426
zf,O512,birdaves_biox_base,3,43,1,84.9207,84.9207
zf,O512,birdaves_biox_base,3,43,5,84.632,84.632
zf,O512,birdaves_biox_base,3,43,10,81.7769,81.7769
zf,O512,birdaves_biox_base,3,43,50,61.0123,61.0123
zf,O512,birdaves_biox_base,3,43,100,42.8113,42.8113
zf,O512,birdaves_biox_base,3,44,1,87.2666,87.2666
zf,O512,birdaves_biox_base,3,44,5,83.2539,83.2539
zf,O512,birdaves_biox_base,3,44,10,80.5598,80.5598
zf,O512,birdaves_biox_base,3,44,50,59.8696,59.8696
zf,O512,birdaves_biox_base,3,44,100,42.4434,42.4434
zf,O512,birdaves_biox_base,3,45,1,83.9633,83.9633
zf,O512,birdaves_biox_base,3,45,5,82.3592,82.3592
zf,O512,birdaves_biox_base,3,45,10,79.9487,79.9487
zf,O512,birdaves_biox_base,3,45,50,60.2122,60.2122
zf,O512,birdaves_biox_base,3,45,100,41.9749,41.9749
zf,O512,birdaves_biox_base,3,46,1,86.6439,86.6439
zf,O512,birdaves_biox_base,3,46,5,84.7134,84.7134
zf,O512,birdaves_biox_base,3,46,10,81.3492,81.3492
zf,O512,birdaves_biox_base,3,46,50,60.1476,60.1476
zf,O512,birdaves_biox_base,3,46,100,41.9641,41.9641
zf,O512,birdaves_biox_base,7,42,1,88.2793,88.2793
zf,O512,birdaves_biox_base,7,42,5,85.5119,85.5119
zf,O512,birdaves_biox_base,7,42,10,82.408,82.408
zf,O512,birdaves_biox_base,7,42,50,61.3447,61.3447
zf,O512,birdaves_biox_base,7,42,100,42.6623,42.6623
zf,O512,birdaves_biox_base,7,43,1,86.2842,86.2842
zf,O512,birdaves_biox_base,7,43,5,83.7464,83.7464
zf,O512,birdaves_biox_base,7,43,10,80.6423,80.6423
zf,O512,birdaves_biox_base,7,43,50,60.5317,60.5317
zf,O512,birdaves_biox_base,7,43,100,42.3507,42.3507
zf,O512,birdaves_biox_base,7,44,1,86.357,86.357
zf,O512,birdaves_biox_base,7,44,5,82.9328,82.9328
zf,O512,birdaves_biox_base,7,44,10,80.3921,80.3921
zf,O512,birdaves_biox_base,7,44,50,59.4414,59.4414
zf,O512,birdaves_biox_base,7,44,100,41.9348,41.9348
zf,O512,birdaves_biox_base,7,45,1,85.4621,85.4621
zf,O512,birdaves_biox_base,7,45,5,82.0382,82.0382
zf,O512,birdaves_biox_base,7,45,10,79.0367,79.0367
zf,O512,birdaves_biox_base,7,45,50,59.2949,59.2949
zf,O512,birdaves_biox_base,7,45,100,41.322,41.322
zf,O512,birdaves_biox_base,7,46,1,86.9015,86.9015
zf,O512,birdaves_biox_base,7,46,5,84.1325,84.1325
zf,O512,birdaves_biox_base,7,46,10,80.5328,80.5328
zf,O512,birdaves_biox_base,7,46,50,59.1668,59.1668
zf,O512,birdaves_biox_base,7,46,100,41.4063,41.4063
zf,O512,birdaves_biox_base_speed0p25,3,42,1,88.6402,88.6402
zf,O512,birdaves_biox_base_speed0p25,3,42,5,84.3141,84.3141
zf,O512,birdaves_biox_base_speed0p25,3,42,10,80.5794,80.5794
zf,O512,birdaves_biox_base_speed0p25,3,42,50,58.4515,58.4515
zf,O512,birdaves_biox_base_speed0p25,3,42,100,40.87,40.87
zf,O512,birdaves_biox_base_speed0p25,3,43,1,86.7444,86.7444
zf,O512,birdaves_biox_base_speed0p25,3,43,5,83.648,83.648
zf,O512,birdaves_biox_base_speed0p25,3,43,10,79.3717,79.3717
zf,O512,birdaves_biox_base_speed0p25,3,43,50,57.6313,57.6313
zf,O512,birdaves_biox_base_speed0p25,3,43,100,40.0336,40.0336
zf,O512,birdaves_biox_base_speed0p25,3,44,1,87.8371,87.8371
zf,O512,birdaves_biox_base_speed0p25,3,44,5,83.9335,83.9335
zf,O512,birdaves_biox_base_speed0p25,3,44,10,80.078,80.078
zf,O512,birdaves_biox_base_speed0p25,3,44,50,58.0939,58.0939
zf,O512,birdaves_biox_base_speed0p25,3,44,100,40.6757,40.6757
zf,O512,birdaves_biox_base_speed0p25,3,45,1,83.9436,83.9436
zf,O512,birdaves_biox_base_speed0p25,3,45,5,80.616,80.616
zf,O512,birdaves_biox_base_speed0p25,3,45,10,77.1836,77.1836
zf,O512,birdaves_biox_base_speed0p25,3,45,50,56.2078,56.2078
zf,O512,birdaves_biox_base_speed0p25,3,45,100,39.5453,39.5453
zf,O512,birdaves_biox_base_speed0p25,3,46,1,86.247,86.247
zf,O512,birdaves_biox_base_speed0p25,3,46,5,82.5722,82.5722
zf,O512,birdaves_biox_base_speed0p25,3,46,10,78.654,78.654
zf,O512,birdaves_biox_base_speed0p25,3,46,50,56.9373,56.9373
zf,O512,birdaves_biox_base_speed0p25,3,46,100,39.6867,39.6867
zf,O512,birdaves_biox_base_speed0p25,4,42,1,88.2014,88.2014
zf,O512,birdaves_biox_base_speed0p25,4,42,5,85.0399,85.0399
zf,O512,birdaves_biox_base_speed0p25,4,42,10,81.7721,81.7721
zf,O512,birdaves_biox_base_speed0p25,4,42,50,58.7568,58.7568
zf,O512,birdaves_biox_base_speed0p25,4,42,100,40.9984,40.9984
zf,O512,birdaves_biox_base_speed0p25,4,43,1,88.98,88.98
zf,O512,birdaves_biox_base_speed0p25,4,43,5,84.4293,84.4293
zf,O512,birdaves_biox_base_speed0p25,4,43,10,80.7165,80.7165
zf,O512,birdaves_biox_base_speed0p25,4,43,50,57.6961,57.6961
zf,O512,birdaves_biox_base_speed0p25,4,43,100,39.9093,39.9093
zf,O512,birdaves_biox_base_speed0p25,4,44,1,87.7464,87.7464
zf,O512,birdaves_biox_base_speed0p25,4,44,5,84.3356,84.3356
zf,O512,birdaves_biox_base_speed0p25,4,44,10,81.1513,81.1513
zf,O512,birdaves_biox_base_speed0p25,4,44,50,58.4424,58.4424
zf,O512,birdaves_biox_base_speed0p25,4,44,100,40.8108,40.8108
zf,O512,birdaves_biox_base_speed0p25,4,45,1,85.4012,85.4012
zf,O512,birdaves_biox_base_speed0p25,4,45,5,81.3572,81.3572
zf,O512,birdaves_biox_base_speed0p25,4,45,10,78.4512,78.4512
zf,O512,birdaves_biox_base_speed0p25,4,45,50,56.4716,56.4716
zf,O512,birdaves_biox_base_speed0p25,4,45,100,39.6161,39.6161
zf,O512,birdaves_biox_base_speed0p25,4,46,1,85.7852,85.7852
zf,O512,birdaves_biox_base_speed0p25,4,46,5,83.8819,83.8819
zf,O512,birdaves_biox_base_speed0p25,4,46,10,79.9367,79.9367
zf,O512,birdaves_biox_base_speed0p25,4,46,50,57.1046,57.1046
zf,O512,birdaves_biox_base_speed0p25,4,46,100,39.6473,39.6473
zf,O512,birdaves_biox_base_speed0p5,3,42,1,88.7524,88.7524
zf,O512,birdaves_biox_base_speed0p5,3,42,5,87.2605,87.2605
zf,O512,birdaves_biox_base_speed0p5,3,42,10,84.1639,84.1639
zf,O512,birdaves_biox_base_speed0p5,3,42,50,62.0369,62.0369
zf,O512,birdaves_biox_base_speed0p5,3,42,100,43.1381,43.1381
zf,O512,birdaves_biox_base_speed0p5,3,43,1,86.5441,86.5441
zf,O512,birdaves_biox_base_speed0p5,3,43,5,85.5591,85.5591
zf,O512,birdaves_biox_base_speed0p5,3,43,10,82.6548,82.6548
zf,O512,birdaves_biox_base_speed0p5,3,43,50,60.6692,60.6692
zf,O512,birdaves_biox_base_speed0p5,3,43,100,41.8786,41.8786
zf,O512,birdaves_biox_base_speed0p5,3,44,1,87.0428,87.0428
zf,O512,birdaves_biox_base_speed0p5,3,44,5,85.272,85.272
zf,O512,birdaves_biox_base_speed0p5,3,44,10,82.3782,82.3782
zf,O512,birdaves_biox_base_speed0p5,3,44,50,60.6886,60.6886
zf,O512,birdaves_biox_base_speed0p5,3,44,100,42.2534,42.2534
zf,O512,birdaves_biox_base_speed0p5,3,45,1,87.3356,87.3356
zf,O512,birdaves_biox_base_speed0p5,3,45,5,84.1795,84.1795
zf,O512,birdaves_biox_base_speed0p5,3,45,10,81.5161,81.5161
zf,O512,birdaves_biox_base_speed0p5,3,45,50,59.8239,59.8239
zf,O512,birdaves_biox_base_speed0p5,3,45,100,41.6057,41.6057
zf,O512,birdaves_biox_base_speed0p5,3,46,1,86.7903,86.7903
zf,O512,birdaves_biox_base_speed0p5,3,46,5,85.2991,85.2991
zf,O512,birdaves_biox_base_speed0p5,3,46,10,82.5145,82.5145
zf,O512,birdaves_biox_base_speed0p5,3,46,50,60.4285,60.4285
zf,O512,birdaves_biox_base_speed0p5,3,46,100,41.8881,41.8881
zf,O512,birdaves_biox_base_speed0p5,6,42,1,89.1531,89.1531
zf,O512,birdaves_biox_base_speed0p5,6,42,5,86.8002,86.8002
zf,O512,birdaves_biox_base_speed0p5,6,42,10,83.6401,83.6401
zf,O512,birdaves_biox_base_speed0p5,6,42,50,61.6377,61.6377
zf,O512,birdaves_biox_base_speed0p5,6,42,100,43.0355,43.0355
zf,O512,birdaves_biox_base_speed0p5,6,43,1,87.0021,87.0021
zf,O512,birdaves_biox_base_speed0p5,6,43,5,84.8269,84.8269
zf,O512,birdaves_biox_base_speed0p5,6,43,10,81.7877,81.7877
zf,O512,birdaves_biox_base_speed0p5,6,43,50,60.5039,60.5039
zf,O512,birdaves_biox_base_speed0p5,6,43,100,41.9143,41.9143
zf,O512,birdaves_biox_base_speed0p5,6,44,1,86.4275,86.4275
zf,O512,birdaves_biox_base_speed0p5,6,44,5,83.7141,83.7141
zf,O512,birdaves_biox_base_speed0p5,6,44,10,81.2104,81.2104
zf,O512,birdaves_biox_base_speed0p5,6,44,50,59.7925,59.7925
zf,O512,birdaves_biox_base_speed0p5,6,44,100,41.9676,41.9676
zf,O512,birdaves_biox_base_speed0p5,6,45,1,86.9017,86.9017
zf,O512,birdaves_biox_base_speed0p5,6,45,5,84.0182,84.0182
zf,O512,birdaves_biox_base_speed0p5,6,45,10,81.4077,81.4077
zf,O512,birdaves_biox_base_speed0p5,6,45,50,59.8559,59.8559
zf,O512,birdaves_biox_base_speed0p5,6,45,100,41.7398,41.7398
zf,O512,birdaves_biox_base_speed0p5,6,46,1,87.6133,87.6133
zf,O512,birdaves_biox_base_speed0p5,6,46,5,84.7014,84.7014
zf,O512,birdaves_biox_base_speed0p5,6,46,10,81.7928,81.7928
zf,O512,birdaves_biox_base_speed0p5,6,46,50,59.6527,59.6527
zf,O512,birdaves_biox_base_speed0p5,6,46,100,41.5701,41.5701
zf,O512,hubert_base_ls960,0,42,1,86.8032,86.8032
zf,O512,hubert_base_ls960,0,42,5,82.3217,82.3217
zf,O512,hubert_base_ls960,0,42,10,79.3653,79.3653
zf,O512,hubert_base_ls960,0,42,50,59.7838,59.7838
zf,O512,hubert_base_ls960,0,42,100,41.8987,41.8987
zf,O512,hubert_base_ls960,0,43,1,83.2663,83.2663
zf,O512,hubert_base_ls960,0,43,5,80.271,80.271
zf,O512,hubert_base_ls960,0,43,10,77.7061,77.7061
zf,O512,hubert_base_ls960,0,43,50,58.5408,58.5408
zf,O512,hubert_base_ls960,0,43,100,40.7499,40.7499
zf,O512,hubert_base_ls960,0,44,1,83.7694,83.7694
zf,O512,hubert_base_ls960,0,44,5,79.5938,79.5938
zf,O512,hubert_base_ls960,0,44,10,77.178,77.178
zf,O512,hubert_base_ls960,0,44,50,56.7518,56.7518
zf,O512,hubert_base_ls960,0,44,100,40.1177,40.1177
zf,O512,hubert_base_ls960,0,45,1,81.0854,81.0854
zf,O512,hubert_base_ls960,0,45,5,78.816,78.816
zf,O512,hubert_base_ls960,0,45,10,76.5816,76.5816
zf,O512,hubert_base_ls960,0,45,50,57.1139,57.1139
zf,O512,hubert_base_ls960,0,45,100,40.4223,40.4223
zf,O512,hubert_base_ls960,0,46,1,87.5919,87.5919
zf,O512,hubert_base_ls960,0,46,5,80.7882,80.7882
zf,O512,hubert_base_ls960,0,46,10,77.3838,77.3838
zf,O512,hubert_base_ls960,0,46,50,57.2675,57.2675
zf,O512,hubert_base_ls960,0,46,100,40.2127,40.2127
zf,O512,hubert_base_ls960,3,42,1,84.5142,84.5142
zf,O512,hubert_base_ls960,3,42,5,80.5542,80.5542
zf,O512,hubert_base_ls960,3,42,10,76.5381,76.5381
zf,O512,hubert_base_ls960,3,42,50,54.8098,54.8098
zf,O512,hubert_base_ls960,3,42,100,39.1248,39.1248
zf,O512,hubert_base_ls960,3,43,1,79.699,79.699
zf,O512,hubert_base_ls960,3,43,5,78.1673,78.1673
zf,O512,hubert_base_ls960,3,43,10,74.7327,74.7327
zf,O512,hubert_base_ls960,3,43,50,53.0551,53.0551
zf,O512,hubert_base_ls960,3,43,100,37.848,37.848
zf,O512,hubert_base_ls960,3,44,1,81.6304,81.6304
zf,O512,hubert_base_ls960,3,44,5,77.4451,77.4451
zf,O512,hubert_base_ls960,3,44,10,74.4631,74.4631
zf,O512,hubert_base_ls960,3,44,50,52.7934,52.7934
zf,O512,hubert_base_ls960,3,44,100,37.6503,37.6503
zf,O512,hubert_base_ls960,3,45,1,81.8342,81.8342
zf,O512,hubert_base_ls960,3,45,5,77.0059,77.0059
zf,O512,hubert_base_ls960,3,45,10,73.9666,73.9666
zf,O512,hubert_base_ls960,3,45,50,53.2117,53.2117
zf,O512,hubert_base_ls960,3,45,100,38.2423,38.2423
zf,O512,hubert_base_ls960,3,46,1,83.7673,83.7673
zf,O512,hubert_base_ls960,3,46,5,78.6275,78.6275
zf,O512,hubert_base_ls960,3,46,10,74.5427,74.5427
zf,O512,hubert_base_ls960,3,46,50,53.2432,53.2432
zf,O512,hubert_base_ls960,3,46,100,38.0026,38.0026
zf,O512,xcl_base_500k_p32x1_c005,5,42,1,89.9559,89.9559
zf,O512,xcl_base_500k_p32x1_c005,5,42,5,87.9832,87.9832
zf,O512,xcl_base_500k_p32x1_c005,5,42,10,85.9029,85.9029
zf,O512,xcl_base_500k_p32x1_c005,5,42,50,69.4795,69.4795
zf,O512,xcl_base_500k_p32x1_c005,5,42,100,50.4024,50.4024
zf,O512,xcl_base_500k_p32x1_c005,5,43,1,88.8266,88.8266
zf,O512,xcl_base_500k_p32x1_c005,5,43,5,87.2009,87.2009
zf,O512,xcl_base_500k_p32x1_c005,5,43,10,85.0515,85.0515
zf,O512,xcl_base_500k_p32x1_c005,5,43,50,68.6096,68.6096
zf,O512,xcl_base_500k_p32x1_c005,5,43,100,49.7188,49.7188
zf,O512,xcl_base_500k_p32x1_c005,5,44,1,88.1667,88.1667
zf,O512,xcl_base_500k_p32x1_c005,5,44,5,86.5469,86.5469
zf,O512,xcl_base_500k_p32x1_c005,5,44,10,85.2037,85.2037
zf,O512,xcl_base_500k_p32x1_c005,5,44,50,68.4384,68.4384
zf,O512,xcl_base_500k_p32x1_c005,5,44,100,49.931,49.931
zf,O512,xcl_base_500k_p32x1_c005,5,45,1,86.4935,86.4935
zf,O512,xcl_base_500k_p32x1_c005,5,45,5,85.5735,85.5735
zf,O512,xcl_base_500k_p32x1_c005,5,45,10,83.9749,83.9749
zf,O512,xcl_base_500k_p32x1_c005,5,45,50,68.2497,68.2497
zf,O512,xcl_base_500k_p32x1_c005,5,45,100,49.5872,49.5872
zf,O512,xcl_base_500k_p32x1_c005,5,46,1,88.775,88.775
zf,O512,xcl_base_500k_p32x1_c005,5,46,5,86.9646,86.9646
zf,O512,xcl_base_500k_p32x1_c005,5,46,10,84.8535,84.8535
zf,O512,xcl_base_500k_p32x1_c005,5,46,50,67.9032,67.9032
zf,O512,xcl_base_500k_p32x1_c005,5,46,100,49.048,49.048
zf,O512,xcl_base_500k_p32x4_c010,3,42,1,87.4784,87.4784
zf,O512,xcl_base_500k_p32x4_c010,3,42,5,83.3353,83.3353
zf,O512,xcl_base_500k_p32x4_c010,3,42,10,80.9905,80.9905
zf,O512,xcl_base_500k_p32x4_c010,3,42,50,64.4911,64.4911
zf,O512,xcl_base_500k_p32x4_c010,3,42,100,46.8302,46.8302
zf,O512,xcl_base_500k_p32x4_c010,3,43,1,84.7376,84.7376
zf,O512,xcl_base_500k_p32x4_c010,3,43,5,80.5593,80.5593
zf,O512,xcl_base_500k_p32x4_c010,3,43,10,78.6746,78.6746
zf,O512,xcl_base_500k_p32x4_c010,3,43,50,63.3104,63.3104
zf,O512,xcl_base_500k_p32x4_c010,3,43,100,45.8167,45.8167
zf,O512,xcl_base_500k_p32x4_c010,3,44,1,84.2265,84.2265
zf,O512,xcl_base_500k_p32x4_c010,3,44,5,81.6997,81.6997
zf,O512,xcl_base_500k_p32x4_c010,3,44,10,79.3504,79.3504
zf,O512,xcl_base_500k_p32x4_c010,3,44,50,62.6775,62.6775
zf,O512,xcl_base_500k_p32x4_c010,3,44,100,45.9289,45.9289
zf,O512,xcl_base_500k_p32x4_c010,3,45,1,84.5552,84.5552
zf,O512,xcl_base_500k_p32x4_c010,3,45,5,80.0146,80.0146
zf,O512,xcl_base_500k_p32x4_c010,3,45,10,78.3773,78.3773
zf,O512,xcl_base_500k_p32x4_c010,3,45,50,63.8106,63.8106
zf,O512,xcl_base_500k_p32x4_c010,3,45,100,46.3088,46.3088
zf,O512,xcl_base_500k_p32x4_c010,3,46,1,82.6562,82.6562
zf,O512,xcl_base_500k_p32x4_c010,3,46,5,81.4276,81.4276
zf,O512,xcl_base_500k_p32x4_c010,3,46,10,79.0108,79.0108
zf,O512,xcl_base_500k_p32x4_c010,3,46,50,62.9596,62.9596
zf,O512,xcl_base_500k_p32x4_c010,3,46,100,45.7216,45.7216
zf,O512,xcl_base_500k_p32x4_c010,4,42,1,87.5515,87.5515
zf,O512,xcl_base_500k_p32x4_c010,4,42,5,83.2691,83.2691
zf,O512,xcl_base_500k_p32x4_c010,4,42,10,81.0511,81.0511
zf,O512,xcl_base_500k_p32x4_c010,4,42,50,64.365,64.365
zf,O512,xcl_base_500k_p32x4_c010,4,42,100,46.8173,46.8173
zf,O512,xcl_base_500k_p32x4_c010,4,43,1,85.3611,85.3611
zf,O512,xcl_base_500k_p32x4_c010,4,43,5,81.1202,81.1202
zf,O512,xcl_base_500k_p32x4_c010,4,43,10,79.1692,79.1692
zf,O512,xcl_base_500k_p32x4_c010,4,43,50,63.1782,63.1782
zf,O512,xcl_base_500k_p32x4_c010,4,43,100,45.883,45.883
zf,O512,xcl_base_500k_p32x4_c010,4,44,1,84.941,84.941
zf,O512,xcl_base_500k_p32x4_c010,4,44,5,82.0202,82.0202
zf,O512,xcl_base_500k_p32x4_c010,4,44,10,79.5107,79.5107
zf,O512,xcl_base_500k_p32x4_c010,4,44,50,62.6713,62.6713
zf,O512,xcl_base_500k_p32x4_c010,4,44,100,45.9761,45.9761
zf,O512,xcl_base_500k_p32x4_c010,4,45,1,84.8574,84.8574
zf,O512,xcl_base_500k_p32x4_c010,4,45,5,80.323,80.323
zf,O512,xcl_base_500k_p32x4_c010,4,45,10,78.4782,78.4782
zf,O512,xcl_base_500k_p32x4_c010,4,45,50,63.5567,63.5567
zf,O512,xcl_base_500k_p32x4_c010,4,45,100,46.2651,46.2651
zf,O512,xcl_base_500k_p32x4_c010,4,46,1,83.6776,83.6776
zf,O512,xcl_base_500k_p32x4_c010,4,46,5,81.4553,81.4553
zf,O512,xcl_base_500k_p32x4_c010,4,46,10,78.9511,78.9511
zf,O512,xcl_base_500k_p32x4_c010,4,46,50,62.8742,62.8742
zf,O512,xcl_base_500k_p32x4_c010,4,46,100,45.7277,45.7277
zf,O512,xcl_large_500k_p32x1_c005,11,42,1,90.3109,90.3109
zf,O512,xcl_large_500k_p32x1_c005,11,42,5,88.8181,88.8181
zf,O512,xcl_large_500k_p32x1_c005,11,42,10,86.9691,86.9691
zf,O512,xcl_large_500k_p32x1_c005,11,42,50,70.4351,70.4351
zf,O512,xcl_large_500k_p32x1_c005,11,42,100,50.8864,50.8864
zf,O512,xcl_large_500k_p32x1_c005,11,43,1,90.0196,90.0196
zf,O512,xcl_large_500k_p32x1_c005,11,43,5,88.4412,88.4412
zf,O512,xcl_large_500k_p32x1_c005,11,43,10,86.3088,86.3088
zf,O512,xcl_large_500k_p32x1_c005,11,43,50,70.0292,70.0292
zf,O512,xcl_large_500k_p32x1_c005,11,43,100,50.4187,50.4187
zf,O512,xcl_large_500k_p32x1_c005,11,44,1,88.7926,88.7926
zf,O512,xcl_large_500k_p32x1_c005,11,44,5,87.303,87.303
zf,O512,xcl_large_500k_p32x1_c005,11,44,10,85.7354,85.7354
zf,O512,xcl_large_500k_p32x1_c005,11,44,50,69.657,69.657
zf,O512,xcl_large_500k_p32x1_c005,11,44,100,50.6871,50.6871
zf,O512,xcl_large_500k_p32x1_c005,11,45,1,87.8177,87.8177
zf,O512,xcl_large_500k_p32x1_c005,11,45,5,86.2775,86.2775
zf,O512,xcl_large_500k_p32x1_c005,11,45,10,84.4454,84.4454
zf,O512,xcl_large_500k_p32x1_c005,11,45,50,69.3905,69.3905
zf,O512,xcl_large_500k_p32x1_c005,11,45,100,50.2494,50.2494
zf,O512,xcl_large_500k_p32x1_c005,11,46,1,89.3783,89.3783
zf,O512,xcl_large_500k_p32x1_c005,11,46,5,87.6237,87.6237
zf,O512,xcl_large_500k_p32x1_c005,11,46,10,85.6589,85.6589
zf,O512,xcl_large_500k_p32x1_c005,11,46,50,68.9643,68.9643
zf,O512,xcl_large_500k_p32x1_c005,11,46,100,49.4872,49.4872
zf,O512,xcl_large_500k_p32x4_c0025,9,42,1,86.6837,86.6837
zf,O512,xcl_large_500k_p32x4_c0025,9,42,5,84.1895,84.1895
zf,O512,xcl_large_500k_p32x4_c0025,9,42,10,81.776,81.776
zf,O512,xcl_large_500k_p32x4_c0025,9,42,50,65.0031,65.0031
zf,O512,xcl_large_500k_p32x4_c0025,9,42,100,47.0654,47.0654
zf,O512,xcl_large_500k_p32x4_c0025,9,43,1,83.8767,83.8767
zf,O512,xcl_large_500k_p32x4_c0025,9,43,5,82.4294,82.4294
zf,O512,xcl_large_500k_p32x4_c0025,9,43,10,80.1527,80.1527
zf,O512,xcl_large_500k_p32x4_c0025,9,43,50,64.1964,64.1964
zf,O512,xcl_large_500k_p32x4_c0025,9,43,100,46.3108,46.3108
zf,O512,xcl_large_500k_p32x4_c0025,9,44,1,83.4708,83.4708
zf,O512,xcl_large_500k_p32x4_c0025,9,44,5,81.7812,81.7812
zf,O512,xcl_large_500k_p32x4_c0025,9,44,10,79.8516,79.8516
zf,O512,xcl_large_500k_p32x4_c0025,9,44,50,63.314,63.314
zf,O512,xcl_large_500k_p32x4_c0025,9,44,100,46.4388,46.4388
zf,O512,xcl_large_500k_p32x4_c0025,9,45,1,83.5175,83.5175
zf,O512,xcl_large_500k_p32x4_c0025,9,45,5,81.531,81.531
zf,O512,xcl_large_500k_p32x4_c0025,9,45,10,79.2249,79.2249
zf,O512,xcl_large_500k_p32x4_c0025,9,45,50,63.999,63.999
zf,O512,xcl_large_500k_p32x4_c0025,9,45,100,46.3725,46.3725
zf,O512,xcl_large_500k_p32x4_c0025,9,46,1,85.3028,85.3028
zf,O512,xcl_large_500k_p32x4_c0025,9,46,5,82.8766,82.8766
zf,O512,xcl_large_500k_p32x4_c0025,9,46,10,80.3604,80.3604
zf,O512,xcl_large_500k_p32x4_c0025,9,46,50,63.2691,63.2691
zf,O512,xcl_large_500k_p32x4_c0025,9,46,100,45.8838,45.8838
zf,O512,xcl_large_500k_p32x4_c010,10,42,1,87.4267,87.4267
zf,O512,xcl_large_500k_p32x4_c010,10,42,5,84.3322,84.3322
zf,O512,xcl_large_500k_p32x4_c010,10,42,10,82.1608,82.1608
zf,O512,xcl_large_500k_p32x4_c010,10,42,50,65.1549,65.1549
zf,O512,xcl_large_500k_p32x4_c010,10,42,100,47.3622,47.3622
zf,O512,xcl_large_500k_p32x4_c010,10,43,1,85.8938,85.8938
zf,O512,xcl_large_500k_p32x4_c010,10,43,5,82.9569,82.9569
zf,O512,xcl_large_500k_p32x4_c010,10,43,10,80.4377,80.4377
zf,O512,xcl_large_500k_p32x4_c010,10,43,50,64.21,64.21
zf,O512,xcl_large_500k_p32x4_c010,10,43,100,46.6927,46.6927
zf,O512,xcl_large_500k_p32x4_c010,10,44,1,85.3736,85.3736
zf,O512,xcl_large_500k_p32x4_c010,10,44,5,82.6348,82.6348
zf,O512,xcl_large_500k_p32x4_c010,10,44,10,80.344,80.344
zf,O512,xcl_large_500k_p32x4_c010,10,44,50,63.5811,63.5811
zf,O512,xcl_large_500k_p32x4_c010,10,44,100,46.7732,46.7732
zf,O512,xcl_large_500k_p32x4_c010,10,45,1,83.7458,83.7458
zf,O512,xcl_large_500k_p32x4_c010,10,45,5,81.843,81.843
zf,O512,xcl_large_500k_p32x4_c010,10,45,10,79.6544,79.6544
zf,O512,xcl_large_500k_p32x4_c010,10,45,50,64.6658,64.6658
zf,O512,xcl_large_500k_p32x4_c010,10,45,100,46.8777,46.8777
zf,O512,xcl_large_500k_p32x4_c010,10,46,1,84.5387,84.5387
zf,O512,xcl_large_500k_p32x4_c010,10,46,5,82.6349,82.6349
zf,O512,xcl_large_500k_p32x4_c010,10,46,10,80.5205,80.5205
zf,O512,xcl_large_500k_p32x4_c010,10,46,50,63.8453,63.8453
zf,O512,xcl_large_500k_p32x4_c010,10,46,100,46.1322,46.1322
zf,O512,xcl_micro_500k_p32x1_c005,4,42,1,86.8682,86.8682
zf,O512,xcl_micro_500k_p32x1_c005,4,42,5,83.7693,83.7693
zf,O512,xcl_micro_500k_p32x1_c005,4,42,10,81.2871,81.2871
zf,O512,xcl_micro_500k_p32x1_c005,4,42,50,65.9656,65.9656
zf,O512,xcl_micro_500k_p32x1_c005,4,42,100,48.6193,48.6193
zf,O512,xcl_micro_500k_p32x1_c005,4,43,1,84.1853,84.1853
zf,O512,xcl_micro_500k_p32x1_c005,4,43,5,82.573,82.573
zf,O512,xcl_micro_500k_p32x1_c005,4,43,10,79.9832,79.9832
zf,O512,xcl_micro_500k_p32x1_c005,4,43,50,65.0127,65.0127
zf,O512,xcl_micro_500k_p32x1_c005,4,43,100,48.0109,48.0109
zf,O512,xcl_micro_500k_p32x1_c005,4,44,1,83.9781,83.9781
zf,O512,xcl_micro_500k_p32x1_c005,4,44,5,82.134,82.134
zf,O512,xcl_micro_500k_p32x1_c005,4,44,10,79.8728,79.8728
zf,O512,xcl_micro_500k_p32x1_c005,4,44,50,64.5116,64.5116
zf,O512,xcl_micro_500k_p32x1_c005,4,44,100,47.8332,47.8332
zf,O512,xcl_micro_500k_p32x1_c005,4,45,1,82.9967,82.9967
zf,O512,xcl_micro_500k_p32x1_c005,4,45,5,81.4084,81.4084
zf,O512,xcl_micro_500k_p32x1_c005,4,45,10,79.2028,79.2028
zf,O512,xcl_micro_500k_p32x1_c005,4,45,50,64.6854,64.6854
zf,O512,xcl_micro_500k_p32x1_c005,4,45,100,48.0048,48.0048
zf,O512,xcl_micro_500k_p32x1_c005,4,46,1,85.278,85.278
zf,O512,xcl_micro_500k_p32x1_c005,4,46,5,82.482,82.482
zf,O512,xcl_micro_500k_p32x1_c005,4,46,10,79.8783,79.8783
zf,O512,xcl_micro_500k_p32x1_c005,4,46,50,64.8206,64.8206
zf,O512,xcl_micro_500k_p32x1_c005,4,46,100,48.0086,48.0086
zf,O512,xcl_micro_500k_p32x1_c005,5,42,1,86.7735,86.7735
zf,O512,xcl_micro_500k_p32x1_c005,5,42,5,83.5113,83.5113
zf,O512,xcl_micro_500k_p32x1_c005,5,42,10,81.3472,81.3472
zf,O512,xcl_micro_500k_p32x1_c005,5,42,50,65.8918,65.8918
zf,O512,xcl_micro_500k_p32x1_c005,5,42,100,48.4395,48.4395
zf,O512,xcl_micro_500k_p32x1_c005,5,43,1,84.3968,84.3968
zf,O512,xcl_micro_500k_p32x1_c005,5,43,5,82.4783,82.4783
zf,O512,xcl_micro_500k_p32x1_c005,5,43,10,79.7847,79.7847
zf,O512,xcl_micro_500k_p32x1_c005,5,43,50,64.7739,64.7739
zf,O512,xcl_micro_500k_p32x1_c005,5,43,100,47.86,47.86
zf,O512,xcl_micro_500k_p32x1_c005,5,44,1,85.0389,85.0389
zf,O512,xcl_micro_500k_p32x1_c005,5,44,5,82.2743,82.2743
zf,O512,xcl_micro_500k_p32x1_c005,5,44,10,79.8178,79.8178
zf,O512,xcl_micro_500k_p32x1_c005,5,44,50,64.3986,64.3986
zf,O512,xcl_micro_500k_p32x1_c005,5,44,100,47.6983,47.6983
zf,O512,xcl_micro_500k_p32x1_c005,5,45,1,82.7067,82.7067
zf,O512,xcl_micro_500k_p32x1_c005,5,45,5,81.4589,81.4589
zf,O512,xcl_micro_500k_p32x1_c005,5,45,10,79.1844,79.1844
zf,O512,xcl_micro_500k_p32x1_c005,5,45,50,64.6005,64.6005
zf,O512,xcl_micro_500k_p32x1_c005,5,45,100,47.8914,47.8914
zf,O512,xcl_micro_500k_p32x1_c005,5,46,1,85.6235,85.6235
zf,O512,xcl_micro_500k_p32x1_c005,5,46,5,82.5871,82.5871
zf,O512,xcl_micro_500k_p32x1_c005,5,46,10,79.791,79.791
zf,O512,xcl_micro_500k_p32x1_c005,5,46,50,64.8526,64.8526
zf,O512,xcl_micro_500k_p32x1_c005,5,46,100,47.8796,47.8796
zf,O512,xcl_micro_500k_p32x4_c010,3,42,1,84.9437,84.9437
zf,O512,xcl_micro_500k_p32x4_c010,3,42,5,81.3367,81.3367
zf,O512,xcl_micro_500k_p32x4_c010,3,42,10,77.8051,77.8051
zf,O512,xcl_micro_500k_p32x4_c010,3,42,50,61.0275,61.0275
zf,O512,xcl_micro_500k_p32x4_c010,3,42,100,44.674,44.674
zf,O512,xcl_micro_500k_p32x4_c010,3,43,1,83.617,83.617
zf,O512,xcl_micro_500k_p32x4_c010,3,43,5,78.2294,78.2294
zf,O512,xcl_micro_500k_p32x4_c010,3,43,10,75.6645,75.6645
zf,O512,xcl_micro_500k_p32x4_c010,3,43,50,59.0965,59.0965
zf,O512,xcl_micro_500k_p32x4_c010,3,43,100,43.1953,43.1953
zf,O512,xcl_micro_500k_p32x4_c010,3,44,1,83.3481,83.3481
zf,O512,xcl_micro_500k_p32x4_c010,3,44,5,79.4809,79.4809
zf,O512,xcl_micro_500k_p32x4_c010,3,44,10,76.4871,76.4871
zf,O512,xcl_micro_500k_p32x4_c010,3,44,50,58.9964,58.9964
zf,O512,xcl_micro_500k_p32x4_c010,3,44,100,43.386,43.386
zf,O512,xcl_micro_500k_p32x4_c010,3,45,1,81.6782,81.6782
zf,O512,xcl_micro_500k_p32x4_c010,3,45,5,78.3181,78.3181
zf,O512,xcl_micro_500k_p32x4_c010,3,45,10,75.2841,75.2841
zf,O512,xcl_micro_500k_p32x4_c010,3,45,50,59.7888,59.7888
zf,O512,xcl_micro_500k_p32x4_c010,3,45,100,44.0635,44.0635
zf,O512,xcl_micro_500k_p32x4_c010,3,46,1,83.8656,83.8656
zf,O512,xcl_micro_500k_p32x4_c010,3,46,5,79.5561,79.5561
zf,O512,xcl_micro_500k_p32x4_c010,3,46,10,76.5356,76.5356
zf,O512,xcl_micro_500k_p32x4_c010,3,46,50,59.2115,59.2115
zf,O512,xcl_micro_500k_p32x4_c010,3,46,100,43.1833,43.1833
zf,R402,birdaves_biox_base,3,42,1,84.5022,84.5022
zf,R402,birdaves_biox_base,3,42,5,77.9127,77.9127
zf,R402,birdaves_biox_base,3,42,10,75.9285,75.9285
zf,R402,birdaves_biox_base,3,42,50,64.5379,64.5379
zf,R402,birdaves_biox_base,3,42,100,54.5001,54.5001
zf,R402,birdaves_biox_base,3,43,1,86.9765,86.9765
zf,R402,birdaves_biox_base,3,43,5,78.6371,78.6371
zf,R402,birdaves_biox_base,3,43,10,76.3196,76.3196
zf,R402,birdaves_biox_base,3,43,50,65.1015,65.1015
zf,R402,birdaves_biox_base,3,43,100,54.6463,54.6463
zf,R402,birdaves_biox_base,3,44,1,84.479,84.479
zf,R402,birdaves_biox_base,3,44,5,76.8428,76.8428
zf,R402,birdaves_biox_base,3,44,10,74.6078,74.6078
zf,R402,birdaves_biox_base,3,44,50,64.5045,64.5045
zf,R402,birdaves_biox_base,3,44,100,54.1571,54.1571
zf,R402,birdaves_biox_base,3,45,1,86.675,86.675
zf,R402,birdaves_biox_base,3,45,5,79.3439,79.3439
zf,R402,birdaves_biox_base,3,45,10,77.0394,77.0394
zf,R402,birdaves_biox_base,3,45,50,65.0744,65.0744
zf,R402,birdaves_biox_base,3,45,100,54.3866,54.3866
zf,R402,birdaves_biox_base,3,46,1,83.3492,83.3492
zf,R402,birdaves_biox_base,3,46,5,77.7713,77.7713
zf,R402,birdaves_biox_base,3,46,10,75.5661,75.5661
zf,R402,birdaves_biox_base,3,46,50,64.4577,64.4577
zf,R402,birdaves_biox_base,3,46,100,54.3463,54.3463
zf,R402,birdaves_biox_base,7,42,1,82.8294,82.8294
zf,R402,birdaves_biox_base,7,42,5,76.8091,76.8091
zf,R402,birdaves_biox_base,7,42,10,75.3035,75.3035
zf,R402,birdaves_biox_base,7,42,50,64.1366,64.1366
zf,R402,birdaves_biox_base,7,42,100,53.7699,53.7699
zf,R402,birdaves_biox_base,7,43,1,83.4992,83.4992
zf,R402,birdaves_biox_base,7,43,5,77.9522,77.9522
zf,R402,birdaves_biox_base,7,43,10,75.96,75.96
zf,R402,birdaves_biox_base,7,43,50,65.116,65.116
zf,R402,birdaves_biox_base,7,43,100,54.028,54.028
zf,R402,birdaves_biox_base,7,44,1,81.6788,81.6788
zf,R402,birdaves_biox_base,7,44,5,75.7081,75.7081
zf,R402,birdaves_biox_base,7,44,10,74.6577,74.6577
zf,R402,birdaves_biox_base,7,44,50,64.2645,64.2645
zf,R402,birdaves_biox_base,7,44,100,53.3869,53.3869
zf,R402,birdaves_biox_base,7,45,1,83.3432,83.3432
zf,R402,birdaves_biox_base,7,45,5,78.5269,78.5269
zf,R402,birdaves_biox_base,7,45,10,77.0451,77.0451
zf,R402,birdaves_biox_base,7,45,50,64.8328,64.8328
zf,R402,birdaves_biox_base,7,45,100,53.5373,53.5373
zf,R402,birdaves_biox_base,7,46,1,81.2453,81.2453
zf,R402,birdaves_biox_base,7,46,5,76.926,76.926
zf,R402,birdaves_biox_base,7,46,10,75.2474,75.2474
zf,R402,birdaves_biox_base,7,46,50,64.2749,64.2749
zf,R402,birdaves_biox_base,7,46,100,53.411,53.411
zf,R402,birdaves_biox_base_speed0p25,3,42,1,84.5469,84.5469
zf,R402,birdaves_biox_base_speed0p25,3,42,5,81.1081,81.1081
zf,R402,birdaves_biox_base_speed0p25,3,42,10,79.1835,79.1835
zf,R402,birdaves_biox_base_speed0p25,3,42,50,67.7857,67.7857
zf,R402,birdaves_biox_base_speed0p25,3,42,100,55.6658,55.6658
zf,R402,birdaves_biox_base_speed0p25,3,43,1,87.4944,87.4944
zf,R402,birdaves_biox_base_speed0p25,3,43,5,83.0753,83.0753
zf,R402,birdaves_biox_base_speed0p25,3,43,10,80.9781,80.9781
zf,R402,birdaves_biox_base_speed0p25,3,43,50,68.2803,68.2803
zf,R402,birdaves_biox_base_speed0p25,3,43,100,55.5941,55.5941
zf,R402,birdaves_biox_base_speed0p25,3,44,1,85.0071,85.0071
zf,R402,birdaves_biox_base_speed0p25,3,44,5,80.7704,80.7704
zf,R402,birdaves_biox_base_speed0p25,3,44,10,78.7554,78.7554
zf,R402,birdaves_biox_base_speed0p25,3,44,50,67.4687,67.4687
zf,R402,birdaves_biox_base_speed0p25,3,44,100,55.1404,55.1404
zf,R402,birdaves_biox_base_speed0p25,3,45,1,86.551,86.551
zf,R402,birdaves_biox_base_speed0p25,3,45,5,82.2575,82.2575
zf,R402,birdaves_biox_base_speed0p25,3,45,10,80.4056,80.4056
zf,R402,birdaves_biox_base_speed0p25,3,45,50,67.8138,67.8138
zf,R402,birdaves_biox_base_speed0p25,3,45,100,55.349,55.349
zf,R402,birdaves_biox_base_speed0p25,3,46,1,84.8107,84.8107
zf,R402,birdaves_biox_base_speed0p25,3,46,5,81.2598,81.2598
zf,R402,birdaves_biox_base_speed0p25,3,46,10,79.127,79.127
zf,R402,birdaves_biox_base_speed0p25,3,46,50,67.2854,67.2854
zf,R402,birdaves_biox_base_speed0p25,3,46,100,55.2209,55.2209
zf,R402,birdaves_biox_base_speed0p25,4,42,1,84.4363,84.4363
zf,R402,birdaves_biox_base_speed0p25,4,42,5,81.3371,81.3371
zf,R402,birdaves_biox_base_speed0p25,4,42,10,79.6624,79.6624
zf,R402,birdaves_biox_base_speed0p25,4,42,50,68.0345,68.0345
zf,R402,birdaves_biox_base_speed0p25,4,42,100,56.2038,56.2038
zf,R402,birdaves_biox_base_speed0p25,4,43,1,86.994,86.994
zf,R402,birdaves_biox_base_speed0p25,4,43,5,83.8047,83.8047
zf,R402,birdaves_biox_base_speed0p25,4,43,10,81.315,81.315
zf,R402,birdaves_biox_base_speed0p25,4,43,50,68.6039,68.6039
zf,R402,birdaves_biox_base_speed0p25,4,43,100,56.2497,56.2497
zf,R402,birdaves_biox_base_speed0p25,4,44,1,85.2662,85.2662
zf,R402,birdaves_biox_base_speed0p25,4,44,5,81.6473,81.6473
zf,R402,birdaves_biox_base_speed0p25,4,44,10,79.5473,79.5473
zf,R402,birdaves_biox_base_speed0p25,4,44,50,67.7682,67.7682
zf,R402,birdaves_biox_base_speed0p25,4,44,100,55.8401,55.8401
zf,R402,birdaves_biox_base_speed0p25,4,45,1,86.3871,86.3871
zf,R402,birdaves_biox_base_speed0p25,4,45,5,82.9558,82.9558
zf,R402,birdaves_biox_base_speed0p25,4,45,10,81.0162,81.0162
zf,R402,birdaves_biox_base_speed0p25,4,45,50,68.0559,68.0559
zf,R402,birdaves_biox_base_speed0p25,4,45,100,56.0272,56.0272
zf,R402,birdaves_biox_base_speed0p25,4,46,1,85.6571,85.6571
zf,R402,birdaves_biox_base_speed0p25,4,46,5,81.6279,81.6279
zf,R402,birdaves_biox_base_speed0p25,4,46,10,79.6051,79.6051
zf,R402,birdaves_biox_base_speed0p25,4,46,50,67.4625,67.4625
zf,R402,birdaves_biox_base_speed0p25,4,46,100,55.7536,55.7536
zf,R402,birdaves_biox_base_speed0p5,3,42,1,84.7528,84.7528
zf,R402,birdaves_biox_base_speed0p5,3,42,5,80.9118,80.9118
zf,R402,birdaves_biox_base_speed0p5,3,42,10,79.1933,79.1933
zf,R402,birdaves_biox_base_speed0p5,3,42,50,67.9583,67.9583
zf,R402,birdaves_biox_base_speed0p5,3,42,100,57.1451,57.1451
zf,R402,birdaves_biox_base_speed0p5,3,43,1,87.9,87.9
zf,R402,birdaves_biox_base_speed0p5,3,43,5,82.7769,82.7769
zf,R402,birdaves_biox_base_speed0p5,3,43,10,80.6083,80.6083
zf,R402,birdaves_biox_base_speed0p5,3,43,50,68.1664,68.1664
zf,R402,birdaves_biox_base_speed0p5,3,43,100,56.8573,56.8573
zf,R402,birdaves_biox_base_speed0p5,3,44,1,85.9044,85.9044
zf,R402,birdaves_biox_base_speed0p5,3,44,5,80.306,80.306
zf,R402,birdaves_biox_base_speed0p5,3,44,10,78.622,78.622
zf,R402,birdaves_biox_base_speed0p5,3,44,50,67.3943,67.3943
zf,R402,birdaves_biox_base_speed0p5,3,44,100,56.3423,56.3423
zf,R402,birdaves_biox_base_speed0p5,3,45,1,86.0851,86.0851
zf,R402,birdaves_biox_base_speed0p5,3,45,5,82.242,82.242
zf,R402,birdaves_biox_base_speed0p5,3,45,10,80.258,80.258
zf,R402,birdaves_biox_base_speed0p5,3,45,50,67.9824,67.9824
zf,R402,birdaves_biox_base_speed0p5,3,45,100,56.7691,56.7691
zf,R402,birdaves_biox_base_speed0p5,3,46,1,84.8827,84.8827
zf,R402,birdaves_biox_base_speed0p5,3,46,5,81.1801,81.1801
zf,R402,birdaves_biox_base_speed0p5,3,46,10,79.0051,79.0051
zf,R402,birdaves_biox_base_speed0p5,3,46,50,67.3195,67.3195
zf,R402,birdaves_biox_base_speed0p5,3,46,100,56.5093,56.5093
zf,R402,birdaves_biox_base_speed0p5,6,42,1,86.8381,86.8381
zf,R402,birdaves_biox_base_speed0p5,6,42,5,81.0399,81.0399
zf,R402,birdaves_biox_base_speed0p5,6,42,10,79.0615,79.0615
zf,R402,birdaves_biox_base_speed0p5,6,42,50,67.7047,67.7047
zf,R402,birdaves_biox_base_speed0p5,6,42,100,56.5578,56.5578
zf,R402,birdaves_biox_base_speed0p5,6,43,1,90.2574,90.2574
zf,R402,birdaves_biox_base_speed0p5,6,43,5,83.2344,83.2344
zf,R402,birdaves_biox_base_speed0p5,6,43,10,80.4602,80.4602
zf,R402,birdaves_biox_base_speed0p5,6,43,50,67.9644,67.9644
zf,R402,birdaves_biox_base_speed0p5,6,43,100,56.3108,56.3108
zf,R402,birdaves_biox_base_speed0p5,6,44,1,87.6463,87.6463
zf,R402,birdaves_biox_base_speed0p5,6,44,5,80.4076,80.4076
zf,R402,birdaves_biox_base_speed0p5,6,44,10,78.4514,78.4514
zf,R402,birdaves_biox_base_speed0p5,6,44,50,67.1924,67.1924
zf,R402,birdaves_biox_base_speed0p5,6,44,100,55.6801,55.6801
zf,R402,birdaves_biox_base_speed0p5,6,45,1,90.1732,90.1732
zf,R402,birdaves_biox_base_speed0p5,6,45,5,82.556,82.556
zf,R402,birdaves_biox_base_speed0p5,6,45,10,80.3247,80.3247
zf,R402,birdaves_biox_base_speed0p5,6,45,50,67.7973,67.7973
zf,R402,birdaves_biox_base_speed0p5,6,45,100,55.9269,55.9269
zf,R402,birdaves_biox_base_speed0p5,6,46,1,87.4382,87.4382
zf,R402,birdaves_biox_base_speed0p5,6,46,5,81.0671,81.0671
zf,R402,birdaves_biox_base_speed0p5,6,46,10,78.9777,78.9777
zf,R402,birdaves_biox_base_speed0p5,6,46,50,67.067,67.067
zf,R402,birdaves_biox_base_speed0p5,6,46,100,55.8929,55.8929
zf,R402,hubert_base_ls960,0,42,1,82.2335,82.2335
zf,R402,hubert_base_ls960,0,42,5,76.8144,76.8144
zf,R402,hubert_base_ls960,0,42,10,74.2046,74.2046
zf,R402,hubert_base_ls960,0,42,50,62.9632,62.9632
zf,R402,hubert_base_ls960,0,42,100,51.7961,51.7961
zf,R402,hubert_base_ls960,0,43,1,82.4506,82.4506
zf,R402,hubert_base_ls960,0,43,5,77.2329,77.2329
zf,R402,hubert_base_ls960,0,43,10,75.0309,75.0309
zf,R402,hubert_base_ls960,0,43,50,63.3376,63.3376
zf,R402,hubert_base_ls960,0,43,100,51.5986,51.5986
zf,R402,hubert_base_ls960,0,44,1,81.1036,81.1036
zf,R402,hubert_base_ls960,0,44,5,75.3332,75.3332
zf,R402,hubert_base_ls960,0,44,10,73.5499,73.5499
zf,R402,hubert_base_ls960,0,44,50,62.5214,62.5214
zf,R402,hubert_base_ls960,0,44,100,51.2258,51.2258
zf,R402,hubert_base_ls960,0,45,1,83.5811,83.5811
zf,R402,hubert_base_ls960,0,45,5,78.1524,78.1524
zf,R402,hubert_base_ls960,0,45,10,76.0702,76.0702
zf,R402,hubert_base_ls960,0,45,50,63.2938,63.2938
zf,R402,hubert_base_ls960,0,45,100,51.5318,51.5318
zf,R402,hubert_base_ls960,0,46,1,80.6753,80.6753
zf,R402,hubert_base_ls960,0,46,5,76.7094,76.7094
zf,R402,hubert_base_ls960,0,46,10,74.9813,74.9813
zf,R402,hubert_base_ls960,0,46,50,63.0715,63.0715
zf,R402,hubert_base_ls960,0,46,100,51.8189,51.8189
zf,R402,hubert_base_ls960,3,42,1,81.427,81.427
zf,R402,hubert_base_ls960,3,42,5,75.0128,75.0128
zf,R402,hubert_base_ls960,3,42,10,72.563,72.563
zf,R402,hubert_base_ls960,3,42,50,60.9773,60.9773
zf,R402,hubert_base_ls960,3,42,100,49.3102,49.3102
zf,R402,hubert_base_ls960,3,43,1,80.9841,80.9841
zf,R402,hubert_base_ls960,3,43,5,75.6624,75.6624
zf,R402,hubert_base_ls960,3,43,10,73.2018,73.2018
zf,R402,hubert_base_ls960,3,43,50,61.0556,61.0556
zf,R402,hubert_base_ls960,3,43,100,49.0271,49.0271
zf,R402,hubert_base_ls960,3,44,1,79.9846,79.9846
zf,R402,hubert_base_ls960,3,44,5,74.6036,74.6036
zf,R402,hubert_base_ls960,3,44,10,72.713,72.713
zf,R402,hubert_base_ls960,3,44,50,60.4509,60.4509
zf,R402,hubert_base_ls960,3,44,100,48.6733,48.6733
zf,R402,hubert_base_ls960,3,45,1,82.3756,82.3756
zf,R402,hubert_base_ls960,3,45,5,76.0486,76.0486
zf,R402,hubert_base_ls960,3,45,10,73.6624,73.6624
zf,R402,hubert_base_ls960,3,45,50,60.9473,60.9473
zf,R402,hubert_base_ls960,3,45,100,48.9602,48.9602
zf,R402,hubert_base_ls960,3,46,1,79.8734,79.8734
zf,R402,hubert_base_ls960,3,46,5,75.0833,75.0833
zf,R402,hubert_base_ls960,3,46,10,72.7655,72.7655
zf,R402,hubert_base_ls960,3,46,50,60.6386,60.6386
zf,R402,hubert_base_ls960,3,46,100,49.0632,49.0632
zf,R402,xcl_base_500k_p32x1_c005,5,42,1,87.9874,87.9874
zf,R402,xcl_base_500k_p32x1_c005,5,42,5,84.4878,84.4878
zf,R402,xcl_base_500k_p32x1_c005,5,42,10,82.0547,82.0547
zf,R402,xcl_base_500k_p32x1_c005,5,42,50,69.7485,69.7485
zf,R402,xcl_base_500k_p32x1_c005,5,42,100,58.6786,58.6786
zf,R402,xcl_base_500k_p32x1_c005,5,43,1,89.1023,89.1023
zf,R402,xcl_base_500k_p32x1_c005,5,43,5,85.2828,85.2828
zf,R402,xcl_base_500k_p32x1_c005,5,43,10,82.8508,82.8508
zf,R402,xcl_base_500k_p32x1_c005,5,43,50,70.1544,70.1544
zf,R402,xcl_base_500k_p32x1_c005,5,43,100,58.5207,58.5207
zf,R402,xcl_base_500k_p32x1_c005,5,44,1,87.9717,87.9717
zf,R402,xcl_base_500k_p32x1_c005,5,44,5,84.1514,84.1514
zf,R402,xcl_base_500k_p32x1_c005,5,44,10,81.6837,81.6837
zf,R402,xcl_base_500k_p32x1_c005,5,44,50,69.2805,69.2805
zf,R402,xcl_base_500k_p32x1_c005,5,44,100,58.2655,58.2655
zf,R402,xcl_base_500k_p32x1_c005,5,45,1,89.6669,89.6669
zf,R402,xcl_base_500k_p32x1_c005,5,45,5,85.2113,85.2113
zf,R402,xcl_base_500k_p32x1_c005,5,45,10,82.9429,82.9429
zf,R402,xcl_base_500k_p32x1_c005,5,45,50,69.6209,69.6209
zf,R402,xcl_base_500k_p32x1_c005,5,45,100,58.3549,58.3549
zf,R402,xcl_base_500k_p32x1_c005,5,46,1,89.1012,89.1012
zf,R402,xcl_base_500k_p32x1_c005,5,46,5,83.9879,83.9879
zf,R402,xcl_base_500k_p32x1_c005,5,46,10,81.7809,81.7809
zf,R402,xcl_base_500k_p32x1_c005,5,46,50,69.3567,69.3567
zf,R402,xcl_base_500k_p32x1_c005,5,46,100,58.2411,58.2411
zf,R402,xcl_base_500k_p32x4_c010,3,42,1,85.2556,85.2556
zf,R402,xcl_base_500k_p32x4_c010,3,42,5,77.848,77.848
zf,R402,xcl_base_500k_p32x4_c010,3,42,10,75.9921,75.9921
zf,R402,xcl_base_500k_p32x4_c010,3,42,50,65.1592,65.1592
zf,R402,xcl_base_500k_p32x4_c010,3,42,100,55.3599,55.3599
zf,R402,xcl_base_500k_p32x4_c010,3,43,1,85.3751,85.3751
zf,R402,xcl_base_500k_p32x4_c010,3,43,5,78.9044,78.9044
zf,R402,xcl_base_500k_p32x4_c010,3,43,10,76.1901,76.1901
zf,R402,xcl_base_500k_p32x4_c010,3,43,50,65.1062,65.1062
zf,R402,xcl_base_500k_p32x4_c010,3,43,100,55.3419,55.3419
zf,R402,xcl_base_500k_p32x4_c010,3,44,1,83.3113,83.3113
zf,R402,xcl_base_500k_p32x4_c010,3,44,5,78.204,78.204
zf,R402,xcl_base_500k_p32x4_c010,3,44,10,75.4967,75.4967
zf,R402,xcl_base_500k_p32x4_c010,3,44,50,64.8604,64.8604
zf,R402,xcl_base_500k_p32x4_c010,3,44,100,55.058,55.058
zf,R402,xcl_base_500k_p32x4_c010,3,45,1,84.5041,84.5041
zf,R402,xcl_base_500k_p32x4_c010,3,45,5,79.7703,79.7703
zf,R402,xcl_base_500k_p32x4_c010,3,45,10,77.1558,77.1558
zf,R402,xcl_base_500k_p32x4_c010,3,45,50,64.9483,64.9483
zf,R402,xcl_base_500k_p32x4_c010,3,45,100,55.259,55.259
zf,R402,xcl_base_500k_p32x4_c010,3,46,1,83.1434,83.1434
zf,R402,xcl_base_500k_p32x4_c010,3,46,5,78.9709,78.9709
zf,R402,xcl_base_500k_p32x4_c010,3,46,10,75.9758,75.9758
zf,R402,xcl_base_500k_p32x4_c010,3,46,50,64.5971,64.5971
zf,R402,xcl_base_500k_p32x4_c010,3,46,100,55.1021,55.1021
zf,R402,xcl_base_500k_p32x4_c010,4,42,1,83.8713,83.8713
zf,R402,xcl_base_500k_p32x4_c010,4,42,5,78.3238,78.3238
zf,R402,xcl_base_500k_p32x4_c010,4,42,10,76.1705,76.1705
zf,R402,xcl_base_500k_p32x4_c010,4,42,50,65.1807,65.1807
zf,R402,xcl_base_500k_p32x4_c010,4,42,100,55.3593,55.3593
zf,R402,xcl_base_500k_p32x4_c010,4,43,1,84.9848,84.9848
zf,R402,xcl_base_500k_p32x4_c010,4,43,5,79.0848,79.0848
zf,R402,xcl_base_500k_p32x4_c010,4,43,10,76.3232,76.3232
zf,R402,xcl_base_500k_p32x4_c010,4,43,50,65.1147,65.1147
zf,R402,xcl_base_500k_p32x4_c010,4,43,100,55.4152,55.4152
zf,R402,xcl_base_500k_p32x4_c010,4,44,1,83.6242,83.6242
zf,R402,xcl_base_500k_p32x4_c010,4,44,5,77.9423,77.9423
zf,R402,xcl_base_500k_p32x4_c010,4,44,10,75.4385,75.4385
zf,R402,xcl_base_500k_p32x4_c010,4,44,50,64.8773,64.8773
zf,R402,xcl_base_500k_p32x4_c010,4,44,100,55.1143,55.1143
zf,R402,xcl_base_500k_p32x4_c010,4,45,1,85.393,85.393
zf,R402,xcl_base_500k_p32x4_c010,4,45,5,80.0223,80.0223
zf,R402,xcl_base_500k_p32x4_c010,4,45,10,77.2222,77.2222
zf,R402,xcl_base_500k_p32x4_c010,4,45,50,65.0697,65.0697
zf,R402,xcl_base_500k_p32x4_c010,4,45,100,55.3171,55.3171
zf,R402,xcl_base_500k_p32x4_c010,4,46,1,83.2958,83.2958
zf,R402,xcl_base_500k_p32x4_c010,4,46,5,79.029,79.029
zf,R402,xcl_base_500k_p32x4_c010,4,46,10,76.0122,76.0122
zf,R402,xcl_base_500k_p32x4_c010,4,46,50,64.6927,64.6927
zf,R402,xcl_base_500k_p32x4_c010,4,46,100,55.1092,55.1092
zf,R402,xcl_large_500k_p32x1_c005,11,42,1,88.2061,88.2061
zf,R402,xcl_large_500k_p32x1_c005,11,42,5,83.5382,83.5382
zf,R402,xcl_large_500k_p32x1_c005,11,42,10,81.6654,81.6654
zf,R402,xcl_large_500k_p32x1_c005,11,42,50,69.834,69.834
zf,R402,xcl_large_500k_p32x1_c005,11,42,100,58.6091,58.6091
zf,R402,xcl_large_500k_p32x1_c005,11,43,1,90.75,90.75
zf,R402,xcl_large_500k_p32x1_c005,11,43,5,84.8863,84.8863
zf,R402,xcl_large_500k_p32x1_c005,11,43,10,82.5277,82.5277
zf,R402,xcl_large_500k_p32x1_c005,11,43,50,70.3135,70.3135
zf,R402,xcl_large_500k_p32x1_c005,11,43,100,58.6198,58.6198
zf,R402,xcl_large_500k_p32x1_c005,11,44,1,89.2493,89.2493
zf,R402,xcl_large_500k_p32x1_c005,11,44,5,83.7604,83.7604
zf,R402,xcl_large_500k_p32x1_c005,11,44,10,81.3724,81.3724
zf,R402,xcl_large_500k_p32x1_c005,11,44,50,69.4508,69.4508
zf,R402,xcl_large_500k_p32x1_c005,11,44,100,58.0272,58.0272
zf,R402,xcl_large_500k_p32x1_c005,11,45,1,90.7548,90.7548
zf,R402,xcl_large_500k_p32x1_c005,11,45,5,85.1785,85.1785
zf,R402,xcl_large_500k_p32x1_c005,11,45,10,82.9893,82.9893
zf,R402,xcl_large_500k_p32x1_c005,11,45,50,69.8119,69.8119
zf,R402,xcl_large_500k_p32x1_c005,11,45,100,58.1583,58.1583
zf,R402,xcl_large_500k_p32x1_c005,11,46,1,89.2203,89.2203
zf,R402,xcl_large_500k_p32x1_c005,11,46,5,84.1467,84.1467
zf,R402,xcl_large_500k_p32x1_c005,11,46,10,81.7767,81.7767
zf,R402,xcl_large_500k_p32x1_c005,11,46,50,69.6424,69.6424
zf,R402,xcl_large_500k_p32x1_c005,11,46,100,58.3028,58.3028
zf,R402,xcl_large_500k_p32x4_c0025,9,42,1,83.3778,83.3778
zf,R402,xcl_large_500k_p32x4_c0025,9,42,5,78.0352,78.0352
zf,R402,xcl_large_500k_p32x4_c0025,9,42,10,75.9674,75.9674
zf,R402,xcl_large_500k_p32x4_c0025,9,42,50,64.9593,64.9593
zf,R402,xcl_large_500k_p32x4_c0025,9,42,100,54.7486,54.7486
zf,R402,xcl_large_500k_p32x4_c0025,9,43,1,84.3458,84.3458
zf,R402,xcl_large_500k_p32x4_c0025,9,43,5,79.089,79.089
zf,R402,xcl_large_500k_p32x4_c0025,9,43,10,76.4244,76.4244
zf,R402,xcl_large_500k_p32x4_c0025,9,43,50,64.8947,64.8947
zf,R402,xcl_large_500k_p32x4_c0025,9,43,100,54.7311,54.7311
zf,R402,xcl_large_500k_p32x4_c0025,9,44,1,83.3526,83.3526
zf,R402,xcl_large_500k_p32x4_c0025,9,44,5,77.9659,77.9659
zf,R402,xcl_large_500k_p32x4_c0025,9,44,10,75.8229,75.8229
zf,R402,xcl_large_500k_p32x4_c0025,9,44,50,64.6797,64.6797
zf,R402,xcl_large_500k_p32x4_c0025,9,44,100,54.5202,54.5202
zf,R402,xcl_large_500k_p32x4_c0025,9,45,1,84.3264,84.3264
zf,R402,xcl_large_500k_p32x4_c0025,9,45,5,79.8818,79.8818
zf,R402,xcl_large_500k_p32x4_c0025,9,45,10,77.5022,77.5022
zf,R402,xcl_large_500k_p32x4_c0025,9,45,50,65.0954,65.0954
zf,R402,xcl_large_500k_p32x4_c0025,9,45,100,54.8908,54.8908
zf,R402,xcl_large_500k_p32x4_c0025,9,46,1,83.3343,83.3343
zf,R402,xcl_large_500k_p32x4_c0025,9,46,5,78.7615,78.7615
zf,R402,xcl_large_500k_p32x4_c0025,9,46,10,76.1907,76.1907
zf,R402,xcl_large_500k_p32x4_c0025,9,46,50,64.6502,64.6502
zf,R402,xcl_large_500k_p32x4_c0025,9,46,100,54.7843,54.7843
zf,R402,xcl_large_500k_p32x4_c010,10,42,1,82.8044,82.8044
zf,R402,xcl_large_500k_p32x4_c010,10,42,5,78.6128,78.6128
zf,R402,xcl_large_500k_p32x4_c010,10,42,10,76.4005,76.4005
zf,R402,xcl_large_500k_p32x4_c010,10,42,50,65.6434,65.6434
zf,R402,xcl_large_500k_p32x4_c010,10,42,100,55.809,55.809
zf,R402,xcl_large_500k_p32x4_c010,10,43,1,83.5019,83.5019
zf,R402,xcl_large_500k_p32x4_c010,10,43,5,79.2283,79.2283
zf,R402,xcl_large_500k_p32x4_c010,10,43,10,76.6755,76.6755
zf,R402,xcl_large_500k_p32x4_c010,10,43,50,65.4769,65.4769
zf,R402,xcl_large_500k_p32x4_c010,10,43,100,55.8279,55.8279
zf,R402,xcl_large_500k_p32x4_c010,10,44,1,81.02,81.02
zf,R402,xcl_large_500k_p32x4_c010,10,44,5,78.1689,78.1689
zf,R402,xcl_large_500k_p32x4_c010,10,44,10,75.7675,75.7675
zf,R402,xcl_large_500k_p32x4_c010,10,44,50,65.3247,65.3247
zf,R402,xcl_large_500k_p32x4_c010,10,44,100,55.5992,55.5992
zf,R402,xcl_large_500k_p32x4_c010,10,45,1,82.9791,82.9791
zf,R402,xcl_large_500k_p32x4_c010,10,45,5,80.0435,80.0435
zf,R402,xcl_large_500k_p32x4_c010,10,45,10,77.4865,77.4865
zf,R402,xcl_large_500k_p32x4_c010,10,45,50,65.4452,65.4452
zf,R402,xcl_large_500k_p32x4_c010,10,45,100,55.8036,55.8036
zf,R402,xcl_large_500k_p32x4_c010,10,46,1,81.5347,81.5347
zf,R402,xcl_large_500k_p32x4_c010,10,46,5,79.0172,79.0172
zf,R402,xcl_large_500k_p32x4_c010,10,46,10,76.3793,76.3793
zf,R402,xcl_large_500k_p32x4_c010,10,46,50,64.9459,64.9459
zf,R402,xcl_large_500k_p32x4_c010,10,46,100,55.6703,55.6703
zf,R402,xcl_micro_500k_p32x1_c005,4,42,1,87.2478,87.2478
zf,R402,xcl_micro_500k_p32x1_c005,4,42,5,83.0523,83.0523
zf,R402,xcl_micro_500k_p32x1_c005,4,42,10,80.8669,80.8669
zf,R402,xcl_micro_500k_p32x1_c005,4,42,50,67.684,67.684
zf,R402,xcl_micro_500k_p32x1_c005,4,42,100,55.1647,55.1647
zf,R402,xcl_micro_500k_p32x1_c005,4,43,1,88.0458,88.0458
zf,R402,xcl_micro_500k_p32x1_c005,4,43,5,84.0354,84.0354
zf,R402,xcl_micro_500k_p32x1_c005,4,43,10,81.465,81.465
zf,R402,xcl_micro_500k_p32x1_c005,4,43,50,67.8686,67.8686
zf,R402,xcl_micro_500k_p32x1_c005,4,43,100,54.9704,54.9704
zf,R402,xcl_micro_500k_p32x1_c005,4,44,1,87.6636,87.6636
zf,R402,xcl_micro_500k_p32x1_c005,4,44,5,82.805,82.805
zf,R402,xcl_micro_500k_p32x1_c005,4,44,10,80.2282,80.2282
zf,R402,xcl_micro_500k_p32x1_c005,4,44,50,67.2438,67.2438
zf,R402,xcl_micro_500k_p32x1_c005,4,44,100,54.611,54.611
zf,R402,xcl_micro_500k_p32x1_c005,4,45,1,89.9528,89.9528
zf,R402,xcl_micro_500k_p32x1_c005,4,45,5,84.0167,84.0167
zf,R402,xcl_micro_500k_p32x1_c005,4,45,10,81.2228,81.2228
zf,R402,xcl_micro_500k_p32x1_c005,4,45,50,67.2337,67.2337
zf,R402,xcl_micro_500k_p32x1_c005,4,45,100,54.2277,54.2277
zf,R402,xcl_micro_500k_p32x1_c005,4,46,1,88.0948,88.0948
zf,R402,xcl_micro_500k_p32x1_c005,4,46,5,83.3217,83.3217
zf,R402,xcl_micro_500k_p32x1_c005,4,46,10,80.796,80.796
zf,R402,xcl_micro_500k_p32x1_c005,4,46,50,67.2014,67.2014
zf,R402,xcl_micro_500k_p32x1_c005,4,46,100,54.7013,54.7013
zf,R402,xcl_micro_500k_p32x1_c005,5,42,1,86.88,86.88
zf,R402,xcl_micro_500k_p32x1_c005,5,42,5,83.0673,83.0673
zf,R402,xcl_micro_500k_p32x1_c005,5,42,10,80.8952,80.8952
zf,R402,xcl_micro_500k_p32x1_c005,5,42,50,67.8187,67.8187
zf,R402,xcl_micro_500k_p32x1_c005,5,42,100,55.2563,55.2563
zf,R402,xcl_micro_500k_p32x1_c005,5,43,1,87.6433,87.6433
zf,R402,xcl_micro_500k_p32x1_c005,5,43,5,84.0929,84.0929
zf,R402,xcl_micro_500k_p32x1_c005,5,43,10,81.5099,81.5099
zf,R402,xcl_micro_500k_p32x1_c005,5,43,50,68.0058,68.0058
zf,R402,xcl_micro_500k_p32x1_c005,5,43,100,55.1165,55.1165
zf,R402,xcl_micro_500k_p32x1_c005,5,44,1,86.9674,86.9674
zf,R402,xcl_micro_500k_p32x1_c005,5,44,5,82.8883,82.8883
zf,R402,xcl_micro_500k_p32x1_c005,5,44,10,80.1906,80.1906
zf,R402,xcl_micro_500k_p32x1_c005,5,44,50,67.3702,67.3702
zf,R402,xcl_micro_500k_p32x1_c005,5,44,100,54.7072,54.7072
zf,R402,xcl_micro_500k_p32x1_c005,5,45,1,89.5149,89.5149
zf,R402,xcl_micro_500k_p32x1_c005,5,45,5,84.1099,84.1099
zf,R402,xcl_micro_500k_p32x1_c005,5,45,10,81.3195,81.3195
zf,R402,xcl_micro_500k_p32x1_c005,5,45,50,67.4934,67.4934
zf,R402,xcl_micro_500k_p32x1_c005,5,45,100,54.4267,54.4267
zf,R402,xcl_micro_500k_p32x1_c005,5,46,1,87.7801,87.7801
zf,R402,xcl_micro_500k_p32x1_c005,5,46,5,83.3654,83.3654
zf,R402,xcl_micro_500k_p32x1_c005,5,46,10,80.8245,80.8245
zf,R402,xcl_micro_500k_p32x1_c005,5,46,50,67.4412,67.4412
zf,R402,xcl_micro_500k_p32x1_c005,5,46,100,54.8903,54.8903
zf,R402,xcl_micro_500k_p32x4_c010,3,42,1,82.3423,82.3423
zf,R402,xcl_micro_500k_p32x4_c010,3,42,5,77.7125,77.7125
zf,R402,xcl_micro_500k_p32x4_c010,3,42,10,75.5335,75.5335
zf,R402,xcl_micro_500k_p32x4_c010,3,42,50,63.891,63.891
zf,R402,xcl_micro_500k_p32x4_c010,3,42,100,52.5719,52.5719
zf,R402,xcl_micro_500k_p32x4_c010,3,43,1,85.6878,85.6878
zf,R402,xcl_micro_500k_p32x4_c010,3,43,5,78.7628,78.7628
zf,R402,xcl_micro_500k_p32x4_c010,3,43,10,75.7599,75.7599
zf,R402,xcl_micro_500k_p32x4_c010,3,43,50,63.7083,63.7083
zf,R402,xcl_micro_500k_p32x4_c010,3,43,100,52.5601,52.5601
zf,R402,xcl_micro_500k_p32x4_c010,3,44,1,83.7008,83.7008
zf,R402,xcl_micro_500k_p32x4_c010,3,44,5,76.8042,76.8042
zf,R402,xcl_micro_500k_p32x4_c010,3,44,10,74.9281,74.9281
zf,R402,xcl_micro_500k_p32x4_c010,3,44,50,63.6414,63.6414
zf,R402,xcl_micro_500k_p32x4_c010,3,44,100,52.565,52.565
zf,R402,xcl_micro_500k_p32x4_c010,3,45,1,85.6927,85.6927
zf,R402,xcl_micro_500k_p32x4_c010,3,45,5,79.8861,79.8861
zf,R402,xcl_micro_500k_p32x4_c010,3,45,10,76.5168,76.5168
zf,R402,xcl_micro_500k_p32x4_c010,3,45,50,63.7218,63.7218
zf,R402,xcl_micro_500k_p32x4_c010,3,45,100,52.3692,52.3692
zf,R402,xcl_micro_500k_p32x4_c010,3,46,1,83.6887,83.6887
zf,R402,xcl_micro_500k_p32x4_c010,3,46,5,78.3379,78.3379
zf,R402,xcl_micro_500k_p32x4_c010,3,46,10,75.734,75.734
zf,R402,xcl_micro_500k_p32x4_c010,3,46,50,63.4352,63.4352
zf,R402,xcl_micro_500k_p32x4_c010,3,46,100,52.5139,52.5139
zf,R425,birdaves_biox_base,3,42,1,86.1016,86.1016
zf,R425,birdaves_biox_base,3,42,5,84.106,84.106
zf,R425,birdaves_biox_base,3,42,10,82.8586,82.8586
zf,R425,birdaves_biox_base,3,42,50,67.0138,67.0138
zf,R425,birdaves_biox_base,3,42,100,57.8711,57.8711
zf,R425,birdaves_biox_base,3,43,1,87.2849,87.2849
zf,R425,birdaves_biox_base,3,43,5,85.9983,85.9983
zf,R425,birdaves_biox_base,3,43,10,84.1968,84.1968
zf,R425,birdaves_biox_base,3,43,50,68.1449,68.1449
zf,R425,birdaves_biox_base,3,43,100,58.4292,58.4292
zf,R425,birdaves_biox_base,3,44,1,88.2806,88.2806
zf,R425,birdaves_biox_base,3,44,5,85.9602,85.9602
zf,R425,birdaves_biox_base,3,44,10,84.688,84.688
zf,R425,birdaves_biox_base,3,44,50,68.4327,68.4327
zf,R425,birdaves_biox_base,3,44,100,59.0879,59.0879
zf,R425,birdaves_biox_base,3,45,1,87.5425,87.5425
zf,R425,birdaves_biox_base,3,45,5,85.6572,85.6572
zf,R425,birdaves_biox_base,3,45,10,83.3606,83.3606
zf,R425,birdaves_biox_base,3,45,50,67.8095,67.8095
zf,R425,birdaves_biox_base,3,45,100,58.526,58.526
zf,R425,birdaves_biox_base,3,46,1,87.2794,87.2794
zf,R425,birdaves_biox_base,3,46,5,85.5039,85.5039
zf,R425,birdaves_biox_base,3,46,10,83.8276,83.8276
zf,R425,birdaves_biox_base,3,46,50,67.3048,67.3048
zf,R425,birdaves_biox_base,3,46,100,57.7988,57.7988
zf,R425,birdaves_biox_base,7,42,1,86.6688,86.6688
zf,R425,birdaves_biox_base,7,42,5,84.9387,84.9387
zf,R425,birdaves_biox_base,7,42,10,83.801,83.801
zf,R425,birdaves_biox_base,7,42,50,68.5073,68.5073
zf,R425,birdaves_biox_base,7,42,100,58.6164,58.6164
zf,R425,birdaves_biox_base,7,43,1,88.096,88.096
zf,R425,birdaves_biox_base,7,43,5,87.1952,87.1952
zf,R425,birdaves_biox_base,7,43,10,85.7446,85.7446
zf,R425,birdaves_biox_base,7,43,50,69.4421,69.4421
zf,R425,birdaves_biox_base,7,43,100,59.011,59.011
zf,R425,birdaves_biox_base,7,44,1,86.8958,86.8958
zf,R425,birdaves_biox_base,7,44,5,86.6015,86.6015
zf,R425,birdaves_biox_base,7,44,10,85.6548,85.6548
zf,R425,birdaves_biox_base,7,44,50,70.044,70.044
zf,R425,birdaves_biox_base,7,44,100,59.7435,59.7435
zf,R425,birdaves_biox_base,7,45,1,87.5563,87.5563
zf,R425,birdaves_biox_base,7,45,5,85.6527,85.6527
zf,R425,birdaves_biox_base,7,45,10,83.9602,83.9602
zf,R425,birdaves_biox_base,7,45,50,68.9494,68.9494
zf,R425,birdaves_biox_base,7,45,100,58.7763,58.7763
zf,R425,birdaves_biox_base,7,46,1,86.7419,86.7419
zf,R425,birdaves_biox_base,7,46,5,85.5587,85.5587
zf,R425,birdaves_biox_base,7,46,10,84.1884,84.1884
zf,R425,birdaves_biox_base,7,46,50,68.3279,68.3279
zf,R425,birdaves_biox_base,7,46,100,58.2913,58.2913
zf,R425,birdaves_biox_base_speed0p25,3,42,1,90.042,90.042
zf,R425,birdaves_biox_base_speed0p25,3,42,5,86.7878,86.7878
zf,R425,birdaves_biox_base_speed0p25,3,42,10,84.7032,84.7032
zf,R425,birdaves_biox_base_speed0p25,3,42,50,69.5276,69.5276
zf,R425,birdaves_biox_base_speed0p25,3,42,100,57.456,57.456
zf,R425,birdaves_biox_base_speed0p25,3,43,1,89.9328,89.9328
zf,R425,birdaves_biox_base_speed0p25,3,43,5,87.8433,87.8433
zf,R425,birdaves_biox_base_speed0p25,3,43,10,85.824,85.824
zf,R425,birdaves_biox_base_speed0p25,3,43,50,70.5042,70.5042
zf,R425,birdaves_biox_base_speed0p25,3,43,100,57.9869,57.9869
zf,R425,birdaves_biox_base_speed0p25,3,44,1,89.549,89.549
zf,R425,birdaves_biox_base_speed0p25,3,44,5,87.947,87.947
zf,R425,birdaves_biox_base_speed0p25,3,44,10,85.7851,85.7851
zf,R425,birdaves_biox_base_speed0p25,3,44,50,70.5125,70.5125
zf,R425,birdaves_biox_base_speed0p25,3,44,100,58.0456,58.0456
zf,R425,birdaves_biox_base_speed0p25,3,45,1,90.8957,90.8957
zf,R425,birdaves_biox_base_speed0p25,3,45,5,88.7101,88.7101
zf,R425,birdaves_biox_base_speed0p25,3,45,10,86.5086,86.5086
zf,R425,birdaves_biox_base_speed0p25,3,45,50,70.6711,70.6711
zf,R425,birdaves_biox_base_speed0p25,3,45,100,57.9896,57.9896
zf,R425,birdaves_biox_base_speed0p25,3,46,1,89.1506,89.1506
zf,R425,birdaves_biox_base_speed0p25,3,46,5,86.9818,86.9818
zf,R425,birdaves_biox_base_speed0p25,3,46,10,84.7122,84.7122
zf,R425,birdaves_biox_base_speed0p25,3,46,50,69.1666,69.1666
zf,R425,birdaves_biox_base_speed0p25,3,46,100,57.0354,57.0354
zf,R425,birdaves_biox_base_speed0p25,4,42,1,90.1727,90.1727
zf,R425,birdaves_biox_base_speed0p25,4,42,5,87.9047,87.9047
zf,R425,birdaves_biox_base_speed0p25,4,42,10,85.7595,85.7595
zf,R425,birdaves_biox_base_speed0p25,4,42,50,70.0635,70.0635
zf,R425,birdaves_biox_base_speed0p25,4,42,100,58.0402,58.0402
zf,R425,birdaves_biox_base_speed0p25,4,43,1,90.8728,90.8728
zf,R425,birdaves_biox_base_speed0p25,4,43,5,89.0571,89.0571
zf,R425,birdaves_biox_base_speed0p25,4,43,10,87.0291,87.0291
zf,R425,birdaves_biox_base_speed0p25,4,43,50,71.3208,71.3208
zf,R425,birdaves_biox_base_speed0p25,4,43,100,58.9269,58.9269
zf,R425,birdaves_biox_base_speed0p25,4,44,1,90.5218,90.5218
zf,R425,birdaves_biox_base_speed0p25,4,44,5,88.8306,88.8306
zf,R425,birdaves_biox_base_speed0p25,4,44,10,86.9584,86.9584
zf,R425,birdaves_biox_base_speed0p25,4,44,50,71.4174,71.4174
zf,R425,birdaves_biox_base_speed0p25,4,44,100,58.8216,58.8216
zf,R425,birdaves_biox_base_speed0p25,4,45,1,92.0078,92.0078
zf,R425,birdaves_biox_base_speed0p25,4,45,5,89.5497,89.5497
zf,R425,birdaves_biox_base_speed0p25,4,45,10,87.5175,87.5175
zf,R425,birdaves_biox_base_speed0p25,4,45,50,71.1846,71.1846
zf,R425,birdaves_biox_base_speed0p25,4,45,100,58.4406,58.4406
zf,R425,birdaves_biox_base_speed0p25,4,46,1,90.1005,90.1005
zf,R425,birdaves_biox_base_speed0p25,4,46,5,88.2348,88.2348
zf,R425,birdaves_biox_base_speed0p25,4,46,10,86.2642,86.2642
zf,R425,birdaves_biox_base_speed0p25,4,46,50,69.97,69.97
zf,R425,birdaves_biox_base_speed0p25,4,46,100,57.6148,57.6148
zf,R425,birdaves_biox_base_speed0p5,3,42,1,89.6497,89.6497
zf,R425,birdaves_biox_base_speed0p5,3,42,5,87.2741,87.2741
zf,R425,birdaves_biox_base_speed0p5,3,42,10,85.832,85.832
zf,R425,birdaves_biox_base_speed0p5,3,42,50,70.5187,70.5187
zf,R425,birdaves_biox_base_speed0p5,3,42,100,60.6493,60.6493
zf,R425,birdaves_biox_base_speed0p5,3,43,1,91.3997,91.3997
zf,R425,birdaves_biox_base_speed0p5,3,43,5,89.3619,89.3619
zf,R425,birdaves_biox_base_speed0p5,3,43,10,87.9306,87.9306
zf,R425,birdaves_biox_base_speed0p5,3,43,50,72.0941,72.0941
zf,R425,birdaves_biox_base_speed0p5,3,43,100,61.7495,61.7495
zf,R425,birdaves_biox_base_speed0p5,3,44,1,90.2736,90.2736
zf,R425,birdaves_biox_base_speed0p5,3,44,5,88.9786,88.9786
zf,R425,birdaves_biox_base_speed0p5,3,44,10,87.7254,87.7254
zf,R425,birdaves_biox_base_speed0p5,3,44,50,72.0915,72.0915
zf,R425,birdaves_biox_base_speed0p5,3,44,100,61.648,61.648
zf,R425,birdaves_biox_base_speed0p5,3,45,1,90.7391,90.7391
zf,R425,birdaves_biox_base_speed0p5,3,45,5,88.717,88.717
zf,R425,birdaves_biox_base_speed0p5,3,45,10,87.7883,87.7883
zf,R425,birdaves_biox_base_speed0p5,3,45,50,71.8001,71.8001
zf,R425,birdaves_biox_base_speed0p5,3,45,100,61.3737,61.3737
zf,R425,birdaves_biox_base_speed0p5,3,46,1,88.8538,88.8538
zf,R425,birdaves_biox_base_speed0p5,3,46,5,87.8788,87.8788
zf,R425,birdaves_biox_base_speed0p5,3,46,10,86.5651,86.5651
zf,R425,birdaves_biox_base_speed0p5,3,46,50,70.7276,70.7276
zf,R425,birdaves_biox_base_speed0p5,3,46,100,60.2569,60.2569
zf,R425,birdaves_biox_base_speed0p5,6,42,1,88.5479,88.5479
zf,R425,birdaves_biox_base_speed0p5,6,42,5,87.1876,87.1876
zf,R425,birdaves_biox_base_speed0p5,6,42,10,85.8737,85.8737
zf,R425,birdaves_biox_base_speed0p5,6,42,50,70.6777,70.6777
zf,R425,birdaves_biox_base_speed0p5,6,42,100,61.3221,61.3221
zf,R425,birdaves_biox_base_speed0p5,6,43,1,91.1182,91.1182
zf,R425,birdaves_biox_base_speed0p5,6,43,5,89.5715,89.5715
zf,R425,birdaves_biox_base_speed0p5,6,43,10,88.2234,88.2234
zf,R425,birdaves_biox_base_speed0p5,6,43,50,72.4809,72.4809
zf,R425,birdaves_biox_base_speed0p5,6,43,100,62.576,62.576
zf,R425,birdaves_biox_base_speed0p5,6,44,1,90.0252,90.0252
zf,R425,birdaves_biox_base_speed0p5,6,44,5,88.9331,88.9331
zf,R425,birdaves_biox_base_speed0p5,6,44,10,87.9261,87.9261
zf,R425,birdaves_biox_base_speed0p5,6,44,50,72.5557,72.5557
zf,R425,birdaves_biox_base_speed0p5,6,44,100,62.4791,62.4791
zf,R425,birdaves_biox_base_speed0p5,6,45,1,91.2351,91.2351
zf,R425,birdaves_biox_base_speed0p5,6,45,5,89.1797,89.1797
zf,R425,birdaves_biox_base_speed0p5,6,45,10,87.6804,87.6804
zf,R425,birdaves_biox_base_speed0p5,6,45,50,72.2199,72.2199
zf,R425,birdaves_biox_base_speed0p5,6,45,100,62.1614,62.1614
zf,R425,birdaves_biox_base_speed0p5,6,46,1,88.5357,88.5357
zf,R425,birdaves_biox_base_speed0p5,6,46,5,88.0399,88.0399
zf,R425,birdaves_biox_base_speed0p5,6,46,10,86.5405,86.5405
zf,R425,birdaves_biox_base_speed0p5,6,46,50,71.1369,71.1369
zf,R425,birdaves_biox_base_speed0p5,6,46,100,60.983,60.983
zf,R425,hubert_base_ls960,0,42,1,85.0232,85.0232
zf,R425,hubert_base_ls960,0,42,5,82.1336,82.1336
zf,R425,hubert_base_ls960,0,42,10,80.1315,80.1315
zf,R425,hubert_base_ls960,0,42,50,65.0177,65.0177
zf,R425,hubert_base_ls960,0,42,100,53.439,53.439
zf,R425,hubert_base_ls960,0,43,1,88.2157,88.2157
zf,R425,hubert_base_ls960,0,43,5,85.6448,85.6448
zf,R425,hubert_base_ls960,0,43,10,83.2748,83.2748
zf,R425,hubert_base_ls960,0,43,50,65.9911,65.9911
zf,R425,hubert_base_ls960,0,43,100,53.9804,53.9804
zf,R425,hubert_base_ls960,0,44,1,86.9042,86.9042
zf,R425,hubert_base_ls960,0,44,5,84.7462,84.7462
zf,R425,hubert_base_ls960,0,44,10,82.8719,82.8719
zf,R425,hubert_base_ls960,0,44,50,66.5953,66.5953
zf,R425,hubert_base_ls960,0,44,100,54.3525,54.3525
zf,R425,hubert_base_ls960,0,45,1,86.5891,86.5891
zf,R425,hubert_base_ls960,0,45,5,84.3238,84.3238
zf,R425,hubert_base_ls960,0,45,10,81.5687,81.5687
zf,R425,hubert_base_ls960,0,45,50,65.1914,65.1914
zf,R425,hubert_base_ls960,0,45,100,53.6491,53.6491
zf,R425,hubert_base_ls960,0,46,1,87.7052,87.7052
zf,R425,hubert_base_ls960,0,46,5,84.2821,84.2821
zf,R425,hubert_base_ls960,0,46,10,81.8831,81.8831
zf,R425,hubert_base_ls960,0,46,50,64.8518,64.8518
zf,R425,hubert_base_ls960,0,46,100,53.1651,53.1651
zf,R425,hubert_base_ls960,3,42,1,85.0268,85.0268
zf,R425,hubert_base_ls960,3,42,5,81.5903,81.5903
zf,R425,hubert_base_ls960,3,42,10,79.2794,79.2794
zf,R425,hubert_base_ls960,3,42,50,63.9483,63.9483
zf,R425,hubert_base_ls960,3,42,100,52.8476,52.8476
zf,R425,hubert_base_ls960,3,43,1,86.6089,86.6089
zf,R425,hubert_base_ls960,3,43,5,84.1123,84.1123
zf,R425,hubert_base_ls960,3,43,10,80.8739,80.8739
zf,R425,hubert_base_ls960,3,43,50,64.4763,64.4763
zf,R425,hubert_base_ls960,3,43,100,53.1365,53.1365
zf,R425,hubert_base_ls960,3,44,1,86.1022,86.1022
zf,R425,hubert_base_ls960,3,44,5,84.0436,84.0436
zf,R425,hubert_base_ls960,3,44,10,81.4972,81.4972
zf,R425,hubert_base_ls960,3,44,50,65.2242,65.2242
zf,R425,hubert_base_ls960,3,44,100,54.0954,54.0954
zf,R425,hubert_base_ls960,3,45,1,85.5024,85.5024
zf,R425,hubert_base_ls960,3,45,5,82.8756,82.8756
zf,R425,hubert_base_ls960,3,45,10,79.7444,79.7444
zf,R425,hubert_base_ls960,3,45,50,63.8954,63.8954
zf,R425,hubert_base_ls960,3,45,100,53.1325,53.1325
zf,R425,hubert_base_ls960,3,46,1,86.9073,86.9073
zf,R425,hubert_base_ls960,3,46,5,83.7726,83.7726
zf,R425,hubert_base_ls960,3,46,10,80.4563,80.4563
zf,R425,hubert_base_ls960,3,46,50,63.4583,63.4583
zf,R425,hubert_base_ls960,3,46,100,52.4535,52.4535
zf,R425,xcl_base_500k_p32x1_c005,5,42,1,91.9746,91.9746
zf,R425,xcl_base_500k_p32x1_c005,5,42,5,90.4029,90.4029
zf,R425,xcl_base_500k_p32x1_c005,5,42,10,88.7049,88.7049
zf,R425,xcl_base_500k_p32x1_c005,5,42,50,74.6762,74.6762
zf,R425,xcl_base_500k_p32x1_c005,5,42,100,63.259,63.259
zf,R425,xcl_base_500k_p32x1_c005,5,43,1,92.6653,92.6653
zf,R425,xcl_base_500k_p32x1_c005,5,43,5,91.6176,91.6176
zf,R425,xcl_base_500k_p32x1_c005,5,43,10,90.3,90.3
zf,R425,xcl_base_500k_p32x1_c005,5,43,50,75.7666,75.7666
zf,R425,xcl_base_500k_p32x1_c005,5,43,100,64.157,64.157
zf,R425,xcl_base_500k_p32x1_c005,5,44,1,93.9099,93.9099
zf,R425,xcl_base_500k_p32x1_c005,5,44,5,91.5026,91.5026
zf,R425,xcl_base_500k_p32x1_c005,5,44,10,90.1933,90.1933
zf,R425,xcl_base_500k_p32x1_c005,5,44,50,75.9681,75.9681
zf,R425,xcl_base_500k_p32x1_c005,5,44,100,64.1476,64.1476
zf,R425,xcl_base_500k_p32x1_c005,5,45,1,93.5097,93.5097
zf,R425,xcl_base_500k_p32x1_c005,5,45,5,91.98,91.98
zf,R425,xcl_base_500k_p32x1_c005,5,45,10,90.4692,90.4692
zf,R425,xcl_base_500k_p32x1_c005,5,45,50,75.8969,75.8969
zf,R425,xcl_base_500k_p32x1_c005,5,45,100,64.3305,64.3305
zf,R425,xcl_base_500k_p32x1_c005,5,46,1,92.5621,92.5621
zf,R425,xcl_base_500k_p32x1_c005,5,46,5,91.4479,91.4479
zf,R425,xcl_base_500k_p32x1_c005,5,46,10,90.2531,90.2531
zf,R425,xcl_base_500k_p32x1_c005,5,46,50,75.4298,75.4298
zf,R425,xcl_base_500k_p32x1_c005,5,46,100,63.7894,63.7894
zf,R425,xcl_base_500k_p32x4_c010,3,42,1,87.1806,87.1806
zf,R425,xcl_base_500k_p32x4_c010,3,42,5,85.5839,85.5839
zf,R425,xcl_base_500k_p32x4_c010,3,42,10,83.4867,83.4867
zf,R425,xcl_base_500k_p32x4_c010,3,42,50,69.4378,69.4378
zf,R425,xcl_base_500k_p32x4_c010,3,42,100,57.5679,57.5679
zf,R425,xcl_base_500k_p32x4_c010,3,43,1,88.9266,88.9266
zf,R425,xcl_base_500k_p32x4_c010,3,43,5,86.5625,86.5625
zf,R425,xcl_base_500k_p32x4_c010,3,43,10,84.7163,84.7163
zf,R425,xcl_base_500k_p32x4_c010,3,43,50,70.0762,70.0762
zf,R425,xcl_base_500k_p32x4_c010,3,43,100,57.9791,57.9791
zf,R425,xcl_base_500k_p32x4_c010,3,44,1,88.9417,88.9417
zf,R425,xcl_base_500k_p32x4_c010,3,44,5,86.4614,86.4614
zf,R425,xcl_base_500k_p32x4_c010,3,44,10,84.854,84.854
zf,R425,xcl_base_500k_p32x4_c010,3,44,50,70.8371,70.8371
zf,R425,xcl_base_500k_p32x4_c010,3,44,100,58.4133,58.4133
zf,R425,xcl_base_500k_p32x4_c010,3,45,1,88.8097,88.8097
zf,R425,xcl_base_500k_p32x4_c010,3,45,5,85.7792,85.7792
zf,R425,xcl_base_500k_p32x4_c010,3,45,10,84.0518,84.0518
zf,R425,xcl_base_500k_p32x4_c010,3,45,50,69.8434,69.8434
zf,R425,xcl_base_500k_p32x4_c010,3,45,100,58.3157,58.3157
zf,R425,xcl_base_500k_p32x4_c010,3,46,1,86.8917,86.8917
zf,R425,xcl_base_500k_p32x4_c010,3,46,5,84.7397,84.7397
zf,R425,xcl_base_500k_p32x4_c010,3,46,10,82.8756,82.8756
zf,R425,xcl_base_500k_p32x4_c010,3,46,50,69.0978,69.0978
zf,R425,xcl_base_500k_p32x4_c010,3,46,100,57.8005,57.8005
zf,R425,xcl_base_500k_p32x4_c010,4,42,1,87.1083,87.1083
zf,R425,xcl_base_500k_p32x4_c010,4,42,5,85.5439,85.5439
zf,R425,xcl_base_500k_p32x4_c010,4,42,10,83.4893,83.4893
zf,R425,xcl_base_500k_p32x4_c010,4,42,50,69.1842,69.1842
zf,R425,xcl_base_500k_p32x4_c010,4,42,100,57.2422,57.2422
zf,R425,xcl_base_500k_p32x4_c010,4,43,1,89.0127,89.0127
zf,R425,xcl_base_500k_p32x4_c010,4,43,5,86.2875,86.2875
zf,R425,xcl_base_500k_p32x4_c010,4,43,10,84.7337,84.7337
zf,R425,xcl_base_500k_p32x4_c010,4,43,50,69.9347,69.9347
zf,R425,xcl_base_500k_p32x4_c010,4,43,100,57.585,57.585
zf,R425,xcl_base_500k_p32x4_c010,4,44,1,89.3028,89.3028
zf,R425,xcl_base_500k_p32x4_c010,4,44,5,86.2881,86.2881
zf,R425,xcl_base_500k_p32x4_c010,4,44,10,84.714,84.714
zf,R425,xcl_base_500k_p32x4_c010,4,44,50,70.4884,70.4884
zf,R425,xcl_base_500k_p32x4_c010,4,44,100,58.0668,58.0668
zf,R425,xcl_base_500k_p32x4_c010,4,45,1,89.3181,89.3181
zf,R425,xcl_base_500k_p32x4_c010,4,45,5,85.4019,85.4019
zf,R425,xcl_base_500k_p32x4_c010,4,45,10,83.8444,83.8444
zf,R425,xcl_base_500k_p32x4_c010,4,45,50,69.6294,69.6294
zf,R425,xcl_base_500k_p32x4_c010,4,45,100,58.0321,58.0321
zf,R425,xcl_base_500k_p32x4_c010,4,46,1,87.4472,87.4472
zf,R425,xcl_base_500k_p32x4_c010,4,46,5,84.5547,84.5547
zf,R425,xcl_base_500k_p32x4_c010,4,46,10,82.8303,82.8303
zf,R425,xcl_base_500k_p32x4_c010,4,46,50,68.9047,68.9047
zf,R425,xcl_base_500k_p32x4_c010,4,46,100,57.4757,57.4757
zf,R425,xcl_large_500k_p32x1_c005,11,42,1,92.3619,92.3619
zf,R425,xcl_large_500k_p32x1_c005,11,42,5,90.7445,90.7445
zf,R425,xcl_large_500k_p32x1_c005,11,42,10,89.6414,89.6414
zf,R425,xcl_large_500k_p32x1_c005,11,42,50,75.8086,75.8086
zf,R425,xcl_large_500k_p32x1_c005,11,42,100,64.9732,64.9732
zf,R425,xcl_large_500k_p32x1_c005,11,43,1,93.115,93.115
zf,R425,xcl_large_500k_p32x1_c005,11,43,5,92.2486,92.2486
zf,R425,xcl_large_500k_p32x1_c005,11,43,10,91.229,91.229
zf,R425,xcl_large_500k_p32x1_c005,11,43,50,77.0136,77.0136
zf,R425,xcl_large_500k_p32x1_c005,11,43,100,66.0987,66.0987
zf,R425,xcl_large_500k_p32x1_c005,11,44,1,93.9513,93.9513
zf,R425,xcl_large_500k_p32x1_c005,11,44,5,92.2704,92.2704
zf,R425,xcl_large_500k_p32x1_c005,11,44,10,91.3637,91.3637
zf,R425,xcl_large_500k_p32x1_c005,11,44,50,77.2616,77.2616
zf,R425,xcl_large_500k_p32x1_c005,11,44,100,66.0949,66.0949
zf,R425,xcl_large_500k_p32x1_c005,11,45,1,93.326,93.326
zf,R425,xcl_large_500k_p32x1_c005,11,45,5,92.7153,92.7153
zf,R425,xcl_large_500k_p32x1_c005,11,45,10,91.6355,91.6355
zf,R425,xcl_large_500k_p32x1_c005,11,45,50,76.882,76.882
zf,R425,xcl_large_500k_p32x1_c005,11,45,100,65.8962,65.8962
zf,R425,xcl_large_500k_p32x1_c005,11,46,1,93.0422,93.0422
zf,R425,xcl_large_500k_p32x1_c005,11,46,5,92.051,92.051
zf,R425,xcl_large_500k_p32x1_c005,11,46,10,90.9203,90.9203
zf,R425,xcl_large_500k_p32x1_c005,11,46,50,76.3503,76.3503
zf,R425,xcl_large_500k_p32x1_c005,11,46,100,65.3478,65.3478
zf,R425,xcl_large_500k_p32x4_c0025,9,42,1,87.875,87.875
zf,R425,xcl_large_500k_p32x4_c0025,9,42,5,85.2714,85.2714
zf,R425,xcl_large_500k_p32x4_c0025,9,42,10,83.3743,83.3743
zf,R425,xcl_large_500k_p32x4_c0025,9,42,50,69.6287,69.6287
zf,R425,xcl_large_500k_p32x4_c0025,9,42,100,58.2857,58.2857
zf,R425,xcl_large_500k_p32x4_c0025,9,43,1,88.5516,88.5516
zf,R425,xcl_large_500k_p32x4_c0025,9,43,5,86.082,86.082
zf,R425,xcl_large_500k_p32x4_c0025,9,43,10,84.3961,84.3961
zf,R425,xcl_large_500k_p32x4_c0025,9,43,50,70.1495,70.1495
zf,R425,xcl_large_500k_p32x4_c0025,9,43,100,58.5477,58.5477
zf,R425,xcl_large_500k_p32x4_c0025,9,44,1,89.7319,89.7319
zf,R425,xcl_large_500k_p32x4_c0025,9,44,5,86.0653,86.0653
zf,R425,xcl_large_500k_p32x4_c0025,9,44,10,84.8278,84.8278
zf,R425,xcl_large_500k_p32x4_c0025,9,44,50,70.6102,70.6102
zf,R425,xcl_large_500k_p32x4_c0025,9,44,100,58.9604,58.9604
zf,R425,xcl_large_500k_p32x4_c0025,9,45,1,89.4958,89.4958
zf,R425,xcl_large_500k_p32x4_c0025,9,45,5,85.3303,85.3303
zf,R425,xcl_large_500k_p32x4_c0025,9,45,10,84.2799,84.2799
zf,R425,xcl_large_500k_p32x4_c0025,9,45,50,70.2661,70.2661
zf,R425,xcl_large_500k_p32x4_c0025,9,45,100,59.0786,59.0786
zf,R425,xcl_large_500k_p32x4_c0025,9,46,1,88.2347,88.2347
zf,R425,xcl_large_500k_p32x4_c0025,9,46,5,84.5314,84.5314
zf,R425,xcl_large_500k_p32x4_c0025,9,46,10,83.3349,83.3349
zf,R425,xcl_large_500k_p32x4_c0025,9,46,50,69.5989,69.5989
zf,R425,xcl_large_500k_p32x4_c0025,9,46,100,58.458,58.458
zf,R425,xcl_large_500k_p32x4_c010,10,42,1,87.8847,87.8847
zf,R425,xcl_large_500k_p32x4_c010,10,42,5,85.7331,85.7331
zf,R425,xcl_large_500k_p32x4_c010,10,42,10,84.0858,84.0858
zf,R425,xcl_large_500k_p32x4_c010,10,42,50,69.982,69.982
zf,R425,xcl_large_500k_p32x4_c010,10,42,100,59.3518,59.3518
zf,R425,xcl_large_500k_p32x4_c010,10,43,1,89.5808,89.5808
zf,R425,xcl_large_500k_p32x4_c010,10,43,5,86.2445,86.2445
zf,R425,xcl_large_500k_p32x4_c010,10,43,10,84.8156,84.8156
zf,R425,xcl_large_500k_p32x4_c010,10,43,50,70.8564,70.8564
zf,R425,xcl_large_500k_p32x4_c010,10,43,100,60.0587,60.0587
zf,R425,xcl_large_500k_p32x4_c010,10,44,1,88.7486,88.7486
zf,R425,xcl_large_500k_p32x4_c010,10,44,5,86.0217,86.0217
zf,R425,xcl_large_500k_p32x4_c010,10,44,10,84.8526,84.8526
zf,R425,xcl_large_500k_p32x4_c010,10,44,50,71.238,71.238
zf,R425,xcl_large_500k_p32x4_c010,10,44,100,60.2329,60.2329
zf,R425,xcl_large_500k_p32x4_c010,10,45,1,89.0222,89.0222
zf,R425,xcl_large_500k_p32x4_c010,10,45,5,85.9686,85.9686
zf,R425,xcl_large_500k_p32x4_c010,10,45,10,84.5992,84.5992
zf,R425,xcl_large_500k_p32x4_c010,10,45,50,70.7038,70.7038
zf,R425,xcl_large_500k_p32x4_c010,10,45,100,60.4239,60.4239
zf,R425,xcl_large_500k_p32x4_c010,10,46,1,86.4028,86.4028
zf,R425,xcl_large_500k_p32x4_c010,10,46,5,84.7608,84.7608
zf,R425,xcl_large_500k_p32x4_c010,10,46,10,83.4811,83.4811
zf,R425,xcl_large_500k_p32x4_c010,10,46,50,69.9007,69.9007
zf,R425,xcl_large_500k_p32x4_c010,10,46,100,59.7773,59.7773
zf,R425,xcl_micro_500k_p32x1_c005,4,42,1,90.3183,90.3183
zf,R425,xcl_micro_500k_p32x1_c005,4,42,5,87.8271,87.8271
zf,R425,xcl_micro_500k_p32x1_c005,4,42,10,85.6654,85.6654
zf,R425,xcl_micro_500k_p32x1_c005,4,42,50,69.9906,69.9906
zf,R425,xcl_micro_500k_p32x1_c005,4,42,100,56.1223,56.1223
zf,R425,xcl_micro_500k_p32x1_c005,4,43,1,90.6308,90.6308
zf,R425,xcl_micro_500k_p32x1_c005,4,43,5,88.9786,88.9786
zf,R425,xcl_micro_500k_p32x1_c005,4,43,10,86.7058,86.7058
zf,R425,xcl_micro_500k_p32x1_c005,4,43,50,70.6936,70.6936
zf,R425,xcl_micro_500k_p32x1_c005,4,43,100,56.6186,56.6186
zf,R425,xcl_micro_500k_p32x1_c005,4,44,1,92.2923,92.2923
zf,R425,xcl_micro_500k_p32x1_c005,4,44,5,89.0465,89.0465
zf,R425,xcl_micro_500k_p32x1_c005,4,44,10,86.69,86.69
zf,R425,xcl_micro_500k_p32x1_c005,4,44,50,70.6229,70.6229
zf,R425,xcl_micro_500k_p32x1_c005,4,44,100,56.5624,56.5624
zf,R425,xcl_micro_500k_p32x1_c005,4,45,1,92.4491,92.4491
zf,R425,xcl_micro_500k_p32x1_c005,4,45,5,89.0644,89.0644
zf,R425,xcl_micro_500k_p32x1_c005,4,45,10,86.9749,86.9749
zf,R425,xcl_micro_500k_p32x1_c005,4,45,50,70.6888,70.6888
zf,R425,xcl_micro_500k_p32x1_c005,4,45,100,56.7735,56.7735
zf,R425,xcl_micro_500k_p32x1_c005,4,46,1,90.7765,90.7765
zf,R425,xcl_micro_500k_p32x1_c005,4,46,5,88.6128,88.6128
zf,R425,xcl_micro_500k_p32x1_c005,4,46,10,86.0282,86.0282
zf,R425,xcl_micro_500k_p32x1_c005,4,46,50,69.7192,69.7192
zf,R425,xcl_micro_500k_p32x1_c005,4,46,100,55.832,55.832
zf,R425,xcl_micro_500k_p32x1_c005,5,42,1,90.746,90.746
zf,R425,xcl_micro_500k_p32x1_c005,5,42,5,87.8914,87.8914
zf,R425,xcl_micro_500k_p32x1_c005,5,42,10,85.6723,85.6723
zf,R425,xcl_micro_500k_p32x1_c005,5,42,50,70.3444,70.3444
zf,R425,xcl_micro_500k_p32x1_c005,5,42,100,56.5308,56.5308
zf,R425,xcl_micro_500k_p32x1_c005,5,43,1,91.0757,91.0757
zf,R425,xcl_micro_500k_p32x1_c005,5,43,5,88.9747,88.9747
zf,R425,xcl_micro_500k_p32x1_c005,5,43,10,86.7401,86.7401
zf,R425,xcl_micro_500k_p32x1_c005,5,43,50,71.0048,71.0048
zf,R425,xcl_micro_500k_p32x1_c005,5,43,100,57.0747,57.0747
zf,R425,xcl_micro_500k_p32x1_c005,5,44,1,92.1506,92.1506
zf,R425,xcl_micro_500k_p32x1_c005,5,44,5,89.2316,89.2316
zf,R425,xcl_micro_500k_p32x1_c005,5,44,10,86.9148,86.9148
zf,R425,xcl_micro_500k_p32x1_c005,5,44,50,70.9961,70.9961
zf,R425,xcl_micro_500k_p32x1_c005,5,44,100,56.9823,56.9823
zf,R425,xcl_micro_500k_p32x1_c005,5,45,1,92.7369,92.7369
zf,R425,xcl_micro_500k_p32x1_c005,5,45,5,89.2621,89.2621
zf,R425,xcl_micro_500k_p32x1_c005,5,45,10,87.1303,87.1303
zf,R425,xcl_micro_500k_p32x1_c005,5,45,50,71.1711,71.1711
zf,R425,xcl_micro_500k_p32x1_c005,5,45,100,57.1932,57.1932
zf,R425,xcl_micro_500k_p32x1_c005,5,46,1,90.8467,90.8467
zf,R425,xcl_micro_500k_p32x1_c005,5,46,5,88.7529,88.7529
zf,R425,xcl_micro_500k_p32x1_c005,5,46,10,86.231,86.231
zf,R425,xcl_micro_500k_p32x1_c005,5,46,50,69.9097,69.9097
zf,R425,xcl_micro_500k_p32x1_c005,5,46,100,56.1784,56.1784
zf,R425,xcl_micro_500k_p32x4_c010,3,42,1,86.0667,86.0667
zf,R425,xcl_micro_500k_p32x4_c010,3,42,5,83.9431,83.9431
zf,R425,xcl_micro_500k_p32x4_c010,3,42,10,81.7244,81.7244
zf,R425,xcl_micro_500k_p32x4_c010,3,42,50,66.6844,66.6844
zf,R425,xcl_micro_500k_p32x4_c010,3,42,100,53.0774,53.0774
zf,R425,xcl_micro_500k_p32x4_c010,3,43,1,87.2419,87.2419
zf,R425,xcl_micro_500k_p32x4_c010,3,43,5,84.8667,84.8667
zf,R425,xcl_micro_500k_p32x4_c010,3,43,10,82.743,82.743
zf,R425,xcl_micro_500k_p32x4_c010,3,43,50,67.5874,67.5874
zf,R425,xcl_micro_500k_p32x4_c010,3,43,100,53.6699,53.6699
zf,R425,xcl_micro_500k_p32x4_c010,3,44,1,88.3083,88.3083
zf,R425,xcl_micro_500k_p32x4_c010,3,44,5,84.9889,84.9889
zf,R425,xcl_micro_500k_p32x4_c010,3,44,10,83.0994,83.0994
zf,R425,xcl_micro_500k_p32x4_c010,3,44,50,68.1894,68.1894
zf,R425,xcl_micro_500k_p32x4_c010,3,44,100,54.019,54.019
zf,R425,xcl_micro_500k_p32x4_c010,3,45,1,88.4069,88.4069
zf,R425,xcl_micro_500k_p32x4_c010,3,45,5,85.1936,85.1936
zf,R425,xcl_micro_500k_p32x4_c010,3,45,10,82.4775,82.4775
zf,R425,xcl_micro_500k_p32x4_c010,3,45,50,67.3163,67.3163
zf,R425,xcl_micro_500k_p32x4_c010,3,45,100,53.7391,53.7391
zf,R425,xcl_micro_500k_p32x4_c010,3,46,1,86.275,86.275
zf,R425,xcl_micro_500k_p32x4_c010,3,46,5,83.2144,83.2144
zf,R425,xcl_micro_500k_p32x4_c010,3,46,10,81.0661,81.0661
zf,R425,xcl_micro_500k_p32x4_c010,3,46,50,66.6084,66.6084
zf,R425,xcl_micro_500k_p32x4_c010,3,46,100,53.1623,53.1623
zf,R469,birdaves_biox_base,3,42,1,87.2985,87.2985
zf,R469,birdaves_biox_base,3,42,5,84.9047,84.9047
zf,R469,birdaves_biox_base,3,42,10,82.2579,82.2579
zf,R469,birdaves_biox_base,3,42,50,75.015,75.015
zf,R469,birdaves_biox_base,3,42,100,59.151,59.151
zf,R469,birdaves_biox_base,3,43,1,87.3757,87.3757
zf,R469,birdaves_biox_base,3,43,5,85.6295,85.6295
zf,R469,birdaves_biox_base,3,43,10,83.6203,83.6203
zf,R469,birdaves_biox_base,3,43,50,76.4364,76.4364
zf,R469,birdaves_biox_base,3,43,100,60.4477,60.4477
zf,R469,birdaves_biox_base,3,44,1,86.9107,86.9107
zf,R469,birdaves_biox_base,3,44,5,84.3243,84.3243
zf,R469,birdaves_biox_base,3,44,10,82.2795,82.2795
zf,R469,birdaves_biox_base,3,44,50,75.0792,75.0792
zf,R469,birdaves_biox_base,3,44,100,59.7155,59.7155
zf,R469,birdaves_biox_base,3,45,1,87.9702,87.9702
zf,R469,birdaves_biox_base,3,45,5,84.6205,84.6205
zf,R469,birdaves_biox_base,3,45,10,82.8773,82.8773
zf,R469,birdaves_biox_base,3,45,50,75.2903,75.2903
zf,R469,birdaves_biox_base,3,45,100,59.3011,59.3011
zf,R469,birdaves_biox_base,3,46,1,89.3162,89.3162
zf,R469,birdaves_biox_base,3,46,5,86.1274,86.1274
zf,R469,birdaves_biox_base,3,46,10,83.9349,83.9349
zf,R469,birdaves_biox_base,3,46,50,76.7896,76.7896
zf,R469,birdaves_biox_base,3,46,100,60.2448,60.2448
zf,R469,birdaves_biox_base,7,42,1,87.2538,87.2538
zf,R469,birdaves_biox_base,7,42,5,84.4986,84.4986
zf,R469,birdaves_biox_base,7,42,10,83.3748,83.3748
zf,R469,birdaves_biox_base,7,42,50,76.4285,76.4285
zf,R469,birdaves_biox_base,7,42,100,59.8528,59.8528
zf,R469,birdaves_biox_base,7,43,1,89.0551,89.0551
zf,R469,birdaves_biox_base,7,43,5,85.7615,85.7615
zf,R469,birdaves_biox_base,7,43,10,84.1122,84.1122
zf,R469,birdaves_biox_base,7,43,50,77.2131,77.2131
zf,R469,birdaves_biox_base,7,43,100,60.8152,60.8152
zf,R469,birdaves_biox_base,7,44,1,88.7188,88.7187
zf,R469,birdaves_biox_base,7,44,5,83.9421,83.9421
zf,R469,birdaves_biox_base,7,44,10,82.6374,82.6374
zf,R469,birdaves_biox_base,7,44,50,76.099,76.099
zf,R469,birdaves_biox_base,7,44,100,59.7898,59.7898
zf,R469,birdaves_biox_base,7,45,1,87.6721,87.6721
zf,R469,birdaves_biox_base,7,45,5,84.7962,84.7962
zf,R469,birdaves_biox_base,7,45,10,83.5882,83.5882
zf,R469,birdaves_biox_base,7,45,50,76.6919,76.6919
zf,R469,birdaves_biox_base,7,45,100,60.0855,60.0855
zf,R469,birdaves_biox_base,7,46,1,89.119,89.119
zf,R469,birdaves_biox_base,7,46,5,85.9638,85.9638
zf,R469,birdaves_biox_base,7,46,10,84.3821,84.3821
zf,R469,birdaves_biox_base,7,46,50,77.8508,77.8508
zf,R469,birdaves_biox_base,7,46,100,60.9386,60.9386
zf,R469,birdaves_biox_base_speed0p25,3,42,1,91.1622,91.1622
zf,R469,birdaves_biox_base_speed0p25,3,42,5,87.7975,87.7975
zf,R469,birdaves_biox_base_speed0p25,3,42,10,85.977,85.977
zf,R469,birdaves_biox_base_speed0p25,3,42,50,78.3509,78.3509
zf,R469,birdaves_biox_base_speed0p25,3,42,100,60.4891,60.4891
zf,R469,birdaves_biox_base_speed0p25,3,43,1,91.6214,91.6214
zf,R469,birdaves_biox_base_speed0p25,3,43,5,89.1817,89.1817
zf,R469,birdaves_biox_base_speed0p25,3,43,10,87.4757,87.4757
zf,R469,birdaves_biox_base_speed0p25,3,43,50,79.4534,79.4534
zf,R469,birdaves_biox_base_speed0p25,3,43,100,60.7727,60.7727
zf,R469,birdaves_biox_base_speed0p25,3,44,1,91.4113,91.4113
zf,R469,birdaves_biox_base_speed0p25,3,44,5,88.5695,88.5695
zf,R469,birdaves_biox_base_speed0p25,3,44,10,86.4523,86.4523
zf,R469,birdaves_biox_base_speed0p25,3,44,50,78.7971,78.7971
zf,R469,birdaves_biox_base_speed0p25,3,44,100,60.5703,60.5703
zf,R469,birdaves_biox_base_speed0p25,3,45,1,91.8903,91.8903
zf,R469,birdaves_biox_base_speed0p25,3,45,5,87.7715,87.7715
zf,R469,birdaves_biox_base_speed0p25,3,45,10,86.3268,86.3268
zf,R469,birdaves_biox_base_speed0p25,3,45,50,78.6031,78.6031
zf,R469,birdaves_biox_base_speed0p25,3,45,100,60.3827,60.3827
zf,R469,birdaves_biox_base_speed0p25,3,46,1,92.1139,92.1139
zf,R469,birdaves_biox_base_speed0p25,3,46,5,89.3899,89.3899
zf,R469,birdaves_biox_base_speed0p25,3,46,10,88.0194,88.0194
zf,R469,birdaves_biox_base_speed0p25,3,46,50,80.0347,80.0347
zf,R469,birdaves_biox_base_speed0p25,3,46,100,60.9455,60.9455
zf,R469,birdaves_biox_base_speed0p25,4,42,1,90.7551,90.7551
zf,R469,birdaves_biox_base_speed0p25,4,42,5,88.234,88.234
zf,R469,birdaves_biox_base_speed0p25,4,42,10,86.4119,86.4119
zf,R469,birdaves_biox_base_speed0p25,4,42,50,79.093,79.093
zf,R469,birdaves_biox_base_speed0p25,4,42,100,61.0277,61.0277
zf,R469,birdaves_biox_base_speed0p25,4,43,1,91.7712,91.7712
zf,R469,birdaves_biox_base_speed0p25,4,43,5,89.3213,89.3213
zf,R469,birdaves_biox_base_speed0p25,4,43,10,87.7166,87.7166
zf,R469,birdaves_biox_base_speed0p25,4,43,50,80.1944,80.1944
zf,R469,birdaves_biox_base_speed0p25,4,43,100,61.2734,61.2734
zf,R469,birdaves_biox_base_speed0p25,4,44,1,91.4108,91.4108
zf,R469,birdaves_biox_base_speed0p25,4,44,5,88.3511,88.3511
zf,R469,birdaves_biox_base_speed0p25,4,44,10,86.7775,86.7775
zf,R469,birdaves_biox_base_speed0p25,4,44,50,79.5664,79.5664
zf,R469,birdaves_biox_base_speed0p25,4,44,100,61.1999,61.1999
zf,R469,birdaves_biox_base_speed0p25,4,45,1,90.618,90.618
zf,R469,birdaves_biox_base_speed0p25,4,45,5,88.2784,88.2784
zf,R469,birdaves_biox_base_speed0p25,4,45,10,86.9459,86.9459
zf,R469,birdaves_biox_base_speed0p25,4,45,50,79.485,79.485
zf,R469,birdaves_biox_base_speed0p25,4,45,100,61.0416,61.0416
zf,R469,birdaves_biox_base_speed0p25,4,46,1,92.1878,92.1878
zf,R469,birdaves_biox_base_speed0p25,4,46,5,89.8147,89.8147
zf,R469,birdaves_biox_base_speed0p25,4,46,10,88.5722,88.5722
zf,R469,birdaves_biox_base_speed0p25,4,46,50,80.7696,80.7696
zf,R469,birdaves_biox_base_speed0p25,4,46,100,61.7143,61.7143
zf,R469,birdaves_biox_base_speed0p5,3,42,1,91.3471,91.3471
zf,R469,birdaves_biox_base_speed0p5,3,42,5,88.4914,88.4914
zf,R469,birdaves_biox_base_speed0p5,3,42,10,86.2117,86.2117
zf,R469,birdaves_biox_base_speed0p5,3,42,50,79.8078,79.8078
zf,R469,birdaves_biox_base_speed0p5,3,42,100,61.9804,61.9804
zf,R469,birdaves_biox_base_speed0p5,3,43,1,90.401,90.401
zf,R469,birdaves_biox_base_speed0p5,3,43,5,88.7861,88.7861
zf,R469,birdaves_biox_base_speed0p5,3,43,10,87.1083,87.1083
zf,R469,birdaves_biox_base_speed0p5,3,43,50,80.5104,80.5104
zf,R469,birdaves_biox_base_speed0p5,3,43,100,62.6481,62.6481
zf,R469,birdaves_biox_base_speed0p5,3,44,1,90.3665,90.3665
zf,R469,birdaves_biox_base_speed0p5,3,44,5,88.0946,88.0946
zf,R469,birdaves_biox_base_speed0p5,3,44,10,86.3116,86.3116
zf,R469,birdaves_biox_base_speed0p5,3,44,50,79.7282,79.7282
zf,R469,birdaves_biox_base_speed0p5,3,44,100,61.9006,61.9006
zf,R469,birdaves_biox_base_speed0p5,3,45,1,91.1229,91.1229
zf,R469,birdaves_biox_base_speed0p5,3,45,5,88.4781,88.4781
zf,R469,birdaves_biox_base_speed0p5,3,45,10,86.5849,86.5849
zf,R469,birdaves_biox_base_speed0p5,3,45,50,79.8581,79.8581
zf,R469,birdaves_biox_base_speed0p5,3,45,100,62.0009,62.0009
zf,R469,birdaves_biox_base_speed0p5,3,46,1,90.0574,90.0574
zf,R469,birdaves_biox_base_speed0p5,3,46,5,89.0866,89.0866
zf,R469,birdaves_biox_base_speed0p5,3,46,10,87.5983,87.5983
zf,R469,birdaves_biox_base_speed0p5,3,46,50,81.0238,81.0238
zf,R469,birdaves_biox_base_speed0p5,3,46,100,62.6938,62.6938
zf,R469,birdaves_biox_base_speed0p5,6,42,1,90.6409,90.6409
zf,R469,birdaves_biox_base_speed0p5,6,42,5,88.419,88.419
zf,R469,birdaves_biox_base_speed0p5,6,42,10,87.0296,87.0296
zf,R469,birdaves_biox_base_speed0p5,6,42,50,80.3103,80.3103
zf,R469,birdaves_biox_base_speed0p5,6,42,100,62.494,62.494
zf,R469,birdaves_biox_base_speed0p5,6,43,1,90.1386,90.1386
zf,R469,birdaves_biox_base_speed0p5,6,43,5,89.028,89.028
zf,R469,birdaves_biox_base_speed0p5,6,43,10,87.6405,87.6405
zf,R469,birdaves_biox_base_speed0p5,6,43,50,80.8325,80.8325
zf,R469,birdaves_biox_base_speed0p5,6,43,100,62.9368,62.9368
zf,R469,birdaves_biox_base_speed0p5,6,44,1,90.2595,90.2595
zf,R469,birdaves_biox_base_speed0p5,6,44,5,88.53,88.53
zf,R469,birdaves_biox_base_speed0p5,6,44,10,86.7551,86.7551
zf,R469,birdaves_biox_base_speed0p5,6,44,50,80.3885,80.3885
zf,R469,birdaves_biox_base_speed0p5,6,44,100,62.6685,62.6685
zf,R469,birdaves_biox_base_speed0p5,6,45,1,90.8676,90.8676
zf,R469,birdaves_biox_base_speed0p5,6,45,5,88.7581,88.7581
zf,R469,birdaves_biox_base_speed0p5,6,45,10,87.3769,87.3769
zf,R469,birdaves_biox_base_speed0p5,6,45,50,80.3884,80.3884
zf,R469,birdaves_biox_base_speed0p5,6,45,100,62.4765,62.4765
zf,R469,birdaves_biox_base_speed0p5,6,46,1,91.0769,91.0769
zf,R469,birdaves_biox_base_speed0p5,6,46,5,89.4831,89.4831
zf,R469,birdaves_biox_base_speed0p5,6,46,10,88.0683,88.0683
zf,R469,birdaves_biox_base_speed0p5,6,46,50,81.5912,81.5912
zf,R469,birdaves_biox_base_speed0p5,6,46,100,63.3317,63.3317
zf,R469,hubert_base_ls960,0,42,1,87.3372,87.3372
zf,R469,hubert_base_ls960,0,42,5,83.5752,83.5752
zf,R469,hubert_base_ls960,0,42,10,81.0062,81.0062
zf,R469,hubert_base_ls960,0,42,50,73.4295,73.4295
zf,R469,hubert_base_ls960,0,42,100,56.153,56.153
zf,R469,hubert_base_ls960,0,43,1,87.0141,87.0141
zf,R469,hubert_base_ls960,0,43,5,84.3574,84.3574
zf,R469,hubert_base_ls960,0,43,10,82.0196,82.0196
zf,R469,hubert_base_ls960,0,43,50,74.9388,74.9388
zf,R469,hubert_base_ls960,0,43,100,57.1419,57.1419
zf,R469,hubert_base_ls960,0,44,1,86.1652,86.1652
zf,R469,hubert_base_ls960,0,44,5,83.7342,83.7342
zf,R469,hubert_base_ls960,0,44,10,81.4346,81.4346
zf,R469,hubert_base_ls960,0,44,50,73.4146,73.4146
zf,R469,hubert_base_ls960,0,44,100,56.0629,56.0629
zf,R469,hubert_base_ls960,0,45,1,87.3908,87.3908
zf,R469,hubert_base_ls960,0,45,5,84.8661,84.8661
zf,R469,hubert_base_ls960,0,45,10,82.1754,82.1754
zf,R469,hubert_base_ls960,0,45,50,73.5471,73.5471
zf,R469,hubert_base_ls960,0,45,100,56.0418,56.0418
zf,R469,hubert_base_ls960,0,46,1,87.7284,87.7284
zf,R469,hubert_base_ls960,0,46,5,85.3269,85.3269
zf,R469,hubert_base_ls960,0,46,10,83.1127,83.1127
zf,R469,hubert_base_ls960,0,46,50,75.0414,75.0414
zf,R469,hubert_base_ls960,0,46,100,56.918,56.918
zf,R469,hubert_base_ls960,3,42,1,87.5559,87.5559
zf,R469,hubert_base_ls960,3,42,5,81.2318,81.2318
zf,R469,hubert_base_ls960,3,42,10,79.1978,79.1978
zf,R469,hubert_base_ls960,3,42,50,73.2167,73.2167
zf,R469,hubert_base_ls960,3,42,100,56.5493,56.5493
zf,R469,hubert_base_ls960,3,43,1,88.4144,88.4144
zf,R469,hubert_base_ls960,3,43,5,83.1036,83.1036
zf,R469,hubert_base_ls960,3,43,10,80.9606,80.9606
zf,R469,hubert_base_ls960,3,43,50,74.7547,74.7547
zf,R469,hubert_base_ls960,3,43,100,57.4654,57.4654
zf,R469,hubert_base_ls960,3,44,1,87.5789,87.5789
zf,R469,hubert_base_ls960,3,44,5,82.2943,82.2943
zf,R469,hubert_base_ls960,3,44,10,79.9562,79.9562
zf,R469,hubert_base_ls960,3,44,50,72.7385,72.7385
zf,R469,hubert_base_ls960,3,44,100,56.0754,56.0754
zf,R469,hubert_base_ls960,3,45,1,86.3256,86.3256
zf,R469,hubert_base_ls960,3,45,5,82.6565,82.6565
zf,R469,hubert_base_ls960,3,45,10,80.3389,80.3389
zf,R469,hubert_base_ls960,3,45,50,72.957,72.957
zf,R469,hubert_base_ls960,3,45,100,56.3427,56.3427
zf,R469,hubert_base_ls960,3,46,1,87.346,87.346
zf,R469,hubert_base_ls960,3,46,5,83.8208,83.8208
zf,R469,hubert_base_ls960,3,46,10,82.2536,82.2536
zf,R469,hubert_base_ls960,3,46,50,74.9836,74.9836
zf,R469,hubert_base_ls960,3,46,100,57.4456,57.4456
zf,R469,xcl_base_500k_p32x1_c005,5,42,1,91.8884,91.8884
zf,R469,xcl_base_500k_p32x1_c005,5,42,5,90.5093,90.5093
zf,R469,xcl_base_500k_p32x1_c005,5,42,10,89.7126,89.7126
zf,R469,xcl_base_500k_p32x1_c005,5,42,50,82.3806,82.3806
zf,R469,xcl_base_500k_p32x1_c005,5,42,100,64.1149,64.1149
zf,R469,xcl_base_500k_p32x1_c005,5,43,1,91.2642,91.2642
zf,R469,xcl_base_500k_p32x1_c005,5,43,5,90.6041,90.6041
zf,R469,xcl_base_500k_p32x1_c005,5,43,10,89.4904,89.4904
zf,R469,xcl_base_500k_p32x1_c005,5,43,50,82.8592,82.8592
zf,R469,xcl_base_500k_p32x1_c005,5,43,100,64.6734,64.6734
zf,R469,xcl_base_500k_p32x1_c005,5,44,1,91.6971,91.6971
zf,R469,xcl_base_500k_p32x1_c005,5,44,5,90.1064,90.1064
zf,R469,xcl_base_500k_p32x1_c005,5,44,10,88.865,88.865
zf,R469,xcl_base_500k_p32x1_c005,5,44,50,82.0795,82.0795
zf,R469,xcl_base_500k_p32x1_c005,5,44,100,64.0291,64.0291
zf,R469,xcl_base_500k_p32x1_c005,5,45,1,92.1734,92.1734
zf,R469,xcl_base_500k_p32x1_c005,5,45,5,89.8034,89.8034
zf,R469,xcl_base_500k_p32x1_c005,5,45,10,88.8656,88.8656
zf,R469,xcl_base_500k_p32x1_c005,5,45,50,81.6849,81.6849
zf,R469,xcl_base_500k_p32x1_c005,5,45,100,63.6473,63.6473
zf,R469,xcl_base_500k_p32x1_c005,5,46,1,92.5887,92.5887
zf,R469,xcl_base_500k_p32x1_c005,5,46,5,91.452,91.452
zf,R469,xcl_base_500k_p32x1_c005,5,46,10,90.6116,90.6116
zf,R469,xcl_base_500k_p32x1_c005,5,46,50,83.403,83.403
zf,R469,xcl_base_500k_p32x1_c005,5,46,100,64.5808,64.5808
zf,R469,xcl_base_500k_p32x4_c010,3,42,1,86.7747,86.7747
zf,R469,xcl_base_500k_p32x4_c010,3,42,5,84.8016,84.8016
zf,R469,xcl_base_500k_p32x4_c010,3,42,10,82.3665,82.3665
zf,R469,xcl_base_500k_p32x4_c010,3,42,50,75.2552,75.2552
zf,R469,xcl_base_500k_p32x4_c010,3,42,100,58.2831,58.2831
zf,R469,xcl_base_500k_p32x4_c010,3,43,1,87.5737,87.5737
zf,R469,xcl_base_500k_p32x4_c010,3,43,5,84.4613,84.4613
zf,R469,xcl_base_500k_p32x4_c010,3,43,10,82.5811,82.5811
zf,R469,xcl_base_500k_p32x4_c010,3,43,50,76.0496,76.0496
zf,R469,xcl_base_500k_p32x4_c010,3,43,100,59.1452,59.1452
zf,R469,xcl_base_500k_p32x4_c010,3,44,1,87.4702,87.4702
zf,R469,xcl_base_500k_p32x4_c010,3,44,5,82.9762,82.9762
zf,R469,xcl_base_500k_p32x4_c010,3,44,10,80.7269,80.7269
zf,R469,xcl_base_500k_p32x4_c010,3,44,50,74.1109,74.1109
zf,R469,xcl_base_500k_p32x4_c010,3,44,100,57.7436,57.7436
zf,R469,xcl_base_500k_p32x4_c010,3,45,1,86.7331,86.7331
zf,R469,xcl_base_500k_p32x4_c010,3,45,5,83.827,83.827
zf,R469,xcl_base_500k_p32x4_c010,3,45,10,81.998,81.998
zf,R469,xcl_base_500k_p32x4_c010,3,45,50,74.7409,74.7409
zf,R469,xcl_base_500k_p32x4_c010,3,45,100,58.0806,58.0806
zf,R469,xcl_base_500k_p32x4_c010,3,46,1,88.3728,88.3728
zf,R469,xcl_base_500k_p32x4_c010,3,46,5,85.5832,85.5832
zf,R469,xcl_base_500k_p32x4_c010,3,46,10,82.9019,82.9019
zf,R469,xcl_base_500k_p32x4_c010,3,46,50,76.0244,76.0244
zf,R469,xcl_base_500k_p32x4_c010,3,46,100,58.7382,58.7382
zf,R469,xcl_base_500k_p32x4_c010,4,42,1,86.9458,86.9458
zf,R469,xcl_base_500k_p32x4_c010,4,42,5,84.5129,84.5129
zf,R469,xcl_base_500k_p32x4_c010,4,42,10,82.5321,82.5321
zf,R469,xcl_base_500k_p32x4_c010,4,42,50,75.2611,75.2611
zf,R469,xcl_base_500k_p32x4_c010,4,42,100,58.2616,58.2616
zf,R469,xcl_base_500k_p32x4_c010,4,43,1,87.7344,87.7344
zf,R469,xcl_base_500k_p32x4_c010,4,43,5,84.4576,84.4576
zf,R469,xcl_base_500k_p32x4_c010,4,43,10,82.5591,82.5591
zf,R469,xcl_base_500k_p32x4_c010,4,43,50,75.9971,75.9971
zf,R469,xcl_base_500k_p32x4_c010,4,43,100,59.0982,59.0982
zf,R469,xcl_base_500k_p32x4_c010,4,44,1,87.6116,87.6116
zf,R469,xcl_base_500k_p32x4_c010,4,44,5,82.8481,82.8481
zf,R469,xcl_base_500k_p32x4_c010,4,44,10,80.7726,80.7726
zf,R469,xcl_base_500k_p32x4_c010,4,44,50,74.0211,74.0211
zf,R469,xcl_base_500k_p32x4_c010,4,44,100,57.7435,57.7435
zf,R469,xcl_base_500k_p32x4_c010,4,45,1,87.2063,87.2063
zf,R469,xcl_base_500k_p32x4_c010,4,45,5,83.9022,83.9022
zf,R469,xcl_base_500k_p32x4_c010,4,45,10,81.847,81.847
zf,R469,xcl_base_500k_p32x4_c010,4,45,50,74.8016,74.8016
zf,R469,xcl_base_500k_p32x4_c010,4,45,100,57.9521,57.9521
zf,R469,xcl_base_500k_p32x4_c010,4,46,1,88.5707,88.5707
zf,R469,xcl_base_500k_p32x4_c010,4,46,5,85.0549,85.0549
zf,R469,xcl_base_500k_p32x4_c010,4,46,10,83.0143,83.0143
zf,R469,xcl_base_500k_p32x4_c010,4,46,50,76.0758,76.0758
zf,R469,xcl_base_500k_p32x4_c010,4,46,100,58.7677,58.7677
zf,R469,xcl_large_500k_p32x1_c005,11,42,1,93.3411,93.3411
zf,R469,xcl_large_500k_p32x1_c005,11,42,5,90.9042,90.9042
zf,R469,xcl_large_500k_p32x1_c005,11,42,10,89.7968,89.7968
zf,R469,xcl_large_500k_p32x1_c005,11,42,50,82.814,82.814
zf,R469,xcl_large_500k_p32x1_c005,11,42,100,64.9767,64.9767
zf,R469,xcl_large_500k_p32x1_c005,11,43,1,92.2807,92.2807
zf,R469,xcl_large_500k_p32x1_c005,11,43,5,91.1164,91.1164
zf,R469,xcl_large_500k_p32x1_c005,11,43,10,89.9505,89.9505
zf,R469,xcl_large_500k_p32x1_c005,11,43,50,83.7782,83.7782
zf,R469,xcl_large_500k_p32x1_c005,11,43,100,65.8636,65.8636
zf,R469,xcl_large_500k_p32x1_c005,11,44,1,91.2773,91.2773
zf,R469,xcl_large_500k_p32x1_c005,11,44,5,90.6477,90.6477
zf,R469,xcl_large_500k_p32x1_c005,11,44,10,89.3828,89.3828
zf,R469,xcl_large_500k_p32x1_c005,11,44,50,82.8103,82.8103
zf,R469,xcl_large_500k_p32x1_c005,11,44,100,65.239,65.239
zf,R469,xcl_large_500k_p32x1_c005,11,45,1,92.623,92.623
zf,R469,xcl_large_500k_p32x1_c005,11,45,5,90.7656,90.7656
zf,R469,xcl_large_500k_p32x1_c005,11,45,10,89.4808,89.4808
zf,R469,xcl_large_500k_p32x1_c005,11,45,50,82.6785,82.6785
zf,R469,xcl_large_500k_p32x1_c005,11,45,100,64.7981,64.7981
zf,R469,xcl_large_500k_p32x1_c005,11,46,1,93.0677,93.0677
zf,R469,xcl_large_500k_p32x1_c005,11,46,5,92.0334,92.0334
zf,R469,xcl_large_500k_p32x1_c005,11,46,10,91.1697,91.1697
zf,R469,xcl_large_500k_p32x1_c005,11,46,50,84.2129,84.2129
zf,R469,xcl_large_500k_p32x1_c005,11,46,100,65.7662,65.7662
zf,R469,xcl_large_500k_p32x4_c0025,9,42,1,86.9991,86.9991
zf,R469,xcl_large_500k_p32x4_c0025,9,42,5,84.602,84.602
zf,R469,xcl_large_500k_p32x4_c0025,9,42,10,82.7822,82.7822
zf,R469,xcl_large_500k_p32x4_c0025,9,42,50,76.036,76.036
zf,R469,xcl_large_500k_p32x4_c0025,9,42,100,59.0405,59.0405
zf,R469,xcl_large_500k_p32x4_c0025,9,43,1,88.9048,88.9048
zf,R469,xcl_large_500k_p32x4_c0025,9,43,5,84.9954,84.9954
zf,R469,xcl_large_500k_p32x4_c0025,9,43,10,83.1923,83.1923
zf,R469,xcl_large_500k_p32x4_c0025,9,43,50,76.6927,76.6927
zf,R469,xcl_large_500k_p32x4_c0025,9,43,100,59.7274,59.7274
zf,R469,xcl_large_500k_p32x4_c0025,9,44,1,87.3966,87.3966
zf,R469,xcl_large_500k_p32x4_c0025,9,44,5,83.4769,83.4769
zf,R469,xcl_large_500k_p32x4_c0025,9,44,10,81.2315,81.2315
zf,R469,xcl_large_500k_p32x4_c0025,9,44,50,74.7357,74.7357
zf,R469,xcl_large_500k_p32x4_c0025,9,44,100,58.4501,58.4501
zf,R469,xcl_large_500k_p32x4_c0025,9,45,1,86.7782,86.7782
zf,R469,xcl_large_500k_p32x4_c0025,9,45,5,84.6415,84.6415
zf,R469,xcl_large_500k_p32x4_c0025,9,45,10,82.8882,82.8882
zf,R469,xcl_large_500k_p32x4_c0025,9,45,50,75.5331,75.5331
zf,R469,xcl_large_500k_p32x4_c0025,9,45,100,58.7515,58.7515
zf,R469,xcl_large_500k_p32x4_c0025,9,46,1,89.378,89.378
zf,R469,xcl_large_500k_p32x4_c0025,9,46,5,85.5565,85.5565
zf,R469,xcl_large_500k_p32x4_c0025,9,46,10,83.644,83.644
zf,R469,xcl_large_500k_p32x4_c0025,9,46,50,76.8717,76.8717
zf,R469,xcl_large_500k_p32x4_c0025,9,46,100,59.6338,59.6338
zf,R469,xcl_large_500k_p32x4_c010,10,42,1,87.8208,87.8208
zf,R469,xcl_large_500k_p32x4_c010,10,42,5,84.5584,84.5584
zf,R469,xcl_large_500k_p32x4_c010,10,42,10,83.2714,83.2714
zf,R469,xcl_large_500k_p32x4_c010,10,42,50,76.7642,76.7642
zf,R469,xcl_large_500k_p32x4_c010,10,42,100,59.8671,59.8671
zf,R469,xcl_large_500k_p32x4_c010,10,43,1,88.7195,88.7195
zf,R469,xcl_large_500k_p32x4_c010,10,43,5,85.1585,85.1585
zf,R469,xcl_large_500k_p32x4_c010,10,43,10,83.7505,83.7505
zf,R469,xcl_large_500k_p32x4_c010,10,43,50,77.2528,77.2528
zf,R469,xcl_large_500k_p32x4_c010,10,43,100,60.5698,60.5698
zf,R469,xcl_large_500k_p32x4_c010,10,44,1,86.9874,86.9874
zf,R469,xcl_large_500k_p32x4_c010,10,44,5,83.685,83.685
zf,R469,xcl_large_500k_p32x4_c010,10,44,10,81.9276,81.9276
zf,R469,xcl_large_500k_p32x4_c010,10,44,50,75.4281,75.4281
zf,R469,xcl_large_500k_p32x4_c010,10,44,100,59.5406,59.5406
zf,R469,xcl_large_500k_p32x4_c010,10,45,1,86.7239,86.7239
zf,R469,xcl_large_500k_p32x4_c010,10,45,5,84.806,84.806
zf,R469,xcl_large_500k_p32x4_c010,10,45,10,82.9561,82.9561
zf,R469,xcl_large_500k_p32x4_c010,10,45,50,76.0597,76.0597
zf,R469,xcl_large_500k_p32x4_c010,10,45,100,59.6775,59.6775
zf,R469,xcl_large_500k_p32x4_c010,10,46,1,87.8318,87.8318
zf,R469,xcl_large_500k_p32x4_c010,10,46,5,85.1946,85.1946
zf,R469,xcl_large_500k_p32x4_c010,10,46,10,84.0415,84.0415
zf,R469,xcl_large_500k_p32x4_c010,10,46,50,77.3058,77.3058
zf,R469,xcl_large_500k_p32x4_c010,10,46,100,60.4461,60.4461
zf,R469,xcl_micro_500k_p32x1_c005,4,42,1,90.0883,90.0883
zf,R469,xcl_micro_500k_p32x1_c005,4,42,5,88.1584,88.1584
zf,R469,xcl_micro_500k_p32x1_c005,4,42,10,86.0626,86.0626
zf,R469,xcl_micro_500k_p32x1_c005,4,42,50,76.85,76.85
zf,R469,xcl_micro_500k_p32x1_c005,4,42,100,59.8308,59.8308
zf,R469,xcl_micro_500k_p32x1_c005,4,43,1,89.4404,89.4404
zf,R469,xcl_micro_500k_p32x1_c005,4,43,5,87.9038,87.9038
zf,R469,xcl_micro_500k_p32x1_c005,4,43,10,85.7861,85.7861
zf,R469,xcl_micro_500k_p32x1_c005,4,43,50,76.9846,76.9846
zf,R469,xcl_micro_500k_p32x1_c005,4,43,100,59.9447,59.9447
zf,R469,xcl_micro_500k_p32x1_c005,4,44,1,88.8483,88.8483
zf,R469,xcl_micro_500k_p32x1_c005,4,44,5,87.3924,87.3924
zf,R469,xcl_micro_500k_p32x1_c005,4,44,10,85.3913,85.3913
zf,R469,xcl_micro_500k_p32x1_c005,4,44,50,75.9902,75.9902
zf,R469,xcl_micro_500k_p32x1_c005,4,44,100,58.7214,58.7214
zf,R469,xcl_micro_500k_p32x1_c005,4,45,1,89.4788,89.4788
zf,R469,xcl_micro_500k_p32x1_c005,4,45,5,87.2435,87.2435
zf,R469,xcl_micro_500k_p32x1_c005,4,45,10,84.7876,84.7876
zf,R469,xcl_micro_500k_p32x1_c005,4,45,50,75.3546,75.3546
zf,R469,xcl_micro_500k_p32x1_c005,4,45,100,58.6783,58.6783
zf,R469,xcl_micro_500k_p32x1_c005,4,46,1,90.7919,90.7919
zf,R469,xcl_micro_500k_p32x1_c005,4,46,5,89.0977,89.0977
zf,R469,xcl_micro_500k_p32x1_c005,4,46,10,86.6641,86.6641
zf,R469,xcl_micro_500k_p32x1_c005,4,46,50,76.9813,76.9813
zf,R469,xcl_micro_500k_p32x1_c005,4,46,100,59.5861,59.5861
zf,R469,xcl_micro_500k_p32x1_c005,5,42,1,89.9574,89.9574
zf,R469,xcl_micro_500k_p32x1_c005,5,42,5,88.2451,88.2451
zf,R469,xcl_micro_500k_p32x1_c005,5,42,10,86.414,86.414
zf,R469,xcl_micro_500k_p32x1_c005,5,42,50,77.2946,77.2946
zf,R469,xcl_micro_500k_p32x1_c005,5,42,100,60.1645,60.1645
zf,R469,xcl_micro_500k_p32x1_c005,5,43,1,89.5314,89.5314
zf,R469,xcl_micro_500k_p32x1_c005,5,43,5,88.2589,88.2589
zf,R469,xcl_micro_500k_p32x1_c005,5,43,10,86.1588,86.1588
zf,R469,xcl_micro_500k_p32x1_c005,5,43,50,77.4792,77.4792
zf,R469,xcl_micro_500k_p32x1_c005,5,43,100,60.4402,60.4402
zf,R469,xcl_micro_500k_p32x1_c005,5,44,1,88.9389,88.9389
zf,R469,xcl_micro_500k_p32x1_c005,5,44,5,87.6344,87.6344
zf,R469,xcl_micro_500k_p32x1_c005,5,44,10,85.5981,85.5981
zf,R469,xcl_micro_500k_p32x1_c005,5,44,50,76.5139,76.5139
zf,R469,xcl_micro_500k_p32x1_c005,5,44,100,59.202,59.202
zf,R469,xcl_micro_500k_p32x1_c005,5,45,1,89.4335,89.4335
zf,R469,xcl_micro_500k_p32x1_c005,5,45,5,87.3611,87.3611
zf,R469,xcl_micro_500k_p32x1_c005,5,45,10,85.266,85.266
zf,R469,xcl_micro_500k_p32x1_c005,5,45,50,75.9748,75.9748
zf,R469,xcl_micro_500k_p32x1_c005,5,45,100,59.1189,59.1189
zf,R469,xcl_micro_500k_p32x1_c005,5,46,1,90.2327,90.2327
zf,R469,xcl_micro_500k_p32x1_c005,5,46,5,89.2276,89.2276
zf,R469,xcl_micro_500k_p32x1_c005,5,46,10,86.9945,86.9945
zf,R469,xcl_micro_500k_p32x1_c005,5,46,50,77.5796,77.5796
zf,R469,xcl_micro_500k_p32x1_c005,5,46,100,60.0396,60.0396
zf,R469,xcl_micro_500k_p32x4_c010,3,42,1,86.5403,86.5403
zf,R469,xcl_micro_500k_p32x4_c010,3,42,5,83.1851,83.1851
zf,R469,xcl_micro_500k_p32x4_c010,3,42,10,80.9609,80.9609
zf,R469,xcl_micro_500k_p32x4_c010,3,42,50,72.8021,72.8021
zf,R469,xcl_micro_500k_p32x4_c010,3,42,100,55.8013,55.8013
zf,R469,xcl_micro_500k_p32x4_c010,3,43,1,86.7545,86.7545
zf,R469,xcl_micro_500k_p32x4_c010,3,43,5,83.2177,83.2177
zf,R469,xcl_micro_500k_p32x4_c010,3,43,10,81.8653,81.8653
zf,R469,xcl_micro_500k_p32x4_c010,3,43,50,74.038,74.038
zf,R469,xcl_micro_500k_p32x4_c010,3,43,100,56.7747,56.7747
zf,R469,xcl_micro_500k_p32x4_c010,3,44,1,86.9077,86.9077
zf,R469,xcl_micro_500k_p32x4_c010,3,44,5,81.926,81.926
zf,R469,xcl_micro_500k_p32x4_c010,3,44,10,79.5148,79.5148
zf,R469,xcl_micro_500k_p32x4_c010,3,44,50,71.6894,71.6894
zf,R469,xcl_micro_500k_p32x4_c010,3,44,100,55.0598,55.0598
zf,R469,xcl_micro_500k_p32x4_c010,3,45,1,88.7517,88.7517
zf,R469,xcl_micro_500k_p32x4_c010,3,45,5,82.9977,82.9977
zf,R469,xcl_micro_500k_p32x4_c010,3,45,10,81.4699,81.4699
zf,R469,xcl_micro_500k_p32x4_c010,3,45,50,72.8764,72.8764
zf,R469,xcl_micro_500k_p32x4_c010,3,45,100,55.5105,55.5105
zf,R469,xcl_micro_500k_p32x4_c010,3,46,1,87.497,87.497
zf,R469,xcl_micro_500k_p32x4_c010,3,46,5,84.4257,84.4257
zf,R469,xcl_micro_500k_p32x4_c010,3,46,10,82.2075,82.2075
zf,R469,xcl_micro_500k_p32x4_c010,3,46,50,73.6265,73.6265
zf,R469,xcl_micro_500k_p32x4_c010,3,46,100,56.2836,56.2836
zf,S132,birdaves_biox_base,3,42,1,83.508,83.508
zf,S132,birdaves_biox_base,3,42,5,82.5609,82.5609
zf,S132,birdaves_biox_base,3,42,10,81.4342,81.4342
zf,S132,birdaves_biox_base,3,42,50,76.1468,76.1468
zf,S132,birdaves_biox_base,3,42,100,68.6337,68.6337
zf,S132,birdaves_biox_base,3,43,1,82.0716,82.0716
zf,S132,birdaves_biox_base,3,43,5,80.4565,80.4565
zf,S132,birdaves_biox_base,3,43,10,79.7821,79.7821
zf,S132,birdaves_biox_base,3,43,50,75.9817,75.9817
zf,S132,birdaves_biox_base,3,43,100,68.3603,68.3603
zf,S132,birdaves_biox_base,3,44,1,83.5522,83.5522
zf,S132,birdaves_biox_base,3,44,5,82.2536,82.2536
zf,S132,birdaves_biox_base,3,44,10,80.5199,80.5199
zf,S132,birdaves_biox_base,3,44,50,76.6226,76.6226
zf,S132,birdaves_biox_base,3,44,100,69.0416,69.0416
zf,S132,birdaves_biox_base,3,45,1,85.8431,85.8431
zf,S132,birdaves_biox_base,3,45,5,83.7242,83.7242
zf,S132,birdaves_biox_base,3,45,10,82.4079,82.4079
zf,S132,birdaves_biox_base,3,45,50,77.8118,77.8118
zf,S132,birdaves_biox_base,3,45,100,69.4098,69.4098
zf,S132,birdaves_biox_base,3,46,1,84.253,84.253
zf,S132,birdaves_biox_base,3,46,5,81.7444,81.7444
zf,S132,birdaves_biox_base,3,46,10,81.2011,81.2011
zf,S132,birdaves_biox_base,3,46,50,76.3968,76.3968
zf,S132,birdaves_biox_base,3,46,100,68.9436,68.9436
zf,S132,birdaves_biox_base,7,42,1,82.9743,82.9743
zf,S132,birdaves_biox_base,7,42,5,81.8088,81.8088
zf,S132,birdaves_biox_base,7,42,10,80.7593,80.7593
zf,S132,birdaves_biox_base,7,42,50,76.62,76.62
zf,S132,birdaves_biox_base,7,42,100,69.3613,69.3613
zf,S132,birdaves_biox_base,7,43,1,83.5716,83.5716
zf,S132,birdaves_biox_base,7,43,5,81.5623,81.5623
zf,S132,birdaves_biox_base,7,43,10,81.0145,81.0145
zf,S132,birdaves_biox_base,7,43,50,77.1574,77.1574
zf,S132,birdaves_biox_base,7,43,100,69.2474,69.2474
zf,S132,birdaves_biox_base,7,44,1,85.5278,85.5278
zf,S132,birdaves_biox_base,7,44,5,82.654,82.654
zf,S132,birdaves_biox_base,7,44,10,81.8652,81.8652
zf,S132,birdaves_biox_base,7,44,50,77.4533,77.4533
zf,S132,birdaves_biox_base,7,44,100,69.8136,69.8136
zf,S132,birdaves_biox_base,7,45,1,84.5392,84.5392
zf,S132,birdaves_biox_base,7,45,5,83.3452,83.3452
zf,S132,birdaves_biox_base,7,45,10,82.5794,82.5794
zf,S132,birdaves_biox_base,7,45,50,78.6654,78.6654
zf,S132,birdaves_biox_base,7,45,100,70.092,70.092
zf,S132,birdaves_biox_base,7,46,1,85.4716,85.4716
zf,S132,birdaves_biox_base,7,46,5,82.098,82.098
zf,S132,birdaves_biox_base,7,46,10,81.4999,81.4999
zf,S132,birdaves_biox_base,7,46,50,78.0098,78.0098
zf,S132,birdaves_biox_base,7,46,100,70.2402,70.2402
zf,S132,birdaves_biox_base_speed0p25,3,42,1,89.4985,89.4985
zf,S132,birdaves_biox_base_speed0p25,3,42,5,87.7782,87.7782
zf,S132,birdaves_biox_base_speed0p25,3,42,10,86.2083,86.2083
zf,S132,birdaves_biox_base_speed0p25,3,42,50,80.1856,80.1856
zf,S132,birdaves_biox_base_speed0p25,3,42,100,69.2935,69.2935
zf,S132,birdaves_biox_base_speed0p25,3,43,1,86.9531,86.9531
zf,S132,birdaves_biox_base_speed0p25,3,43,5,83.9998,83.9998
zf,S132,birdaves_biox_base_speed0p25,3,43,10,82.2049,82.2049
zf,S132,birdaves_biox_base_speed0p25,3,43,50,76.7567,76.7567
zf,S132,birdaves_biox_base_speed0p25,3,43,100,66.0198,66.0198
zf,S132,birdaves_biox_base_speed0p25,3,44,1,89.395,89.395
zf,S132,birdaves_biox_base_speed0p25,3,44,5,86.7041,86.7041
zf,S132,birdaves_biox_base_speed0p25,3,44,10,85.2983,85.2983
zf,S132,birdaves_biox_base_speed0p25,3,44,50,80.3854,80.3854
zf,S132,birdaves_biox_base_speed0p25,3,44,100,70.2634,70.2634
zf,S132,birdaves_biox_base_speed0p25,3,45,1,89.5946,89.5946
zf,S132,birdaves_biox_base_speed0p25,3,45,5,88.2449,88.2449
zf,S132,birdaves_biox_base_speed0p25,3,45,10,86.8531,86.8531
zf,S132,birdaves_biox_base_speed0p25,3,45,50,81.3811,81.3811
zf,S132,birdaves_biox_base_speed0p25,3,45,100,69.6499,69.6499
zf,S132,birdaves_biox_base_speed0p25,3,46,1,91.117,91.117
zf,S132,birdaves_biox_base_speed0p25,3,46,5,89.0333,89.0333
zf,S132,birdaves_biox_base_speed0p25,3,46,10,87.8857,87.8857
zf,S132,birdaves_biox_base_speed0p25,3,46,50,81.9202,81.9202
zf,S132,birdaves_biox_base_speed0p25,3,46,100,69.9919,69.9919
zf,S132,birdaves_biox_base_speed0p25,4,42,1,89.981,89.981
zf,S132,birdaves_biox_base_speed0p25,4,42,5,88.2094,88.2094
zf,S132,birdaves_biox_base_speed0p25,4,42,10,86.7334,86.7334
zf,S132,birdaves_biox_base_speed0p25,4,42,50,81.2344,81.2344
zf,S132,birdaves_biox_base_speed0p25,4,42,100,70.2998,70.2998
zf,S132,birdaves_biox_base_speed0p25,4,43,1,86.0599,86.0599
zf,S132,birdaves_biox_base_speed0p25,4,43,5,84.1885,84.1885
zf,S132,birdaves_biox_base_speed0p25,4,43,10,83.3239,83.3239
zf,S132,birdaves_biox_base_speed0p25,4,43,50,78.0525,78.0525
zf,S132,birdaves_biox_base_speed0p25,4,43,100,67.1512,67.1512
zf,S132,birdaves_biox_base_speed0p25,4,44,1,91.0818,91.0818
zf,S132,birdaves_biox_base_speed0p25,4,44,5,87.2792,87.2792
zf,S132,birdaves_biox_base_speed0p25,4,44,10,86.2446,86.2446
zf,S132,birdaves_biox_base_speed0p25,4,44,50,81.3994,81.3994
zf,S132,birdaves_biox_base_speed0p25,4,44,100,70.8821,70.8821
zf,S132,birdaves_biox_base_speed0p25,4,45,1,89.7061,89.7061
zf,S132,birdaves_biox_base_speed0p25,4,45,5,88.9989,88.9989
zf,S132,birdaves_biox_base_speed0p25,4,45,10,87.6506,87.6506
zf,S132,birdaves_biox_base_speed0p25,4,45,50,82.2854,82.2854
zf,S132,birdaves_biox_base_speed0p25,4,45,100,70.4419,70.4419
zf,S132,birdaves_biox_base_speed0p25,4,46,1,90.5331,90.5331
zf,S132,birdaves_biox_base_speed0p25,4,46,5,89.9,89.9
zf,S132,birdaves_biox_base_speed0p25,4,46,10,88.7458,88.7458
zf,S132,birdaves_biox_base_speed0p25,4,46,50,82.9577,82.9577
zf,S132,birdaves_biox_base_speed0p25,4,46,100,70.9155,70.9155
zf,S132,birdaves_biox_base_speed0p5,3,42,1,89.172,89.172
zf,S132,birdaves_biox_base_speed0p5,3,42,5,86.1486,86.1486
zf,S132,birdaves_biox_base_speed0p5,3,42,10,85.2589,85.2589
zf,S132,birdaves_biox_base_speed0p5,3,42,50,79.8617,79.8617
zf,S132,birdaves_biox_base_speed0p5,3,42,100,70.9545,70.9545
zf,S132,birdaves_biox_base_speed0p5,3,43,1,85.8624,85.8624
zf,S132,birdaves_biox_base_speed0p5,3,43,5,84.5202,84.5202
zf,S132,birdaves_biox_base_speed0p5,3,43,10,83.4232,83.4232
zf,S132,birdaves_biox_base_speed0p5,3,43,50,78.7573,78.7573
zf,S132,birdaves_biox_base_speed0p5,3,43,100,69.4692,69.4692
zf,S132,birdaves_biox_base_speed0p5,3,44,1,86.4321,86.4321
zf,S132,birdaves_biox_base_speed0p5,3,44,5,85.4854,85.4854
zf,S132,birdaves_biox_base_speed0p5,3,44,10,84.461,84.461
zf,S132,birdaves_biox_base_speed0p5,3,44,50,80.5605,80.5605
zf,S132,birdaves_biox_base_speed0p5,3,44,100,71.6055,71.6055
zf,S132,birdaves_biox_base_speed0p5,3,45,1,87.0851,87.0851
zf,S132,birdaves_biox_base_speed0p5,3,45,5,87.4323,87.4323
zf,S132,birdaves_biox_base_speed0p5,3,45,10,86.2284,86.2284
zf,S132,birdaves_biox_base_speed0p5,3,45,50,81.2374,81.2374
zf,S132,birdaves_biox_base_speed0p5,3,45,100,71.2699,71.2699
zf,S132,birdaves_biox_base_speed0p5,3,46,1,89.1881,89.1881
zf,S132,birdaves_biox_base_speed0p5,3,46,5,87.111,87.111
zf,S132,birdaves_biox_base_speed0p5,3,46,10,86.1894,86.1894
zf,S132,birdaves_biox_base_speed0p5,3,46,50,81.5216,81.5216
zf,S132,birdaves_biox_base_speed0p5,3,46,100,71.988,71.988
zf,S132,birdaves_biox_base_speed0p5,6,42,1,89.1581,89.1581
zf,S132,birdaves_biox_base_speed0p5,6,42,5,86.5586,86.5586
zf,S132,birdaves_biox_base_speed0p5,6,42,10,85.8406,85.8406
zf,S132,birdaves_biox_base_speed0p5,6,42,50,81.553,81.553
zf,S132,birdaves_biox_base_speed0p5,6,42,100,72.2425,72.2425
zf,S132,birdaves_biox_base_speed0p5,6,43,1,86.5607,86.5607
zf,S132,birdaves_biox_base_speed0p5,6,43,5,84.7167,84.7167
zf,S132,birdaves_biox_base_speed0p5,6,43,10,84.2774,84.2774
zf,S132,birdaves_biox_base_speed0p5,6,43,50,80.396,80.396
zf,S132,birdaves_biox_base_speed0p5,6,43,100,70.7135,70.7135
zf,S132,birdaves_biox_base_speed0p5,6,44,1,88.8962,88.8962
zf,S132,birdaves_biox_base_speed0p5,6,44,5,86.577,86.577
zf,S132,birdaves_biox_base_speed0p5,6,44,10,85.8566,85.8566
zf,S132,birdaves_biox_base_speed0p5,6,44,50,82.3215,82.3215
zf,S132,birdaves_biox_base_speed0p5,6,44,100,73.2506,73.2506
zf,S132,birdaves_biox_base_speed0p5,6,45,1,88.0213,88.0213
zf,S132,birdaves_biox_base_speed0p5,6,45,5,87.9011,87.9011
zf,S132,birdaves_biox_base_speed0p5,6,45,10,86.9769,86.9769
zf,S132,birdaves_biox_base_speed0p5,6,45,50,83.1371,83.1371
zf,S132,birdaves_biox_base_speed0p5,6,45,100,72.7249,72.7249
zf,S132,birdaves_biox_base_speed0p5,6,46,1,88.8488,88.8488
zf,S132,birdaves_biox_base_speed0p5,6,46,5,88.1162,88.1162
zf,S132,birdaves_biox_base_speed0p5,6,46,10,87.5066,87.5066
zf,S132,birdaves_biox_base_speed0p5,6,46,50,82.8706,82.8706
zf,S132,birdaves_biox_base_speed0p5,6,46,100,73.2566,73.2566
zf,S132,hubert_base_ls960,0,42,1,80.7838,80.7838
zf,S132,hubert_base_ls960,0,42,5,80.3745,80.3745
zf,S132,hubert_base_ls960,0,42,10,79.172,79.172
zf,S132,hubert_base_ls960,0,42,50,74.472,74.472
zf,S132,hubert_base_ls960,0,42,100,66.6509,66.6509
zf,S132,hubert_base_ls960,0,43,1,83.5772,83.5772
zf,S132,hubert_base_ls960,0,43,5,78.6333,78.6333
zf,S132,hubert_base_ls960,0,43,10,77.274,77.274
zf,S132,hubert_base_ls960,0,43,50,72.816,72.816
zf,S132,hubert_base_ls960,0,43,100,64.7165,64.7165
zf,S132,hubert_base_ls960,0,44,1,81.1289,81.1289
zf,S132,hubert_base_ls960,0,44,5,79.7111,79.7111
zf,S132,hubert_base_ls960,0,44,10,78.3489,78.3489
zf,S132,hubert_base_ls960,0,44,50,74.361,74.361
zf,S132,hubert_base_ls960,0,44,100,66.4379,66.4379
zf,S132,hubert_base_ls960,0,45,1,82.5023,82.5023
zf,S132,hubert_base_ls960,0,45,5,82.179,82.179
zf,S132,hubert_base_ls960,0,45,10,80.5951,80.5951
zf,S132,hubert_base_ls960,0,45,50,76.3939,76.3939
zf,S132,hubert_base_ls960,0,45,100,67.4886,67.4886
zf,S132,hubert_base_ls960,0,46,1,83.5742,83.5742
zf,S132,hubert_base_ls960,0,46,5,79.9121,79.9121
zf,S132,hubert_base_ls960,0,46,10,79.4947,79.4947
zf,S132,hubert_base_ls960,0,46,50,73.8957,73.8957
zf,S132,hubert_base_ls960,0,46,100,65.5643,65.5643
zf,S132,hubert_base_ls960,3,42,1,79.5091,79.5091
zf,S132,hubert_base_ls960,3,42,5,80.4703,80.4703
zf,S132,hubert_base_ls960,3,42,10,78.9303,78.9303
zf,S132,hubert_base_ls960,3,42,50,72.9042,72.9042
zf,S132,hubert_base_ls960,3,42,100,64.3543,64.3543
zf,S132,hubert_base_ls960,3,43,1,81.9174,81.9174
zf,S132,hubert_base_ls960,3,43,5,77.6318,77.6318
zf,S132,hubert_base_ls960,3,43,10,76.1277,76.1277
zf,S132,hubert_base_ls960,3,43,50,70.3545,70.3545
zf,S132,hubert_base_ls960,3,43,100,62.3913,62.3913
zf,S132,hubert_base_ls960,3,44,1,82.7364,82.7364
zf,S132,hubert_base_ls960,3,44,5,78.5281,78.5281
zf,S132,hubert_base_ls960,3,44,10,77.6597,77.6597
zf,S132,hubert_base_ls960,3,44,50,72.7879,72.7879
zf,S132,hubert_base_ls960,3,44,100,64.6792,64.6792
zf,S132,hubert_base_ls960,3,45,1,83.3576,83.3576
zf,S132,hubert_base_ls960,3,45,5,81.2893,81.2893
zf,S132,hubert_base_ls960,3,45,10,80.302,80.302
zf,S132,hubert_base_ls960,3,45,50,74.0023,74.0023
zf,S132,hubert_base_ls960,3,45,100,64.7032,64.7032
zf,S132,hubert_base_ls960,3,46,1,83.3744,83.3744
zf,S132,hubert_base_ls960,3,46,5,80.357,80.357
zf,S132,hubert_base_ls960,3,46,10,79.3721,79.3721
zf,S132,hubert_base_ls960,3,46,50,73.2115,73.2115
zf,S132,hubert_base_ls960,3,46,100,64.1056,64.1056
zf,S132,xcl_base_500k_p32x1_c005,5,42,1,90.5512,90.5512
zf,S132,xcl_base_500k_p32x1_c005,5,42,5,89.7583,89.7583
zf,S132,xcl_base_500k_p32x1_c005,5,42,10,88.4795,88.4795
zf,S132,xcl_base_500k_p32x1_c005,5,42,50,83.8855,83.8855
zf,S132,xcl_base_500k_p32x1_c005,5,42,100,74.3711,74.3711
zf,S132,xcl_base_500k_p32x1_c005,5,43,1,89.7983,89.7983
zf,S132,xcl_base_500k_p32x1_c005,5,43,5,86.5066,86.5066
zf,S132,xcl_base_500k_p32x1_c005,5,43,10,84.8359,84.8359
zf,S132,xcl_base_500k_p32x1_c005,5,43,50,81.3333,81.3333
zf,S132,xcl_base_500k_p32x1_c005,5,43,100,72.2468,72.2468
zf,S132,xcl_base_500k_p32x1_c005,5,44,1,91.2145,91.2145
zf,S132,xcl_base_500k_p32x1_c005,5,44,5,88.3067,88.3067
zf,S132,xcl_base_500k_p32x1_c005,5,44,10,86.9639,86.9639
zf,S132,xcl_base_500k_p32x1_c005,5,44,50,83.019,83.019
zf,S132,xcl_base_500k_p32x1_c005,5,44,100,74.2813,74.2813
zf,S132,xcl_base_500k_p32x1_c005,5,45,1,91.2288,91.2288
zf,S132,xcl_base_500k_p32x1_c005,5,45,5,90.2082,90.2082
zf,S132,xcl_base_500k_p32x1_c005,5,45,10,89.5516,89.5516
zf,S132,xcl_base_500k_p32x1_c005,5,45,50,85.2033,85.2033
zf,S132,xcl_base_500k_p32x1_c005,5,45,100,74.924,74.924
zf,S132,xcl_base_500k_p32x1_c005,5,46,1,90.6769,90.6769
zf,S132,xcl_base_500k_p32x1_c005,5,46,5,89.7269,89.7269
zf,S132,xcl_base_500k_p32x1_c005,5,46,10,88.7864,88.7864
zf,S132,xcl_base_500k_p32x1_c005,5,46,50,84.1423,84.1423
zf,S132,xcl_base_500k_p32x1_c005,5,46,100,74.2928,74.2928
zf,S132,xcl_base_500k_p32x4_c010,3,42,1,82.9557,82.9557
zf,S132,xcl_base_500k_p32x4_c010,3,42,5,81.5014,81.5014
zf,S132,xcl_base_500k_p32x4_c010,3,42,10,80.6894,80.6894
zf,S132,xcl_base_500k_p32x4_c010,3,42,50,76.2401,76.2401
zf,S132,xcl_base_500k_p32x4_c010,3,42,100,68.2525,68.2525
zf,S132,xcl_base_500k_p32x4_c010,3,43,1,82.048,82.048
zf,S132,xcl_base_500k_p32x4_c010,3,43,5,79.39,79.39
zf,S132,xcl_base_500k_p32x4_c010,3,43,10,78.4461,78.4461
zf,S132,xcl_base_500k_p32x4_c010,3,43,50,74.9038,74.9038
zf,S132,xcl_base_500k_p32x4_c010,3,43,100,67.0177,67.0177
zf,S132,xcl_base_500k_p32x4_c010,3,44,1,83.5505,83.5505
zf,S132,xcl_base_500k_p32x4_c010,3,44,5,79.3877,79.3877
zf,S132,xcl_base_500k_p32x4_c010,3,44,10,78.755,78.755
zf,S132,xcl_base_500k_p32x4_c010,3,44,50,75.2701,75.2701
zf,S132,xcl_base_500k_p32x4_c010,3,44,100,68.0654,68.0654
zf,S132,xcl_base_500k_p32x4_c010,3,45,1,86.3232,86.3232
zf,S132,xcl_base_500k_p32x4_c010,3,45,5,84.0757,84.0757
zf,S132,xcl_base_500k_p32x4_c010,3,45,10,83.0476,83.0476
zf,S132,xcl_base_500k_p32x4_c010,3,45,50,78.2521,78.2521
zf,S132,xcl_base_500k_p32x4_c010,3,45,100,68.917,68.917
zf,S132,xcl_base_500k_p32x4_c010,3,46,1,82.5435,82.5435
zf,S132,xcl_base_500k_p32x4_c010,3,46,5,82.1651,82.1651
zf,S132,xcl_base_500k_p32x4_c010,3,46,10,81.04,81.04
zf,S132,xcl_base_500k_p32x4_c010,3,46,50,77.357,77.357
zf,S132,xcl_base_500k_p32x4_c010,3,46,100,68.5554,68.5554
zf,S132,xcl_base_500k_p32x4_c010,4,42,1,82.8542,82.8542
zf,S132,xcl_base_500k_p32x4_c010,4,42,5,81.2602,81.2602
zf,S132,xcl_base_500k_p32x4_c010,4,42,10,80.738,80.738
zf,S132,xcl_base_500k_p32x4_c010,4,42,50,76.1458,76.1458
zf,S132,xcl_base_500k_p32x4_c010,4,42,100,68.0082,68.0082
zf,S132,xcl_base_500k_p32x4_c010,4,43,1,80.4039,80.4039
zf,S132,xcl_base_500k_p32x4_c010,4,43,5,79.0125,79.0125
zf,S132,xcl_base_500k_p32x4_c010,4,43,10,78.3405,78.3405
zf,S132,xcl_base_500k_p32x4_c010,4,43,50,74.5373,74.5373
zf,S132,xcl_base_500k_p32x4_c010,4,43,100,66.6771,66.6771
zf,S132,xcl_base_500k_p32x4_c010,4,44,1,81.9778,81.9778
zf,S132,xcl_base_500k_p32x4_c010,4,44,5,79.1124,79.1124
zf,S132,xcl_base_500k_p32x4_c010,4,44,10,78.5918,78.5918
zf,S132,xcl_base_500k_p32x4_c010,4,44,50,75.2097,75.2097
zf,S132,xcl_base_500k_p32x4_c010,4,44,100,67.8385,67.8385
zf,S132,xcl_base_500k_p32x4_c010,4,45,1,86.3766,86.3766
zf,S132,xcl_base_500k_p32x4_c010,4,45,5,84.3255,84.3255
zf,S132,xcl_base_500k_p32x4_c010,4,45,10,83.0154,83.0154
zf,S132,xcl_base_500k_p32x4_c010,4,45,50,78.3018,78.3018
zf,S132,xcl_base_500k_p32x4_c010,4,45,100,68.69,68.69
zf,S132,xcl_base_500k_p32x4_c010,4,46,1,83.2725,83.2725
zf,S132,xcl_base_500k_p32x4_c010,4,46,5,81.5258,81.5258
zf,S132,xcl_base_500k_p32x4_c010,4,46,10,81.0826,81.0826
zf,S132,xcl_base_500k_p32x4_c010,4,46,50,77.2215,77.2215
zf,S132,xcl_base_500k_p32x4_c010,4,46,100,68.288,68.288
zf,S132,xcl_large_500k_p32x1_c005,11,42,1,89.2686,89.2686
zf,S132,xcl_large_500k_p32x1_c005,11,42,5,89.2838,89.2838
zf,S132,xcl_large_500k_p32x1_c005,11,42,10,88.5567,88.5567
zf,S132,xcl_large_500k_p32x1_c005,11,42,50,84.7255,84.7255
zf,S132,xcl_large_500k_p32x1_c005,11,42,100,75.0779,75.0779
zf,S132,xcl_large_500k_p32x1_c005,11,43,1,90.476,90.476
zf,S132,xcl_large_500k_p32x1_c005,11,43,5,86.4098,86.4098
zf,S132,xcl_large_500k_p32x1_c005,11,43,10,85.2942,85.2942
zf,S132,xcl_large_500k_p32x1_c005,11,43,50,82.3604,82.3604
zf,S132,xcl_large_500k_p32x1_c005,11,43,100,73.6228,73.6228
zf,S132,xcl_large_500k_p32x1_c005,11,44,1,90.2126,90.2126
zf,S132,xcl_large_500k_p32x1_c005,11,44,5,88.2198,88.2198
zf,S132,xcl_large_500k_p32x1_c005,11,44,10,87.4823,87.4823
zf,S132,xcl_large_500k_p32x1_c005,11,44,50,84.0067,84.0067
zf,S132,xcl_large_500k_p32x1_c005,11,44,100,75.3319,75.3319
zf,S132,xcl_large_500k_p32x1_c005,11,45,1,91.8025,91.8025
zf,S132,xcl_large_500k_p32x1_c005,11,45,5,90.3674,90.3674
zf,S132,xcl_large_500k_p32x1_c005,11,45,10,89.5324,89.5324
zf,S132,xcl_large_500k_p32x1_c005,11,45,50,85.1485,85.1485
zf,S132,xcl_large_500k_p32x1_c005,11,45,100,75.3316,75.3316
zf,S132,xcl_large_500k_p32x1_c005,11,46,1,90.4394,90.4394
zf,S132,xcl_large_500k_p32x1_c005,11,46,5,89.2601,89.2601
zf,S132,xcl_large_500k_p32x1_c005,11,46,10,88.4695,88.4695
zf,S132,xcl_large_500k_p32x1_c005,11,46,50,84.7843,84.7843
zf,S132,xcl_large_500k_p32x1_c005,11,46,100,75.122,75.122
zf,S132,xcl_large_500k_p32x4_c0025,9,42,1,83.3549,83.3549
zf,S132,xcl_large_500k_p32x4_c0025,9,42,5,82.0794,82.0794
zf,S132,xcl_large_500k_p32x4_c0025,9,42,10,81.0809,81.0809
zf,S132,xcl_large_500k_p32x4_c0025,9,42,50,77.0531,77.0531
zf,S132,xcl_large_500k_p32x4_c0025,9,42,100,68.3938,68.3938
zf,S132,xcl_large_500k_p32x4_c0025,9,43,1,82.4359,82.4359
zf,S132,xcl_large_500k_p32x4_c0025,9,43,5,79.0616,79.0616
zf,S132,xcl_large_500k_p32x4_c0025,9,43,10,78.2781,78.2781
zf,S132,xcl_large_500k_p32x4_c0025,9,43,50,75.0381,75.0381
zf,S132,xcl_large_500k_p32x4_c0025,9,43,100,67.0561,67.0561
zf,S132,xcl_large_500k_p32x4_c0025,9,44,1,83.5348,83.5348
zf,S132,xcl_large_500k_p32x4_c0025,9,44,5,80.87,80.87
zf,S132,xcl_large_500k_p32x4_c0025,9,44,10,79.6599,79.6599
zf,S132,xcl_large_500k_p32x4_c0025,9,44,50,75.8961,75.8961
zf,S132,xcl_large_500k_p32x4_c0025,9,44,100,68.1731,68.1731
zf,S132,xcl_large_500k_p32x4_c0025,9,45,1,84.9354,84.9354
zf,S132,xcl_large_500k_p32x4_c0025,9,45,5,85.0616,85.0616
zf,S132,xcl_large_500k_p32x4_c0025,9,45,10,83.5657,83.5657
zf,S132,xcl_large_500k_p32x4_c0025,9,45,50,78.9039,78.9039
zf,S132,xcl_large_500k_p32x4_c0025,9,45,100,69.0935,69.0935
zf,S132,xcl_large_500k_p32x4_c0025,9,46,1,84.7584,84.7584
zf,S132,xcl_large_500k_p32x4_c0025,9,46,5,81.7847,81.7847
zf,S132,xcl_large_500k_p32x4_c0025,9,46,10,81.3861,81.3861
zf,S132,xcl_large_500k_p32x4_c0025,9,46,50,77.4739,77.4739
zf,S132,xcl_large_500k_p32x4_c0025,9,46,100,68.664,68.664
zf,S132,xcl_large_500k_p32x4_c010,10,42,1,83.3617,83.3617
zf,S132,xcl_large_500k_p32x4_c010,10,42,5,81.5825,81.5825
zf,S132,xcl_large_500k_p32x4_c010,10,42,10,80.6617,80.6617
zf,S132,xcl_large_500k_p32x4_c010,10,42,50,76.6852,76.6852
zf,S132,xcl_large_500k_p32x4_c010,10,42,100,68.8882,68.8882
zf,S132,xcl_large_500k_p32x4_c010,10,43,1,83.437,83.437
zf,S132,xcl_large_500k_p32x4_c010,10,43,5,79.709,79.709
zf,S132,xcl_large_500k_p32x4_c010,10,43,10,79.3477,79.3477
zf,S132,xcl_large_500k_p32x4_c010,10,43,50,75.9923,75.9923
zf,S132,xcl_large_500k_p32x4_c010,10,43,100,68.2511,68.2511
zf,S132,xcl_large_500k_p32x4_c010,10,44,1,82.5194,82.5194
zf,S132,xcl_large_500k_p32x4_c010,10,44,5,80.4291,80.4291
zf,S132,xcl_large_500k_p32x4_c010,10,44,10,79.3435,79.3435
zf,S132,xcl_large_500k_p32x4_c010,10,44,50,76.007,76.007
zf,S132,xcl_large_500k_p32x4_c010,10,44,100,69.0549,69.0549
zf,S132,xcl_large_500k_p32x4_c010,10,45,1,85.3966,85.3966
zf,S132,xcl_large_500k_p32x4_c010,10,45,5,83.9561,83.9561
zf,S132,xcl_large_500k_p32x4_c010,10,45,10,83.0462,83.0462
zf,S132,xcl_large_500k_p32x4_c010,10,45,50,78.4589,78.4589
zf,S132,xcl_large_500k_p32x4_c010,10,45,100,69.5719,69.5719
zf,S132,xcl_large_500k_p32x4_c010,10,46,1,85.0529,85.0529
zf,S132,xcl_large_500k_p32x4_c010,10,46,5,81.3972,81.3972
zf,S132,xcl_large_500k_p32x4_c010,10,46,10,81.6842,81.6842
zf,S132,xcl_large_500k_p32x4_c010,10,46,50,77.9164,77.9164
zf,S132,xcl_large_500k_p32x4_c010,10,46,100,69.8125,69.8125
zf,S132,xcl_micro_500k_p32x1_c005,4,42,1,89.9518,89.9518
zf,S132,xcl_micro_500k_p32x1_c005,4,42,5,88.5754,88.5754
zf,S132,xcl_micro_500k_p32x1_c005,4,42,10,87.4126,87.4126
zf,S132,xcl_micro_500k_p32x1_c005,4,42,50,82.4213,82.4213
zf,S132,xcl_micro_500k_p32x1_c005,4,42,100,72.7519,72.7519
zf,S132,xcl_micro_500k_p32x1_c005,4,43,1,87.4221,87.4221
zf,S132,xcl_micro_500k_p32x1_c005,4,43,5,84.385,84.385
zf,S132,xcl_micro_500k_p32x1_c005,4,43,10,83.8083,83.8083
zf,S132,xcl_micro_500k_p32x1_c005,4,43,50,79.5225,79.5225
zf,S132,xcl_micro_500k_p32x1_c005,4,43,100,70.2156,70.2156
zf,S132,xcl_micro_500k_p32x1_c005,4,44,1,89.3824,89.3824
zf,S132,xcl_micro_500k_p32x1_c005,4,44,5,87.0868,87.0868
zf,S132,xcl_micro_500k_p32x1_c005,4,44,10,86.1901,86.1901
zf,S132,xcl_micro_500k_p32x1_c005,4,44,50,81.6053,81.6053
zf,S132,xcl_micro_500k_p32x1_c005,4,44,100,72.7916,72.7916
zf,S132,xcl_micro_500k_p32x1_c005,4,45,1,90.6852,90.6852
zf,S132,xcl_micro_500k_p32x1_c005,4,45,5,89.7386,89.7386
zf,S132,xcl_micro_500k_p32x1_c005,4,45,10,88.4744,88.4744
zf,S132,xcl_micro_500k_p32x1_c005,4,45,50,83.2485,83.2485
zf,S132,xcl_micro_500k_p32x1_c005,4,45,100,72.6068,72.6068
zf,S132,xcl_micro_500k_p32x1_c005,4,46,1,89.3839,89.3839
zf,S132,xcl_micro_500k_p32x1_c005,4,46,5,89.1245,89.1245
zf,S132,xcl_micro_500k_p32x1_c005,4,46,10,88.2494,88.2494
zf,S132,xcl_micro_500k_p32x1_c005,4,46,50,83.1766,83.1766
zf,S132,xcl_micro_500k_p32x1_c005,4,46,100,72.4503,72.4503
zf,S132,xcl_micro_500k_p32x1_c005,5,42,1,90.1238,90.1238
zf,S132,xcl_micro_500k_p32x1_c005,5,42,5,88.6397,88.6397
zf,S132,xcl_micro_500k_p32x1_c005,5,42,10,87.701,87.701
zf,S132,xcl_micro_500k_p32x1_c005,5,42,50,82.7877,82.7877
zf,S132,xcl_micro_500k_p32x1_c005,5,42,100,72.9064,72.9064
zf,S132,xcl_micro_500k_p32x1_c005,5,43,1,87.1808,87.1808
zf,S132,xcl_micro_500k_p32x1_c005,5,43,5,84.6945,84.6945
zf,S132,xcl_micro_500k_p32x1_c005,5,43,10,83.354,83.354
zf,S132,xcl_micro_500k_p32x1_c005,5,43,50,79.6914,79.6914
zf,S132,xcl_micro_500k_p32x1_c005,5,43,100,70.4254,70.4254
zf,S132,xcl_micro_500k_p32x1_c005,5,44,1,88.7273,88.7273
zf,S132,xcl_micro_500k_p32x1_c005,5,44,5,86.9352,86.9352
zf,S132,xcl_micro_500k_p32x1_c005,5,44,10,86.3438,86.3438
zf,S132,xcl_micro_500k_p32x1_c005,5,44,50,81.751,81.751
zf,S132,xcl_micro_500k_p32x1_c005,5,44,100,73.025,73.025
zf,S132,xcl_micro_500k_p32x1_c005,5,45,1,91.9536,91.9536
zf,S132,xcl_micro_500k_p32x1_c005,5,45,5,89.8295,89.8295
zf,S132,xcl_micro_500k_p32x1_c005,5,45,10,88.6044,88.6044
zf,S132,xcl_micro_500k_p32x1_c005,5,45,50,83.6098,83.6098
zf,S132,xcl_micro_500k_p32x1_c005,5,45,100,72.9075,72.9075
zf,S132,xcl_micro_500k_p32x1_c005,5,46,1,89.6794,89.6794
zf,S132,xcl_micro_500k_p32x1_c005,5,46,5,89.2316,89.2316
zf,S132,xcl_micro_500k_p32x1_c005,5,46,10,88.409,88.409
zf,S132,xcl_micro_500k_p32x1_c005,5,46,50,83.4957,83.4957
zf,S132,xcl_micro_500k_p32x1_c005,5,46,100,72.752,72.752
zf,S132,xcl_micro_500k_p32x4_c010,3,42,1,81.5652,81.5652
zf,S132,xcl_micro_500k_p32x4_c010,3,42,5,81.8625,81.8625
zf,S132,xcl_micro_500k_p32x4_c010,3,42,10,81.3012,81.3012
zf,S132,xcl_micro_500k_p32x4_c010,3,42,50,76.2484,76.2484
zf,S132,xcl_micro_500k_p32x4_c010,3,42,100,66.7954,66.7954
zf,S132,xcl_micro_500k_p32x4_c010,3,43,1,84.9199,84.9199
zf,S132,xcl_micro_500k_p32x4_c010,3,43,5,79.6216,79.6216
zf,S132,xcl_micro_500k_p32x4_c010,3,43,10,78.8535,78.8535
zf,S132,xcl_micro_500k_p32x4_c010,3,43,50,74.3443,74.3443
zf,S132,xcl_micro_500k_p32x4_c010,3,43,100,65.6193,65.6193
zf,S132,xcl_micro_500k_p32x4_c010,3,44,1,81.1424,81.1424
zf,S132,xcl_micro_500k_p32x4_c010,3,44,5,80.0176,80.0176
zf,S132,xcl_micro_500k_p32x4_c010,3,44,10,79.0083,79.0083
zf,S132,xcl_micro_500k_p32x4_c010,3,44,50,75.1188,75.1188
zf,S132,xcl_micro_500k_p32x4_c010,3,44,100,66.7846,66.7846
zf,S132,xcl_micro_500k_p32x4_c010,3,45,1,85.4842,85.4842
zf,S132,xcl_micro_500k_p32x4_c010,3,45,5,84.5651,84.5651
zf,S132,xcl_micro_500k_p32x4_c010,3,45,10,83.7685,83.7685
zf,S132,xcl_micro_500k_p32x4_c010,3,45,50,78.2079,78.2079
zf,S132,xcl_micro_500k_p32x4_c010,3,45,100,67.8574,67.8574
zf,S132,xcl_micro_500k_p32x4_c010,3,46,1,84.8876,84.8876
zf,S132,xcl_micro_500k_p32x4_c010,3,46,5,81.6343,81.6343
zf,S132,xcl_micro_500k_p32x4_c010,3,46,10,81.0821,81.0821
zf,S132,xcl_micro_500k_p32x4_c010,3,46,50,76.9535,76.9535
zf,S132,xcl_micro_500k_p32x4_c010,3,46,100,67.2317,67.2317
zf,S389,birdaves_biox_base,3,42,1,89.0683,89.0683
zf,S389,birdaves_biox_base,3,42,5,88.9313,88.9313
zf,S389,birdaves_biox_base,3,42,10,88.3839,88.3839
zf,S389,birdaves_biox_base,3,42,50,80.4001,80.4001
zf,S389,birdaves_biox_base,3,42,100,67.4758,67.4758
zf,S389,birdaves_biox_base,3,43,1,91.1144,91.1144
zf,S389,birdaves_biox_base,3,43,5,87.9351,87.9351
zf,S389,birdaves_biox_base,3,43,10,86.7171,86.7171
zf,S389,birdaves_biox_base,3,43,50,78.4125,78.4125
zf,S389,birdaves_biox_base,3,43,100,66.3972,66.3972
zf,S389,birdaves_biox_base,3,44,1,89.7965,89.7965
zf,S389,birdaves_biox_base,3,44,5,88.1313,88.1313
zf,S389,birdaves_biox_base,3,44,10,86.7783,86.7783
zf,S389,birdaves_biox_base,3,44,50,79.5688,79.5688
zf,S389,birdaves_biox_base,3,44,100,67.6523,67.6523
zf,S389,birdaves_biox_base,3,45,1,86.0364,86.0364
zf,S389,birdaves_biox_base,3,45,5,86.7291,86.7291
zf,S389,birdaves_biox_base,3,45,10,85.1689,85.1689
zf,S389,birdaves_biox_base,3,45,50,77.8378,77.8378
zf,S389,birdaves_biox_base,3,45,100,65.9697,65.9697
zf,S389,birdaves_biox_base,3,46,1,87.8527,87.8527
zf,S389,birdaves_biox_base,3,46,5,86.2662,86.2662
zf,S389,birdaves_biox_base,3,46,10,84.7999,84.7999
zf,S389,birdaves_biox_base,3,46,50,76.5003,76.5003
zf,S389,birdaves_biox_base,3,46,100,66.3555,66.3555
zf,S389,birdaves_biox_base,7,42,1,90.6706,90.6706
zf,S389,birdaves_biox_base,7,42,5,88.9184,88.9184
zf,S389,birdaves_biox_base,7,42,10,87.8878,87.8878
zf,S389,birdaves_biox_base,7,42,50,80.666,80.666
zf,S389,birdaves_biox_base,7,42,100,67.446,67.446
zf,S389,birdaves_biox_base,7,43,1,89.1174,89.1174
zf,S389,birdaves_biox_base,7,43,5,87.7293,87.7293
zf,S389,birdaves_biox_base,7,43,10,86.8234,86.8234
zf,S389,birdaves_biox_base,7,43,50,79.2415,79.2415
zf,S389,birdaves_biox_base,7,43,100,66.7463,66.7463
zf,S389,birdaves_biox_base,7,44,1,90.17,90.17
zf,S389,birdaves_biox_base,7,44,5,88.4662,88.4662
zf,S389,birdaves_biox_base,7,44,10,87.0331,87.0331
zf,S389,birdaves_biox_base,7,44,50,79.7568,79.7568
zf,S389,birdaves_biox_base,7,44,100,67.8085,67.8085
zf,S389,birdaves_biox_base,7,45,1,88.8254,88.8254
zf,S389,birdaves_biox_base,7,45,5,87.2171,87.2171
zf,S389,birdaves_biox_base,7,45,10,86.495,86.495
zf,S389,birdaves_biox_base,7,45,50,78.7311,78.7311
zf,S389,birdaves_biox_base,7,45,100,66.6853,66.6853
zf,S389,birdaves_biox_base,7,46,1,89.4301,89.4301
zf,S389,birdaves_biox_base,7,46,5,85.7827,85.7827
zf,S389,birdaves_biox_base,7,46,10,84.7251,84.7251
zf,S389,birdaves_biox_base,7,46,50,77.0307,77.0307
zf,S389,birdaves_biox_base,7,46,100,66.4803,66.4803
zf,S389,birdaves_biox_base_speed0p25,3,42,1,93.442,93.442
zf,S389,birdaves_biox_base_speed0p25,3,42,5,92.5011,92.5011
zf,S389,birdaves_biox_base_speed0p25,3,42,10,91.5016,91.5016
zf,S389,birdaves_biox_base_speed0p25,3,42,50,83.9505,83.9505
zf,S389,birdaves_biox_base_speed0p25,3,42,100,69.0333,69.0333
zf,S389,birdaves_biox_base_speed0p25,3,43,1,92.5431,92.5431
zf,S389,birdaves_biox_base_speed0p25,3,43,5,89.6661,89.6661
zf,S389,birdaves_biox_base_speed0p25,3,43,10,88.2604,88.2604
zf,S389,birdaves_biox_base_speed0p25,3,43,50,80.3351,80.3351
zf,S389,birdaves_biox_base_speed0p25,3,43,100,66.7784,66.7784
zf,S389,birdaves_biox_base_speed0p25,3,44,1,91.4247,91.4247
zf,S389,birdaves_biox_base_speed0p25,3,44,5,89.8263,89.8263
zf,S389,birdaves_biox_base_speed0p25,3,44,10,88.8564,88.8564
zf,S389,birdaves_biox_base_speed0p25,3,44,50,81.5554,81.5554
zf,S389,birdaves_biox_base_speed0p25,3,44,100,67.905,67.905
zf,S389,birdaves_biox_base_speed0p25,3,45,1,90.281,90.281
zf,S389,birdaves_biox_base_speed0p25,3,45,5,88.5826,88.5826
zf,S389,birdaves_biox_base_speed0p25,3,45,10,87.1738,87.1738
zf,S389,birdaves_biox_base_speed0p25,3,45,50,80.0182,80.0182
zf,S389,birdaves_biox_base_speed0p25,3,45,100,66.3666,66.3666
zf,S389,birdaves_biox_base_speed0p25,3,46,1,91.2403,91.2403
zf,S389,birdaves_biox_base_speed0p25,3,46,5,89.1249,89.1249
zf,S389,birdaves_biox_base_speed0p25,3,46,10,87.3735,87.3735
zf,S389,birdaves_biox_base_speed0p25,3,46,50,79.0809,79.0809
zf,S389,birdaves_biox_base_speed0p25,3,46,100,66.8933,66.8933
zf,S389,birdaves_biox_base_speed0p25,4,42,1,94.1216,94.1216
zf,S389,birdaves_biox_base_speed0p25,4,42,5,92.9315,92.9315
zf,S389,birdaves_biox_base_speed0p25,4,42,10,91.9935,91.9935
zf,S389,birdaves_biox_base_speed0p25,4,42,50,84.4411,84.4411
zf,S389,birdaves_biox_base_speed0p25,4,42,100,69.9746,69.9746
zf,S389,birdaves_biox_base_speed0p25,4,43,1,92.4673,92.4673
zf,S389,birdaves_biox_base_speed0p25,4,43,5,89.9316,89.9316
zf,S389,birdaves_biox_base_speed0p25,4,43,10,88.6772,88.6772
zf,S389,birdaves_biox_base_speed0p25,4,43,50,80.8762,80.8762
zf,S389,birdaves_biox_base_speed0p25,4,43,100,67.6885,67.6885
zf,S389,birdaves_biox_base_speed0p25,4,44,1,91.9032,91.9032
zf,S389,birdaves_biox_base_speed0p25,4,44,5,90.0908,90.0908
zf,S389,birdaves_biox_base_speed0p25,4,44,10,89.1909,89.1909
zf,S389,birdaves_biox_base_speed0p25,4,44,50,82.0332,82.0332
zf,S389,birdaves_biox_base_speed0p25,4,44,100,68.8604,68.8604
zf,S389,birdaves_biox_base_speed0p25,4,45,1,90.4725,90.4725
zf,S389,birdaves_biox_base_speed0p25,4,45,5,88.8412,88.8412
zf,S389,birdaves_biox_base_speed0p25,4,45,10,87.9026,87.9026
zf,S389,birdaves_biox_base_speed0p25,4,45,50,80.5779,80.5779
zf,S389,birdaves_biox_base_speed0p25,4,45,100,67.394,67.394
zf,S389,birdaves_biox_base_speed0p25,4,46,1,91.4727,91.4727
zf,S389,birdaves_biox_base_speed0p25,4,46,5,89.3965,89.3965
zf,S389,birdaves_biox_base_speed0p25,4,46,10,87.766,87.766
zf,S389,birdaves_biox_base_speed0p25,4,46,50,79.6023,79.6023
zf,S389,birdaves_biox_base_speed0p25,4,46,100,67.8923,67.8923
zf,S389,birdaves_biox_base_speed0p5,3,42,1,92.8858,92.8858
zf,S389,birdaves_biox_base_speed0p5,3,42,5,91.8207,91.8207
zf,S389,birdaves_biox_base_speed0p5,3,42,10,91.3569,91.3569
zf,S389,birdaves_biox_base_speed0p5,3,42,50,84.1102,84.1102
zf,S389,birdaves_biox_base_speed0p5,3,42,100,70.0679,70.0679
zf,S389,birdaves_biox_base_speed0p5,3,43,1,92.3481,92.3481
zf,S389,birdaves_biox_base_speed0p5,3,43,5,90.1974,90.1974
zf,S389,birdaves_biox_base_speed0p5,3,43,10,89.0796,89.0796
zf,S389,birdaves_biox_base_speed0p5,3,43,50,81.0433,81.0433
zf,S389,birdaves_biox_base_speed0p5,3,43,100,68.2233,68.2233
zf,S389,birdaves_biox_base_speed0p5,3,44,1,90.368,90.368
zf,S389,birdaves_biox_base_speed0p5,3,44,5,90.1261,90.1261
zf,S389,birdaves_biox_base_speed0p5,3,44,10,89.2399,89.2399
zf,S389,birdaves_biox_base_speed0p5,3,44,50,82.6769,82.6769
zf,S389,birdaves_biox_base_speed0p5,3,44,100,69.7494,69.7494
zf,S389,birdaves_biox_base_speed0p5,3,45,1,90.7698,90.7698
zf,S389,birdaves_biox_base_speed0p5,3,45,5,89.554,89.554
zf,S389,birdaves_biox_base_speed0p5,3,45,10,88.5878,88.5878
zf,S389,birdaves_biox_base_speed0p5,3,45,50,81.411,81.411
zf,S389,birdaves_biox_base_speed0p5,3,45,100,68.4724,68.4724
zf,S389,birdaves_biox_base_speed0p5,3,46,1,91.3628,91.3628
zf,S389,birdaves_biox_base_speed0p5,3,46,5,89.0259,89.0259
zf,S389,birdaves_biox_base_speed0p5,3,46,10,87.6773,87.6773
zf,S389,birdaves_biox_base_speed0p5,3,46,50,79.6803,79.6803
zf,S389,birdaves_biox_base_speed0p5,3,46,100,68.1877,68.1877
zf,S389,birdaves_biox_base_speed0p5,6,42,1,92.7749,92.7749
zf,S389,birdaves_biox_base_speed0p5,6,42,5,91.8929,91.8929
zf,S389,birdaves_biox_base_speed0p5,6,42,10,91.176,91.176
zf,S389,birdaves_biox_base_speed0p5,6,42,50,83.6966,83.6966
zf,S389,birdaves_biox_base_speed0p5,6,42,100,70.0862,70.0862
zf,S389,birdaves_biox_base_speed0p5,6,43,1,92.1657,92.1657
zf,S389,birdaves_biox_base_speed0p5,6,43,5,90.6861,90.6861
zf,S389,birdaves_biox_base_speed0p5,6,43,10,89.5836,89.5836
zf,S389,birdaves_biox_base_speed0p5,6,43,50,81.2466,81.2466
zf,S389,birdaves_biox_base_speed0p5,6,43,100,68.5198,68.5198
zf,S389,birdaves_biox_base_speed0p5,6,44,1,90.29,90.29
zf,S389,birdaves_biox_base_speed0p5,6,44,5,89.9459,89.9459
zf,S389,birdaves_biox_base_speed0p5,6,44,10,89.0748,89.0748
zf,S389,birdaves_biox_base_speed0p5,6,44,50,82.1934,82.1934
zf,S389,birdaves_biox_base_speed0p5,6,44,100,69.8529,69.8529
zf,S389,birdaves_biox_base_speed0p5,6,45,1,90.6119,90.6119
zf,S389,birdaves_biox_base_speed0p5,6,45,5,89.4343,89.4343
zf,S389,birdaves_biox_base_speed0p5,6,45,10,88.7205,88.7205
zf,S389,birdaves_biox_base_speed0p5,6,45,50,81.2255,81.2255
zf,S389,birdaves_biox_base_speed0p5,6,45,100,68.3927,68.3927
zf,S389,birdaves_biox_base_speed0p5,6,46,1,91.0304,91.0304
zf,S389,birdaves_biox_base_speed0p5,6,46,5,88.9073,88.9073
zf,S389,birdaves_biox_base_speed0p5,6,46,10,87.7608,87.7608
zf,S389,birdaves_biox_base_speed0p5,6,46,50,79.681,79.681
zf,S389,birdaves_biox_base_speed0p5,6,46,100,68.3887,68.3887
zf,S389,hubert_base_ls960,0,42,1,88.875,88.875
zf,S389,hubert_base_ls960,0,42,5,88.2036,88.2036
zf,S389,hubert_base_ls960,0,42,10,87.7287,87.7287
zf,S389,hubert_base_ls960,0,42,50,77.6581,77.6581
zf,S389,hubert_base_ls960,0,42,100,61.1201,61.1201
zf,S389,hubert_base_ls960,0,43,1,90.2967,90.2967
zf,S389,hubert_base_ls960,0,43,5,87.0405,87.0405
zf,S389,hubert_base_ls960,0,43,10,86.2855,86.2855
zf,S389,hubert_base_ls960,0,43,50,76.4766,76.4766
zf,S389,hubert_base_ls960,0,43,100,60.5231,60.5231
zf,S389,hubert_base_ls960,0,44,1,87.8851,87.8851
zf,S389,hubert_base_ls960,0,44,5,87.1013,87.1013
zf,S389,hubert_base_ls960,0,44,10,86.4231,86.4231
zf,S389,hubert_base_ls960,0,44,50,77.5228,77.5228
zf,S389,hubert_base_ls960,0,44,100,61.5108,61.5108
zf,S389,hubert_base_ls960,0,45,1,86.2487,86.2487
zf,S389,hubert_base_ls960,0,45,5,85.5942,85.5942
zf,S389,hubert_base_ls960,0,45,10,84.7774,84.7774
zf,S389,hubert_base_ls960,0,45,50,75.5199,75.5199
zf,S389,hubert_base_ls960,0,45,100,60.2911,60.2911
zf,S389,hubert_base_ls960,0,46,1,87.8045,87.8045
zf,S389,hubert_base_ls960,0,46,5,85.3556,85.3556
zf,S389,hubert_base_ls960,0,46,10,84.0331,84.0331
zf,S389,hubert_base_ls960,0,46,50,74.3983,74.3983
zf,S389,hubert_base_ls960,0,46,100,60.52,60.52
zf,S389,hubert_base_ls960,3,42,1,87.852,87.852
zf,S389,hubert_base_ls960,3,42,5,87.1301,87.1301
zf,S389,hubert_base_ls960,3,42,10,86.015,86.015
zf,S389,hubert_base_ls960,3,42,50,75.4442,75.4442
zf,S389,hubert_base_ls960,3,42,100,59.3747,59.3747
zf,S389,hubert_base_ls960,3,43,1,89.8022,89.8022
zf,S389,hubert_base_ls960,3,43,5,86.551,86.551
zf,S389,hubert_base_ls960,3,43,10,84.8506,84.8506
zf,S389,hubert_base_ls960,3,43,50,73.143,73.143
zf,S389,hubert_base_ls960,3,43,100,58.6201,58.6201
zf,S389,hubert_base_ls960,3,44,1,85.4674,85.4674
zf,S389,hubert_base_ls960,3,44,5,85.2176,85.2176
zf,S389,hubert_base_ls960,3,44,10,84.668,84.668
zf,S389,hubert_base_ls960,3,44,50,76.0078,76.0078
zf,S389,hubert_base_ls960,3,44,100,60.3876,60.3876
zf,S389,hubert_base_ls960,3,45,1,84.7381,84.7381
zf,S389,hubert_base_ls960,3,45,5,84.6684,84.6684
zf,S389,hubert_base_ls960,3,45,10,83.673,83.673
zf,S389,hubert_base_ls960,3,45,50,74.3156,74.3156
zf,S389,hubert_base_ls960,3,45,100,59.452,59.452
zf,S389,hubert_base_ls960,3,46,1,84.7504,84.7504
zf,S389,hubert_base_ls960,3,46,5,83.1239,83.1239
zf,S389,hubert_base_ls960,3,46,10,81.7615,81.7615
zf,S389,hubert_base_ls960,3,46,50,72.0622,72.0622
zf,S389,hubert_base_ls960,3,46,100,58.8812,58.8812
zf,S389,xcl_base_500k_p32x1_c005,5,42,1,93.6421,93.6421
zf,S389,xcl_base_500k_p32x1_c005,5,42,5,92.9393,92.9393
zf,S389,xcl_base_500k_p32x1_c005,5,42,10,92.5356,92.5356
zf,S389,xcl_base_500k_p32x1_c005,5,42,50,84.5658,84.5658
zf,S389,xcl_base_500k_p32x1_c005,5,42,100,68.8465,68.8465
zf,S389,xcl_base_500k_p32x1_c005,5,43,1,93.6945,93.6945
zf,S389,xcl_base_500k_p32x1_c005,5,43,5,90.9683,90.9683
zf,S389,xcl_base_500k_p32x1_c005,5,43,10,89.9811,89.9811
zf,S389,xcl_base_500k_p32x1_c005,5,43,50,81.6179,81.6179
zf,S389,xcl_base_500k_p32x1_c005,5,43,100,66.7835,66.7835
zf,S389,xcl_base_500k_p32x1_c005,5,44,1,92.8029,92.8029
zf,S389,xcl_base_500k_p32x1_c005,5,44,5,91.9646,91.9646
zf,S389,xcl_base_500k_p32x1_c005,5,44,10,91.062,91.062
zf,S389,xcl_base_500k_p32x1_c005,5,44,50,82.8248,82.8248
zf,S389,xcl_base_500k_p32x1_c005,5,44,100,68.0614,68.0614
zf,S389,xcl_base_500k_p32x1_c005,5,45,1,91.0714,91.0714
zf,S389,xcl_base_500k_p32x1_c005,5,45,5,90.2242,90.2242
zf,S389,xcl_base_500k_p32x1_c005,5,45,10,89.4297,89.4297
zf,S389,xcl_base_500k_p32x1_c005,5,45,50,81.4442,81.4442
zf,S389,xcl_base_500k_p32x1_c005,5,45,100,66.8049,66.8049
zf,S389,xcl_base_500k_p32x1_c005,5,46,1,92.8977,92.8977
zf,S389,xcl_base_500k_p32x1_c005,5,46,5,91.3755,91.3755
zf,S389,xcl_base_500k_p32x1_c005,5,46,10,90.275,90.275
zf,S389,xcl_base_500k_p32x1_c005,5,46,50,81.3979,81.3979
zf,S389,xcl_base_500k_p32x1_c005,5,46,100,67.2598,67.2598
zf,S389,xcl_base_500k_p32x4_c010,3,42,1,89.1157,89.1157
zf,S389,xcl_base_500k_p32x4_c010,3,42,5,88.1481,88.1481
zf,S389,xcl_base_500k_p32x4_c010,3,42,10,87.5528,87.5528
zf,S389,xcl_base_500k_p32x4_c010,3,42,50,79.4247,79.4247
zf,S389,xcl_base_500k_p32x4_c010,3,42,100,65.6864,65.6864
zf,S389,xcl_base_500k_p32x4_c010,3,43,1,88.4023,88.4023
zf,S389,xcl_base_500k_p32x4_c010,3,43,5,87.2872,87.2872
zf,S389,xcl_base_500k_p32x4_c010,3,43,10,86.1571,86.1571
zf,S389,xcl_base_500k_p32x4_c010,3,43,50,78.1928,78.1928
zf,S389,xcl_base_500k_p32x4_c010,3,43,100,64.8993,64.8993
zf,S389,xcl_base_500k_p32x4_c010,3,44,1,87.5397,87.5397
zf,S389,xcl_base_500k_p32x4_c010,3,44,5,87.1973,87.1973
zf,S389,xcl_base_500k_p32x4_c010,3,44,10,86.6332,86.6332
zf,S389,xcl_base_500k_p32x4_c010,3,44,50,78.7115,78.7115
zf,S389,xcl_base_500k_p32x4_c010,3,44,100,65.4026,65.4026
zf,S389,xcl_base_500k_p32x4_c010,3,45,1,89.0567,89.0567
zf,S389,xcl_base_500k_p32x4_c010,3,45,5,87.6012,87.6012
zf,S389,xcl_base_500k_p32x4_c010,3,45,10,86.2326,86.2326
zf,S389,xcl_base_500k_p32x4_c010,3,45,50,78.03,78.03
zf,S389,xcl_base_500k_p32x4_c010,3,45,100,65.1598,65.1598
zf,S389,xcl_base_500k_p32x4_c010,3,46,1,87.9334,87.9334
zf,S389,xcl_base_500k_p32x4_c010,3,46,5,85.9401,85.9401
zf,S389,xcl_base_500k_p32x4_c010,3,46,10,84.7906,84.7906
zf,S389,xcl_base_500k_p32x4_c010,3,46,50,76.6348,76.6348
zf,S389,xcl_base_500k_p32x4_c010,3,46,100,64.6908,64.6908
zf,S389,xcl_base_500k_p32x4_c010,4,42,1,89.9087,89.9087
zf,S389,xcl_base_500k_p32x4_c010,4,42,5,88.2277,88.2277
zf,S389,xcl_base_500k_p32x4_c010,4,42,10,87.764,87.764
zf,S389,xcl_base_500k_p32x4_c010,4,42,50,79.5074,79.5074
zf,S389,xcl_base_500k_p32x4_c010,4,42,100,65.4659,65.4659
zf,S389,xcl_base_500k_p32x4_c010,4,43,1,88.7991,88.7991
zf,S389,xcl_base_500k_p32x4_c010,4,43,5,87.0137,87.0137
zf,S389,xcl_base_500k_p32x4_c010,4,43,10,86.3575,86.3575
zf,S389,xcl_base_500k_p32x4_c010,4,43,50,78.1901,78.1901
zf,S389,xcl_base_500k_p32x4_c010,4,43,100,64.6209,64.6209
zf,S389,xcl_base_500k_p32x4_c010,4,44,1,87.3422,87.3422
zf,S389,xcl_base_500k_p32x4_c010,4,44,5,87.5222,87.5222
zf,S389,xcl_base_500k_p32x4_c010,4,44,10,86.4313,86.4313
zf,S389,xcl_base_500k_p32x4_c010,4,44,50,78.7619,78.7619
zf,S389,xcl_base_500k_p32x4_c010,4,44,100,65.022,65.022
zf,S389,xcl_base_500k_p32x4_c010,4,45,1,89.2749,89.2749
zf,S389,xcl_base_500k_p32x4_c010,4,45,5,87.4299,87.4299
zf,S389,xcl_base_500k_p32x4_c010,4,45,10,86.1885,86.1885
zf,S389,xcl_base_500k_p32x4_c010,4,45,50,78.0746,78.0746
zf,S389,xcl_base_500k_p32x4_c010,4,45,100,64.8505,64.8505
zf,S389,xcl_base_500k_p32x4_c010,4,46,1,88.157,88.157
zf,S389,xcl_base_500k_p32x4_c010,4,46,5,86.1693,86.1693
zf,S389,xcl_base_500k_p32x4_c010,4,46,10,84.9929,84.9929
zf,S389,xcl_base_500k_p32x4_c010,4,46,50,76.6685,76.6685
zf,S389,xcl_base_500k_p32x4_c010,4,46,100,64.5326,64.5326
zf,S389,xcl_large_500k_p32x1_c005,11,42,1,93.8316,93.8316
zf,S389,xcl_large_500k_p32x1_c005,11,42,5,93.5692,93.5692
zf,S389,xcl_large_500k_p32x1_c005,11,42,10,93.1754,93.1754
zf,S389,xcl_large_500k_p32x1_c005,11,42,50,85.7679,85.7679
zf,S389,xcl_large_500k_p32x1_c005,11,42,100,71.7199,71.7199
zf,S389,xcl_large_500k_p32x1_c005,11,43,1,93.3556,93.3556
zf,S389,xcl_large_500k_p32x1_c005,11,43,5,91.9225,91.9225
zf,S389,xcl_large_500k_p32x1_c005,11,43,10,91.1159,91.1159
zf,S389,xcl_large_500k_p32x1_c005,11,43,50,83.416,83.416
zf,S389,xcl_large_500k_p32x1_c005,11,43,100,70.0116,70.0116
zf,S389,xcl_large_500k_p32x1_c005,11,44,1,93.3876,93.3876
zf,S389,xcl_large_500k_p32x1_c005,11,44,5,92.5637,92.5637
zf,S389,xcl_large_500k_p32x1_c005,11,44,10,91.725,91.725
zf,S389,xcl_large_500k_p32x1_c005,11,44,50,84.3924,84.3924
zf,S389,xcl_large_500k_p32x1_c005,11,44,100,71.2419,71.2419
zf,S389,xcl_large_500k_p32x1_c005,11,45,1,92.3004,92.3004
zf,S389,xcl_large_500k_p32x1_c005,11,45,5,91.3528,91.3528
zf,S389,xcl_large_500k_p32x1_c005,11,45,10,90.5173,90.5173
zf,S389,xcl_large_500k_p32x1_c005,11,45,50,83.1256,83.1256
zf,S389,xcl_large_500k_p32x1_c005,11,45,100,70.147,70.147
zf,S389,xcl_large_500k_p32x1_c005,11,46,1,92.6043,92.6043
zf,S389,xcl_large_500k_p32x1_c005,11,46,5,91.7852,91.7852
zf,S389,xcl_large_500k_p32x1_c005,11,46,10,91.0123,91.0123
zf,S389,xcl_large_500k_p32x1_c005,11,46,50,82.2759,82.2759
zf,S389,xcl_large_500k_p32x1_c005,11,46,100,69.755,69.755
zf,S389,xcl_large_500k_p32x4_c0025,9,42,1,90.3379,90.3379
zf,S389,xcl_large_500k_p32x4_c0025,9,42,5,88.6418,88.6418
zf,S389,xcl_large_500k_p32x4_c0025,9,42,10,88.0743,88.0743
zf,S389,xcl_large_500k_p32x4_c0025,9,42,50,80.307,80.307
zf,S389,xcl_large_500k_p32x4_c0025,9,42,100,65.8294,65.8294
zf,S389,xcl_large_500k_p32x4_c0025,9,43,1,88.936,88.936
zf,S389,xcl_large_500k_p32x4_c0025,9,43,5,87.5765,87.5765
zf,S389,xcl_large_500k_p32x4_c0025,9,43,10,87.049,87.049
zf,S389,xcl_large_500k_p32x4_c0025,9,43,50,78.9945,78.9945
zf,S389,xcl_large_500k_p32x4_c0025,9,43,100,65.1735,65.1735
zf,S389,xcl_large_500k_p32x4_c0025,9,44,1,87.6336,87.6336
zf,S389,xcl_large_500k_p32x4_c0025,9,44,5,87.0766,87.0766
zf,S389,xcl_large_500k_p32x4_c0025,9,44,10,86.651,86.651
zf,S389,xcl_large_500k_p32x4_c0025,9,44,50,79.4765,79.4765
zf,S389,xcl_large_500k_p32x4_c0025,9,44,100,65.777,65.777
zf,S389,xcl_large_500k_p32x4_c0025,9,45,1,88.2189,88.2189
zf,S389,xcl_large_500k_p32x4_c0025,9,45,5,87.1019,87.1019
zf,S389,xcl_large_500k_p32x4_c0025,9,45,10,86.0346,86.0346
zf,S389,xcl_large_500k_p32x4_c0025,9,45,50,78.7963,78.7963
zf,S389,xcl_large_500k_p32x4_c0025,9,45,100,65.5286,65.5286
zf,S389,xcl_large_500k_p32x4_c0025,9,46,1,88.0011,88.0011
zf,S389,xcl_large_500k_p32x4_c0025,9,46,5,86.3109,86.3109
zf,S389,xcl_large_500k_p32x4_c0025,9,46,10,85.2594,85.2594
zf,S389,xcl_large_500k_p32x4_c0025,9,46,50,77.5997,77.5997
zf,S389,xcl_large_500k_p32x4_c0025,9,46,100,65.0029,65.0029
zf,S389,xcl_large_500k_p32x4_c010,10,42,1,90.5912,90.5912
zf,S389,xcl_large_500k_p32x4_c010,10,42,5,88.4785,88.4785
zf,S389,xcl_large_500k_p32x4_c010,10,42,10,88.3065,88.3065
zf,S389,xcl_large_500k_p32x4_c010,10,42,50,80.3664,80.3664
zf,S389,xcl_large_500k_p32x4_c010,10,42,100,66.7537,66.7537
zf,S389,xcl_large_500k_p32x4_c010,10,43,1,89.1225,89.1225
zf,S389,xcl_large_500k_p32x4_c010,10,43,5,87.4839,87.4839
zf,S389,xcl_large_500k_p32x4_c010,10,43,10,86.8872,86.8872
zf,S389,xcl_large_500k_p32x4_c010,10,43,50,78.7537,78.7537
zf,S389,xcl_large_500k_p32x4_c010,10,43,100,65.7797,65.7797
zf,S389,xcl_large_500k_p32x4_c010,10,44,1,88.1991,88.1991
zf,S389,xcl_large_500k_p32x4_c010,10,44,5,87.485,87.485
zf,S389,xcl_large_500k_p32x4_c010,10,44,10,86.6552,86.6552
zf,S389,xcl_large_500k_p32x4_c010,10,44,50,79.4024,79.4024
zf,S389,xcl_large_500k_p32x4_c010,10,44,100,66.4904,66.4904
zf,S389,xcl_large_500k_p32x4_c010,10,45,1,87.9854,87.9854
zf,S389,xcl_large_500k_p32x4_c010,10,45,5,86.8311,86.8311
zf,S389,xcl_large_500k_p32x4_c010,10,45,10,86.4519,86.4519
zf,S389,xcl_large_500k_p32x4_c010,10,45,50,78.6303,78.6303
zf,S389,xcl_large_500k_p32x4_c010,10,45,100,66.1917,66.1917
zf,S389,xcl_large_500k_p32x4_c010,10,46,1,89.1356,89.1356
zf,S389,xcl_large_500k_p32x4_c010,10,46,5,86.0905,86.0905
zf,S389,xcl_large_500k_p32x4_c010,10,46,10,85.078,85.078
zf,S389,xcl_large_500k_p32x4_c010,10,46,50,77.0815,77.0815
zf,S389,xcl_large_500k_p32x4_c010,10,46,100,65.6147,65.6147
zf,S389,xcl_micro_500k_p32x1_c005,4,42,1,92.3525,92.3525
zf,S389,xcl_micro_500k_p32x1_c005,4,42,5,90.8228,90.8228
zf,S389,xcl_micro_500k_p32x1_c005,4,42,10,89.1732,89.1732
zf,S389,xcl_micro_500k_p32x1_c005,4,42,50,76.2273,76.2273
zf,S389,xcl_micro_500k_p32x1_c005,4,42,100,60.9088,60.9088
zf,S389,xcl_micro_500k_p32x1_c005,4,43,1,91.1791,91.1791
zf,S389,xcl_micro_500k_p32x1_c005,4,43,5,88.9737,88.9737
zf,S389,xcl_micro_500k_p32x1_c005,4,43,10,87.0563,87.0563
zf,S389,xcl_micro_500k_p32x1_c005,4,43,50,74.1801,74.1801
zf,S389,xcl_micro_500k_p32x1_c005,4,43,100,59.424,59.424
zf,S389,xcl_micro_500k_p32x1_c005,4,44,1,90.7146,90.7146
zf,S389,xcl_micro_500k_p32x1_c005,4,44,5,88.9573,88.9573
zf,S389,xcl_micro_500k_p32x1_c005,4,44,10,87.5559,87.5559
zf,S389,xcl_micro_500k_p32x1_c005,4,44,50,75.024,75.024
zf,S389,xcl_micro_500k_p32x1_c005,4,44,100,60.3055,60.3055
zf,S389,xcl_micro_500k_p32x1_c005,4,45,1,89.1667,89.1667
zf,S389,xcl_micro_500k_p32x1_c005,4,45,5,86.9166,86.9166
zf,S389,xcl_micro_500k_p32x1_c005,4,45,10,85.3443,85.3443
zf,S389,xcl_micro_500k_p32x1_c005,4,45,50,73.6702,73.6702
zf,S389,xcl_micro_500k_p32x1_c005,4,45,100,59.4962,59.4962
zf,S389,xcl_micro_500k_p32x1_c005,4,46,1,91.3422,91.3422
zf,S389,xcl_micro_500k_p32x1_c005,4,46,5,88.4778,88.4778
zf,S389,xcl_micro_500k_p32x1_c005,4,46,10,86.681,86.681
zf,S389,xcl_micro_500k_p32x1_c005,4,46,50,73.9734,73.9734
zf,S389,xcl_micro_500k_p32x1_c005,4,46,100,59.6732,59.6732
zf,S389,xcl_micro_500k_p32x1_c005,5,42,1,92.3592,92.3592
zf,S389,xcl_micro_500k_p32x1_c005,5,42,5,90.7124,90.7124
zf,S389,xcl_micro_500k_p32x1_c005,5,42,10,89.1409,89.1409
zf,S389,xcl_micro_500k_p32x1_c005,5,42,50,76.3492,76.3492
zf,S389,xcl_micro_500k_p32x1_c005,5,42,100,61.1149,61.1149
zf,S389,xcl_micro_500k_p32x1_c005,5,43,1,91.2475,91.2475
zf,S389,xcl_micro_500k_p32x1_c005,5,43,5,88.9084,88.9084
zf,S389,xcl_micro_500k_p32x1_c005,5,43,10,86.8482,86.8482
zf,S389,xcl_micro_500k_p32x1_c005,5,43,50,74.1199,74.1199
zf,S389,xcl_micro_500k_p32x1_c005,5,43,100,59.4328,59.4328
zf,S389,xcl_micro_500k_p32x1_c005,5,44,1,90.4827,90.4827
zf,S389,xcl_micro_500k_p32x1_c005,5,44,5,89.0124,89.0124
zf,S389,xcl_micro_500k_p32x1_c005,5,44,10,87.4643,87.4643
zf,S389,xcl_micro_500k_p32x1_c005,5,44,50,75.051,75.051
zf,S389,xcl_micro_500k_p32x1_c005,5,44,100,60.4445,60.4445
zf,S389,xcl_micro_500k_p32x1_c005,5,45,1,89.1067,89.1067
zf,S389,xcl_micro_500k_p32x1_c005,5,45,5,86.9256,86.9256
zf,S389,xcl_micro_500k_p32x1_c005,5,45,10,85.1936,85.1936
zf,S389,xcl_micro_500k_p32x1_c005,5,45,50,73.7595,73.7595
zf,S389,xcl_micro_500k_p32x1_c005,5,45,100,59.6781,59.6781
zf,S389,xcl_micro_500k_p32x1_c005,5,46,1,91.0108,91.0108
zf,S389,xcl_micro_500k_p32x1_c005,5,46,5,88.3857,88.3857
zf,S389,xcl_micro_500k_p32x1_c005,5,46,10,86.4313,86.4313
zf,S389,xcl_micro_500k_p32x1_c005,5,46,50,73.9929,73.9929
zf,S389,xcl_micro_500k_p32x1_c005,5,46,100,59.8476,59.8476
zf,S389,xcl_micro_500k_p32x4_c010,3,42,1,89.2367,89.2367
zf,S389,xcl_micro_500k_p32x4_c010,3,42,5,88.2066,88.2066
zf,S389,xcl_micro_500k_p32x4_c010,3,42,10,86.3652,86.3652
zf,S389,xcl_micro_500k_p32x4_c010,3,42,50,76.7551,76.7551
zf,S389,xcl_micro_500k_p32x4_c010,3,42,100,61.8697,61.8697
zf,S389,xcl_micro_500k_p32x4_c010,3,43,1,88.3278,88.3278
zf,S389,xcl_micro_500k_p32x4_c010,3,43,5,86.6763,86.6763
zf,S389,xcl_micro_500k_p32x4_c010,3,43,10,85.0759,85.0759
zf,S389,xcl_micro_500k_p32x4_c010,3,43,50,75.0217,75.0217
zf,S389,xcl_micro_500k_p32x4_c010,3,43,100,60.7891,60.7891
zf,S389,xcl_micro_500k_p32x4_c010,3,44,1,87.1027,87.1027
zf,S389,xcl_micro_500k_p32x4_c010,3,44,5,86.8647,86.8647
zf,S389,xcl_micro_500k_p32x4_c010,3,44,10,85.2932,85.2932
zf,S389,xcl_micro_500k_p32x4_c010,3,44,50,75.7107,75.7107
zf,S389,xcl_micro_500k_p32x4_c010,3,44,100,61.0521,61.0521
zf,S389,xcl_micro_500k_p32x4_c010,3,45,1,89.4347,89.4347
zf,S389,xcl_micro_500k_p32x4_c010,3,45,5,86.0565,86.0565
zf,S389,xcl_micro_500k_p32x4_c010,3,45,10,84.3605,84.3605
zf,S389,xcl_micro_500k_p32x4_c010,3,45,50,75.1143,75.1143
zf,S389,xcl_micro_500k_p32x4_c010,3,45,100,61.0,61.0
zf,S389,xcl_micro_500k_p32x4_c010,3,46,1,87.9722,87.9722
zf,S389,xcl_micro_500k_p32x4_c010,3,46,5,84.999,84.999
zf,S389,xcl_micro_500k_p32x4_c010,3,46,10,83.2143,83.2143
zf,S389,xcl_micro_500k_p32x4_c010,3,46,50,73.8194,73.8194
zf,S389,xcl_micro_500k_p32x4_c010,3,46,100,60.6078,60.6078
zf,S421,birdaves_biox_base,3,42,1,74.318,74.318
zf,S421,birdaves_biox_base,3,42,5,72.4021,72.4021
zf,S421,birdaves_biox_base,3,42,10,69.0255,69.0255
zf,S421,birdaves_biox_base,3,42,50,58.2111,58.2111
zf,S421,birdaves_biox_base,3,42,100,47.0874,47.0874
zf,S421,birdaves_biox_base,3,43,1,75.6071,75.6071
zf,S421,birdaves_biox_base,3,43,5,70.7455,70.7455
zf,S421,birdaves_biox_base,3,43,10,67.3687,67.3687
zf,S421,birdaves_biox_base,3,43,50,57.8793,57.8793
zf,S421,birdaves_biox_base,3,43,100,47.3034,47.3034
zf,S421,birdaves_biox_base,3,44,1,75.0528,75.0528
zf,S421,birdaves_biox_base,3,44,5,70.9455,70.9455
zf,S421,birdaves_biox_base,3,44,10,68.1392,68.1392
zf,S421,birdaves_biox_base,3,44,50,59.1384,59.1384
zf,S421,birdaves_biox_base,3,44,100,48.052,48.052
zf,S421,birdaves_biox_base,3,45,1,76.3492,76.3492
zf,S421,birdaves_biox_base,3,45,5,71.217,71.217
zf,S421,birdaves_biox_base,3,45,10,68.023,68.023
zf,S421,birdaves_biox_base,3,45,50,57.8203,57.8203
zf,S421,birdaves_biox_base,3,45,100,46.8127,46.8127
zf,S421,birdaves_biox_base,3,46,1,75.2128,75.2128
zf,S421,birdaves_biox_base,3,46,5,70.4488,70.4488
zf,S421,birdaves_biox_base,3,46,10,67.7399,67.7399
zf,S421,birdaves_biox_base,3,46,50,58.5506,58.5506
zf,S421,birdaves_biox_base,3,46,100,48.4279,48.4279
zf,S421,birdaves_biox_base,7,42,1,76.7154,76.7154
zf,S421,birdaves_biox_base,7,42,5,71.7844,71.7844
zf,S421,birdaves_biox_base,7,42,10,68.3742,68.3742
zf,S421,birdaves_biox_base,7,42,50,58.0863,58.0863
zf,S421,birdaves_biox_base,7,42,100,46.8766,46.8766
zf,S421,birdaves_biox_base,7,43,1,75.7758,75.7758
zf,S421,birdaves_biox_base,7,43,5,70.7652,70.7652
zf,S421,birdaves_biox_base,7,43,10,67.3928,67.3928
zf,S421,birdaves_biox_base,7,43,50,58.1917,58.1917
zf,S421,birdaves_biox_base,7,43,100,47.1212,47.1212
zf,S421,birdaves_biox_base,7,44,1,74.8659,74.8659
zf,S421,birdaves_biox_base,7,44,5,70.4326,70.4326
zf,S421,birdaves_biox_base,7,44,10,67.7755,67.7755
zf,S421,birdaves_biox_base,7,44,50,59.1264,59.1264
zf,S421,birdaves_biox_base,7,44,100,47.7533,47.7533
zf,S421,birdaves_biox_base,7,45,1,74.8458,74.8458
zf,S421,birdaves_biox_base,7,45,5,71.11,71.11
zf,S421,birdaves_biox_base,7,45,10,67.9001,67.9001
zf,S421,birdaves_biox_base,7,45,50,58.1179,58.1179
zf,S421,birdaves_biox_base,7,45,100,46.7113,46.7113
zf,S421,birdaves_biox_base,7,46,1,72.6158,72.6158
zf,S421,birdaves_biox_base,7,46,5,70.1536,70.1536
zf,S421,birdaves_biox_base,7,46,10,67.6768,67.6768
zf,S421,birdaves_biox_base,7,46,50,58.9801,58.9801
zf,S421,birdaves_biox_base,7,46,100,48.3094,48.3094
zf,S421,birdaves_biox_base_speed0p25,3,42,1,79.1935,79.1935
zf,S421,birdaves_biox_base_speed0p25,3,42,5,75.0721,75.0721
zf,S421,birdaves_biox_base_speed0p25,3,42,10,72.2586,72.2586
zf,S421,birdaves_biox_base_speed0p25,3,42,50,59.8009,59.8009
zf,S421,birdaves_biox_base_speed0p25,3,42,100,47.8548,47.8548
zf,S421,birdaves_biox_base_speed0p25,3,43,1,79.9725,79.9725
zf,S421,birdaves_biox_base_speed0p25,3,43,5,74.8882,74.8882
zf,S421,birdaves_biox_base_speed0p25,3,43,10,72.1298,72.1298
zf,S421,birdaves_biox_base_speed0p25,3,43,50,59.7779,59.7779
zf,S421,birdaves_biox_base_speed0p25,3,43,100,47.9187,47.9187
zf,S421,birdaves_biox_base_speed0p25,3,44,1,79.4794,79.4794
zf,S421,birdaves_biox_base_speed0p25,3,44,5,75.5971,75.5971
zf,S421,birdaves_biox_base_speed0p25,3,44,10,73.3977,73.3977
zf,S421,birdaves_biox_base_speed0p25,3,44,50,61.1659,61.1659
zf,S421,birdaves_biox_base_speed0p25,3,44,100,48.4555,48.4555
zf,S421,birdaves_biox_base_speed0p25,3,45,1,76.7538,76.7538
zf,S421,birdaves_biox_base_speed0p25,3,45,5,72.8351,72.8351
zf,S421,birdaves_biox_base_speed0p25,3,45,10,70.1286,70.1286
zf,S421,birdaves_biox_base_speed0p25,3,45,50,58.5356,58.5356
zf,S421,birdaves_biox_base_speed0p25,3,45,100,46.7911,46.7911
zf,S421,birdaves_biox_base_speed0p25,3,46,1,77.1849,77.1849
zf,S421,birdaves_biox_base_speed0p25,3,46,5,73.3475,73.3475
zf,S421,birdaves_biox_base_speed0p25,3,46,10,70.7815,70.7815
zf,S421,birdaves_biox_base_speed0p25,3,46,50,59.6466,59.6466
zf,S421,birdaves_biox_base_speed0p25,3,46,100,49.0129,49.0129
zf,S421,birdaves_biox_base_speed0p25,4,42,1,79.5452,79.5452
zf,S421,birdaves_biox_base_speed0p25,4,42,5,76.4979,76.4979
zf,S421,birdaves_biox_base_speed0p25,4,42,10,73.5743,73.5743
zf,S421,birdaves_biox_base_speed0p25,4,42,50,61.3337,61.3337
zf,S421,birdaves_biox_base_speed0p25,4,42,100,48.8943,48.8943
zf,S421,birdaves_biox_base_speed0p25,4,43,1,80.7331,80.7331
zf,S421,birdaves_biox_base_speed0p25,4,43,5,75.8543,75.8543
zf,S421,birdaves_biox_base_speed0p25,4,43,10,73.5709,73.5709
zf,S421,birdaves_biox_base_speed0p25,4,43,50,61.7897,61.7897
zf,S421,birdaves_biox_base_speed0p25,4,43,100,49.1626,49.1626
zf,S421,birdaves_biox_base_speed0p25,4,44,1,80.4659,80.4659
zf,S421,birdaves_biox_base_speed0p25,4,44,5,76.831,76.831
zf,S421,birdaves_biox_base_speed0p25,4,44,10,74.363,74.363
zf,S421,birdaves_biox_base_speed0p25,4,44,50,62.8876,62.8876
zf,S421,birdaves_biox_base_speed0p25,4,44,100,49.5124,49.5124
zf,S421,birdaves_biox_base_speed0p25,4,45,1,78.077,78.077
zf,S421,birdaves_biox_base_speed0p25,4,45,5,74.0175,74.0175
zf,S421,birdaves_biox_base_speed0p25,4,45,10,71.2262,71.2262
zf,S421,birdaves_biox_base_speed0p25,4,45,50,60.3172,60.3172
zf,S421,birdaves_biox_base_speed0p25,4,45,100,47.9767,47.9767
zf,S421,birdaves_biox_base_speed0p25,4,46,1,77.9074,77.9074
zf,S421,birdaves_biox_base_speed0p25,4,46,5,74.2385,74.2385
zf,S421,birdaves_biox_base_speed0p25,4,46,10,72.1202,72.1202
zf,S421,birdaves_biox_base_speed0p25,4,46,50,61.4373,61.4373
zf,S421,birdaves_biox_base_speed0p25,4,46,100,50.1835,50.1835
zf,S421,birdaves_biox_base_speed0p5,3,42,1,78.3114,78.3114
zf,S421,birdaves_biox_base_speed0p5,3,42,5,75.0842,75.0842
zf,S421,birdaves_biox_base_speed0p5,3,42,10,72.7144,72.7144
zf,S421,birdaves_biox_base_speed0p5,3,42,50,61.4058,61.4058
zf,S421,birdaves_biox_base_speed0p5,3,42,100,49.3478,49.3478
zf,S421,birdaves_biox_base_speed0p5,3,43,1,78.5249,78.5249
zf,S421,birdaves_biox_base_speed0p5,3,43,5,74.7047,74.7047
zf,S421,birdaves_biox_base_speed0p5,3,43,10,71.3767,71.3767
zf,S421,birdaves_biox_base_speed0p5,3,43,50,61.3588,61.3588
zf,S421,birdaves_biox_base_speed0p5,3,43,100,49.7898,49.7898
zf,S421,birdaves_biox_base_speed0p5,3,44,1,77.9024,77.9024
zf,S421,birdaves_biox_base_speed0p5,3,44,5,74.6928,74.6928
zf,S421,birdaves_biox_base_speed0p5,3,44,10,72.4768,72.4768
zf,S421,birdaves_biox_base_speed0p5,3,44,50,62.7319,62.7319
zf,S421,birdaves_biox_base_speed0p5,3,44,100,50.1223,50.1223
zf,S421,birdaves_biox_base_speed0p5,3,45,1,77.1321,77.1321
zf,S421,birdaves_biox_base_speed0p5,3,45,5,73.196,73.196
zf,S421,birdaves_biox_base_speed0p5,3,45,10,70.7335,70.7335
zf,S421,birdaves_biox_base_speed0p5,3,45,50,61.4683,61.4683
zf,S421,birdaves_biox_base_speed0p5,3,45,100,49.134,49.134
zf,S421,birdaves_biox_base_speed0p5,3,46,1,76.435,76.435
zf,S421,birdaves_biox_base_speed0p5,3,46,5,74.0096,74.0096
zf,S421,birdaves_biox_base_speed0p5,3,46,10,70.9255,70.9255
zf,S421,birdaves_biox_base_speed0p5,3,46,50,61.2634,61.2634
zf,S421,birdaves_biox_base_speed0p5,3,46,100,50.6989,50.6989
zf,S421,birdaves_biox_base_speed0p5,6,42,1,81.3069,81.3069
zf,S421,birdaves_biox_base_speed0p5,6,42,5,76.2728,76.2728
zf,S421,birdaves_biox_base_speed0p5,6,42,10,72.8588,72.8588
zf,S421,birdaves_biox_base_speed0p5,6,42,50,61.5592,61.5592
zf,S421,birdaves_biox_base_speed0p5,6,42,100,49.1265,49.1265
zf,S421,birdaves_biox_base_speed0p5,6,43,1,79.7635,79.7635
zf,S421,birdaves_biox_base_speed0p5,6,43,5,74.2576,74.2576
zf,S421,birdaves_biox_base_speed0p5,6,43,10,71.3569,71.3569
zf,S421,birdaves_biox_base_speed0p5,6,43,50,61.1962,61.1962
zf,S421,birdaves_biox_base_speed0p5,6,43,100,48.9665,48.9665
zf,S421,birdaves_biox_base_speed0p5,6,44,1,79.5462,79.5462
zf,S421,birdaves_biox_base_speed0p5,6,44,5,75.2755,75.2755
zf,S421,birdaves_biox_base_speed0p5,6,44,10,72.4995,72.4995
zf,S421,birdaves_biox_base_speed0p5,6,44,50,62.4813,62.4813
zf,S421,birdaves_biox_base_speed0p5,6,44,100,49.6727,49.6727
zf,S421,birdaves_biox_base_speed0p5,6,45,1,79.0226,79.0226
zf,S421,birdaves_biox_base_speed0p5,6,45,5,74.0538,74.0538
zf,S421,birdaves_biox_base_speed0p5,6,45,10,71.0604,71.0604
zf,S421,birdaves_biox_base_speed0p5,6,45,50,61.2962,61.2962
zf,S421,birdaves_biox_base_speed0p5,6,45,100,48.6741,48.6741
zf,S421,birdaves_biox_base_speed0p5,6,46,1,77.6186,77.6186
zf,S421,birdaves_biox_base_speed0p5,6,46,5,74.6142,74.6142
zf,S421,birdaves_biox_base_speed0p5,6,46,10,70.7042,70.7042
zf,S421,birdaves_biox_base_speed0p5,6,46,50,61.2583,61.2583
zf,S421,birdaves_biox_base_speed0p5,6,46,100,50.2853,50.2853
zf,S421,hubert_base_ls960,0,42,1,70.5348,70.5348
zf,S421,hubert_base_ls960,0,42,5,68.1068,68.1068
zf,S421,hubert_base_ls960,0,42,10,65.494,65.494
zf,S421,hubert_base_ls960,0,42,50,53.7088,53.7088
zf,S421,hubert_base_ls960,0,42,100,43.4087,43.4087
zf,S421,hubert_base_ls960,0,43,1,72.2502,72.2502
zf,S421,hubert_base_ls960,0,43,5,66.6537,66.6537
zf,S421,hubert_base_ls960,0,43,10,63.5689,63.5689
zf,S421,hubert_base_ls960,0,43,50,52.354,52.354
zf,S421,hubert_base_ls960,0,43,100,42.6338,42.6338
zf,S421,hubert_base_ls960,0,44,1,70.2967,70.2967
zf,S421,hubert_base_ls960,0,44,5,67.4992,67.4992
zf,S421,hubert_base_ls960,0,44,10,65.1504,65.1504
zf,S421,hubert_base_ls960,0,44,50,54.8338,54.8338
zf,S421,hubert_base_ls960,0,44,100,44.1807,44.1807
zf,S421,hubert_base_ls960,0,45,1,70.3206,70.3206
zf,S421,hubert_base_ls960,0,45,5,66.8742,66.8742
zf,S421,hubert_base_ls960,0,45,10,64.2897,64.2897
zf,S421,hubert_base_ls960,0,45,50,53.2343,53.2343
zf,S421,hubert_base_ls960,0,45,100,42.937,42.937
zf,S421,hubert_base_ls960,0,46,1,69.986,69.986
zf,S421,hubert_base_ls960,0,46,5,66.956,66.956
zf,S421,hubert_base_ls960,0,46,10,64.4355,64.4355
zf,S421,hubert_base_ls960,0,46,50,54.381,54.381
zf,S421,hubert_base_ls960,0,46,100,44.5009,44.5009
zf,S421,hubert_base_ls960,3,42,1,74.1643,74.1643
zf,S421,hubert_base_ls960,3,42,5,68.4997,68.4997
zf,S421,hubert_base_ls960,3,42,10,64.82,64.82
zf,S421,hubert_base_ls960,3,42,50,52.63,52.63
zf,S421,hubert_base_ls960,3,42,100,42.9828,42.9828
zf,S421,hubert_base_ls960,3,43,1,72.9883,72.9883
zf,S421,hubert_base_ls960,3,43,5,66.4209,66.4209
zf,S421,hubert_base_ls960,3,43,10,63.5471,63.5471
zf,S421,hubert_base_ls960,3,43,50,51.6313,51.6313
zf,S421,hubert_base_ls960,3,43,100,42.0515,42.0515
zf,S421,hubert_base_ls960,3,44,1,72.1861,72.1861
zf,S421,hubert_base_ls960,3,44,5,66.8295,66.8295
zf,S421,hubert_base_ls960,3,44,10,63.6704,63.6704
zf,S421,hubert_base_ls960,3,44,50,53.1817,53.1817
zf,S421,hubert_base_ls960,3,44,100,43.3507,43.3507
zf,S421,hubert_base_ls960,3,45,1,73.7946,73.7946
zf,S421,hubert_base_ls960,3,45,5,67.5022,67.5022
zf,S421,hubert_base_ls960,3,45,10,64.3477,64.3477
zf,S421,hubert_base_ls960,3,45,50,52.4833,52.4833
zf,S421,hubert_base_ls960,3,45,100,42.1932,42.1932
zf,S421,hubert_base_ls960,3,46,1,71.4479,71.4479
zf,S421,hubert_base_ls960,3,46,5,67.0654,67.0654
zf,S421,hubert_base_ls960,3,46,10,63.7451,63.7451
zf,S421,hubert_base_ls960,3,46,50,52.2443,52.2443
zf,S421,hubert_base_ls960,3,46,100,43.6025,43.6025
zf,S421,xcl_base_500k_p32x1_c005,5,42,1,79.9999,79.9999
zf,S421,xcl_base_500k_p32x1_c005,5,42,5,75.8355,75.8355
zf,S421,xcl_base_500k_p32x1_c005,5,42,10,73.5085,73.5085
zf,S421,xcl_base_500k_p32x1_c005,5,42,50,64.6548,64.6548
zf,S421,xcl_base_500k_p32x1_c005,5,42,100,52.6511,52.6511
zf,S421,xcl_base_500k_p32x1_c005,5,43,1,81.6023,81.6023
zf,S421,xcl_base_500k_p32x1_c005,5,43,5,75.6162,75.6162
zf,S421,xcl_base_500k_p32x1_c005,5,43,10,73.1483,73.1483
zf,S421,xcl_base_500k_p32x1_c005,5,43,50,64.6567,64.6567
zf,S421,xcl_base_500k_p32x1_c005,5,43,100,52.7092,52.7092
zf,S421,xcl_base_500k_p32x1_c005,5,44,1,80.986,80.986
zf,S421,xcl_base_500k_p32x1_c005,5,44,5,76.0486,76.0486
zf,S421,xcl_base_500k_p32x1_c005,5,44,10,73.8038,73.8038
zf,S421,xcl_base_500k_p32x1_c005,5,44,50,65.7789,65.7789
zf,S421,xcl_base_500k_p32x1_c005,5,44,100,52.8692,52.8692
zf,S421,xcl_base_500k_p32x1_c005,5,45,1,77.0803,77.0803
zf,S421,xcl_base_500k_p32x1_c005,5,45,5,74.3821,74.3821
zf,S421,xcl_base_500k_p32x1_c005,5,45,10,72.4786,72.4786
zf,S421,xcl_base_500k_p32x1_c005,5,45,50,63.8172,63.8172
zf,S421,xcl_base_500k_p32x1_c005,5,45,100,51.8075,51.8075
zf,S421,xcl_base_500k_p32x1_c005,5,46,1,78.5459,78.5459
zf,S421,xcl_base_500k_p32x1_c005,5,46,5,74.9562,74.9562
zf,S421,xcl_base_500k_p32x1_c005,5,46,10,72.9292,72.9292
zf,S421,xcl_base_500k_p32x1_c005,5,46,50,65.5411,65.5411
zf,S421,xcl_base_500k_p32x1_c005,5,46,100,54.4941,54.4941
zf,S421,xcl_base_500k_p32x4_c010,3,42,1,75.379,75.379
zf,S421,xcl_base_500k_p32x4_c010,3,42,5,70.6514,70.6514
zf,S421,xcl_base_500k_p32x4_c010,3,42,10,67.1222,67.1222
zf,S421,xcl_base_500k_p32x4_c010,3,42,50,58.9883,58.9883
zf,S421,xcl_base_500k_p32x4_c010,3,42,100,48.7968,48.7968
zf,S421,xcl_base_500k_p32x4_c010,3,43,1,72.2379,72.2379
zf,S421,xcl_base_500k_p32x4_c010,3,43,5,69.5985,69.5985
zf,S421,xcl_base_500k_p32x4_c010,3,43,10,66.2072,66.2072
zf,S421,xcl_base_500k_p32x4_c010,3,43,50,58.4852,58.4852
zf,S421,xcl_base_500k_p32x4_c010,3,43,100,48.4926,48.4926
zf,S421,xcl_base_500k_p32x4_c010,3,44,1,75.6865,75.6865
zf,S421,xcl_base_500k_p32x4_c010,3,44,5,71.0385,71.0385
zf,S421,xcl_base_500k_p32x4_c010,3,44,10,67.8694,67.8694
zf,S421,xcl_base_500k_p32x4_c010,3,44,50,60.5506,60.5506
zf,S421,xcl_base_500k_p32x4_c010,3,44,100,49.6761,49.6761
zf,S421,xcl_base_500k_p32x4_c010,3,45,1,74.2515,74.2515
zf,S421,xcl_base_500k_p32x4_c010,3,45,5,69.4751,69.4751
zf,S421,xcl_base_500k_p32x4_c010,3,45,10,66.7197,66.7197
zf,S421,xcl_base_500k_p32x4_c010,3,45,50,58.0887,58.0887
zf,S421,xcl_base_500k_p32x4_c010,3,45,100,47.7126,47.7126
zf,S421,xcl_base_500k_p32x4_c010,3,46,1,73.4209,73.4209
zf,S421,xcl_base_500k_p32x4_c010,3,46,5,69.7844,69.7844
zf,S421,xcl_base_500k_p32x4_c010,3,46,10,66.7984,66.7984
zf,S421,xcl_base_500k_p32x4_c010,3,46,50,60.2242,60.2242
zf,S421,xcl_base_500k_p32x4_c010,3,46,100,50.672,50.672
zf,S421,xcl_base_500k_p32x4_c010,4,42,1,76.1953,76.1953
zf,S421,xcl_base_500k_p32x4_c010,4,42,5,70.4025,70.4025
zf,S421,xcl_base_500k_p32x4_c010,4,42,10,67.01,67.01
zf,S421,xcl_base_500k_p32x4_c010,4,42,50,58.7285,58.7285
zf,S421,xcl_base_500k_p32x4_c010,4,42,100,48.4712,48.4712
zf,S421,xcl_base_500k_p32x4_c010,4,43,1,72.9092,72.9092
zf,S421,xcl_base_500k_p32x4_c010,4,43,5,69.5189,69.5189
zf,S421,xcl_base_500k_p32x4_c010,4,43,10,66.2299,66.2299
zf,S421,xcl_base_500k_p32x4_c010,4,43,50,58.1593,58.1593
zf,S421,xcl_base_500k_p32x4_c010,4,43,100,48.1061,48.1061
zf,S421,xcl_base_500k_p32x4_c010,4,44,1,76.1738,76.1738
zf,S421,xcl_base_500k_p32x4_c010,4,44,5,71.0042,71.0042
zf,S421,xcl_base_500k_p32x4_c010,4,44,10,67.4914,67.4914
zf,S421,xcl_base_500k_p32x4_c010,4,44,50,60.1168,60.1168
zf,S421,xcl_base_500k_p32x4_c010,4,44,100,49.2757,49.2757
zf,S421,xcl_base_500k_p32x4_c010,4,45,1,75.436,75.436
zf,S421,xcl_base_500k_p32x4_c010,4,45,5,69.2776,69.2776
zf,S421,xcl_base_500k_p32x4_c010,4,45,10,66.3639,66.3639
zf,S421,xcl_base_500k_p32x4_c010,4,45,50,57.6321,57.6321
zf,S421,xcl_base_500k_p32x4_c010,4,45,100,47.3503,47.3503
zf,S421,xcl_base_500k_p32x4_c010,4,46,1,72.6442,72.6442
zf,S421,xcl_base_500k_p32x4_c010,4,46,5,69.6043,69.6043
zf,S421,xcl_base_500k_p32x4_c010,4,46,10,66.5248,66.5248
zf,S421,xcl_base_500k_p32x4_c010,4,46,50,60.1214,60.1214
zf,S421,xcl_base_500k_p32x4_c010,4,46,100,50.2989,50.2989
zf,S421,xcl_large_500k_p32x1_c005,11,42,1,81.2505,81.2505
zf,S421,xcl_large_500k_p32x1_c005,11,42,5,77.7578,77.7578
zf,S421,xcl_large_500k_p32x1_c005,11,42,10,75.2591,75.2591
zf,S421,xcl_large_500k_p32x1_c005,11,42,50,66.3436,66.3436
zf,S421,xcl_large_500k_p32x1_c005,11,42,100,54.2981,54.2981
zf,S421,xcl_large_500k_p32x1_c005,11,43,1,82.7971,82.7971
zf,S421,xcl_large_500k_p32x1_c005,11,43,5,77.3247,77.3247
zf,S421,xcl_large_500k_p32x1_c005,11,43,10,74.2519,74.2519
zf,S421,xcl_large_500k_p32x1_c005,11,43,50,66.3469,66.3469
zf,S421,xcl_large_500k_p32x1_c005,11,43,100,54.4382,54.4382
zf,S421,xcl_large_500k_p32x1_c005,11,44,1,81.0268,81.0268
zf,S421,xcl_large_500k_p32x1_c005,11,44,5,76.9303,76.9303
zf,S421,xcl_large_500k_p32x1_c005,11,44,10,74.988,74.988
zf,S421,xcl_large_500k_p32x1_c005,11,44,50,67.5341,67.5341
zf,S421,xcl_large_500k_p32x1_c005,11,44,100,54.821,54.821
zf,S421,xcl_large_500k_p32x1_c005,11,45,1,79.776,79.776
zf,S421,xcl_large_500k_p32x1_c005,11,45,5,76.1217,76.1217
zf,S421,xcl_large_500k_p32x1_c005,11,45,10,73.7501,73.7501
zf,S421,xcl_large_500k_p32x1_c005,11,45,50,65.461,65.461
zf,S421,xcl_large_500k_p32x1_c005,11,45,100,53.5349,53.5349
zf,S421,xcl_large_500k_p32x1_c005,11,46,1,81.1058,81.1058
zf,S421,xcl_large_500k_p32x1_c005,11,46,5,76.3598,76.3598
zf,S421,xcl_large_500k_p32x1_c005,11,46,10,74.2048,74.2048
zf,S421,xcl_large_500k_p32x1_c005,11,46,50,67.0909,67.0909
zf,S421,xcl_large_500k_p32x1_c005,11,46,100,55.8604,55.8604
zf,S421,xcl_large_500k_p32x4_c0025,9,42,1,75.7194,75.7194
zf,S421,xcl_large_500k_p32x4_c0025,9,42,5,70.326,70.326
zf,S421,xcl_large_500k_p32x4_c0025,9,42,10,67.418,67.418
zf,S421,xcl_large_500k_p32x4_c0025,9,42,50,59.4844,59.4844
zf,S421,xcl_large_500k_p32x4_c0025,9,42,100,48.8737,48.8737
zf,S421,xcl_large_500k_p32x4_c0025,9,43,1,74.9276,74.9276
zf,S421,xcl_large_500k_p32x4_c0025,9,43,5,69.6161,69.6161
zf,S421,xcl_large_500k_p32x4_c0025,9,43,10,66.5921,66.5921
zf,S421,xcl_large_500k_p32x4_c0025,9,43,50,59.3295,59.3295
zf,S421,xcl_large_500k_p32x4_c0025,9,43,100,48.9501,48.9501
zf,S421,xcl_large_500k_p32x4_c0025,9,44,1,75.1094,75.1094
zf,S421,xcl_large_500k_p32x4_c0025,9,44,5,70.298,70.298
zf,S421,xcl_large_500k_p32x4_c0025,9,44,10,67.5968,67.5968
zf,S421,xcl_large_500k_p32x4_c0025,9,44,50,61.1032,61.1032
zf,S421,xcl_large_500k_p32x4_c0025,9,44,100,49.8304,49.8304
zf,S421,xcl_large_500k_p32x4_c0025,9,45,1,75.7438,75.7438
zf,S421,xcl_large_500k_p32x4_c0025,9,45,5,70.0104,70.0104
zf,S421,xcl_large_500k_p32x4_c0025,9,45,10,67.1386,67.1386
zf,S421,xcl_large_500k_p32x4_c0025,9,45,50,58.8464,58.8464
zf,S421,xcl_large_500k_p32x4_c0025,9,45,100,48.1631,48.1631
zf,S421,xcl_large_500k_p32x4_c0025,9,46,1,73.3399,73.3399
zf,S421,xcl_large_500k_p32x4_c0025,9,46,5,69.3043,69.3043
zf,S421,xcl_large_500k_p32x4_c0025,9,46,10,67.127,67.127
zf,S421,xcl_large_500k_p32x4_c0025,9,46,50,61.2841,61.2841
zf,S421,xcl_large_500k_p32x4_c0025,9,46,100,50.7546,50.7546
zf,S421,xcl_large_500k_p32x4_c010,10,42,1,74.7245,74.7245
zf,S421,xcl_large_500k_p32x4_c010,10,42,5,70.6642,70.6642
zf,S421,xcl_large_500k_p32x4_c010,10,42,10,67.5615,67.5615
zf,S421,xcl_large_500k_p32x4_c010,10,42,50,59.3557,59.3557
zf,S421,xcl_large_500k_p32x4_c010,10,42,100,49.0147,49.0147
zf,S421,xcl_large_500k_p32x4_c010,10,43,1,74.4259,74.4259
zf,S421,xcl_large_500k_p32x4_c010,10,43,5,69.4367,69.4367
zf,S421,xcl_large_500k_p32x4_c010,10,43,10,66.3149,66.3149
zf,S421,xcl_large_500k_p32x4_c010,10,43,50,58.4987,58.4987
zf,S421,xcl_large_500k_p32x4_c010,10,43,100,48.5961,48.5961
zf,S421,xcl_large_500k_p32x4_c010,10,44,1,75.3067,75.3067
zf,S421,xcl_large_500k_p32x4_c010,10,44,5,71.0444,71.0444
zf,S421,xcl_large_500k_p32x4_c010,10,44,10,68.0414,68.0414
zf,S421,xcl_large_500k_p32x4_c010,10,44,50,60.6621,60.6621
zf,S421,xcl_large_500k_p32x4_c010,10,44,100,49.8064,49.8064
zf,S421,xcl_large_500k_p32x4_c010,10,45,1,73.7254,73.7254
zf,S421,xcl_large_500k_p32x4_c010,10,45,5,70.387,70.387
zf,S421,xcl_large_500k_p32x4_c010,10,45,10,67.6236,67.6236
zf,S421,xcl_large_500k_p32x4_c010,10,45,50,58.4507,58.4507
zf,S421,xcl_large_500k_p32x4_c010,10,45,100,47.8802,47.8802
zf,S421,xcl_large_500k_p32x4_c010,10,46,1,71.9702,71.9702
zf,S421,xcl_large_500k_p32x4_c010,10,46,5,69.8418,69.8418
zf,S421,xcl_large_500k_p32x4_c010,10,46,10,67.0686,67.0686
zf,S421,xcl_large_500k_p32x4_c010,10,46,50,60.5051,60.5051
zf,S421,xcl_large_500k_p32x4_c010,10,46,100,50.8015,50.8015
zf,S421,xcl_micro_500k_p32x1_c005,4,42,1,79.3749,79.3749
zf,S421,xcl_micro_500k_p32x1_c005,4,42,5,73.5281,73.5281
zf,S421,xcl_micro_500k_p32x1_c005,4,42,10,71.3601,71.3601
zf,S421,xcl_micro_500k_p32x1_c005,4,42,50,62.7181,62.7181
zf,S421,xcl_micro_500k_p32x1_c005,4,42,100,51.3952,51.3952
zf,S421,xcl_micro_500k_p32x1_c005,4,43,1,77.0012,77.0012
zf,S421,xcl_micro_500k_p32x1_c005,4,43,5,72.6959,72.6959
zf,S421,xcl_micro_500k_p32x1_c005,4,43,10,70.6687,70.6687
zf,S421,xcl_micro_500k_p32x1_c005,4,43,50,62.5836,62.5836
zf,S421,xcl_micro_500k_p32x1_c005,4,43,100,51.0673,51.0673
zf,S421,xcl_micro_500k_p32x1_c005,4,44,1,77.8664,77.8664
zf,S421,xcl_micro_500k_p32x1_c005,4,44,5,73.7371,73.7371
zf,S421,xcl_micro_500k_p32x1_c005,4,44,10,71.8261,71.8261
zf,S421,xcl_micro_500k_p32x1_c005,4,44,50,63.9723,63.9723
zf,S421,xcl_micro_500k_p32x1_c005,4,44,100,51.9841,51.9841
zf,S421,xcl_micro_500k_p32x1_c005,4,45,1,75.8098,75.8098
zf,S421,xcl_micro_500k_p32x1_c005,4,45,5,72.0899,72.0899
zf,S421,xcl_micro_500k_p32x1_c005,4,45,10,70.1372,70.1372
zf,S421,xcl_micro_500k_p32x1_c005,4,45,50,61.7305,61.7305
zf,S421,xcl_micro_500k_p32x1_c005,4,45,100,50.4072,50.4072
zf,S421,xcl_micro_500k_p32x1_c005,4,46,1,77.926,77.926
zf,S421,xcl_micro_500k_p32x1_c005,4,46,5,73.609,73.609
zf,S421,xcl_micro_500k_p32x1_c005,4,46,10,71.7137,71.7137
zf,S421,xcl_micro_500k_p32x1_c005,4,46,50,63.8382,63.8382
zf,S421,xcl_micro_500k_p32x1_c005,4,46,100,53.012,53.012
zf,S421,xcl_micro_500k_p32x1_c005,5,42,1,78.7154,78.7154
zf,S421,xcl_micro_500k_p32x1_c005,5,42,5,73.8507,73.8507
zf,S421,xcl_micro_500k_p32x1_c005,5,42,10,71.3868,71.3868
zf,S421,xcl_micro_500k_p32x1_c005,5,42,50,62.7733,62.7733
zf,S421,xcl_micro_500k_p32x1_c005,5,42,100,51.4887,51.4887
zf,S421,xcl_micro_500k_p32x1_c005,5,43,1,77.4521,77.4521
zf,S421,xcl_micro_500k_p32x1_c005,5,43,5,73.1216,73.1216
zf,S421,xcl_micro_500k_p32x1_c005,5,43,10,70.7321,70.7321
zf,S421,xcl_micro_500k_p32x1_c005,5,43,50,62.7365,62.7365
zf,S421,xcl_micro_500k_p32x1_c005,5,43,100,51.2901,51.2901
zf,S421,xcl_micro_500k_p32x1_c005,5,44,1,77.2639,77.2639
zf,S421,xcl_micro_500k_p32x1_c005,5,44,5,74.0624,74.0624
zf,S421,xcl_micro_500k_p32x1_c005,5,44,10,71.7636,71.7636
zf,S421,xcl_micro_500k_p32x1_c005,5,44,50,63.7646,63.7646
zf,S421,xcl_micro_500k_p32x1_c005,5,44,100,51.8921,51.8921
zf,S421,xcl_micro_500k_p32x1_c005,5,45,1,75.5248,75.5248
zf,S421,xcl_micro_500k_p32x1_c005,5,45,5,72.313,72.313
zf,S421,xcl_micro_500k_p32x1_c005,5,45,10,70.1669,70.1669
zf,S421,xcl_micro_500k_p32x1_c005,5,45,50,61.5737,61.5737
zf,S421,xcl_micro_500k_p32x1_c005,5,45,100,50.3205,50.3205
zf,S421,xcl_micro_500k_p32x1_c005,5,46,1,77.6819,77.6819
zf,S421,xcl_micro_500k_p32x1_c005,5,46,5,73.9414,73.9414
zf,S421,xcl_micro_500k_p32x1_c005,5,46,10,71.9212,71.9212
zf,S421,xcl_micro_500k_p32x1_c005,5,46,50,63.76,63.76
zf,S421,xcl_micro_500k_p32x1_c005,5,46,100,53.1027,53.1027
zf,S421,xcl_micro_500k_p32x4_c010,3,42,1,72.9439,72.9439
zf,S421,xcl_micro_500k_p32x4_c010,3,42,5,69.4812,69.4812
zf,S421,xcl_micro_500k_p32x4_c010,3,42,10,66.5612,66.5612
zf,S421,xcl_micro_500k_p32x4_c010,3,42,50,57.7873,57.7873
zf,S421,xcl_micro_500k_p32x4_c010,3,42,100,46.6908,46.6908
zf,S421,xcl_micro_500k_p32x4_c010,3,43,1,73.4701,73.4701
zf,S421,xcl_micro_500k_p32x4_c010,3,43,5,68.1453,68.1453
zf,S421,xcl_micro_500k_p32x4_c010,3,43,10,65.433,65.433
zf,S421,xcl_micro_500k_p32x4_c010,3,43,50,57.3161,57.3161
zf,S421,xcl_micro_500k_p32x4_c010,3,43,100,46.9021,46.9021
zf,S421,xcl_micro_500k_p32x4_c010,3,44,1,75.3481,75.3481
zf,S421,xcl_micro_500k_p32x4_c010,3,44,5,69.8435,69.8435
zf,S421,xcl_micro_500k_p32x4_c010,3,44,10,67.0514,67.0514
zf,S421,xcl_micro_500k_p32x4_c010,3,44,50,58.8759,58.8759
zf,S421,xcl_micro_500k_p32x4_c010,3,44,100,47.7188,47.7188
zf,S421,xcl_micro_500k_p32x4_c010,3,45,1,76.6057,76.6057
zf,S421,xcl_micro_500k_p32x4_c010,3,45,5,69.2366,69.2366
zf,S421,xcl_micro_500k_p32x4_c010,3,45,10,66.5347,66.5347
zf,S421,xcl_micro_500k_p32x4_c010,3,45,50,56.8885,56.8885
zf,S421,xcl_micro_500k_p32x4_c010,3,45,100,45.9912,45.9912
zf,S421,xcl_micro_500k_p32x4_c010,3,46,1,71.7689,71.7689
zf,S421,xcl_micro_500k_p32x4_c010,3,46,5,68.8842,68.8842
zf,S421,xcl_micro_500k_p32x4_c010,3,46,10,66.15,66.15
zf,S421,xcl_micro_500k_p32x4_c010,3,46,50,58.744,58.744
zf,S421,xcl_micro_500k_p32x4_c010,3,46,100,48.6782,48.6782
zf,S525,birdaves_biox_base,3,42,1,83.9215,83.9215
zf,S525,birdaves_biox_base,3,42,5,82.2365,82.2365
zf,S525,birdaves_biox_base,3,42,10,79.8491,79.8491
zf,S525,birdaves_biox_base,3,42,50,66.3087,66.3087
zf,S525,birdaves_biox_base,3,42,100,53.1894,53.1894
zf,S525,birdaves_biox_base,3,43,1,83.7012,83.7012
zf,S525,birdaves_biox_base,3,43,5,81.9446,81.9446
zf,S525,birdaves_biox_base,3,43,10,79.8402,79.8402
zf,S525,birdaves_biox_base,3,43,50,66.8057,66.8057
zf,S525,birdaves_biox_base,3,43,100,53.4006,53.4006
zf,S525,birdaves_biox_base,3,44,1,83.3209,83.3209
zf,S525,birdaves_biox_base,3,44,5,81.6221,81.6221
zf,S525,birdaves_biox_base,3,44,10,79.6917,79.6917
zf,S525,birdaves_biox_base,3,44,50,65.9221,65.9221
zf,S525,birdaves_biox_base,3,44,100,52.9077,52.9077
zf,S525,birdaves_biox_base,3,45,1,81.2268,81.2268
zf,S525,birdaves_biox_base,3,45,5,79.5919,79.5919
zf,S525,birdaves_biox_base,3,45,10,77.8798,77.8798
zf,S525,birdaves_biox_base,3,45,50,65.2936,65.2936
zf,S525,birdaves_biox_base,3,45,100,52.4419,52.4419
zf,S525,birdaves_biox_base,3,46,1,83.6443,83.6443
zf,S525,birdaves_biox_base,3,46,5,81.3982,81.3982
zf,S525,birdaves_biox_base,3,46,10,79.6535,79.6535
zf,S525,birdaves_biox_base,3,46,50,66.067,66.067
zf,S525,birdaves_biox_base,3,46,100,53.1286,53.1286
zf,S525,birdaves_biox_base,7,42,1,83.2473,83.2473
zf,S525,birdaves_biox_base,7,42,5,81.3886,81.3886
zf,S525,birdaves_biox_base,7,42,10,79.3877,79.3877
zf,S525,birdaves_biox_base,7,42,50,65.51,65.51
zf,S525,birdaves_biox_base,7,42,100,52.2171,52.2171
zf,S525,birdaves_biox_base,7,43,1,81.8491,81.8491
zf,S525,birdaves_biox_base,7,43,5,81.0992,81.0992
zf,S525,birdaves_biox_base,7,43,10,79.0095,79.0095
zf,S525,birdaves_biox_base,7,43,50,65.8384,65.8384
zf,S525,birdaves_biox_base,7,43,100,52.4439,52.4439
zf,S525,birdaves_biox_base,7,44,1,80.9024,80.9024
zf,S525,birdaves_biox_base,7,44,5,79.4633,79.4633
zf,S525,birdaves_biox_base,7,44,10,78.0717,78.0717
zf,S525,birdaves_biox_base,7,44,50,64.9121,64.9121
zf,S525,birdaves_biox_base,7,44,100,51.8279,51.8279
zf,S525,birdaves_biox_base,7,45,1,80.0798,80.0798
zf,S525,birdaves_biox_base,7,45,5,78.7403,78.7403
zf,S525,birdaves_biox_base,7,45,10,76.9165,76.9165
zf,S525,birdaves_biox_base,7,45,50,64.298,64.298
zf,S525,birdaves_biox_base,7,45,100,51.5974,51.5974
zf,S525,birdaves_biox_base,7,46,1,82.511,82.511
zf,S525,birdaves_biox_base,7,46,5,80.0684,80.0684
zf,S525,birdaves_biox_base,7,46,10,78.48,78.48
zf,S525,birdaves_biox_base,7,46,50,65.2659,65.2659
zf,S525,birdaves_biox_base,7,46,100,52.2462,52.2462
zf,S525,birdaves_biox_base_speed0p25,3,42,1,86.6123,86.6123
zf,S525,birdaves_biox_base_speed0p25,3,42,5,82.6436,82.6436
zf,S525,birdaves_biox_base_speed0p25,3,42,10,79.5785,79.5785
zf,S525,birdaves_biox_base_speed0p25,3,42,50,64.7765,64.7765
zf,S525,birdaves_biox_base_speed0p25,3,42,100,51.2496,51.2496
zf,S525,birdaves_biox_base_speed0p25,3,43,1,88.152,88.152
zf,S525,birdaves_biox_base_speed0p25,3,43,5,83.8847,83.8847
zf,S525,birdaves_biox_base_speed0p25,3,43,10,80.8117,80.8117
zf,S525,birdaves_biox_base_speed0p25,3,43,50,65.8647,65.8647
zf,S525,birdaves_biox_base_speed0p25,3,43,100,51.8393,51.8393
zf,S525,birdaves_biox_base_speed0p25,3,44,1,86.0938,86.0938
zf,S525,birdaves_biox_base_speed0p25,3,44,5,81.8869,81.8869
zf,S525,birdaves_biox_base_speed0p25,3,44,10,79.1245,79.1245
zf,S525,birdaves_biox_base_speed0p25,3,44,50,65.0157,65.0157
zf,S525,birdaves_biox_base_speed0p25,3,44,100,51.4521,51.4521
zf,S525,birdaves_biox_base_speed0p25,3,45,1,84.8994,84.8994
zf,S525,birdaves_biox_base_speed0p25,3,45,5,80.738,80.738
zf,S525,birdaves_biox_base_speed0p25,3,45,10,77.8468,77.8468
zf,S525,birdaves_biox_base_speed0p25,3,45,50,63.8106,63.8106
zf,S525,birdaves_biox_base_speed0p25,3,45,100,50.1398,50.1398
zf,S525,birdaves_biox_base_speed0p25,3,46,1,86.5431,86.5431
zf,S525,birdaves_biox_base_speed0p25,3,46,5,82.5435,82.5435
zf,S525,birdaves_biox_base_speed0p25,3,46,10,79.8859,79.8859
zf,S525,birdaves_biox_base_speed0p25,3,46,50,65.6638,65.6638
zf,S525,birdaves_biox_base_speed0p25,3,46,100,51.6913,51.6913
zf,S525,birdaves_biox_base_speed0p25,4,42,1,86.8295,86.8295
zf,S525,birdaves_biox_base_speed0p25,4,42,5,83.3671,83.3671
zf,S525,birdaves_biox_base_speed0p25,4,42,10,80.4217,80.4217
zf,S525,birdaves_biox_base_speed0p25,4,42,50,66.2126,66.2126
zf,S525,birdaves_biox_base_speed0p25,4,42,100,52.7601,52.7601
zf,S525,birdaves_biox_base_speed0p25,4,43,1,87.8897,87.8897
zf,S525,birdaves_biox_base_speed0p25,4,43,5,84.3444,84.3444
zf,S525,birdaves_biox_base_speed0p25,4,43,10,81.6931,81.6931
zf,S525,birdaves_biox_base_speed0p25,4,43,50,67.2514,67.2514
zf,S525,birdaves_biox_base_speed0p25,4,43,100,53.3271,53.3271
zf,S525,birdaves_biox_base_speed0p25,4,44,1,86.2967,86.2967
zf,S525,birdaves_biox_base_speed0p25,4,44,5,82.7508,82.7508
zf,S525,birdaves_biox_base_speed0p25,4,44,10,80.2969,80.2969
zf,S525,birdaves_biox_base_speed0p25,4,44,50,66.5126,66.5126
zf,S525,birdaves_biox_base_speed0p25,4,44,100,53.033,53.033
zf,S525,birdaves_biox_base_speed0p25,4,45,1,84.8157,84.8157
zf,S525,birdaves_biox_base_speed0p25,4,45,5,81.3989,81.3989
zf,S525,birdaves_biox_base_speed0p25,4,45,10,78.5878,78.5878
zf,S525,birdaves_biox_base_speed0p25,4,45,50,65.4191,65.4191
zf,S525,birdaves_biox_base_speed0p25,4,45,100,51.7464,51.7464
zf,S525,birdaves_biox_base_speed0p25,4,46,1,86.8167,86.8167
zf,S525,birdaves_biox_base_speed0p25,4,46,5,83.3161,83.3161
zf,S525,birdaves_biox_base_speed0p25,4,46,10,80.8014,80.8014
zf,S525,birdaves_biox_base_speed0p25,4,46,50,66.8462,66.8462
zf,S525,birdaves_biox_base_speed0p25,4,46,100,52.9969,52.9969
zf,S525,birdaves_biox_base_speed0p5,3,42,1,88.0074,88.0074
zf,S525,birdaves_biox_base_speed0p5,3,42,5,84.5128,84.5128
zf,S525,birdaves_biox_base_speed0p5,3,42,10,81.9113,81.9113
zf,S525,birdaves_biox_base_speed0p5,3,42,50,67.7009,67.7009
zf,S525,birdaves_biox_base_speed0p5,3,42,100,54.1462,54.1462
zf,S525,birdaves_biox_base_speed0p5,3,43,1,87.6593,87.6593
zf,S525,birdaves_biox_base_speed0p5,3,43,5,84.9396,84.9396
zf,S525,birdaves_biox_base_speed0p5,3,43,10,82.7115,82.7115
zf,S525,birdaves_biox_base_speed0p5,3,43,50,68.2637,68.2637
zf,S525,birdaves_biox_base_speed0p5,3,43,100,54.4212,54.4212
zf,S525,birdaves_biox_base_speed0p5,3,44,1,86.3298,86.3298
zf,S525,birdaves_biox_base_speed0p5,3,44,5,83.5696,83.5696
zf,S525,birdaves_biox_base_speed0p5,3,44,10,81.3635,81.3635
zf,S525,birdaves_biox_base_speed0p5,3,44,50,67.5822,67.5822
zf,S525,birdaves_biox_base_speed0p5,3,44,100,54.167,54.167
zf,S525,birdaves_biox_base_speed0p5,3,45,1,83.528,83.528
zf,S525,birdaves_biox_base_speed0p5,3,45,5,81.3769,81.3769
zf,S525,birdaves_biox_base_speed0p5,3,45,10,79.2874,79.2874
zf,S525,birdaves_biox_base_speed0p5,3,45,50,66.1562,66.1562
zf,S525,birdaves_biox_base_speed0p5,3,45,100,52.9376,52.9376
zf,S525,birdaves_biox_base_speed0p5,3,46,1,86.976,86.976
zf,S525,birdaves_biox_base_speed0p5,3,46,5,83.8216,83.8216
zf,S525,birdaves_biox_base_speed0p5,3,46,10,81.1945,81.1945
zf,S525,birdaves_biox_base_speed0p5,3,46,50,67.7982,67.7982
zf,S525,birdaves_biox_base_speed0p5,3,46,100,54.3402,54.3402
zf,S525,birdaves_biox_base_speed0p5,6,42,1,87.8853,87.8853
zf,S525,birdaves_biox_base_speed0p5,6,42,5,84.8182,84.8182
zf,S525,birdaves_biox_base_speed0p5,6,42,10,82.6292,82.6292
zf,S525,birdaves_biox_base_speed0p5,6,42,50,68.4033,68.4033
zf,S525,birdaves_biox_base_speed0p5,6,42,100,54.7273,54.7273
zf,S525,birdaves_biox_base_speed0p5,6,43,1,87.8904,87.8904
zf,S525,birdaves_biox_base_speed0p5,6,43,5,85.9084,85.9084
zf,S525,birdaves_biox_base_speed0p5,6,43,10,83.7446,83.7446
zf,S525,birdaves_biox_base_speed0p5,6,43,50,69.0711,69.0711
zf,S525,birdaves_biox_base_speed0p5,6,43,100,55.0167,55.0167
zf,S525,birdaves_biox_base_speed0p5,6,44,1,85.8058,85.8058
zf,S525,birdaves_biox_base_speed0p5,6,44,5,84.1333,84.1333
zf,S525,birdaves_biox_base_speed0p5,6,44,10,82.3323,82.3323
zf,S525,birdaves_biox_base_speed0p5,6,44,50,68.6863,68.6863
zf,S525,birdaves_biox_base_speed0p5,6,44,100,54.7711,54.7711
zf,S525,birdaves_biox_base_speed0p5,6,45,1,84.8296,84.8296
zf,S525,birdaves_biox_base_speed0p5,6,45,5,82.2032,82.2032
zf,S525,birdaves_biox_base_speed0p5,6,45,10,80.2422,80.2422
zf,S525,birdaves_biox_base_speed0p5,6,45,50,66.9407,66.9407
zf,S525,birdaves_biox_base_speed0p5,6,45,100,53.4515,53.4515
zf,S525,birdaves_biox_base_speed0p5,6,46,1,86.6879,86.6879
zf,S525,birdaves_biox_base_speed0p5,6,46,5,84.7311,84.7311
zf,S525,birdaves_biox_base_speed0p5,6,46,10,82.4048,82.4048
zf,S525,birdaves_biox_base_speed0p5,6,46,50,68.3929,68.3929
zf,S525,birdaves_biox_base_speed0p5,6,46,100,54.8542,54.8542
zf,S525,hubert_base_ls960,0,42,1,81.5373,81.5373
zf,S525,hubert_base_ls960,0,42,5,76.4579,76.4579
zf,S525,hubert_base_ls960,0,42,10,73.4567,73.4567
zf,S525,hubert_base_ls960,0,42,50,58.0521,58.0521
zf,S525,hubert_base_ls960,0,42,100,45.2752,45.2752
zf,S525,hubert_base_ls960,0,43,1,81.2956,81.2956
zf,S525,hubert_base_ls960,0,43,5,76.1558,76.1558
zf,S525,hubert_base_ls960,0,43,10,73.132,73.132
zf,S525,hubert_base_ls960,0,43,50,57.7837,57.7837
zf,S525,hubert_base_ls960,0,43,100,45.3199,45.3199
zf,S525,hubert_base_ls960,0,44,1,77.4125,77.4125
zf,S525,hubert_base_ls960,0,44,5,73.8494,73.8494
zf,S525,hubert_base_ls960,0,44,10,71.0483,71.0483
zf,S525,hubert_base_ls960,0,44,50,57.1226,57.1226
zf,S525,hubert_base_ls960,0,44,100,44.9481,44.9481
zf,S525,hubert_base_ls960,0,45,1,79.3937,79.3937
zf,S525,hubert_base_ls960,0,45,5,73.9752,73.9752
zf,S525,hubert_base_ls960,0,45,10,71.5668,71.5668
zf,S525,hubert_base_ls960,0,45,50,56.8261,56.8261
zf,S525,hubert_base_ls960,0,45,100,44.5422,44.5422
zf,S525,hubert_base_ls960,0,46,1,79.7364,79.7364
zf,S525,hubert_base_ls960,0,46,5,74.4803,74.4803
zf,S525,hubert_base_ls960,0,46,10,71.8198,71.8198
zf,S525,hubert_base_ls960,0,46,50,57.1274,57.1274
zf,S525,hubert_base_ls960,0,46,100,45.0336,45.0336
zf,S525,hubert_base_ls960,3,42,1,80.8256,80.8256
zf,S525,hubert_base_ls960,3,42,5,75.4957,75.4957
zf,S525,hubert_base_ls960,3,42,10,71.7479,71.7479
zf,S525,hubert_base_ls960,3,42,50,56.002,56.002
zf,S525,hubert_base_ls960,3,42,100,43.7872,43.7872
zf,S525,hubert_base_ls960,3,43,1,79.5245,79.5245
zf,S525,hubert_base_ls960,3,43,5,74.9964,74.9964
zf,S525,hubert_base_ls960,3,43,10,72.1115,72.1115
zf,S525,hubert_base_ls960,3,43,50,56.7899,56.7899
zf,S525,hubert_base_ls960,3,43,100,44.434,44.434
zf,S525,hubert_base_ls960,3,44,1,78.2265,78.2265
zf,S525,hubert_base_ls960,3,44,5,72.7717,72.7717
zf,S525,hubert_base_ls960,3,44,10,70.0353,70.0353
zf,S525,hubert_base_ls960,3,44,50,55.761,55.761
zf,S525,hubert_base_ls960,3,44,100,43.7764,43.7764
zf,S525,hubert_base_ls960,3,45,1,78.1368,78.1368
zf,S525,hubert_base_ls960,3,45,5,73.1311,73.1311
zf,S525,hubert_base_ls960,3,45,10,70.0985,70.0985
zf,S525,hubert_base_ls960,3,45,50,55.9121,55.9121
zf,S525,hubert_base_ls960,3,45,100,43.7356,43.7356
zf,S525,hubert_base_ls960,3,46,1,80.7832,80.7832
zf,S525,hubert_base_ls960,3,46,5,74.6431,74.6431
zf,S525,hubert_base_ls960,3,46,10,71.0771,71.0771
zf,S525,hubert_base_ls960,3,46,50,55.8933,55.8933
zf,S525,hubert_base_ls960,3,46,100,43.9724,43.9724
zf,S525,xcl_base_500k_p32x1_c005,5,42,1,88.584,88.584
zf,S525,xcl_base_500k_p32x1_c005,5,42,5,86.0389,86.0389
zf,S525,xcl_base_500k_p32x1_c005,5,42,10,83.6545,83.6545
zf,S525,xcl_base_500k_p32x1_c005,5,42,50,67.5084,67.5084
zf,S525,xcl_base_500k_p32x1_c005,5,42,100,51.9151,51.9151
zf,S525,xcl_base_500k_p32x1_c005,5,43,1,89.2569,89.2569
zf,S525,xcl_base_500k_p32x1_c005,5,43,5,87.6033,87.6033
zf,S525,xcl_base_500k_p32x1_c005,5,43,10,85.0975,85.0975
zf,S525,xcl_base_500k_p32x1_c005,5,43,50,68.017,68.017
zf,S525,xcl_base_500k_p32x1_c005,5,43,100,52.2232,52.2232
zf,S525,xcl_base_500k_p32x1_c005,5,44,1,88.1845,88.1845
zf,S525,xcl_base_500k_p32x1_c005,5,44,5,85.8693,85.8693
zf,S525,xcl_base_500k_p32x1_c005,5,44,10,83.6085,83.6085
zf,S525,xcl_base_500k_p32x1_c005,5,44,50,67.2963,67.2963
zf,S525,xcl_base_500k_p32x1_c005,5,44,100,52.1451,52.1451
zf,S525,xcl_base_500k_p32x1_c005,5,45,1,86.0921,86.0921
zf,S525,xcl_base_500k_p32x1_c005,5,45,5,84.7035,84.7035
zf,S525,xcl_base_500k_p32x1_c005,5,45,10,82.5213,82.5213
zf,S525,xcl_base_500k_p32x1_c005,5,45,50,66.7587,66.7587
zf,S525,xcl_base_500k_p32x1_c005,5,45,100,51.0821,51.0821
zf,S525,xcl_base_500k_p32x1_c005,5,46,1,88.1351,88.1351
zf,S525,xcl_base_500k_p32x1_c005,5,46,5,85.8522,85.8522
zf,S525,xcl_base_500k_p32x1_c005,5,46,10,83.4293,83.4293
zf,S525,xcl_base_500k_p32x1_c005,5,46,50,67.1277,67.1277
zf,S525,xcl_base_500k_p32x1_c005,5,46,100,52.0488,52.0488
zf,S525,xcl_base_500k_p32x4_c010,3,42,1,83.6486,83.6486
zf,S525,xcl_base_500k_p32x4_c010,3,42,5,82.2206,82.2206
zf,S525,xcl_base_500k_p32x4_c010,3,42,10,80.6845,80.6845
zf,S525,xcl_base_500k_p32x4_c010,3,42,50,64.2517,64.2517
zf,S525,xcl_base_500k_p32x4_c010,3,42,100,49.5895,49.5895
zf,S525,xcl_base_500k_p32x4_c010,3,43,1,83.6994,83.6994
zf,S525,xcl_base_500k_p32x4_c010,3,43,5,81.514,81.514
zf,S525,xcl_base_500k_p32x4_c010,3,43,10,80.2185,80.2185
zf,S525,xcl_base_500k_p32x4_c010,3,43,50,64.0491,64.0491
zf,S525,xcl_base_500k_p32x4_c010,3,43,100,49.4426,49.4426
zf,S525,xcl_base_500k_p32x4_c010,3,44,1,83.3229,83.3229
zf,S525,xcl_base_500k_p32x4_c010,3,44,5,81.6916,81.6916
zf,S525,xcl_base_500k_p32x4_c010,3,44,10,79.5956,79.5956
zf,S525,xcl_base_500k_p32x4_c010,3,44,50,63.5188,63.5188
zf,S525,xcl_base_500k_p32x4_c010,3,44,100,49.374,49.374
zf,S525,xcl_base_500k_p32x4_c010,3,45,1,80.9865,80.9865
zf,S525,xcl_base_500k_p32x4_c010,3,45,5,79.4335,79.4335
zf,S525,xcl_base_500k_p32x4_c010,3,45,10,78.029,78.029
zf,S525,xcl_base_500k_p32x4_c010,3,45,50,62.8074,62.8074
zf,S525,xcl_base_500k_p32x4_c010,3,45,100,48.503,48.503
zf,S525,xcl_base_500k_p32x4_c010,3,46,1,84.2126,84.2126
zf,S525,xcl_base_500k_p32x4_c010,3,46,5,81.4759,81.4759
zf,S525,xcl_base_500k_p32x4_c010,3,46,10,79.289,79.289
zf,S525,xcl_base_500k_p32x4_c010,3,46,50,63.0847,63.0847
zf,S525,xcl_base_500k_p32x4_c010,3,46,100,48.9533,48.9533
zf,S525,xcl_base_500k_p32x4_c010,4,42,1,83.8741,83.8741
zf,S525,xcl_base_500k_p32x4_c010,4,42,5,82.0397,82.0397
zf,S525,xcl_base_500k_p32x4_c010,4,42,10,80.3056,80.3056
zf,S525,xcl_base_500k_p32x4_c010,4,42,50,63.7829,63.7829
zf,S525,xcl_base_500k_p32x4_c010,4,42,100,49.1614,49.1614
zf,S525,xcl_base_500k_p32x4_c010,4,43,1,83.8621,83.8621
zf,S525,xcl_base_500k_p32x4_c010,4,43,5,81.688,81.688
zf,S525,xcl_base_500k_p32x4_c010,4,43,10,79.8862,79.8862
zf,S525,xcl_base_500k_p32x4_c010,4,43,50,63.6025,63.6025
zf,S525,xcl_base_500k_p32x4_c010,4,43,100,49.0337,49.0337
zf,S525,xcl_base_500k_p32x4_c010,4,44,1,83.9548,83.9548
zf,S525,xcl_base_500k_p32x4_c010,4,44,5,81.5077,81.5077
zf,S525,xcl_base_500k_p32x4_c010,4,44,10,79.2319,79.2319
zf,S525,xcl_base_500k_p32x4_c010,4,44,50,63.0961,63.0961
zf,S525,xcl_base_500k_p32x4_c010,4,44,100,48.9786,48.9786
zf,S525,xcl_base_500k_p32x4_c010,4,45,1,81.506,81.506
zf,S525,xcl_base_500k_p32x4_c010,4,45,5,79.5959,79.5959
zf,S525,xcl_base_500k_p32x4_c010,4,45,10,77.5322,77.5322
zf,S525,xcl_base_500k_p32x4_c010,4,45,50,62.419,62.419
zf,S525,xcl_base_500k_p32x4_c010,4,45,100,48.1478,48.1478
zf,S525,xcl_base_500k_p32x4_c010,4,46,1,84.3894,84.3894
zf,S525,xcl_base_500k_p32x4_c010,4,46,5,81.5249,81.5249
zf,S525,xcl_base_500k_p32x4_c010,4,46,10,78.7989,78.7989
zf,S525,xcl_base_500k_p32x4_c010,4,46,50,62.6848,62.6848
zf,S525,xcl_base_500k_p32x4_c010,4,46,100,48.5906,48.5906
zf,S525,xcl_large_500k_p32x1_c005,11,42,1,90.5077,90.5077
zf,S525,xcl_large_500k_p32x1_c005,11,42,5,88.8672,88.8672
zf,S525,xcl_large_500k_p32x1_c005,11,42,10,86.845,86.845
zf,S525,xcl_large_500k_p32x1_c005,11,42,50,72.3773,72.3773
zf,S525,xcl_large_500k_p32x1_c005,11,42,100,56.4162,56.4162
zf,S525,xcl_large_500k_p32x1_c005,11,43,1,90.1462,90.1462
zf,S525,xcl_large_500k_p32x1_c005,11,43,5,89.1866,89.1866
zf,S525,xcl_large_500k_p32x1_c005,11,43,10,87.5701,87.5701
zf,S525,xcl_large_500k_p32x1_c005,11,43,50,72.5838,72.5838
zf,S525,xcl_large_500k_p32x1_c005,11,43,100,56.4047,56.4047
zf,S525,xcl_large_500k_p32x1_c005,11,44,1,89.2946,89.2946
zf,S525,xcl_large_500k_p32x1_c005,11,44,5,88.1041,88.1041
zf,S525,xcl_large_500k_p32x1_c005,11,44,10,86.6115,86.6115
zf,S525,xcl_large_500k_p32x1_c005,11,44,50,72.1679,72.1679
zf,S525,xcl_large_500k_p32x1_c005,11,44,100,56.4593,56.4593
zf,S525,xcl_large_500k_p32x1_c005,11,45,1,88.4231,88.4231
zf,S525,xcl_large_500k_p32x1_c005,11,45,5,86.8879,86.8879
zf,S525,xcl_large_500k_p32x1_c005,11,45,10,85.4139,85.4139
zf,S525,xcl_large_500k_p32x1_c005,11,45,50,71.3664,71.3664
zf,S525,xcl_large_500k_p32x1_c005,11,45,100,55.5422,55.5422
zf,S525,xcl_large_500k_p32x1_c005,11,46,1,89.0874,89.0874
zf,S525,xcl_large_500k_p32x1_c005,11,46,5,87.6095,87.6095
zf,S525,xcl_large_500k_p32x1_c005,11,46,10,86.0712,86.0712
zf,S525,xcl_large_500k_p32x1_c005,11,46,50,71.7943,71.7943
zf,S525,xcl_large_500k_p32x1_c005,11,46,100,56.2898,56.2898
zf,S525,xcl_large_500k_p32x4_c0025,9,42,1,84.5435,84.5435
zf,S525,xcl_large_500k_p32x4_c0025,9,42,5,82.5873,82.5873
zf,S525,xcl_large_500k_p32x4_c0025,9,42,10,80.5595,80.5595
zf,S525,xcl_large_500k_p32x4_c0025,9,42,50,64.3557,64.3557
zf,S525,xcl_large_500k_p32x4_c0025,9,42,100,49.7243,49.7243
zf,S525,xcl_large_500k_p32x4_c0025,9,43,1,84.1176,84.1176
zf,S525,xcl_large_500k_p32x4_c0025,9,43,5,81.9413,81.9413
zf,S525,xcl_large_500k_p32x4_c0025,9,43,10,80.0011,80.0011
zf,S525,xcl_large_500k_p32x4_c0025,9,43,50,64.1687,64.1687
zf,S525,xcl_large_500k_p32x4_c0025,9,43,100,49.5335,49.5335
zf,S525,xcl_large_500k_p32x4_c0025,9,44,1,84.5925,84.5925
zf,S525,xcl_large_500k_p32x4_c0025,9,44,5,81.8355,81.8355
zf,S525,xcl_large_500k_p32x4_c0025,9,44,10,79.5758,79.5758
zf,S525,xcl_large_500k_p32x4_c0025,9,44,50,63.6861,63.6861
zf,S525,xcl_large_500k_p32x4_c0025,9,44,100,49.5451,49.5451
zf,S525,xcl_large_500k_p32x4_c0025,9,45,1,82.6719,82.6719
zf,S525,xcl_large_500k_p32x4_c0025,9,45,5,79.9422,79.9422
zf,S525,xcl_large_500k_p32x4_c0025,9,45,10,78.1852,78.1852
zf,S525,xcl_large_500k_p32x4_c0025,9,45,50,62.9825,62.9825
zf,S525,xcl_large_500k_p32x4_c0025,9,45,100,48.7677,48.7677
zf,S525,xcl_large_500k_p32x4_c0025,9,46,1,84.3734,84.3734
zf,S525,xcl_large_500k_p32x4_c0025,9,46,5,81.0303,81.0303
zf,S525,xcl_large_500k_p32x4_c0025,9,46,10,79.0739,79.0739
zf,S525,xcl_large_500k_p32x4_c0025,9,46,50,63.1587,63.1587
zf,S525,xcl_large_500k_p32x4_c0025,9,46,100,49.1482,49.1482
zf,S525,xcl_large_500k_p32x4_c010,10,42,1,84.8229,84.8229
zf,S525,xcl_large_500k_p32x4_c010,10,42,5,83.1746,83.1746
zf,S525,xcl_large_500k_p32x4_c010,10,42,10,81.5168,81.5168
zf,S525,xcl_large_500k_p32x4_c010,10,42,50,65.7294,65.7294
zf,S525,xcl_large_500k_p32x4_c010,10,42,100,50.9685,50.9685
zf,S525,xcl_large_500k_p32x4_c010,10,43,1,85.2782,85.2782
zf,S525,xcl_large_500k_p32x4_c010,10,43,5,82.4185,82.4185
zf,S525,xcl_large_500k_p32x4_c010,10,43,10,81.1338,81.1338
zf,S525,xcl_large_500k_p32x4_c010,10,43,50,65.7047,65.7047
zf,S525,xcl_large_500k_p32x4_c010,10,43,100,50.9537,50.9537
zf,S525,xcl_large_500k_p32x4_c010,10,44,1,84.7837,84.7837
zf,S525,xcl_large_500k_p32x4_c010,10,44,5,82.8093,82.8093
zf,S525,xcl_large_500k_p32x4_c010,10,44,10,80.8036,80.8036
zf,S525,xcl_large_500k_p32x4_c010,10,44,50,65.2218,65.2218
zf,S525,xcl_large_500k_p32x4_c010,10,44,100,50.6976,50.6976
zf,S525,xcl_large_500k_p32x4_c010,10,45,1,83.2026,83.2026
zf,S525,xcl_large_500k_p32x4_c010,10,45,5,80.9251,80.9251
zf,S525,xcl_large_500k_p32x4_c010,10,45,10,78.7535,78.7535
zf,S525,xcl_large_500k_p32x4_c010,10,45,50,64.2622,64.2622
zf,S525,xcl_large_500k_p32x4_c010,10,45,100,49.9304,49.9304
zf,S525,xcl_large_500k_p32x4_c010,10,46,1,85.0074,85.0074
zf,S525,xcl_large_500k_p32x4_c010,10,46,5,82.3432,82.3432
zf,S525,xcl_large_500k_p32x4_c010,10,46,10,80.4494,80.4494
zf,S525,xcl_large_500k_p32x4_c010,10,46,50,64.8603,64.8603
zf,S525,xcl_large_500k_p32x4_c010,10,46,100,50.3559,50.3559
zf,S525,xcl_micro_500k_p32x1_c005,4,42,1,82.8851,82.8851
zf,S525,xcl_micro_500k_p32x1_c005,4,42,5,79.7348,79.7348
zf,S525,xcl_micro_500k_p32x1_c005,4,42,10,76.7159,76.7159
zf,S525,xcl_micro_500k_p32x1_c005,4,42,50,59.5067,59.5067
zf,S525,xcl_micro_500k_p32x1_c005,4,42,100,45.072,45.072
zf,S525,xcl_micro_500k_p32x1_c005,4,43,1,83.3866,83.3866
zf,S525,xcl_micro_500k_p32x1_c005,4,43,5,80.3233,80.3233
zf,S525,xcl_micro_500k_p32x1_c005,4,43,10,77.4337,77.4337
zf,S525,xcl_micro_500k_p32x1_c005,4,43,50,59.9307,59.9307
zf,S525,xcl_micro_500k_p32x1_c005,4,43,100,45.4417,45.4417
zf,S525,xcl_micro_500k_p32x1_c005,4,44,1,81.7954,81.7954
zf,S525,xcl_micro_500k_p32x1_c005,4,44,5,78.9404,78.9404
zf,S525,xcl_micro_500k_p32x1_c005,4,44,10,76.1648,76.1648
zf,S525,xcl_micro_500k_p32x1_c005,4,44,50,59.1157,59.1157
zf,S525,xcl_micro_500k_p32x1_c005,4,44,100,45.3036,45.3036
zf,S525,xcl_micro_500k_p32x1_c005,4,45,1,80.0718,80.0718
zf,S525,xcl_micro_500k_p32x1_c005,4,45,5,77.524,77.524
zf,S525,xcl_micro_500k_p32x1_c005,4,45,10,74.8809,74.8809
zf,S525,xcl_micro_500k_p32x1_c005,4,45,50,58.3262,58.3262
zf,S525,xcl_micro_500k_p32x1_c005,4,45,100,44.0553,44.0553
zf,S525,xcl_micro_500k_p32x1_c005,4,46,1,81.8748,81.8748
zf,S525,xcl_micro_500k_p32x1_c005,4,46,5,78.5699,78.5699
zf,S525,xcl_micro_500k_p32x1_c005,4,46,10,75.5228,75.5228
zf,S525,xcl_micro_500k_p32x1_c005,4,46,50,58.6334,58.6334
zf,S525,xcl_micro_500k_p32x1_c005,4,46,100,45.0816,45.0816
zf,S525,xcl_micro_500k_p32x1_c005,5,42,1,83.077,83.077
zf,S525,xcl_micro_500k_p32x1_c005,5,42,5,80.1025,80.1025
zf,S525,xcl_micro_500k_p32x1_c005,5,42,10,77.1785,77.1785
zf,S525,xcl_micro_500k_p32x1_c005,5,42,50,59.8221,59.8221
zf,S525,xcl_micro_500k_p32x1_c005,5,42,100,45.4395,45.4395
zf,S525,xcl_micro_500k_p32x1_c005,5,43,1,84.0973,84.0973
zf,S525,xcl_micro_500k_p32x1_c005,5,43,5,80.4961,80.4961
zf,S525,xcl_micro_500k_p32x1_c005,5,43,10,77.8481,77.8481
zf,S525,xcl_micro_500k_p32x1_c005,5,43,50,60.1591,60.1591
zf,S525,xcl_micro_500k_p32x1_c005,5,43,100,45.7256,45.7256
zf,S525,xcl_micro_500k_p32x1_c005,5,44,1,82.8237,82.8237
zf,S525,xcl_micro_500k_p32x1_c005,5,44,5,79.1406,79.1406
zf,S525,xcl_micro_500k_p32x1_c005,5,44,10,76.5883,76.5883
zf,S525,xcl_micro_500k_p32x1_c005,5,44,50,59.395,59.395
zf,S525,xcl_micro_500k_p32x1_c005,5,44,100,45.693,45.693
zf,S525,xcl_micro_500k_p32x1_c005,5,45,1,80.6467,80.6467
zf,S525,xcl_micro_500k_p32x1_c005,5,45,5,78.0003,78.0003
zf,S525,xcl_micro_500k_p32x1_c005,5,45,10,75.4248,75.4248
zf,S525,xcl_micro_500k_p32x1_c005,5,45,50,58.7377,58.7377
zf,S525,xcl_micro_500k_p32x1_c005,5,45,100,44.4164,44.4164
zf,S525,xcl_micro_500k_p32x1_c005,5,46,1,83.017,83.017
zf,S525,xcl_micro_500k_p32x1_c005,5,46,5,78.798,78.798
zf,S525,xcl_micro_500k_p32x1_c005,5,46,10,75.931,75.931
zf,S525,xcl_micro_500k_p32x1_c005,5,46,50,59.087,59.087
zf,S525,xcl_micro_500k_p32x1_c005,5,46,100,45.5608,45.5608
zf,S525,xcl_micro_500k_p32x4_c010,3,42,1,84.3432,84.3432
zf,S525,xcl_micro_500k_p32x4_c010,3,42,5,81.4872,81.4872
zf,S525,xcl_micro_500k_p32x4_c010,3,42,10,79.4212,79.4212
zf,S525,xcl_micro_500k_p32x4_c010,3,42,50,61.6161,61.6161
zf,S525,xcl_micro_500k_p32x4_c010,3,42,100,46.7003,46.7003
zf,S525,xcl_micro_500k_p32x4_c010,3,43,1,83.2166,83.2166
zf,S525,xcl_micro_500k_p32x4_c010,3,43,5,79.9584,79.9584
zf,S525,xcl_micro_500k_p32x4_c010,3,43,10,78.5511,78.5511
zf,S525,xcl_micro_500k_p32x4_c010,3,43,50,61.2467,61.2467
zf,S525,xcl_micro_500k_p32x4_c010,3,43,100,46.4525,46.4525
zf,S525,xcl_micro_500k_p32x4_c010,3,44,1,84.3,84.3
zf,S525,xcl_micro_500k_p32x4_c010,3,44,5,80.0879,80.0879
zf,S525,xcl_micro_500k_p32x4_c010,3,44,10,78.0794,78.0794
zf,S525,xcl_micro_500k_p32x4_c010,3,44,50,60.4084,60.4084
zf,S525,xcl_micro_500k_p32x4_c010,3,44,100,46.3743,46.3743
zf,S525,xcl_micro_500k_p32x4_c010,3,45,1,80.8301,80.8301
zf,S525,xcl_micro_500k_p32x4_c010,3,45,5,77.7571,77.7571
zf,S525,xcl_micro_500k_p32x4_c010,3,45,10,75.6276,75.6276
zf,S525,xcl_micro_500k_p32x4_c010,3,45,50,59.3074,59.3074
zf,S525,xcl_micro_500k_p32x4_c010,3,45,100,45.3169,45.3169
zf,S525,xcl_micro_500k_p32x4_c010,3,46,1,84.075,84.075
zf,S525,xcl_micro_500k_p32x4_c010,3,46,5,79.3252,79.3252
zf,S525,xcl_micro_500k_p32x4_c010,3,46,10,77.2673,77.2673
zf,S525,xcl_micro_500k_p32x4_c010,3,46,50,59.9113,59.9113
zf,S525,xcl_micro_500k_p32x4_c010,3,46,100,45.9443,45.9443
zf,S528,birdaves_biox_base,3,42,1,78.185,78.185
zf,S528,birdaves_biox_base,3,42,5,74.917,74.917
zf,S528,birdaves_biox_base,3,42,10,72.0363,72.0363
zf,S528,birdaves_biox_base,3,42,50,58.9576,58.9576
zf,S528,birdaves_biox_base,3,42,100,51.6439,51.6439
zf,S528,birdaves_biox_base,3,43,1,80.1132,80.1132
zf,S528,birdaves_biox_base,3,43,5,77.647,77.647
zf,S528,birdaves_biox_base,3,43,10,73.7057,73.7057
zf,S528,birdaves_biox_base,3,43,50,60.9435,60.9435
zf,S528,birdaves_biox_base,3,43,100,53.1713,53.1713
zf,S528,birdaves_biox_base,3,44,1,79.2449,79.2449
zf,S528,birdaves_biox_base,3,44,5,77.211,77.211
zf,S528,birdaves_biox_base,3,44,10,73.7639,73.7639
zf,S528,birdaves_biox_base,3,44,50,60.9362,60.9362
zf,S528,birdaves_biox_base,3,44,100,53.3058,53.3058
zf,S528,birdaves_biox_base,3,45,1,79.5594,79.5594
zf,S528,birdaves_biox_base,3,45,5,76.3923,76.3923
zf,S528,birdaves_biox_base,3,45,10,72.9351,72.9351
zf,S528,birdaves_biox_base,3,45,50,60.1335,60.1335
zf,S528,birdaves_biox_base,3,45,100,52.464,52.464
zf,S528,birdaves_biox_base,3,46,1,78.3549,78.3549
zf,S528,birdaves_biox_base,3,46,5,74.3635,74.3635
zf,S528,birdaves_biox_base,3,46,10,71.6149,71.6149
zf,S528,birdaves_biox_base,3,46,50,59.3602,59.3602
zf,S528,birdaves_biox_base,3,46,100,52.1382,52.1382
zf,S528,birdaves_biox_base,7,42,1,78.2554,78.2554
zf,S528,birdaves_biox_base,7,42,5,76.1158,76.1158
zf,S528,birdaves_biox_base,7,42,10,71.8269,71.8269
zf,S528,birdaves_biox_base,7,42,50,59.1804,59.1804
zf,S528,birdaves_biox_base,7,42,100,51.4673,51.4673
zf,S528,birdaves_biox_base,7,43,1,81.8133,81.8133
zf,S528,birdaves_biox_base,7,43,5,78.4612,78.4612
zf,S528,birdaves_biox_base,7,43,10,74.533,74.533
zf,S528,birdaves_biox_base,7,43,50,60.8372,60.8372
zf,S528,birdaves_biox_base,7,43,100,53.0274,53.0274
zf,S528,birdaves_biox_base,7,44,1,81.3883,81.3883
zf,S528,birdaves_biox_base,7,44,5,78.359,78.359
zf,S528,birdaves_biox_base,7,44,10,74.0865,74.0865
zf,S528,birdaves_biox_base,7,44,50,61.3225,61.3225
zf,S528,birdaves_biox_base,7,44,100,53.0624,53.0624
zf,S528,birdaves_biox_base,7,45,1,81.4145,81.4145
zf,S528,birdaves_biox_base,7,45,5,77.5398,77.5398
zf,S528,birdaves_biox_base,7,45,10,73.6479,73.6479
zf,S528,birdaves_biox_base,7,45,50,60.286,60.286
zf,S528,birdaves_biox_base,7,45,100,52.141,52.141
zf,S528,birdaves_biox_base,7,46,1,77.8909,77.8909
zf,S528,birdaves_biox_base,7,46,5,75.7216,75.7216
zf,S528,birdaves_biox_base,7,46,10,71.9882,71.9882
zf,S528,birdaves_biox_base,7,46,50,59.511,59.511
zf,S528,birdaves_biox_base,7,46,100,51.6865,51.6865
zf,S528,birdaves_biox_base_speed0p25,3,42,1,82.2025,82.2025
zf,S528,birdaves_biox_base_speed0p25,3,42,5,78.004,78.004
zf,S528,birdaves_biox_base_speed0p25,3,42,10,73.0761,73.0761
zf,S528,birdaves_biox_base_speed0p25,3,42,50,61.3549,61.3549
zf,S528,birdaves_biox_base_speed0p25,3,42,100,51.4286,51.4286
zf,S528,birdaves_biox_base_speed0p25,3,43,1,85.2856,85.2856
zf,S528,birdaves_biox_base_speed0p25,3,43,5,80.3064,80.3064
zf,S528,birdaves_biox_base_speed0p25,3,43,10,75.4646,75.4646
zf,S528,birdaves_biox_base_speed0p25,3,43,50,63.6305,63.6305
zf,S528,birdaves_biox_base_speed0p25,3,43,100,53.4444,53.4444
zf,S528,birdaves_biox_base_speed0p25,3,44,1,84.0358,84.0358
zf,S528,birdaves_biox_base_speed0p25,3,44,5,79.5526,79.5526
zf,S528,birdaves_biox_base_speed0p25,3,44,10,75.0626,75.0626
zf,S528,birdaves_biox_base_speed0p25,3,44,50,63.3853,63.3853
zf,S528,birdaves_biox_base_speed0p25,3,44,100,53.1374,53.1374
zf,S528,birdaves_biox_base_speed0p25,3,45,1,83.4146,83.4146
zf,S528,birdaves_biox_base_speed0p25,3,45,5,79.6785,79.6785
zf,S528,birdaves_biox_base_speed0p25,3,45,10,75.113,75.113
zf,S528,birdaves_biox_base_speed0p25,3,45,50,63.3103,63.3103
zf,S528,birdaves_biox_base_speed0p25,3,45,100,52.7643,52.7643
zf,S528,birdaves_biox_base_speed0p25,3,46,1,81.8884,81.8884
zf,S528,birdaves_biox_base_speed0p25,3,46,5,77.195,77.195
zf,S528,birdaves_biox_base_speed0p25,3,46,10,72.2432,72.2432
zf,S528,birdaves_biox_base_speed0p25,3,46,50,61.3232,61.3232
zf,S528,birdaves_biox_base_speed0p25,3,46,100,51.9496,51.9496
zf,S528,birdaves_biox_base_speed0p25,4,42,1,83.1124,83.1124
zf,S528,birdaves_biox_base_speed0p25,4,42,5,78.561,78.561
zf,S528,birdaves_biox_base_speed0p25,4,42,10,73.7384,73.7384
zf,S528,birdaves_biox_base_speed0p25,4,42,50,62.013,62.013
zf,S528,birdaves_biox_base_speed0p25,4,42,100,52.5056,52.5056
zf,S528,birdaves_biox_base_speed0p25,4,43,1,85.5986,85.5986
zf,S528,birdaves_biox_base_speed0p25,4,43,5,81.2175,81.2175
zf,S528,birdaves_biox_base_speed0p25,4,43,10,76.8175,76.8175
zf,S528,birdaves_biox_base_speed0p25,4,43,50,64.3529,64.3529
zf,S528,birdaves_biox_base_speed0p25,4,43,100,54.4572,54.4572
zf,S528,birdaves_biox_base_speed0p25,4,44,1,84.1749,84.1749
zf,S528,birdaves_biox_base_speed0p25,4,44,5,79.9908,79.9908
zf,S528,birdaves_biox_base_speed0p25,4,44,10,75.7536,75.7536
zf,S528,birdaves_biox_base_speed0p25,4,44,50,63.9738,63.9738
zf,S528,birdaves_biox_base_speed0p25,4,44,100,53.9295,53.9295
zf,S528,birdaves_biox_base_speed0p25,4,45,1,84.6298,84.6298
zf,S528,birdaves_biox_base_speed0p25,4,45,5,80.2122,80.2122
zf,S528,birdaves_biox_base_speed0p25,4,45,10,75.7397,75.7397
zf,S528,birdaves_biox_base_speed0p25,4,45,50,63.9352,63.9352
zf,S528,birdaves_biox_base_speed0p25,4,45,100,53.8112,53.8112
zf,S528,birdaves_biox_base_speed0p25,4,46,1,83.1232,83.1232
zf,S528,birdaves_biox_base_speed0p25,4,46,5,78.2809,78.2809
zf,S528,birdaves_biox_base_speed0p25,4,46,10,73.4089,73.4089
zf,S528,birdaves_biox_base_speed0p25,4,46,50,62.1368,62.1368
zf,S528,birdaves_biox_base_speed0p25,4,46,100,52.9047,52.9047
zf,S528,birdaves_biox_base_speed0p5,3,42,1,81.9719,81.9719
zf,S528,birdaves_biox_base_speed0p5,3,42,5,78.5009,78.5009
zf,S528,birdaves_biox_base_speed0p5,3,42,10,74.9897,74.9897
zf,S528,birdaves_biox_base_speed0p5,3,42,50,62.7396,62.7396
zf,S528,birdaves_biox_base_speed0p5,3,42,100,54.3634,54.3634
zf,S528,birdaves_biox_base_speed0p5,3,43,1,83.1812,83.1812
zf,S528,birdaves_biox_base_speed0p5,3,43,5,80.8563,80.8563
zf,S528,birdaves_biox_base_speed0p5,3,43,10,77.0398,77.0398
zf,S528,birdaves_biox_base_speed0p5,3,43,50,64.3512,64.3512
zf,S528,birdaves_biox_base_speed0p5,3,43,100,55.4612,55.4612
zf,S528,birdaves_biox_base_speed0p5,3,44,1,84.0302,84.0302
zf,S528,birdaves_biox_base_speed0p5,3,44,5,80.7347,80.7347
zf,S528,birdaves_biox_base_speed0p5,3,44,10,76.7189,76.7189
zf,S528,birdaves_biox_base_speed0p5,3,44,50,64.152,64.152
zf,S528,birdaves_biox_base_speed0p5,3,44,100,55.3511,55.3511
zf,S528,birdaves_biox_base_speed0p5,3,45,1,83.8527,83.8527
zf,S528,birdaves_biox_base_speed0p5,3,45,5,80.4288,80.4288
zf,S528,birdaves_biox_base_speed0p5,3,45,10,76.41,76.41
zf,S528,birdaves_biox_base_speed0p5,3,45,50,63.9922,63.9922
zf,S528,birdaves_biox_base_speed0p5,3,45,100,55.0394,55.0394
zf,S528,birdaves_biox_base_speed0p5,3,46,1,80.6204,80.6204
zf,S528,birdaves_biox_base_speed0p5,3,46,5,78.5561,78.5561
zf,S528,birdaves_biox_base_speed0p5,3,46,10,74.9327,74.9327
zf,S528,birdaves_biox_base_speed0p5,3,46,50,62.2625,62.2625
zf,S528,birdaves_biox_base_speed0p5,3,46,100,54.2474,54.2474
zf,S528,birdaves_biox_base_speed0p5,6,42,1,83.219,83.219
zf,S528,birdaves_biox_base_speed0p5,6,42,5,79.7519,79.7519
zf,S528,birdaves_biox_base_speed0p5,6,42,10,75.507,75.507
zf,S528,birdaves_biox_base_speed0p5,6,42,50,62.4295,62.4295
zf,S528,birdaves_biox_base_speed0p5,6,42,100,54.5292,54.5292
zf,S528,birdaves_biox_base_speed0p5,6,43,1,84.3132,84.3132
zf,S528,birdaves_biox_base_speed0p5,6,43,5,82.2599,82.2599
zf,S528,birdaves_biox_base_speed0p5,6,43,10,77.8331,77.8331
zf,S528,birdaves_biox_base_speed0p5,6,43,50,64.4505,64.4505
zf,S528,birdaves_biox_base_speed0p5,6,43,100,55.8364,55.8364
zf,S528,birdaves_biox_base_speed0p5,6,44,1,84.4486,84.4486
zf,S528,birdaves_biox_base_speed0p5,6,44,5,81.5262,81.5262
zf,S528,birdaves_biox_base_speed0p5,6,44,10,77.9209,77.9209
zf,S528,birdaves_biox_base_speed0p5,6,44,50,64.2876,64.2876
zf,S528,birdaves_biox_base_speed0p5,6,44,100,55.6634,55.6634
zf,S528,birdaves_biox_base_speed0p5,6,45,1,84.7425,84.7425
zf,S528,birdaves_biox_base_speed0p5,6,45,5,81.5588,81.5588
zf,S528,birdaves_biox_base_speed0p5,6,45,10,77.3641,77.3641
zf,S528,birdaves_biox_base_speed0p5,6,45,50,63.9753,63.9753
zf,S528,birdaves_biox_base_speed0p5,6,45,100,55.4242,55.4242
zf,S528,birdaves_biox_base_speed0p5,6,46,1,82.0694,82.0694
zf,S528,birdaves_biox_base_speed0p5,6,46,5,79.3597,79.3597
zf,S528,birdaves_biox_base_speed0p5,6,46,10,76.1411,76.1411
zf,S528,birdaves_biox_base_speed0p5,6,46,50,62.7178,62.7178
zf,S528,birdaves_biox_base_speed0p5,6,46,100,54.7271,54.7271
zf,S528,hubert_base_ls960,0,42,1,77.5557,77.5557
zf,S528,hubert_base_ls960,0,42,5,72.1693,72.1693
zf,S528,hubert_base_ls960,0,42,10,68.681,68.681
zf,S528,hubert_base_ls960,0,42,50,56.5616,56.5616
zf,S528,hubert_base_ls960,0,42,100,46.8213,46.8213
zf,S528,hubert_base_ls960,0,43,1,78.9851,78.9851
zf,S528,hubert_base_ls960,0,43,5,73.849,73.849
zf,S528,hubert_base_ls960,0,43,10,70.6769,70.6769
zf,S528,hubert_base_ls960,0,43,50,58.3534,58.3534
zf,S528,hubert_base_ls960,0,43,100,48.4302,48.4302
zf,S528,hubert_base_ls960,0,44,1,77.9082,77.9082
zf,S528,hubert_base_ls960,0,44,5,74.5545,74.5545
zf,S528,hubert_base_ls960,0,44,10,71.0102,71.0102
zf,S528,hubert_base_ls960,0,44,50,58.2418,58.2418
zf,S528,hubert_base_ls960,0,44,100,47.9285,47.9285
zf,S528,hubert_base_ls960,0,45,1,77.2005,77.2005
zf,S528,hubert_base_ls960,0,45,5,72.6344,72.6344
zf,S528,hubert_base_ls960,0,45,10,69.3679,69.3679
zf,S528,hubert_base_ls960,0,45,50,57.2292,57.2292
zf,S528,hubert_base_ls960,0,45,100,47.3768,47.3768
zf,S528,hubert_base_ls960,0,46,1,76.4017,76.4017
zf,S528,hubert_base_ls960,0,46,5,71.2605,71.2605
zf,S528,hubert_base_ls960,0,46,10,68.0676,68.0676
zf,S528,hubert_base_ls960,0,46,50,56.0071,56.0071
zf,S528,hubert_base_ls960,0,46,100,46.9266,46.9266
zf,S528,hubert_base_ls960,3,42,1,73.0333,73.0333
zf,S528,hubert_base_ls960,3,42,5,68.5852,68.5852
zf,S528,hubert_base_ls960,3,42,10,65.015,65.015
zf,S528,hubert_base_ls960,3,42,50,52.1555,52.1555
zf,S528,hubert_base_ls960,3,42,100,43.7726,43.7726
zf,S528,hubert_base_ls960,3,43,1,78.1926,78.1926
zf,S528,hubert_base_ls960,3,43,5,71.3046,71.3046
zf,S528,hubert_base_ls960,3,43,10,67.2745,67.2745
zf,S528,hubert_base_ls960,3,43,50,54.0928,54.0928
zf,S528,hubert_base_ls960,3,43,100,45.1757,45.1757
zf,S528,hubert_base_ls960,3,44,1,77.8739,77.8739
zf,S528,hubert_base_ls960,3,44,5,71.3404,71.3404
zf,S528,hubert_base_ls960,3,44,10,67.235,67.235
zf,S528,hubert_base_ls960,3,44,50,52.8297,52.8297
zf,S528,hubert_base_ls960,3,44,100,44.4419,44.4419
zf,S528,hubert_base_ls960,3,45,1,75.4209,75.4209
zf,S528,hubert_base_ls960,3,45,5,70.1767,70.1767
zf,S528,hubert_base_ls960,3,45,10,66.1291,66.1291
zf,S528,hubert_base_ls960,3,45,50,53.0059,53.0059
zf,S528,hubert_base_ls960,3,45,100,44.1844,44.1844
zf,S528,hubert_base_ls960,3,46,1,73.4398,73.4398
zf,S528,hubert_base_ls960,3,46,5,68.5702,68.5702
zf,S528,hubert_base_ls960,3,46,10,64.696,64.696
zf,S528,hubert_base_ls960,3,46,50,51.6259,51.6259
zf,S528,hubert_base_ls960,3,46,100,43.5855,43.5855
zf,S528,xcl_base_500k_p32x1_c005,5,42,1,84.9508,84.9508
zf,S528,xcl_base_500k_p32x1_c005,5,42,5,82.8763,82.8763
zf,S528,xcl_base_500k_p32x1_c005,5,42,10,77.6694,77.6694
zf,S528,xcl_base_500k_p32x1_c005,5,42,50,63.9034,63.9034
zf,S528,xcl_base_500k_p32x1_c005,5,42,100,54.3385,54.3385
zf,S528,xcl_base_500k_p32x1_c005,5,43,1,87.6996,87.6996
zf,S528,xcl_base_500k_p32x1_c005,5,43,5,85.3966,85.3966
zf,S528,xcl_base_500k_p32x1_c005,5,43,10,80.2425,80.2425
zf,S528,xcl_base_500k_p32x1_c005,5,43,50,65.9508,65.9508
zf,S528,xcl_base_500k_p32x1_c005,5,43,100,55.91,55.91
zf,S528,xcl_base_500k_p32x1_c005,5,44,1,86.9196,86.9196
zf,S528,xcl_base_500k_p32x1_c005,5,44,5,84.1108,84.1108
zf,S528,xcl_base_500k_p32x1_c005,5,44,10,79.2036,79.2036
zf,S528,xcl_base_500k_p32x1_c005,5,44,50,65.5246,65.5246
zf,S528,xcl_base_500k_p32x1_c005,5,44,100,55.5116,55.5116
zf,S528,xcl_base_500k_p32x1_c005,5,45,1,86.1618,86.1618
zf,S528,xcl_base_500k_p32x1_c005,5,45,5,84.2465,84.2465
zf,S528,xcl_base_500k_p32x1_c005,5,45,10,79.1961,79.1961
zf,S528,xcl_base_500k_p32x1_c005,5,45,50,65.5967,65.5967
zf,S528,xcl_base_500k_p32x1_c005,5,45,100,55.5431,55.5431
zf,S528,xcl_base_500k_p32x1_c005,5,46,1,84.5618,84.5618
zf,S528,xcl_base_500k_p32x1_c005,5,46,5,82.846,82.846
zf,S528,xcl_base_500k_p32x1_c005,5,46,10,77.5466,77.5466
zf,S528,xcl_base_500k_p32x1_c005,5,46,50,64.0826,64.0826
zf,S528,xcl_base_500k_p32x1_c005,5,46,100,54.6307,54.6307
zf,S528,xcl_base_500k_p32x4_c010,3,42,1,76.9807,76.9807
zf,S528,xcl_base_500k_p32x4_c010,3,42,5,76.2515,76.2515
zf,S528,xcl_base_500k_p32x4_c010,3,42,10,72.5723,72.5723
zf,S528,xcl_base_500k_p32x4_c010,3,42,50,60.4009,60.4009
zf,S528,xcl_base_500k_p32x4_c010,3,42,100,52.0916,52.0916
zf,S528,xcl_base_500k_p32x4_c010,3,43,1,79.6724,79.6724
zf,S528,xcl_base_500k_p32x4_c010,3,43,5,78.0237,78.0237
zf,S528,xcl_base_500k_p32x4_c010,3,43,10,74.3668,74.3668
zf,S528,xcl_base_500k_p32x4_c010,3,43,50,61.8999,61.8999
zf,S528,xcl_base_500k_p32x4_c010,3,43,100,53.3514,53.3514
zf,S528,xcl_base_500k_p32x4_c010,3,44,1,80.0223,80.0223
zf,S528,xcl_base_500k_p32x4_c010,3,44,5,78.434,78.434
zf,S528,xcl_base_500k_p32x4_c010,3,44,10,73.7817,73.7817
zf,S528,xcl_base_500k_p32x4_c010,3,44,50,61.6543,61.6543
zf,S528,xcl_base_500k_p32x4_c010,3,44,100,53.2119,53.2119
zf,S528,xcl_base_500k_p32x4_c010,3,45,1,80.1189,80.1189
zf,S528,xcl_base_500k_p32x4_c010,3,45,5,77.3302,77.3302
zf,S528,xcl_base_500k_p32x4_c010,3,45,10,72.612,72.612
zf,S528,xcl_base_500k_p32x4_c010,3,45,50,60.808,60.808
zf,S528,xcl_base_500k_p32x4_c010,3,45,100,52.5374,52.5374
zf,S528,xcl_base_500k_p32x4_c010,3,46,1,80.8982,80.8982
zf,S528,xcl_base_500k_p32x4_c010,3,46,5,76.7661,76.7661
zf,S528,xcl_base_500k_p32x4_c010,3,46,10,72.3828,72.3828
zf,S528,xcl_base_500k_p32x4_c010,3,46,50,60.0822,60.0822
zf,S528,xcl_base_500k_p32x4_c010,3,46,100,52.0187,52.0187
zf,S528,xcl_base_500k_p32x4_c010,4,42,1,77.5928,77.5928
zf,S528,xcl_base_500k_p32x4_c010,4,42,5,76.349,76.349
zf,S528,xcl_base_500k_p32x4_c010,4,42,10,72.3805,72.3805
zf,S528,xcl_base_500k_p32x4_c010,4,42,50,60.1008,60.1008
zf,S528,xcl_base_500k_p32x4_c010,4,42,100,51.9071,51.9071
zf,S528,xcl_base_500k_p32x4_c010,4,43,1,80.5762,80.5762
zf,S528,xcl_base_500k_p32x4_c010,4,43,5,77.985,77.985
zf,S528,xcl_base_500k_p32x4_c010,4,43,10,74.0445,74.0445
zf,S528,xcl_base_500k_p32x4_c010,4,43,50,61.468,61.468
zf,S528,xcl_base_500k_p32x4_c010,4,43,100,53.1293,53.1293
zf,S528,xcl_base_500k_p32x4_c010,4,44,1,80.6921,80.6921
zf,S528,xcl_base_500k_p32x4_c010,4,44,5,78.6321,78.6321
zf,S528,xcl_base_500k_p32x4_c010,4,44,10,73.4953,73.4953
zf,S528,xcl_base_500k_p32x4_c010,4,44,50,61.3227,61.3227
zf,S528,xcl_base_500k_p32x4_c010,4,44,100,52.998,52.998
zf,S528,xcl_base_500k_p32x4_c010,4,45,1,80.0032,80.0032
zf,S528,xcl_base_500k_p32x4_c010,4,45,5,77.0088,77.0088
zf,S528,xcl_base_500k_p32x4_c010,4,45,10,72.5162,72.5162
zf,S528,xcl_base_500k_p32x4_c010,4,45,50,60.5678,60.5678
zf,S528,xcl_base_500k_p32x4_c010,4,45,100,52.4476,52.4476
zf,S528,xcl_base_500k_p32x4_c010,4,46,1,80.6853,80.6853
zf,S528,xcl_base_500k_p32x4_c010,4,46,5,77.0342,77.0342
zf,S528,xcl_base_500k_p32x4_c010,4,46,10,71.9356,71.9356
zf,S528,xcl_base_500k_p32x4_c010,4,46,50,59.7715,59.7715
zf,S528,xcl_base_500k_p32x4_c010,4,46,100,51.8934,51.8934
zf,S528,xcl_large_500k_p32x1_c005,11,42,1,86.3087,86.3087
zf,S528,xcl_large_500k_p32x1_c005,11,42,5,84.2804,84.2804
zf,S528,xcl_large_500k_p32x1_c005,11,42,10,79.1957,79.1957
zf,S528,xcl_large_500k_p32x1_c005,11,42,50,65.2252,65.2252
zf,S528,xcl_large_500k_p32x1_c005,11,42,100,56.2665,56.2665
zf,S528,xcl_large_500k_p32x1_c005,11,43,1,88.7165,88.7165
zf,S528,xcl_large_500k_p32x1_c005,11,43,5,85.6431,85.6431
zf,S528,xcl_large_500k_p32x1_c005,11,43,10,81.1884,81.1884
zf,S528,xcl_large_500k_p32x1_c005,11,43,50,66.8016,66.8016
zf,S528,xcl_large_500k_p32x1_c005,11,43,100,57.5207,57.5207
zf,S528,xcl_large_500k_p32x1_c005,11,44,1,87.2919,87.2919
zf,S528,xcl_large_500k_p32x1_c005,11,44,5,85.0116,85.0116
zf,S528,xcl_large_500k_p32x1_c005,11,44,10,80.4562,80.4562
zf,S528,xcl_large_500k_p32x1_c005,11,44,50,66.7365,66.7365
zf,S528,xcl_large_500k_p32x1_c005,11,44,100,57.259,57.259
zf,S528,xcl_large_500k_p32x1_c005,11,45,1,86.0466,86.0466
zf,S528,xcl_large_500k_p32x1_c005,11,45,5,84.604,84.604
zf,S528,xcl_large_500k_p32x1_c005,11,45,10,80.1372,80.1372
zf,S528,xcl_large_500k_p32x1_c005,11,45,50,66.4442,66.4442
zf,S528,xcl_large_500k_p32x1_c005,11,45,100,57.1052,57.1052
zf,S528,xcl_large_500k_p32x1_c005,11,46,1,85.8863,85.8863
zf,S528,xcl_large_500k_p32x1_c005,11,46,5,84.0565,84.0565
zf,S528,xcl_large_500k_p32x1_c005,11,46,10,79.3051,79.3051
zf,S528,xcl_large_500k_p32x1_c005,11,46,50,65.4898,65.4898
zf,S528,xcl_large_500k_p32x1_c005,11,46,100,56.4961,56.4961
zf,S528,xcl_large_500k_p32x4_c0025,9,42,1,78.0515,78.0515
zf,S528,xcl_large_500k_p32x4_c0025,9,42,5,75.7464,75.7464
zf,S528,xcl_large_500k_p32x4_c0025,9,42,10,72.0656,72.0656
zf,S528,xcl_large_500k_p32x4_c0025,9,42,50,60.0862,60.0862
zf,S528,xcl_large_500k_p32x4_c0025,9,42,100,52.1396,52.1396
zf,S528,xcl_large_500k_p32x4_c0025,9,43,1,81.535,81.535
zf,S528,xcl_large_500k_p32x4_c0025,9,43,5,77.2999,77.2999
zf,S528,xcl_large_500k_p32x4_c0025,9,43,10,73.8887,73.8887
zf,S528,xcl_large_500k_p32x4_c0025,9,43,50,61.6061,61.6061
zf,S528,xcl_large_500k_p32x4_c0025,9,43,100,53.2038,53.2038
zf,S528,xcl_large_500k_p32x4_c0025,9,44,1,80.2312,80.2312
zf,S528,xcl_large_500k_p32x4_c0025,9,44,5,78.0504,78.0504
zf,S528,xcl_large_500k_p32x4_c0025,9,44,10,73.8057,73.8057
zf,S528,xcl_large_500k_p32x4_c0025,9,44,50,61.2185,61.2185
zf,S528,xcl_large_500k_p32x4_c0025,9,44,100,53.1317,53.1317
zf,S528,xcl_large_500k_p32x4_c0025,9,45,1,78.5886,78.5886
zf,S528,xcl_large_500k_p32x4_c0025,9,45,5,76.5035,76.5035
zf,S528,xcl_large_500k_p32x4_c0025,9,45,10,73.0902,73.0902
zf,S528,xcl_large_500k_p32x4_c0025,9,45,50,60.8582,60.8582
zf,S528,xcl_large_500k_p32x4_c0025,9,45,100,52.6742,52.6742
zf,S528,xcl_large_500k_p32x4_c0025,9,46,1,81.4666,81.4666
zf,S528,xcl_large_500k_p32x4_c0025,9,46,5,76.269,76.269
zf,S528,xcl_large_500k_p32x4_c0025,9,46,10,71.8402,71.8402
zf,S528,xcl_large_500k_p32x4_c0025,9,46,50,59.6531,59.6531
zf,S528,xcl_large_500k_p32x4_c0025,9,46,100,51.8458,51.8458
zf,S528,xcl_large_500k_p32x4_c010,10,42,1,79.2208,79.2208
zf,S528,xcl_large_500k_p32x4_c010,10,42,5,77.0519,77.0519
zf,S528,xcl_large_500k_p32x4_c010,10,42,10,72.5577,72.5577
zf,S528,xcl_large_500k_p32x4_c010,10,42,50,59.6739,59.6739
zf,S528,xcl_large_500k_p32x4_c010,10,42,100,52.1924,52.1924
zf,S528,xcl_large_500k_p32x4_c010,10,43,1,81.7675,81.7675
zf,S528,xcl_large_500k_p32x4_c010,10,43,5,79.2481,79.2481
zf,S528,xcl_large_500k_p32x4_c010,10,43,10,75.1534,75.1534
zf,S528,xcl_large_500k_p32x4_c010,10,43,50,61.2694,61.2694
zf,S528,xcl_large_500k_p32x4_c010,10,43,100,53.3778,53.3778
zf,S528,xcl_large_500k_p32x4_c010,10,44,1,81.635,81.635
zf,S528,xcl_large_500k_p32x4_c010,10,44,5,78.6346,78.6346
zf,S528,xcl_large_500k_p32x4_c010,10,44,10,74.2959,74.2959
zf,S528,xcl_large_500k_p32x4_c010,10,44,50,61.0621,61.0621
zf,S528,xcl_large_500k_p32x4_c010,10,44,100,53.4325,53.4325
zf,S528,xcl_large_500k_p32x4_c010,10,45,1,79.8704,79.8704
zf,S528,xcl_large_500k_p32x4_c010,10,45,5,77.8413,77.8413
zf,S528,xcl_large_500k_p32x4_c010,10,45,10,73.2682,73.2682
zf,S528,xcl_large_500k_p32x4_c010,10,45,50,60.4211,60.4211
zf,S528,xcl_large_500k_p32x4_c010,10,45,100,52.8617,52.8617
zf,S528,xcl_large_500k_p32x4_c010,10,46,1,80.9846,80.9846
zf,S528,xcl_large_500k_p32x4_c010,10,46,5,77.8223,77.8223
zf,S528,xcl_large_500k_p32x4_c010,10,46,10,72.84,72.84
zf,S528,xcl_large_500k_p32x4_c010,10,46,50,59.6498,59.6498
zf,S528,xcl_large_500k_p32x4_c010,10,46,100,52.1654,52.1654
zf,S528,xcl_micro_500k_p32x1_c005,4,42,1,80.8379,80.8379
zf,S528,xcl_micro_500k_p32x1_c005,4,42,5,78.3429,78.3429
zf,S528,xcl_micro_500k_p32x1_c005,4,42,10,73.1447,73.1447
zf,S528,xcl_micro_500k_p32x1_c005,4,42,50,59.8719,59.8719
zf,S528,xcl_micro_500k_p32x1_c005,4,42,100,49.4263,49.4263
zf,S528,xcl_micro_500k_p32x1_c005,4,43,1,84.3441,84.3441
zf,S528,xcl_micro_500k_p32x1_c005,4,43,5,80.3973,80.3973
zf,S528,xcl_micro_500k_p32x1_c005,4,43,10,75.5362,75.5362
zf,S528,xcl_micro_500k_p32x1_c005,4,43,50,61.5609,61.5609
zf,S528,xcl_micro_500k_p32x1_c005,4,43,100,50.8495,50.8495
zf,S528,xcl_micro_500k_p32x1_c005,4,44,1,83.6223,83.6223
zf,S528,xcl_micro_500k_p32x1_c005,4,44,5,80.0585,80.0585
zf,S528,xcl_micro_500k_p32x1_c005,4,44,10,74.7105,74.7105
zf,S528,xcl_micro_500k_p32x1_c005,4,44,50,61.2047,61.2047
zf,S528,xcl_micro_500k_p32x1_c005,4,44,100,50.522,50.522
zf,S528,xcl_micro_500k_p32x1_c005,4,45,1,82.6604,82.6604
zf,S528,xcl_micro_500k_p32x1_c005,4,45,5,79.5109,79.5109
zf,S528,xcl_micro_500k_p32x1_c005,4,45,10,74.3866,74.3866
zf,S528,xcl_micro_500k_p32x1_c005,4,45,50,61.1199,61.1199
zf,S528,xcl_micro_500k_p32x1_c005,4,45,100,50.4018,50.4018
zf,S528,xcl_micro_500k_p32x1_c005,4,46,1,81.1406,81.1406
zf,S528,xcl_micro_500k_p32x1_c005,4,46,5,78.2937,78.2937
zf,S528,xcl_micro_500k_p32x1_c005,4,46,10,72.96,72.96
zf,S528,xcl_micro_500k_p32x1_c005,4,46,50,60.1957,60.1957
zf,S528,xcl_micro_500k_p32x1_c005,4,46,100,50.0746,50.0746
zf,S528,xcl_micro_500k_p32x1_c005,5,42,1,81.0408,81.0408
zf,S528,xcl_micro_500k_p32x1_c005,5,42,5,78.6856,78.6856
zf,S528,xcl_micro_500k_p32x1_c005,5,42,10,73.5881,73.5881
zf,S528,xcl_micro_500k_p32x1_c005,5,42,50,60.1405,60.1405
zf,S528,xcl_micro_500k_p32x1_c005,5,42,100,49.6552,49.6552
zf,S528,xcl_micro_500k_p32x1_c005,5,43,1,83.2452,83.2452
zf,S528,xcl_micro_500k_p32x1_c005,5,43,5,80.4063,80.4063
zf,S528,xcl_micro_500k_p32x1_c005,5,43,10,75.6057,75.6057
zf,S528,xcl_micro_500k_p32x1_c005,5,43,50,61.8175,61.8175
zf,S528,xcl_micro_500k_p32x1_c005,5,43,100,51.075,51.075
zf,S528,xcl_micro_500k_p32x1_c005,5,44,1,82.9443,82.9443
zf,S528,xcl_micro_500k_p32x1_c005,5,44,5,79.893,79.893
zf,S528,xcl_micro_500k_p32x1_c005,5,44,10,74.9134,74.9134
zf,S528,xcl_micro_500k_p32x1_c005,5,44,50,61.5301,61.5301
zf,S528,xcl_micro_500k_p32x1_c005,5,44,100,50.7476,50.7476
zf,S528,xcl_micro_500k_p32x1_c005,5,45,1,82.4552,82.4552
zf,S528,xcl_micro_500k_p32x1_c005,5,45,5,79.8003,79.8003
zf,S528,xcl_micro_500k_p32x1_c005,5,45,10,74.4274,74.4274
zf,S528,xcl_micro_500k_p32x1_c005,5,45,50,61.2008,61.2008
zf,S528,xcl_micro_500k_p32x1_c005,5,45,100,50.6227,50.6227
zf,S528,xcl_micro_500k_p32x1_c005,5,46,1,81.2167,81.2167
zf,S528,xcl_micro_500k_p32x1_c005,5,46,5,77.9852,77.9852
zf,S528,xcl_micro_500k_p32x1_c005,5,46,10,72.8853,72.8853
zf,S528,xcl_micro_500k_p32x1_c005,5,46,50,60.1568,60.1568
zf,S528,xcl_micro_500k_p32x1_c005,5,46,100,50.2066,50.2066
zf,S528,xcl_micro_500k_p32x4_c010,3,42,1,79.1581,79.1581
zf,S528,xcl_micro_500k_p32x4_c010,3,42,5,75.184,75.184
zf,S528,xcl_micro_500k_p32x4_c010,3,42,10,71.2842,71.2842
zf,S528,xcl_micro_500k_p32x4_c010,3,42,50,59.3665,59.3665
zf,S528,xcl_micro_500k_p32x4_c010,3,42,100,50.5134,50.5134
zf,S528,xcl_micro_500k_p32x4_c010,3,43,1,80.2468,80.2468
zf,S528,xcl_micro_500k_p32x4_c010,3,43,5,77.2093,77.2093
zf,S528,xcl_micro_500k_p32x4_c010,3,43,10,73.234,73.234
zf,S528,xcl_micro_500k_p32x4_c010,3,43,50,60.7042,60.7042
zf,S528,xcl_micro_500k_p32x4_c010,3,43,100,51.5607,51.5607
zf,S528,xcl_micro_500k_p32x4_c010,3,44,1,77.8063,77.8063
zf,S528,xcl_micro_500k_p32x4_c010,3,44,5,76.8082,76.8082
zf,S528,xcl_micro_500k_p32x4_c010,3,44,10,72.3489,72.3489
zf,S528,xcl_micro_500k_p32x4_c010,3,44,50,60.4248,60.4248
zf,S528,xcl_micro_500k_p32x4_c010,3,44,100,51.4218,51.4218
zf,S528,xcl_micro_500k_p32x4_c010,3,45,1,79.4749,79.4749
zf,S528,xcl_micro_500k_p32x4_c010,3,45,5,75.3513,75.3513
zf,S528,xcl_micro_500k_p32x4_c010,3,45,10,71.5381,71.5381
zf,S528,xcl_micro_500k_p32x4_c010,3,45,50,59.7419,59.7419
zf,S528,xcl_micro_500k_p32x4_c010,3,45,100,50.76,50.76
zf,S528,xcl_micro_500k_p32x4_c010,3,46,1,80.0289,80.0289
zf,S528,xcl_micro_500k_p32x4_c010,3,46,5,75.1672,75.1672
zf,S528,xcl_micro_500k_p32x4_c010,3,46,10,71.0331,71.0331
zf,S528,xcl_micro_500k_p32x4_c010,3,46,50,58.7561,58.7561
zf,S528,xcl_micro_500k_p32x4_c010,3,46,100,50.2075,50.2075
zf,Y389,birdaves_biox_base,3,42,1,61.7587,61.7587
zf,Y389,birdaves_biox_base,3,42,5,60.3565,60.3565
zf,Y389,birdaves_biox_base,3,42,10,59.4834,59.4834
zf,Y389,birdaves_biox_base,3,42,50,55.0589,55.0589
zf,Y389,birdaves_biox_base,3,42,100,46.0081,46.0081
zf,Y389,birdaves_biox_base,3,43,1,64.4235,64.4235
zf,Y389,birdaves_biox_base,3,43,5,63.2165,63.2165
zf,Y389,birdaves_biox_base,3,43,10,62.6172,62.6172
zf,Y389,birdaves_biox_base,3,43,50,57.8188,57.8188
zf,Y389,birdaves_biox_base,3,43,100,48.1194,48.1194
zf,Y389,birdaves_biox_base,3,44,1,62.9475,62.9475
zf,Y389,birdaves_biox_base,3,44,5,61.5536,61.5536
zf,Y389,birdaves_biox_base,3,44,10,60.3848,60.3848
zf,Y389,birdaves_biox_base,3,44,50,55.7183,55.7183
zf,Y389,birdaves_biox_base,3,44,100,46.946,46.946
zf,Y389,birdaves_biox_base,3,45,1,63.0982,63.0982
zf,Y389,birdaves_biox_base,3,45,5,61.9772,61.9772
zf,Y389,birdaves_biox_base,3,45,10,60.7101,60.7101
zf,Y389,birdaves_biox_base,3,45,50,55.3637,55.3637
zf,Y389,birdaves_biox_base,3,45,100,46.4244,46.4244
zf,Y389,birdaves_biox_base,3,46,1,64.305,64.305
zf,Y389,birdaves_biox_base,3,46,5,62.6575,62.6575
zf,Y389,birdaves_biox_base,3,46,10,62.4499,62.4499
zf,Y389,birdaves_biox_base,3,46,50,56.7581,56.7581
zf,Y389,birdaves_biox_base,3,46,100,47.4497,47.4497
zf,Y389,birdaves_biox_base,7,42,1,63.9712,63.9712
zf,Y389,birdaves_biox_base,7,42,5,60.1735,60.1735
zf,Y389,birdaves_biox_base,7,42,10,59.3905,59.3905
zf,Y389,birdaves_biox_base,7,42,50,54.2828,54.2828
zf,Y389,birdaves_biox_base,7,42,100,45.3792,45.3792
zf,Y389,birdaves_biox_base,7,43,1,61.5491,61.5491
zf,Y389,birdaves_biox_base,7,43,5,62.7036,62.7036
zf,Y389,birdaves_biox_base,7,43,10,62.0458,62.0458
zf,Y389,birdaves_biox_base,7,43,50,56.7983,56.7983
zf,Y389,birdaves_biox_base,7,43,100,47.3508,47.3508
zf,Y389,birdaves_biox_base,7,44,1,63.1793,63.1793
zf,Y389,birdaves_biox_base,7,44,5,60.3861,60.3861
zf,Y389,birdaves_biox_base,7,44,10,59.3253,59.3253
zf,Y389,birdaves_biox_base,7,44,50,55.055,55.055
zf,Y389,birdaves_biox_base,7,44,100,46.1742,46.1742
zf,Y389,birdaves_biox_base,7,45,1,63.2943,63.2943
zf,Y389,birdaves_biox_base,7,45,5,60.8037,60.8037
zf,Y389,birdaves_biox_base,7,45,10,59.7709,59.7709
zf,Y389,birdaves_biox_base,7,45,50,54.8773,54.8773
zf,Y389,birdaves_biox_base,7,45,100,45.7636,45.7636
zf,Y389,birdaves_biox_base,7,46,1,64.576,64.576
zf,Y389,birdaves_biox_base,7,46,5,62.7396,62.7396
zf,Y389,birdaves_biox_base,7,46,10,61.9377,61.9377
zf,Y389,birdaves_biox_base,7,46,50,56.3302,56.3302
zf,Y389,birdaves_biox_base,7,46,100,47.2183,47.2183
zf,Y389,birdaves_biox_base_speed0p25,3,42,1,62.7941,62.7941
zf,Y389,birdaves_biox_base_speed0p25,3,42,5,61.2712,61.2712
zf,Y389,birdaves_biox_base_speed0p25,3,42,10,60.1698,60.1698
zf,Y389,birdaves_biox_base_speed0p25,3,42,50,53.7675,53.7675
zf,Y389,birdaves_biox_base_speed0p25,3,42,100,43.6594,43.6594
zf,Y389,birdaves_biox_base_speed0p25,3,43,1,64.3681,64.3681
zf,Y389,birdaves_biox_base_speed0p25,3,43,5,63.0831,63.0831
zf,Y389,birdaves_biox_base_speed0p25,3,43,10,61.9902,61.9902
zf,Y389,birdaves_biox_base_speed0p25,3,43,50,55.1247,55.1247
zf,Y389,birdaves_biox_base_speed0p25,3,43,100,44.3196,44.3196
zf,Y389,birdaves_biox_base_speed0p25,3,44,1,64.0861,64.0861
zf,Y389,birdaves_biox_base_speed0p25,3,44,5,62.1081,62.1081
zf,Y389,birdaves_biox_base_speed0p25,3,44,10,60.9132,60.9132
zf,Y389,birdaves_biox_base_speed0p25,3,44,50,54.3704,54.3704
zf,Y389,birdaves_biox_base_speed0p25,3,44,100,44.1378,44.1378
zf,Y389,birdaves_biox_base_speed0p25,3,45,1,64.0597,64.0597
zf,Y389,birdaves_biox_base_speed0p25,3,45,5,62.4994,62.4994
zf,Y389,birdaves_biox_base_speed0p25,3,45,10,61.2988,61.2988
zf,Y389,birdaves_biox_base_speed0p25,3,45,50,53.6757,53.6757
zf,Y389,birdaves_biox_base_speed0p25,3,45,100,43.3556,43.3556
zf,Y389,birdaves_biox_base_speed0p25,3,46,1,64.8757,64.8757
zf,Y389,birdaves_biox_base_speed0p25,3,46,5,63.9533,63.9533
zf,Y389,birdaves_biox_base_speed0p25,3,46,10,62.7249,62.7249
zf,Y389,birdaves_biox_base_speed0p25,3,46,50,55.6485,55.6485
zf,Y389,birdaves_biox_base_speed0p25,3,46,100,45.3047,45.3047
zf,Y389,birdaves_biox_base_speed0p25,4,42,1,63.2691,63.2691
zf,Y389,birdaves_biox_base_speed0p25,4,42,5,61.924,61.924
zf,Y389,birdaves_biox_base_speed0p25,4,42,10,60.9297,60.9297
zf,Y389,birdaves_biox_base_speed0p25,4,42,50,54.6663,54.6663
zf,Y389,birdaves_biox_base_speed0p25,4,42,100,44.2662,44.2662
zf,Y389,birdaves_biox_base_speed0p25,4,43,1,65.6138,65.6138
zf,Y389,birdaves_biox_base_speed0p25,4,43,5,63.7317,63.7317
zf,Y389,birdaves_biox_base_speed0p25,4,43,10,62.7634,62.7634
zf,Y389,birdaves_biox_base_speed0p25,4,43,50,55.7711,55.7711
zf,Y389,birdaves_biox_base_speed0p25,4,43,100,44.7248,44.7248
zf,Y389,birdaves_biox_base_speed0p25,4,44,1,64.1986,64.1986
zf,Y389,birdaves_biox_base_speed0p25,4,44,5,62.5097,62.5097
zf,Y389,birdaves_biox_base_speed0p25,4,44,10,61.4117,61.4117
zf,Y389,birdaves_biox_base_speed0p25,4,44,50,54.91,54.91
zf,Y389,birdaves_biox_base_speed0p25,4,44,100,44.485,44.485
zf,Y389,birdaves_biox_base_speed0p25,4,45,1,64.0917,64.0917
zf,Y389,birdaves_biox_base_speed0p25,4,45,5,62.6885,62.6885
zf,Y389,birdaves_biox_base_speed0p25,4,45,10,61.4198,61.4198
zf,Y389,birdaves_biox_base_speed0p25,4,45,50,54.2921,54.2921
zf,Y389,birdaves_biox_base_speed0p25,4,45,100,43.6454,43.6454
zf,Y389,birdaves_biox_base_speed0p25,4,46,1,65.3277,65.3277
zf,Y389,birdaves_biox_base_speed0p25,4,46,5,63.8933,63.8933
zf,Y389,birdaves_biox_base_speed0p25,4,46,10,63.2026,63.2026
zf,Y389,birdaves_biox_base_speed0p25,4,46,50,56.2244,56.2244
zf,Y389,birdaves_biox_base_speed0p25,4,46,100,45.65,45.65
zf,Y389,birdaves_biox_base_speed0p5,3,42,1,65.4974,65.4974
zf,Y389,birdaves_biox_base_speed0p5,3,42,5,62.9106,62.9106
zf,Y389,birdaves_biox_base_speed0p5,3,42,10,61.6977,61.6977
zf,Y389,birdaves_biox_base_speed0p5,3,42,50,56.2198,56.2198
zf,Y389,birdaves_biox_base_speed0p5,3,42,100,46.1758,46.1758
zf,Y389,birdaves_biox_base_speed0p5,3,43,1,67.7094,67.7094
zf,Y389,birdaves_biox_base_speed0p5,3,43,5,65.1008,65.1008
zf,Y389,birdaves_biox_base_speed0p5,3,43,10,63.8153,63.8153
zf,Y389,birdaves_biox_base_speed0p5,3,43,50,57.9097,57.9097
zf,Y389,birdaves_biox_base_speed0p5,3,43,100,47.7379,47.7379
zf,Y389,birdaves_biox_base_speed0p5,3,44,1,64.1472,64.1472
zf,Y389,birdaves_biox_base_speed0p5,3,44,5,62.8793,62.8793
zf,Y389,birdaves_biox_base_speed0p5,3,44,10,61.8724,61.8724
zf,Y389,birdaves_biox_base_speed0p5,3,44,50,56.7496,56.7496
zf,Y389,birdaves_biox_base_speed0p5,3,44,100,47.1412,47.1412
zf,Y389,birdaves_biox_base_speed0p5,3,45,1,64.5939,64.5939
zf,Y389,birdaves_biox_base_speed0p5,3,45,5,63.2029,63.2029
zf,Y389,birdaves_biox_base_speed0p5,3,45,10,61.8071,61.8071
zf,Y389,birdaves_biox_base_speed0p5,3,45,50,56.0845,56.0845
zf,Y389,birdaves_biox_base_speed0p5,3,45,100,46.2273,46.2273
zf,Y389,birdaves_biox_base_speed0p5,3,46,1,66.2039,66.2039
zf,Y389,birdaves_biox_base_speed0p5,3,46,5,64.7826,64.7826
zf,Y389,birdaves_biox_base_speed0p5,3,46,10,63.8407,63.8407
zf,Y389,birdaves_biox_base_speed0p5,3,46,50,57.8979,57.8979
zf,Y389,birdaves_biox_base_speed0p5,3,46,100,47.8719,47.8719
zf,Y389,birdaves_biox_base_speed0p5,6,42,1,65.1556,65.1556
zf,Y389,birdaves_biox_base_speed0p5,6,42,5,63.3266,63.3266
zf,Y389,birdaves_biox_base_speed0p5,6,42,10,61.9464,61.9464
zf,Y389,birdaves_biox_base_speed0p5,6,42,50,55.9583,55.9583
zf,Y389,birdaves_biox_base_speed0p5,6,42,100,45.7966,45.7966
zf,Y389,birdaves_biox_base_speed0p5,6,43,1,67.6805,67.6805
zf,Y389,birdaves_biox_base_speed0p5,6,43,5,65.6565,65.6565
zf,Y389,birdaves_biox_base_speed0p5,6,43,10,64.5303,64.5303
zf,Y389,birdaves_biox_base_speed0p5,6,43,50,57.7858,57.7858
zf,Y389,birdaves_biox_base_speed0p5,6,43,100,47.2143,47.2143
zf,Y389,birdaves_biox_base_speed0p5,6,44,1,67.199,67.199
zf,Y389,birdaves_biox_base_speed0p5,6,44,5,63.5201,63.5201
zf,Y389,birdaves_biox_base_speed0p5,6,44,10,62.4731,62.4731
zf,Y389,birdaves_biox_base_speed0p5,6,44,50,56.3915,56.3915
zf,Y389,birdaves_biox_base_speed0p5,6,44,100,46.291,46.291
zf,Y389,birdaves_biox_base_speed0p5,6,45,1,65.6649,65.6649
zf,Y389,birdaves_biox_base_speed0p5,6,45,5,64.1479,64.1479
zf,Y389,birdaves_biox_base_speed0p5,6,45,10,62.8193,62.8193
zf,Y389,birdaves_biox_base_speed0p5,6,45,50,56.2549,56.2549
zf,Y389,birdaves_biox_base_speed0p5,6,45,100,45.8157,45.8157
zf,Y389,birdaves_biox_base_speed0p5,6,46,1,66.3007,66.3007
zf,Y389,birdaves_biox_base_speed0p5,6,46,5,65.0012,65.0012
zf,Y389,birdaves_biox_base_speed0p5,6,46,10,64.1378,64.1378
zf,Y389,birdaves_biox_base_speed0p5,6,46,50,57.7601,57.7601
zf,Y389,birdaves_biox_base_speed0p5,6,46,100,47.4403,47.4403
zf,Y389,hubert_base_ls960,0,42,1,60.343,60.343
zf,Y389,hubert_base_ls960,0,42,5,57.3601,57.3601
zf,Y389,hubert_base_ls960,0,42,10,56.4005,56.4005
zf,Y389,hubert_base_ls960,0,42,50,49.7164,49.7164
zf,Y389,hubert_base_ls960,0,42,100,41.1224,41.1224
zf,Y389,hubert_base_ls960,0,43,1,61.6045,61.6045
zf,Y389,hubert_base_ls960,0,43,5,60.0693,60.0693
zf,Y389,hubert_base_ls960,0,43,10,58.9175,58.9175
zf,Y389,hubert_base_ls960,0,43,50,51.7717,51.7717
zf,Y389,hubert_base_ls960,0,43,100,42.6627,42.6627
zf,Y389,hubert_base_ls960,0,44,1,59.0462,59.0462
zf,Y389,hubert_base_ls960,0,44,5,56.3219,56.3219
zf,Y389,hubert_base_ls960,0,44,10,56.4324,56.4324
zf,Y389,hubert_base_ls960,0,44,50,49.7443,49.7443
zf,Y389,hubert_base_ls960,0,44,100,41.5103,41.5103
zf,Y389,hubert_base_ls960,0,45,1,59.5491,59.5491
zf,Y389,hubert_base_ls960,0,45,5,58.7245,58.7245
zf,Y389,hubert_base_ls960,0,45,10,57.2879,57.2879
zf,Y389,hubert_base_ls960,0,45,50,50.2555,50.2555
zf,Y389,hubert_base_ls960,0,45,100,41.4462,41.4462
zf,Y389,hubert_base_ls960,0,46,1,60.7594,60.7594
zf,Y389,hubert_base_ls960,0,46,5,59.7404,59.7404
zf,Y389,hubert_base_ls960,0,46,10,59.0094,59.0094
zf,Y389,hubert_base_ls960,0,46,50,52.0191,52.0191
zf,Y389,hubert_base_ls960,0,46,100,42.6455,42.6455
zf,Y389,hubert_base_ls960,3,42,1,61.6139,61.6139
zf,Y389,hubert_base_ls960,3,42,5,57.8525,57.8525
zf,Y389,hubert_base_ls960,3,42,10,56.4609,56.4609
zf,Y389,hubert_base_ls960,3,42,50,49.0168,49.0168
zf,Y389,hubert_base_ls960,3,42,100,41.0514,41.0514
zf,Y389,hubert_base_ls960,3,43,1,62.7039,62.7039
zf,Y389,hubert_base_ls960,3,43,5,59.6295,59.6295
zf,Y389,hubert_base_ls960,3,43,10,58.4778,58.4778
zf,Y389,hubert_base_ls960,3,43,50,51.4877,51.4877
zf,Y389,hubert_base_ls960,3,43,100,42.7198,42.7198
zf,Y389,hubert_base_ls960,3,44,1,59.082,59.082
zf,Y389,hubert_base_ls960,3,44,5,56.8052,56.8052
zf,Y389,hubert_base_ls960,3,44,10,56.2316,56.2316
zf,Y389,hubert_base_ls960,3,44,50,49.0273,49.0273
zf,Y389,hubert_base_ls960,3,44,100,41.1063,41.1063
zf,Y389,hubert_base_ls960,3,45,1,61.3467,61.3467
zf,Y389,hubert_base_ls960,3,45,5,58.0972,58.0972
zf,Y389,hubert_base_ls960,3,45,10,56.8208,56.8208
zf,Y389,hubert_base_ls960,3,45,50,49.6108,49.6108
zf,Y389,hubert_base_ls960,3,45,100,41.5366,41.5366
zf,Y389,hubert_base_ls960,3,46,1,62.7771,62.7771
zf,Y389,hubert_base_ls960,3,46,5,59.8046,59.8046
zf,Y389,hubert_base_ls960,3,46,10,58.4563,58.4563
zf,Y389,hubert_base_ls960,3,46,50,51.5925,51.5925
zf,Y389,hubert_base_ls960,3,46,100,42.6318,42.6318
zf,Y389,xcl_base_500k_p32x1_c005,5,42,1,65.1888,65.1888
zf,Y389,xcl_base_500k_p32x1_c005,5,42,5,63.9011,63.9011
zf,Y389,xcl_base_500k_p32x1_c005,5,42,10,62.4827,62.4827
zf,Y389,xcl_base_500k_p32x1_c005,5,42,50,56.6355,56.6355
zf,Y389,xcl_base_500k_p32x1_c005,5,42,100,47.5684,47.5684
zf,Y389,xcl_base_500k_p32x1_c005,5,43,1,65.5526,65.5526
zf,Y389,xcl_base_500k_p32x1_c005,5,43,5,64.5241,64.5241
zf,Y389,xcl_base_500k_p32x1_c005,5,43,10,63.7826,63.7826
zf,Y389,xcl_base_500k_p32x1_c005,5,43,50,58.3713,58.3713
zf,Y389,xcl_base_500k_p32x1_c005,5,43,100,48.777,48.777
zf,Y389,xcl_base_500k_p32x1_c005,5,44,1,64.3373,64.3373
zf,Y389,xcl_base_500k_p32x1_c005,5,44,5,63.96,63.96
zf,Y389,xcl_base_500k_p32x1_c005,5,44,10,63.2184,63.2184
zf,Y389,xcl_base_500k_p32x1_c005,5,44,50,57.5749,57.5749
zf,Y389,xcl_base_500k_p32x1_c005,5,44,100,47.9771,47.9771
zf,Y389,xcl_base_500k_p32x1_c005,5,45,1,65.1254,65.1254
zf,Y389,xcl_base_500k_p32x1_c005,5,45,5,64.6433,64.6433
zf,Y389,xcl_base_500k_p32x1_c005,5,45,10,63.7745,63.7745
zf,Y389,xcl_base_500k_p32x1_c005,5,45,50,57.4554,57.4554
zf,Y389,xcl_base_500k_p32x1_c005,5,45,100,47.9682,47.9682
zf,Y389,xcl_base_500k_p32x1_c005,5,46,1,65.4243,65.4243
zf,Y389,xcl_base_500k_p32x1_c005,5,46,5,65.6496,65.6496
zf,Y389,xcl_base_500k_p32x1_c005,5,46,10,64.8865,64.8865
zf,Y389,xcl_base_500k_p32x1_c005,5,46,50,59.2313,59.2313
zf,Y389,xcl_base_500k_p32x1_c005,5,46,100,49.2968,49.2968
zf,Y389,xcl_base_500k_p32x4_c010,3,42,1,60.1615,60.1615
zf,Y389,xcl_base_500k_p32x4_c010,3,42,5,58.7815,58.7815
zf,Y389,xcl_base_500k_p32x4_c010,3,42,10,58.061,58.061
zf,Y389,xcl_base_500k_p32x4_c010,3,42,50,52.8558,52.8558
zf,Y389,xcl_base_500k_p32x4_c010,3,42,100,44.5186,44.5186
zf,Y389,xcl_base_500k_p32x4_c010,3,43,1,61.078,61.078
zf,Y389,xcl_base_500k_p32x4_c010,3,43,5,60.5704,60.5704
zf,Y389,xcl_base_500k_p32x4_c010,3,43,10,60.0442,60.0442
zf,Y389,xcl_base_500k_p32x4_c010,3,43,50,54.4355,54.4355
zf,Y389,xcl_base_500k_p32x4_c010,3,43,100,45.7415,45.7415
zf,Y389,xcl_base_500k_p32x4_c010,3,44,1,61.8373,61.8373
zf,Y389,xcl_base_500k_p32x4_c010,3,44,5,58.9599,58.9599
zf,Y389,xcl_base_500k_p32x4_c010,3,44,10,58.1572,58.1572
zf,Y389,xcl_base_500k_p32x4_c010,3,44,50,53.2117,53.2117
zf,Y389,xcl_base_500k_p32x4_c010,3,44,100,45.0881,45.0881
zf,Y389,xcl_base_500k_p32x4_c010,3,45,1,59.2856,59.2856
zf,Y389,xcl_base_500k_p32x4_c010,3,45,5,59.9689,59.9689
zf,Y389,xcl_base_500k_p32x4_c010,3,45,10,59.2455,59.2455
zf,Y389,xcl_base_500k_p32x4_c010,3,45,50,53.3913,53.3913
zf,Y389,xcl_base_500k_p32x4_c010,3,45,100,45.1504,45.1504
zf,Y389,xcl_base_500k_p32x4_c010,3,46,1,62.2533,62.2533
zf,Y389,xcl_base_500k_p32x4_c010,3,46,5,61.3421,61.3421
zf,Y389,xcl_base_500k_p32x4_c010,3,46,10,60.5276,60.5276
zf,Y389,xcl_base_500k_p32x4_c010,3,46,50,55.3341,55.3341
zf,Y389,xcl_base_500k_p32x4_c010,3,46,100,46.6309,46.6309
zf,Y389,xcl_base_500k_p32x4_c010,4,42,1,59.7393,59.7393
zf,Y389,xcl_base_500k_p32x4_c010,4,42,5,58.8867,58.8867
zf,Y389,xcl_base_500k_p32x4_c010,4,42,10,57.9498,57.9498
zf,Y389,xcl_base_500k_p32x4_c010,4,42,50,52.6215,52.6215
zf,Y389,xcl_base_500k_p32x4_c010,4,42,100,44.4259,44.4259
zf,Y389,xcl_base_500k_p32x4_c010,4,43,1,60.8216,60.8216
zf,Y389,xcl_base_500k_p32x4_c010,4,43,5,60.2317,60.2317
zf,Y389,xcl_base_500k_p32x4_c010,4,43,10,59.8381,59.8381
zf,Y389,xcl_base_500k_p32x4_c010,4,43,50,54.3372,54.3372
zf,Y389,xcl_base_500k_p32x4_c010,4,43,100,45.7469,45.7469
zf,Y389,xcl_base_500k_p32x4_c010,4,44,1,61.3609,61.3609
zf,Y389,xcl_base_500k_p32x4_c010,4,44,5,58.7152,58.7152
zf,Y389,xcl_base_500k_p32x4_c010,4,44,10,58.3884,58.3884
zf,Y389,xcl_base_500k_p32x4_c010,4,44,50,53.156,53.156
zf,Y389,xcl_base_500k_p32x4_c010,4,44,100,45.1413,45.1413
zf,Y389,xcl_base_500k_p32x4_c010,4,45,1,59.3758,59.3758
zf,Y389,xcl_base_500k_p32x4_c010,4,45,5,59.6739,59.6739
zf,Y389,xcl_base_500k_p32x4_c010,4,45,10,59.1159,59.1159
zf,Y389,xcl_base_500k_p32x4_c010,4,45,50,53.4477,53.4477
zf,Y389,xcl_base_500k_p32x4_c010,4,45,100,45.1454,45.1454
zf,Y389,xcl_base_500k_p32x4_c010,4,46,1,62.5791,62.5791
zf,Y389,xcl_base_500k_p32x4_c010,4,46,5,61.5298,61.5298
zf,Y389,xcl_base_500k_p32x4_c010,4,46,10,60.5204,60.5204
zf,Y389,xcl_base_500k_p32x4_c010,4,46,50,55.3276,55.3276
zf,Y389,xcl_base_500k_p32x4_c010,4,46,100,46.6933,46.6933
zf,Y389,xcl_large_500k_p32x1_c005,11,42,1,65.3317,65.3317
zf,Y389,xcl_large_500k_p32x1_c005,11,42,5,64.1863,64.1863
zf,Y389,xcl_large_500k_p32x1_c005,11,42,10,63.4427,63.4427
zf,Y389,xcl_large_500k_p32x1_c005,11,42,50,58.0393,58.0393
zf,Y389,xcl_large_500k_p32x1_c005,11,42,100,48.739,48.739
zf,Y389,xcl_large_500k_p32x1_c005,11,43,1,65.334,65.334
zf,Y389,xcl_large_500k_p32x1_c005,11,43,5,65.212,65.212
zf,Y389,xcl_large_500k_p32x1_c005,11,43,10,64.4679,64.4679
zf,Y389,xcl_large_500k_p32x1_c005,11,43,50,59.6984,59.6984
zf,Y389,xcl_large_500k_p32x1_c005,11,43,100,49.7465,49.7465
zf,Y389,xcl_large_500k_p32x1_c005,11,44,1,65.6332,65.6332
zf,Y389,xcl_large_500k_p32x1_c005,11,44,5,64.6639,64.6639
zf,Y389,xcl_large_500k_p32x1_c005,11,44,10,63.8504,63.8504
zf,Y389,xcl_large_500k_p32x1_c005,11,44,50,58.9785,58.9785
zf,Y389,xcl_large_500k_p32x1_c005,11,44,100,49.2724,49.2724
zf,Y389,xcl_large_500k_p32x1_c005,11,45,1,65.8982,65.8982
zf,Y389,xcl_large_500k_p32x1_c005,11,45,5,65.0263,65.0263
zf,Y389,xcl_large_500k_p32x1_c005,11,45,10,64.1409,64.1409
zf,Y389,xcl_large_500k_p32x1_c005,11,45,50,58.5818,58.5818
zf,Y389,xcl_large_500k_p32x1_c005,11,45,100,48.8086,48.8086
zf,Y389,xcl_large_500k_p32x1_c005,11,46,1,66.3069,66.3069
zf,Y389,xcl_large_500k_p32x1_c005,11,46,5,65.9707,65.9707
zf,Y389,xcl_large_500k_p32x1_c005,11,46,10,65.6033,65.6033
zf,Y389,xcl_large_500k_p32x1_c005,11,46,50,60.3297,60.3297
zf,Y389,xcl_large_500k_p32x1_c005,11,46,100,50.181,50.181
zf,Y389,xcl_large_500k_p32x4_c0025,9,42,1,59.1342,59.1342
zf,Y389,xcl_large_500k_p32x4_c0025,9,42,5,58.1614,58.1614
zf,Y389,xcl_large_500k_p32x4_c0025,9,42,10,57.3905,57.3905
zf,Y389,xcl_large_500k_p32x4_c0025,9,42,50,52.8837,52.8837
zf,Y389,xcl_large_500k_p32x4_c0025,9,42,100,44.5363,44.5363
zf,Y389,xcl_large_500k_p32x4_c0025,9,43,1,62.1101,62.1101
zf,Y389,xcl_large_500k_p32x4_c0025,9,43,5,60.8527,60.8527
zf,Y389,xcl_large_500k_p32x4_c0025,9,43,10,59.989,59.989
zf,Y389,xcl_large_500k_p32x4_c0025,9,43,50,54.6318,54.6318
zf,Y389,xcl_large_500k_p32x4_c0025,9,43,100,45.8133,45.8133
zf,Y389,xcl_large_500k_p32x4_c0025,9,44,1,60.4149,60.4149
zf,Y389,xcl_large_500k_p32x4_c0025,9,44,5,58.6192,58.6192
zf,Y389,xcl_large_500k_p32x4_c0025,9,44,10,58.1493,58.1493
zf,Y389,xcl_large_500k_p32x4_c0025,9,44,50,53.3091,53.3091
zf,Y389,xcl_large_500k_p32x4_c0025,9,44,100,45.1819,45.1819
zf,Y389,xcl_large_500k_p32x4_c0025,9,45,1,59.7402,59.7402
zf,Y389,xcl_large_500k_p32x4_c0025,9,45,5,60.0942,60.0942
zf,Y389,xcl_large_500k_p32x4_c0025,9,45,10,59.4845,59.4845
zf,Y389,xcl_large_500k_p32x4_c0025,9,45,50,53.8718,53.8718
zf,Y389,xcl_large_500k_p32x4_c0025,9,45,100,45.4394,45.4394
zf,Y389,xcl_large_500k_p32x4_c0025,9,46,1,63.6811,63.6811
zf,Y389,xcl_large_500k_p32x4_c0025,9,46,5,60.8708,60.8708
zf,Y389,xcl_large_500k_p32x4_c0025,9,46,10,60.4235,60.4235
zf,Y389,xcl_large_500k_p32x4_c0025,9,46,50,55.4589,55.4589
zf,Y389,xcl_large_500k_p32x4_c0025,9,46,100,46.7597,46.7597
zf,Y389,xcl_large_500k_p32x4_c010,10,42,1,61.3304,61.3304
zf,Y389,xcl_large_500k_p32x4_c010,10,42,5,59.5475,59.5475
zf,Y389,xcl_large_500k_p32x4_c010,10,42,10,58.6549,58.6549
zf,Y389,xcl_large_500k_p32x4_c010,10,42,50,53.8569,53.8569
zf,Y389,xcl_large_500k_p32x4_c010,10,42,100,45.5363,45.5363
zf,Y389,xcl_large_500k_p32x4_c010,10,43,1,61.4564,61.4564
zf,Y389,xcl_large_500k_p32x4_c010,10,43,5,61.3153,61.3153
zf,Y389,xcl_large_500k_p32x4_c010,10,43,10,60.7143,60.7143
zf,Y389,xcl_large_500k_p32x4_c010,10,43,50,55.4525,55.4525
zf,Y389,xcl_large_500k_p32x4_c010,10,43,100,46.9795,46.9795
zf,Y389,xcl_large_500k_p32x4_c010,10,44,1,61.7104,61.7104
zf,Y389,xcl_large_500k_p32x4_c010,10,44,5,59.4735,59.4735
zf,Y389,xcl_large_500k_p32x4_c010,10,44,10,58.4819,58.4819
zf,Y389,xcl_large_500k_p32x4_c010,10,44,50,54.3703,54.3703
zf,Y389,xcl_large_500k_p32x4_c010,10,44,100,46.2655,46.2655
zf,Y389,xcl_large_500k_p32x4_c010,10,45,1,61.4138,61.4138
zf,Y389,xcl_large_500k_p32x4_c010,10,45,5,60.552,60.552
zf,Y389,xcl_large_500k_p32x4_c010,10,45,10,60.2349,60.2349
zf,Y389,xcl_large_500k_p32x4_c010,10,45,50,54.7717,54.7717
zf,Y389,xcl_large_500k_p32x4_c010,10,45,100,46.4107,46.4107
zf,Y389,xcl_large_500k_p32x4_c010,10,46,1,63.1368,63.1368
zf,Y389,xcl_large_500k_p32x4_c010,10,46,5,61.5157,61.5157
zf,Y389,xcl_large_500k_p32x4_c010,10,46,10,61.2374,61.2374
zf,Y389,xcl_large_500k_p32x4_c010,10,46,50,56.2615,56.2615
zf,Y389,xcl_large_500k_p32x4_c010,10,46,100,47.6137,47.6137
zf,Y389,xcl_micro_500k_p32x1_c005,4,42,1,62.8583,62.8583
zf,Y389,xcl_micro_500k_p32x1_c005,4,42,5,60.8981,60.8981
zf,Y389,xcl_micro_500k_p32x1_c005,4,42,10,59.2746,59.2746
zf,Y389,xcl_micro_500k_p32x1_c005,4,42,50,51.5529,51.5529
zf,Y389,xcl_micro_500k_p32x1_c005,4,42,100,42.6341,42.6341
zf,Y389,xcl_micro_500k_p32x1_c005,4,43,1,63.6709,63.6709
zf,Y389,xcl_micro_500k_p32x1_c005,4,43,5,61.6277,61.6277
zf,Y389,xcl_micro_500k_p32x1_c005,4,43,10,60.3927,60.3927
zf,Y389,xcl_micro_500k_p32x1_c005,4,43,50,53.0202,53.0202
zf,Y389,xcl_micro_500k_p32x1_c005,4,43,100,43.4291,43.4291
zf,Y389,xcl_micro_500k_p32x1_c005,4,44,1,62.0542,62.0542
zf,Y389,xcl_micro_500k_p32x1_c005,4,44,5,61.2672,61.2672
zf,Y389,xcl_micro_500k_p32x1_c005,4,44,10,60.1548,60.1548
zf,Y389,xcl_micro_500k_p32x1_c005,4,44,50,52.5253,52.5253
zf,Y389,xcl_micro_500k_p32x1_c005,4,44,100,43.1577,43.1577
zf,Y389,xcl_micro_500k_p32x1_c005,4,45,1,63.1227,63.1227
zf,Y389,xcl_micro_500k_p32x1_c005,4,45,5,61.6767,61.6767
zf,Y389,xcl_micro_500k_p32x1_c005,4,45,10,60.2227,60.2227
zf,Y389,xcl_micro_500k_p32x1_c005,4,45,50,52.2303,52.2303
zf,Y389,xcl_micro_500k_p32x1_c005,4,45,100,42.8063,42.8063
zf,Y389,xcl_micro_500k_p32x1_c005,4,46,1,64.1004,64.1004
zf,Y389,xcl_micro_500k_p32x1_c005,4,46,5,62.7815,62.7815
zf,Y389,xcl_micro_500k_p32x1_c005,4,46,10,61.728,61.728
zf,Y389,xcl_micro_500k_p32x1_c005,4,46,50,53.6496,53.6496
zf,Y389,xcl_micro_500k_p32x1_c005,4,46,100,43.8402,43.8402
zf,Y389,xcl_micro_500k_p32x1_c005,5,42,1,62.907,62.907
zf,Y389,xcl_micro_500k_p32x1_c005,5,42,5,60.7342,60.7342
zf,Y389,xcl_micro_500k_p32x1_c005,5,42,10,59.2543,59.2543
zf,Y389,xcl_micro_500k_p32x1_c005,5,42,50,51.379,51.379
zf,Y389,xcl_micro_500k_p32x1_c005,5,42,100,42.3618,42.3618
zf,Y389,xcl_micro_500k_p32x1_c005,5,43,1,63.2151,63.2151
zf,Y389,xcl_micro_500k_p32x1_c005,5,43,5,61.608,61.608
zf,Y389,xcl_micro_500k_p32x1_c005,5,43,10,60.3203,60.3203
zf,Y389,xcl_micro_500k_p32x1_c005,5,43,50,53.011,53.011
zf,Y389,xcl_micro_500k_p32x1_c005,5,43,100,43.2634,43.2634
zf,Y389,xcl_micro_500k_p32x1_c005,5,44,1,62.3593,62.3593
zf,Y389,xcl_micro_500k_p32x1_c005,5,44,5,61.1505,61.1505
zf,Y389,xcl_micro_500k_p32x1_c005,5,44,10,60.0531,60.0531
zf,Y389,xcl_micro_500k_p32x1_c005,5,44,50,52.3406,52.3406
zf,Y389,xcl_micro_500k_p32x1_c005,5,44,100,42.9145,42.9145
zf,Y389,xcl_micro_500k_p32x1_c005,5,45,1,62.6666,62.6666
zf,Y389,xcl_micro_500k_p32x1_c005,5,45,5,61.4512,61.4512
zf,Y389,xcl_micro_500k_p32x1_c005,5,45,10,60.28,60.28
zf,Y389,xcl_micro_500k_p32x1_c005,5,45,50,52.2056,52.2056
zf,Y389,xcl_micro_500k_p32x1_c005,5,45,100,42.5433,42.5433
zf,Y389,xcl_micro_500k_p32x1_c005,5,46,1,63.6709,63.6709
zf,Y389,xcl_micro_500k_p32x1_c005,5,46,5,62.5382,62.5382
zf,Y389,xcl_micro_500k_p32x1_c005,5,46,10,61.5188,61.5188
zf,Y389,xcl_micro_500k_p32x1_c005,5,46,50,53.6279,53.6279
zf,Y389,xcl_micro_500k_p32x1_c005,5,46,100,43.6049,43.6049
zf,Y389,xcl_micro_500k_p32x4_c010,3,42,1,60.7935,60.7935
zf,Y389,xcl_micro_500k_p32x4_c010,3,42,5,57.0371,57.0371
zf,Y389,xcl_micro_500k_p32x4_c010,3,42,10,55.9639,55.9639
zf,Y389,xcl_micro_500k_p32x4_c010,3,42,50,49.8546,49.8546
zf,Y389,xcl_micro_500k_p32x4_c010,3,42,100,41.6166,41.6166
zf,Y389,xcl_micro_500k_p32x4_c010,3,43,1,60.1731,60.1731
zf,Y389,xcl_micro_500k_p32x4_c010,3,43,5,59.191,59.191
zf,Y389,xcl_micro_500k_p32x4_c010,3,43,10,58.3431,58.3431
zf,Y389,xcl_micro_500k_p32x4_c010,3,43,50,51.3024,51.3024
zf,Y389,xcl_micro_500k_p32x4_c010,3,43,100,42.3909,42.3909
zf,Y389,xcl_micro_500k_p32x4_c010,3,44,1,59.8958,59.8958
zf,Y389,xcl_micro_500k_p32x4_c010,3,44,5,58.1377,58.1377
zf,Y389,xcl_micro_500k_p32x4_c010,3,44,10,56.5086,56.5086
zf,Y389,xcl_micro_500k_p32x4_c010,3,44,50,50.2073,50.2073
zf,Y389,xcl_micro_500k_p32x4_c010,3,44,100,41.8587,41.8587
zf,Y389,xcl_micro_500k_p32x4_c010,3,45,1,59.1791,59.1791
zf,Y389,xcl_micro_500k_p32x4_c010,3,45,5,58.7128,58.7128
zf,Y389,xcl_micro_500k_p32x4_c010,3,45,10,56.9317,56.9317
zf,Y389,xcl_micro_500k_p32x4_c010,3,45,50,50.0706,50.0706
zf,Y389,xcl_micro_500k_p32x4_c010,3,45,100,41.6563,41.6563
zf,Y389,xcl_micro_500k_p32x4_c010,3,46,1,61.5313,61.5313
zf,Y389,xcl_micro_500k_p32x4_c010,3,46,5,60.0263,60.0263
zf,Y389,xcl_micro_500k_p32x4_c010,3,46,10,58.9014,58.9014
zf,Y389,xcl_micro_500k_p32x4_c010,3,46,50,52.2184,52.2184
zf,Y389,xcl_micro_500k_p32x4_c010,3,46,100,43.3637,43.3637
zf,Y397,birdaves_biox_base,3,42,1,83.9274,83.9274
zf,Y397,birdaves_biox_base,3,42,5,82.3105,82.3105
zf,Y397,birdaves_biox_base,3,42,10,80.5971,80.5971
zf,Y397,birdaves_biox_base,3,42,50,62.996,62.996
zf,Y397,birdaves_biox_base,3,42,100,46.4468,46.4468
zf,Y397,birdaves_biox_base,3,43,1,81.6987,81.6987
zf,Y397,birdaves_biox_base,3,43,5,81.4053,81.4053
zf,Y397,birdaves_biox_base,3,43,10,77.7307,77.7307
zf,Y397,birdaves_biox_base,3,43,50,62.7697,62.7697
zf,Y397,birdaves_biox_base,3,43,100,46.6596,46.6596
zf,Y397,birdaves_biox_base,3,44,1,86.5782,86.5782
zf,Y397,birdaves_biox_base,3,44,5,83.1529,83.1529
zf,Y397,birdaves_biox_base,3,44,10,81.4134,81.4134
zf,Y397,birdaves_biox_base,3,44,50,64.7161,64.7161
zf,Y397,birdaves_biox_base,3,44,100,47.1518,47.1518
zf,Y397,birdaves_biox_base,3,45,1,87.1084,87.1084
zf,Y397,birdaves_biox_base,3,45,5,80.0339,80.0339
zf,Y397,birdaves_biox_base,3,45,10,78.4801,78.4801
zf,Y397,birdaves_biox_base,3,45,50,62.7653,62.7653
zf,Y397,birdaves_biox_base,3,45,100,46.4282,46.4282
zf,Y397,birdaves_biox_base,3,46,1,79.2251,79.2251
zf,Y397,birdaves_biox_base,3,46,5,79.3062,79.3062
zf,Y397,birdaves_biox_base,3,46,10,77.8241,77.8241
zf,Y397,birdaves_biox_base,3,46,50,62.9214,62.9214
zf,Y397,birdaves_biox_base,3,46,100,46.6396,46.6396
zf,Y397,birdaves_biox_base,7,42,1,85.3701,85.3701
zf,Y397,birdaves_biox_base,7,42,5,82.3624,82.3624
zf,Y397,birdaves_biox_base,7,42,10,80.8875,80.8875
zf,Y397,birdaves_biox_base,7,42,50,63.0558,63.0558
zf,Y397,birdaves_biox_base,7,42,100,46.8073,46.8073
zf,Y397,birdaves_biox_base,7,43,1,83.9827,83.9827
zf,Y397,birdaves_biox_base,7,43,5,81.488,81.488
zf,Y397,birdaves_biox_base,7,43,10,78.8886,78.8886
zf,Y397,birdaves_biox_base,7,43,50,62.7108,62.7108
zf,Y397,birdaves_biox_base,7,43,100,46.8364,46.8364
zf,Y397,birdaves_biox_base,7,44,1,83.5535,83.5535
zf,Y397,birdaves_biox_base,7,44,5,82.4312,82.4312
zf,Y397,birdaves_biox_base,7,44,10,81.2301,81.2301
zf,Y397,birdaves_biox_base,7,44,50,63.8389,63.8389
zf,Y397,birdaves_biox_base,7,44,100,46.9099,46.9099
zf,Y397,birdaves_biox_base,7,45,1,84.6776,84.6776
zf,Y397,birdaves_biox_base,7,45,5,79.9508,79.9508
zf,Y397,birdaves_biox_base,7,45,10,78.6393,78.6393
zf,Y397,birdaves_biox_base,7,45,50,62.2943,62.2943
zf,Y397,birdaves_biox_base,7,45,100,46.3489,46.3489
zf,Y397,birdaves_biox_base,7,46,1,82.1371,82.1371
zf,Y397,birdaves_biox_base,7,46,5,79.1172,79.1172
zf,Y397,birdaves_biox_base,7,46,10,78.4779,78.4779
zf,Y397,birdaves_biox_base,7,46,50,62.7366,62.7366
zf,Y397,birdaves_biox_base,7,46,100,46.471,46.471
zf,Y397,birdaves_biox_base_speed0p25,3,42,1,89.8932,89.8932
zf,Y397,birdaves_biox_base_speed0p25,3,42,5,87.8441,87.8441
zf,Y397,birdaves_biox_base_speed0p25,3,42,10,85.5865,85.5865
zf,Y397,birdaves_biox_base_speed0p25,3,42,50,65.3216,65.3216
zf,Y397,birdaves_biox_base_speed0p25,3,42,100,47.3007,47.3007
zf,Y397,birdaves_biox_base_speed0p25,3,43,1,90.8652,90.8652
zf,Y397,birdaves_biox_base_speed0p25,3,43,5,88.349,88.349
zf,Y397,birdaves_biox_base_speed0p25,3,43,10,85.3717,85.3717
zf,Y397,birdaves_biox_base_speed0p25,3,43,50,65.2717,65.2717
zf,Y397,birdaves_biox_base_speed0p25,3,43,100,47.5562,47.5562
zf,Y397,birdaves_biox_base_speed0p25,3,44,1,88.792,88.792
zf,Y397,birdaves_biox_base_speed0p25,3,44,5,88.2947,88.2947
zf,Y397,birdaves_biox_base_speed0p25,3,44,10,86.2667,86.2667
zf,Y397,birdaves_biox_base_speed0p25,3,44,50,66.8852,66.8852
zf,Y397,birdaves_biox_base_speed0p25,3,44,100,48.2176,48.2176
zf,Y397,birdaves_biox_base_speed0p25,3,45,1,89.817,89.817
zf,Y397,birdaves_biox_base_speed0p25,3,45,5,88.282,88.282
zf,Y397,birdaves_biox_base_speed0p25,3,45,10,85.9856,85.9856
zf,Y397,birdaves_biox_base_speed0p25,3,45,50,66.7158,66.7158
zf,Y397,birdaves_biox_base_speed0p25,3,45,100,48.3438,48.3438
zf,Y397,birdaves_biox_base_speed0p25,3,46,1,89.0119,89.0119
zf,Y397,birdaves_biox_base_speed0p25,3,46,5,86.8924,86.8924
zf,Y397,birdaves_biox_base_speed0p25,3,46,10,84.4855,84.4855
zf,Y397,birdaves_biox_base_speed0p25,3,46,50,66.0342,66.0342
zf,Y397,birdaves_biox_base_speed0p25,3,46,100,47.8812,47.8812
zf,Y397,birdaves_biox_base_speed0p25,4,42,1,90.5005,90.5005
zf,Y397,birdaves_biox_base_speed0p25,4,42,5,88.2041,88.2041
zf,Y397,birdaves_biox_base_speed0p25,4,42,10,85.7689,85.7689
zf,Y397,birdaves_biox_base_speed0p25,4,42,50,65.0334,65.0334
zf,Y397,birdaves_biox_base_speed0p25,4,42,100,46.7428,46.7428
zf,Y397,birdaves_biox_base_speed0p25,4,43,1,90.7745,90.7745
zf,Y397,birdaves_biox_base_speed0p25,4,43,5,88.6516,88.6516
zf,Y397,birdaves_biox_base_speed0p25,4,43,10,85.6447,85.6447
zf,Y397,birdaves_biox_base_speed0p25,4,43,50,65.1398,65.1398
zf,Y397,birdaves_biox_base_speed0p25,4,43,100,47.2096,47.2096
zf,Y397,birdaves_biox_base_speed0p25,4,44,1,88.9549,88.9549
zf,Y397,birdaves_biox_base_speed0p25,4,44,5,88.3109,88.3109
zf,Y397,birdaves_biox_base_speed0p25,4,44,10,86.6406,86.6406
zf,Y397,birdaves_biox_base_speed0p25,4,44,50,66.7002,66.7002
zf,Y397,birdaves_biox_base_speed0p25,4,44,100,47.785,47.785
zf,Y397,birdaves_biox_base_speed0p25,4,45,1,90.5108,90.5108
zf,Y397,birdaves_biox_base_speed0p25,4,45,5,88.3272,88.3272
zf,Y397,birdaves_biox_base_speed0p25,4,45,10,86.2619,86.2619
zf,Y397,birdaves_biox_base_speed0p25,4,45,50,66.3273,66.3273
zf,Y397,birdaves_biox_base_speed0p25,4,45,100,47.8285,47.8285
zf,Y397,birdaves_biox_base_speed0p25,4,46,1,89.2847,89.2847
zf,Y397,birdaves_biox_base_speed0p25,4,46,5,87.1904,87.1904
zf,Y397,birdaves_biox_base_speed0p25,4,46,10,85.0057,85.0057
zf,Y397,birdaves_biox_base_speed0p25,4,46,50,65.9295,65.9295
zf,Y397,birdaves_biox_base_speed0p25,4,46,100,47.5485,47.5485
zf,Y397,birdaves_biox_base_speed0p5,3,42,1,88.7377,88.7377
zf,Y397,birdaves_biox_base_speed0p5,3,42,5,85.445,85.445
zf,Y397,birdaves_biox_base_speed0p5,3,42,10,83.768,83.768
zf,Y397,birdaves_biox_base_speed0p5,3,42,50,64.3243,64.3243
zf,Y397,birdaves_biox_base_speed0p5,3,42,100,47.3391,47.3391
zf,Y397,birdaves_biox_base_speed0p5,3,43,1,88.1405,88.1405
zf,Y397,birdaves_biox_base_speed0p5,3,43,5,86.2904,86.2904
zf,Y397,birdaves_biox_base_speed0p5,3,43,10,83.239,83.239
zf,Y397,birdaves_biox_base_speed0p5,3,43,50,64.3869,64.3869
zf,Y397,birdaves_biox_base_speed0p5,3,43,100,47.6337,47.6337
zf,Y397,birdaves_biox_base_speed0p5,3,44,1,88.9685,88.9685
zf,Y397,birdaves_biox_base_speed0p5,3,44,5,86.8384,86.8384
zf,Y397,birdaves_biox_base_speed0p5,3,44,10,85.5379,85.5379
zf,Y397,birdaves_biox_base_speed0p5,3,44,50,66.3468,66.3468
zf,Y397,birdaves_biox_base_speed0p5,3,44,100,48.5806,48.5806
zf,Y397,birdaves_biox_base_speed0p5,3,45,1,88.9444,88.9444
zf,Y397,birdaves_biox_base_speed0p5,3,45,5,86.067,86.067
zf,Y397,birdaves_biox_base_speed0p5,3,45,10,83.9014,83.9014
zf,Y397,birdaves_biox_base_speed0p5,3,45,50,65.0125,65.0125
zf,Y397,birdaves_biox_base_speed0p5,3,45,100,48.1119,48.1119
zf,Y397,birdaves_biox_base_speed0p5,3,46,1,86.4708,86.4708
zf,Y397,birdaves_biox_base_speed0p5,3,46,5,84.957,84.957
zf,Y397,birdaves_biox_base_speed0p5,3,46,10,83.1697,83.1697
zf,Y397,birdaves_biox_base_speed0p5,3,46,50,65.0838,65.0838
zf,Y397,birdaves_biox_base_speed0p5,3,46,100,48.287,48.287
zf,Y397,birdaves_biox_base_speed0p5,6,42,1,87.976,87.976
zf,Y397,birdaves_biox_base_speed0p5,6,42,5,85.42,85.42
zf,Y397,birdaves_biox_base_speed0p5,6,42,10,83.1497,83.1497
zf,Y397,birdaves_biox_base_speed0p5,6,42,50,64.6847,64.6847
zf,Y397,birdaves_biox_base_speed0p5,6,42,100,47.2823,47.2823
zf,Y397,birdaves_biox_base_speed0p5,6,43,1,89.6579,89.6579
zf,Y397,birdaves_biox_base_speed0p5,6,43,5,86.3886,86.3886
zf,Y397,birdaves_biox_base_speed0p5,6,43,10,82.754,82.754
zf,Y397,birdaves_biox_base_speed0p5,6,43,50,64.2636,64.2636
zf,Y397,birdaves_biox_base_speed0p5,6,43,100,47.5881,47.5881
zf,Y397,birdaves_biox_base_speed0p5,6,44,1,89.3256,89.3256
zf,Y397,birdaves_biox_base_speed0p5,6,44,5,87.0658,87.0658
zf,Y397,birdaves_biox_base_speed0p5,6,44,10,85.0778,85.0778
zf,Y397,birdaves_biox_base_speed0p5,6,44,50,66.8811,66.8811
zf,Y397,birdaves_biox_base_speed0p5,6,44,100,48.6938,48.6938
zf,Y397,birdaves_biox_base_speed0p5,6,45,1,86.9398,86.9398
zf,Y397,birdaves_biox_base_speed0p5,6,45,5,85.3696,85.3696
zf,Y397,birdaves_biox_base_speed0p5,6,45,10,83.2715,83.2715
zf,Y397,birdaves_biox_base_speed0p5,6,45,50,65.9132,65.9132
zf,Y397,birdaves_biox_base_speed0p5,6,45,100,48.5558,48.5558
zf,Y397,birdaves_biox_base_speed0p5,6,46,1,86.6822,86.6822
zf,Y397,birdaves_biox_base_speed0p5,6,46,5,85.3109,85.3109
zf,Y397,birdaves_biox_base_speed0p5,6,46,10,83.1174,83.1174
zf,Y397,birdaves_biox_base_speed0p5,6,46,50,65.9134,65.9134
zf,Y397,birdaves_biox_base_speed0p5,6,46,100,48.4531,48.4531
zf,Y397,hubert_base_ls960,0,42,1,85.6669,85.6669
zf,Y397,hubert_base_ls960,0,42,5,81.8814,81.8814
zf,Y397,hubert_base_ls960,0,42,10,80.4069,80.4069
zf,Y397,hubert_base_ls960,0,42,50,60.7354,60.7354
zf,Y397,hubert_base_ls960,0,42,100,45.5865,45.5865
zf,Y397,hubert_base_ls960,0,43,1,83.7122,83.7122
zf,Y397,hubert_base_ls960,0,43,5,81.1558,81.1558
zf,Y397,hubert_base_ls960,0,43,10,78.8301,78.8301
zf,Y397,hubert_base_ls960,0,43,50,60.6225,60.6225
zf,Y397,hubert_base_ls960,0,43,100,45.8641,45.8641
zf,Y397,hubert_base_ls960,0,44,1,85.0134,85.0134
zf,Y397,hubert_base_ls960,0,44,5,82.1385,82.1385
zf,Y397,hubert_base_ls960,0,44,10,80.7229,80.7229
zf,Y397,hubert_base_ls960,0,44,50,61.4947,61.4947
zf,Y397,hubert_base_ls960,0,44,100,45.7888,45.7888
zf,Y397,hubert_base_ls960,0,45,1,81.6744,81.6744
zf,Y397,hubert_base_ls960,0,45,5,77.8898,77.8898
zf,Y397,hubert_base_ls960,0,45,10,77.1531,77.1531
zf,Y397,hubert_base_ls960,0,45,50,59.8814,59.8814
zf,Y397,hubert_base_ls960,0,45,100,45.1299,45.1299
zf,Y397,hubert_base_ls960,0,46,1,78.5687,78.5687
zf,Y397,hubert_base_ls960,0,46,5,78.2241,78.2241
zf,Y397,hubert_base_ls960,0,46,10,76.5892,76.5892
zf,Y397,hubert_base_ls960,0,46,50,60.0293,60.0293
zf,Y397,hubert_base_ls960,0,46,100,45.6564,45.6564
zf,Y397,hubert_base_ls960,3,42,1,82.3016,82.3016
zf,Y397,hubert_base_ls960,3,42,5,81.5282,81.5282
zf,Y397,hubert_base_ls960,3,42,10,80.628,80.628
zf,Y397,hubert_base_ls960,3,42,50,59.4419,59.4419
zf,Y397,hubert_base_ls960,3,42,100,45.1965,45.1965
zf,Y397,hubert_base_ls960,3,43,1,81.3525,81.3525
zf,Y397,hubert_base_ls960,3,43,5,80.2815,80.2815
zf,Y397,hubert_base_ls960,3,43,10,78.0377,78.0377
zf,Y397,hubert_base_ls960,3,43,50,59.1877,59.1877
zf,Y397,hubert_base_ls960,3,43,100,45.3744,45.3744
zf,Y397,hubert_base_ls960,3,44,1,85.5584,85.5584
zf,Y397,hubert_base_ls960,3,44,5,81.5284,81.5284
zf,Y397,hubert_base_ls960,3,44,10,80.5867,80.5867
zf,Y397,hubert_base_ls960,3,44,50,60.3087,60.3087
zf,Y397,hubert_base_ls960,3,44,100,45.7523,45.7523
zf,Y397,hubert_base_ls960,3,45,1,79.5497,79.5497
zf,Y397,hubert_base_ls960,3,45,5,77.8635,77.8635
zf,Y397,hubert_base_ls960,3,45,10,77.2503,77.2503
zf,Y397,hubert_base_ls960,3,45,50,58.7945,58.7945
zf,Y397,hubert_base_ls960,3,45,100,44.769,44.769
zf,Y397,hubert_base_ls960,3,46,1,78.7424,78.7424
zf,Y397,hubert_base_ls960,3,46,5,77.661,77.661
zf,Y397,hubert_base_ls960,3,46,10,76.6122,76.6122
zf,Y397,hubert_base_ls960,3,46,50,58.7324,58.7324
zf,Y397,hubert_base_ls960,3,46,100,44.9493,44.9493
zf,Y397,xcl_base_500k_p32x1_c005,5,42,1,90.7314,90.7314
zf,Y397,xcl_base_500k_p32x1_c005,5,42,5,89.3724,89.3724
zf,Y397,xcl_base_500k_p32x1_c005,5,42,10,87.9677,87.9677
zf,Y397,xcl_base_500k_p32x1_c005,5,42,50,68.7848,68.7848
zf,Y397,xcl_base_500k_p32x1_c005,5,42,100,50.4632,50.4632
zf,Y397,xcl_base_500k_p32x1_c005,5,43,1,91.1898,91.1898
zf,Y397,xcl_base_500k_p32x1_c005,5,43,5,90.7508,90.7508
zf,Y397,xcl_base_500k_p32x1_c005,5,43,10,89.0907,89.0907
zf,Y397,xcl_base_500k_p32x1_c005,5,43,50,69.926,69.926
zf,Y397,xcl_base_500k_p32x1_c005,5,43,100,51.2739,51.2739
zf,Y397,xcl_base_500k_p32x1_c005,5,44,1,91.3515,91.3515
zf,Y397,xcl_base_500k_p32x1_c005,5,44,5,89.8899,89.8899
zf,Y397,xcl_base_500k_p32x1_c005,5,44,10,89.0476,89.0476
zf,Y397,xcl_base_500k_p32x1_c005,5,44,50,70.2208,70.2208
zf,Y397,xcl_base_500k_p32x1_c005,5,44,100,50.7792,50.7792
zf,Y397,xcl_base_500k_p32x1_c005,5,45,1,89.0454,89.0454
zf,Y397,xcl_base_500k_p32x1_c005,5,45,5,88.7942,88.7942
zf,Y397,xcl_base_500k_p32x1_c005,5,45,10,87.4461,87.4461
zf,Y397,xcl_base_500k_p32x1_c005,5,45,50,69.4406,69.4406
zf,Y397,xcl_base_500k_p32x1_c005,5,45,100,51.0083,51.0083
zf,Y397,xcl_base_500k_p32x1_c005,5,46,1,90.4657,90.4657
zf,Y397,xcl_base_500k_p32x1_c005,5,46,5,89.0768,89.0768
zf,Y397,xcl_base_500k_p32x1_c005,5,46,10,87.6348,87.6348
zf,Y397,xcl_base_500k_p32x1_c005,5,46,50,69.6217,69.6217
zf,Y397,xcl_base_500k_p32x1_c005,5,46,100,50.9277,50.9277
zf,Y397,xcl_base_500k_p32x4_c010,3,42,1,83.4118,83.4118
zf,Y397,xcl_base_500k_p32x4_c010,3,42,5,81.5211,81.5211
zf,Y397,xcl_base_500k_p32x4_c010,3,42,10,79.5934,79.5934
zf,Y397,xcl_base_500k_p32x4_c010,3,42,50,64.6378,64.6378
zf,Y397,xcl_base_500k_p32x4_c010,3,42,100,48.3361,48.3361
zf,Y397,xcl_base_500k_p32x4_c010,3,43,1,84.4611,84.4611
zf,Y397,xcl_base_500k_p32x4_c010,3,43,5,81.5626,81.5626
zf,Y397,xcl_base_500k_p32x4_c010,3,43,10,79.2318,79.2318
zf,Y397,xcl_base_500k_p32x4_c010,3,43,50,65.0488,65.0488
zf,Y397,xcl_base_500k_p32x4_c010,3,43,100,48.7338,48.7338
zf,Y397,xcl_base_500k_p32x4_c010,3,44,1,86.7937,86.7937
zf,Y397,xcl_base_500k_p32x4_c010,3,44,5,82.239,82.239
zf,Y397,xcl_base_500k_p32x4_c010,3,44,10,80.2154,80.2154
zf,Y397,xcl_base_500k_p32x4_c010,3,44,50,65.0691,65.0691
zf,Y397,xcl_base_500k_p32x4_c010,3,44,100,48.2869,48.2869
zf,Y397,xcl_base_500k_p32x4_c010,3,45,1,83.9302,83.9302
zf,Y397,xcl_base_500k_p32x4_c010,3,45,5,80.4973,80.4973
zf,Y397,xcl_base_500k_p32x4_c010,3,45,10,78.7809,78.7809
zf,Y397,xcl_base_500k_p32x4_c010,3,45,50,64.5709,64.5709
zf,Y397,xcl_base_500k_p32x4_c010,3,45,100,48.4385,48.4385
zf,Y397,xcl_base_500k_p32x4_c010,3,46,1,84.2089,84.2089
zf,Y397,xcl_base_500k_p32x4_c010,3,46,5,81.0059,81.0059
zf,Y397,xcl_base_500k_p32x4_c010,3,46,10,78.1001,78.1001
zf,Y397,xcl_base_500k_p32x4_c010,3,46,50,64.5122,64.5122
zf,Y397,xcl_base_500k_p32x4_c010,3,46,100,48.129,48.129
zf,Y397,xcl_base_500k_p32x4_c010,4,42,1,83.6805,83.6805
zf,Y397,xcl_base_500k_p32x4_c010,4,42,5,81.5256,81.5256
zf,Y397,xcl_base_500k_p32x4_c010,4,42,10,79.6999,79.6999
zf,Y397,xcl_base_500k_p32x4_c010,4,42,50,64.521,64.521
zf,Y397,xcl_base_500k_p32x4_c010,4,42,100,48.3787,48.3787
zf,Y397,xcl_base_500k_p32x4_c010,4,43,1,83.2812,83.2812
zf,Y397,xcl_base_500k_p32x4_c010,4,43,5,81.4504,81.4504
zf,Y397,xcl_base_500k_p32x4_c010,4,43,10,79.0718,79.0718
zf,Y397,xcl_base_500k_p32x4_c010,4,43,50,64.839,64.839
zf,Y397,xcl_base_500k_p32x4_c010,4,43,100,48.699,48.699
zf,Y397,xcl_base_500k_p32x4_c010,4,44,1,85.8637,85.8637
zf,Y397,xcl_base_500k_p32x4_c010,4,44,5,82.3952,82.3952
zf,Y397,xcl_base_500k_p32x4_c010,4,44,10,80.3669,80.3669
zf,Y397,xcl_base_500k_p32x4_c010,4,44,50,64.9666,64.9666
zf,Y397,xcl_base_500k_p32x4_c010,4,44,100,48.2601,48.2601
zf,Y397,xcl_base_500k_p32x4_c010,4,45,1,84.3644,84.3644
zf,Y397,xcl_base_500k_p32x4_c010,4,45,5,79.8478,79.8478
zf,Y397,xcl_base_500k_p32x4_c010,4,45,10,78.7603,78.7603
zf,Y397,xcl_base_500k_p32x4_c010,4,45,50,64.33,64.33
zf,Y397,xcl_base_500k_p32x4_c010,4,45,100,48.4188,48.4188
zf,Y397,xcl_base_500k_p32x4_c010,4,46,1,83.3792,83.3792
zf,Y397,xcl_base_500k_p32x4_c010,4,46,5,80.6431,80.6431
zf,Y397,xcl_base_500k_p32x4_c010,4,46,10,78.4872,78.4872
zf,Y397,xcl_base_500k_p32x4_c010,4,46,50,64.3664,64.3664
zf,Y397,xcl_base_500k_p32x4_c010,4,46,100,48.0888,48.0888
zf,Y397,xcl_large_500k_p32x1_c005,11,42,1,90.1694,90.1694
zf,Y397,xcl_large_500k_p32x1_c005,11,42,5,89.4082,89.4082
zf,Y397,xcl_large_500k_p32x1_c005,11,42,10,87.9877,87.9877
zf,Y397,xcl_large_500k_p32x1_c005,11,42,50,68.7623,68.7623
zf,Y397,xcl_large_500k_p32x1_c005,11,42,100,50.3621,50.3621
zf,Y397,xcl_large_500k_p32x1_c005,11,43,1,91.8103,91.8103
zf,Y397,xcl_large_500k_p32x1_c005,11,43,5,91.3085,91.3085
zf,Y397,xcl_large_500k_p32x1_c005,11,43,10,89.2111,89.2111
zf,Y397,xcl_large_500k_p32x1_c005,11,43,50,69.7566,69.7566
zf,Y397,xcl_large_500k_p32x1_c005,11,43,100,51.2257,51.2257
zf,Y397,xcl_large_500k_p32x1_c005,11,44,1,91.9431,91.9431
zf,Y397,xcl_large_500k_p32x1_c005,11,44,5,90.5198,90.5198
zf,Y397,xcl_large_500k_p32x1_c005,11,44,10,89.2462,89.2462
zf,Y397,xcl_large_500k_p32x1_c005,11,44,50,70.048,70.048
zf,Y397,xcl_large_500k_p32x1_c005,11,44,100,50.8311,50.8311
zf,Y397,xcl_large_500k_p32x1_c005,11,45,1,89.4782,89.4782
zf,Y397,xcl_large_500k_p32x1_c005,11,45,5,88.9665,88.9665
zf,Y397,xcl_large_500k_p32x1_c005,11,45,10,87.9533,87.9533
zf,Y397,xcl_large_500k_p32x1_c005,11,45,50,69.5079,69.5079
zf,Y397,xcl_large_500k_p32x1_c005,11,45,100,50.8939,50.8939
zf,Y397,xcl_large_500k_p32x1_c005,11,46,1,90.7572,90.7572
zf,Y397,xcl_large_500k_p32x1_c005,11,46,5,89.0701,89.0701
zf,Y397,xcl_large_500k_p32x1_c005,11,46,10,87.8284,87.8284
zf,Y397,xcl_large_500k_p32x1_c005,11,46,50,69.4293,69.4293
zf,Y397,xcl_large_500k_p32x1_c005,11,46,100,50.8104,50.8104
zf,Y397,xcl_large_500k_p32x4_c0025,9,42,1,83.3876,83.3876
zf,Y397,xcl_large_500k_p32x4_c0025,9,42,5,81.7658,81.7658
zf,Y397,xcl_large_500k_p32x4_c0025,9,42,10,80.1257,80.1257
zf,Y397,xcl_large_500k_p32x4_c0025,9,42,50,65.0021,65.0021
zf,Y397,xcl_large_500k_p32x4_c0025,9,42,100,48.2292,48.2292
zf,Y397,xcl_large_500k_p32x4_c0025,9,43,1,84.1208,84.1208
zf,Y397,xcl_large_500k_p32x4_c0025,9,43,5,81.586,81.586
zf,Y397,xcl_large_500k_p32x4_c0025,9,43,10,79.502,79.502
zf,Y397,xcl_large_500k_p32x4_c0025,9,43,50,65.4258,65.4258
zf,Y397,xcl_large_500k_p32x4_c0025,9,43,100,48.6444,48.6444
zf,Y397,xcl_large_500k_p32x4_c0025,9,44,1,83.9847,83.9847
zf,Y397,xcl_large_500k_p32x4_c0025,9,44,5,81.6604,81.6604
zf,Y397,xcl_large_500k_p32x4_c0025,9,44,10,80.716,80.716
zf,Y397,xcl_large_500k_p32x4_c0025,9,44,50,65.5785,65.5785
zf,Y397,xcl_large_500k_p32x4_c0025,9,44,100,48.2503,48.2503
zf,Y397,xcl_large_500k_p32x4_c0025,9,45,1,82.5574,82.5574
zf,Y397,xcl_large_500k_p32x4_c0025,9,45,5,79.9025,79.9025
zf,Y397,xcl_large_500k_p32x4_c0025,9,45,10,79.0336,79.0336
zf,Y397,xcl_large_500k_p32x4_c0025,9,45,50,64.7299,64.7299
zf,Y397,xcl_large_500k_p32x4_c0025,9,45,100,48.2941,48.2941
zf,Y397,xcl_large_500k_p32x4_c0025,9,46,1,83.0379,83.0379
zf,Y397,xcl_large_500k_p32x4_c0025,9,46,5,80.4778,80.4778
zf,Y397,xcl_large_500k_p32x4_c0025,9,46,10,78.8869,78.8869
zf,Y397,xcl_large_500k_p32x4_c0025,9,46,50,64.742,64.742
zf,Y397,xcl_large_500k_p32x4_c0025,9,46,100,47.8369,47.8369
zf,Y397,xcl_large_500k_p32x4_c010,10,42,1,83.6552,83.6552
zf,Y397,xcl_large_500k_p32x4_c010,10,42,5,81.7929,81.7929
zf,Y397,xcl_large_500k_p32x4_c010,10,42,10,79.3125,79.3125
zf,Y397,xcl_large_500k_p32x4_c010,10,42,50,64.4041,64.4041
zf,Y397,xcl_large_500k_p32x4_c010,10,42,100,48.1368,48.1368
zf,Y397,xcl_large_500k_p32x4_c010,10,43,1,83.0062,83.0062
zf,Y397,xcl_large_500k_p32x4_c010,10,43,5,81.5401,81.5401
zf,Y397,xcl_large_500k_p32x4_c010,10,43,10,79.1437,79.1437
zf,Y397,xcl_large_500k_p32x4_c010,10,43,50,64.6978,64.6978
zf,Y397,xcl_large_500k_p32x4_c010,10,43,100,48.6353,48.6353
zf,Y397,xcl_large_500k_p32x4_c010,10,44,1,84.8563,84.8563
zf,Y397,xcl_large_500k_p32x4_c010,10,44,5,81.7586,81.7586
zf,Y397,xcl_large_500k_p32x4_c010,10,44,10,80.0922,80.0922
zf,Y397,xcl_large_500k_p32x4_c010,10,44,50,65.1803,65.1803
zf,Y397,xcl_large_500k_p32x4_c010,10,44,100,48.3266,48.3266
zf,Y397,xcl_large_500k_p32x4_c010,10,45,1,81.9467,81.9467
zf,Y397,xcl_large_500k_p32x4_c010,10,45,5,80.6364,80.6364
zf,Y397,xcl_large_500k_p32x4_c010,10,45,10,78.6849,78.6849
zf,Y397,xcl_large_500k_p32x4_c010,10,45,50,64.2678,64.2678
zf,Y397,xcl_large_500k_p32x4_c010,10,45,100,48.2345,48.2345
zf,Y397,xcl_large_500k_p32x4_c010,10,46,1,83.1122,83.1122
zf,Y397,xcl_large_500k_p32x4_c010,10,46,5,80.1768,80.1768
zf,Y397,xcl_large_500k_p32x4_c010,10,46,10,78.3153,78.3153
zf,Y397,xcl_large_500k_p32x4_c010,10,46,50,64.4036,64.4036
zf,Y397,xcl_large_500k_p32x4_c010,10,46,100,47.9574,47.9574
zf,Y397,xcl_micro_500k_p32x1_c005,4,42,1,91.2332,91.2332
zf,Y397,xcl_micro_500k_p32x1_c005,4,42,5,89.4104,89.4104
zf,Y397,xcl_micro_500k_p32x1_c005,4,42,10,88.1407,88.1407
zf,Y397,xcl_micro_500k_p32x1_c005,4,42,50,67.2215,67.2215
zf,Y397,xcl_micro_500k_p32x1_c005,4,42,100,49.8616,49.8616
zf,Y397,xcl_micro_500k_p32x1_c005,4,43,1,91.1188,91.1188
zf,Y397,xcl_micro_500k_p32x1_c005,4,43,5,90.7592,90.7592
zf,Y397,xcl_micro_500k_p32x1_c005,4,43,10,89.5014,89.5014
zf,Y397,xcl_micro_500k_p32x1_c005,4,43,50,68.7408,68.7408
zf,Y397,xcl_micro_500k_p32x1_c005,4,43,100,50.686,50.686
zf,Y397,xcl_micro_500k_p32x1_c005,4,44,1,90.407,90.407
zf,Y397,xcl_micro_500k_p32x1_c005,4,44,5,89.566,89.566
zf,Y397,xcl_micro_500k_p32x1_c005,4,44,10,88.9603,88.9603
zf,Y397,xcl_micro_500k_p32x1_c005,4,44,50,67.7887,67.7887
zf,Y397,xcl_micro_500k_p32x1_c005,4,44,100,50.0118,50.0118
zf,Y397,xcl_micro_500k_p32x1_c005,4,45,1,88.4358,88.4358
zf,Y397,xcl_micro_500k_p32x1_c005,4,45,5,88.4722,88.4722
zf,Y397,xcl_micro_500k_p32x1_c005,4,45,10,87.576,87.576
zf,Y397,xcl_micro_500k_p32x1_c005,4,45,50,67.5053,67.5053
zf,Y397,xcl_micro_500k_p32x1_c005,4,45,100,50.1874,50.1874
zf,Y397,xcl_micro_500k_p32x1_c005,4,46,1,89.445,89.445
zf,Y397,xcl_micro_500k_p32x1_c005,4,46,5,88.6088,88.6088
zf,Y397,xcl_micro_500k_p32x1_c005,4,46,10,87.2404,87.2404
zf,Y397,xcl_micro_500k_p32x1_c005,4,46,50,67.2141,67.2141
zf,Y397,xcl_micro_500k_p32x1_c005,4,46,100,49.932,49.932
zf,Y397,xcl_micro_500k_p32x1_c005,5,42,1,91.1039,91.1039
zf,Y397,xcl_micro_500k_p32x1_c005,5,42,5,89.6206,89.6206
zf,Y397,xcl_micro_500k_p32x1_c005,5,42,10,88.1955,88.1955
zf,Y397,xcl_micro_500k_p32x1_c005,5,42,50,67.3774,67.3774
zf,Y397,xcl_micro_500k_p32x1_c005,5,42,100,49.9834,49.9834
zf,Y397,xcl_micro_500k_p32x1_c005,5,43,1,91.3766,91.3766
zf,Y397,xcl_micro_500k_p32x1_c005,5,43,5,90.9389,90.9389
zf,Y397,xcl_micro_500k_p32x1_c005,5,43,10,89.5831,89.5831
zf,Y397,xcl_micro_500k_p32x1_c005,5,43,50,68.728,68.728
zf,Y397,xcl_micro_500k_p32x1_c005,5,43,100,50.8643,50.8643
zf,Y397,xcl_micro_500k_p32x1_c005,5,44,1,90.2953,90.2953
zf,Y397,xcl_micro_500k_p32x1_c005,5,44,5,89.8803,89.8803
zf,Y397,xcl_micro_500k_p32x1_c005,5,44,10,88.9636,88.9636
zf,Y397,xcl_micro_500k_p32x1_c005,5,44,50,67.9527,67.9527
zf,Y397,xcl_micro_500k_p32x1_c005,5,44,100,50.1808,50.1808
zf,Y397,xcl_micro_500k_p32x1_c005,5,45,1,88.7191,88.7191
zf,Y397,xcl_micro_500k_p32x1_c005,5,45,5,88.6425,88.6425
zf,Y397,xcl_micro_500k_p32x1_c005,5,45,10,87.5353,87.5353
zf,Y397,xcl_micro_500k_p32x1_c005,5,45,50,67.6004,67.6004
zf,Y397,xcl_micro_500k_p32x1_c005,5,45,100,50.3702,50.3702
zf,Y397,xcl_micro_500k_p32x1_c005,5,46,1,88.884,88.884
zf,Y397,xcl_micro_500k_p32x1_c005,5,46,5,88.6609,88.6609
zf,Y397,xcl_micro_500k_p32x1_c005,5,46,10,87.3788,87.3788
zf,Y397,xcl_micro_500k_p32x1_c005,5,46,50,67.1404,67.1404
zf,Y397,xcl_micro_500k_p32x1_c005,5,46,100,49.9774,49.9774
zf,Y397,xcl_micro_500k_p32x4_c010,3,42,1,84.6303,84.6303
zf,Y397,xcl_micro_500k_p32x4_c010,3,42,5,81.1371,81.1371
zf,Y397,xcl_micro_500k_p32x4_c010,3,42,10,78.8888,78.8888
zf,Y397,xcl_micro_500k_p32x4_c010,3,42,50,63.3987,63.3987
zf,Y397,xcl_micro_500k_p32x4_c010,3,42,100,47.6002,47.6002
zf,Y397,xcl_micro_500k_p32x4_c010,3,43,1,82.5193,82.5193
zf,Y397,xcl_micro_500k_p32x4_c010,3,43,5,80.4858,80.4858
zf,Y397,xcl_micro_500k_p32x4_c010,3,43,10,78.3324,78.3324
zf,Y397,xcl_micro_500k_p32x4_c010,3,43,50,63.6861,63.6861
zf,Y397,xcl_micro_500k_p32x4_c010,3,43,100,47.9021,47.9021
zf,Y397,xcl_micro_500k_p32x4_c010,3,44,1,84.3215,84.3215
zf,Y397,xcl_micro_500k_p32x4_c010,3,44,5,81.8222,81.8222
zf,Y397,xcl_micro_500k_p32x4_c010,3,44,10,79.2112,79.2112
zf,Y397,xcl_micro_500k_p32x4_c010,3,44,50,63.6232,63.6232
zf,Y397,xcl_micro_500k_p32x4_c010,3,44,100,47.5145,47.5145
zf,Y397,xcl_micro_500k_p32x4_c010,3,45,1,82.5899,82.5899
zf,Y397,xcl_micro_500k_p32x4_c010,3,45,5,79.8801,79.8801
zf,Y397,xcl_micro_500k_p32x4_c010,3,45,10,78.3074,78.3074
zf,Y397,xcl_micro_500k_p32x4_c010,3,45,50,63.1698,63.1698
zf,Y397,xcl_micro_500k_p32x4_c010,3,45,100,47.5546,47.5546
zf,Y397,xcl_micro_500k_p32x4_c010,3,46,1,84.0269,84.0269
zf,Y397,xcl_micro_500k_p32x4_c010,3,46,5,80.2674,80.2674
zf,Y397,xcl_micro_500k_p32x4_c010,3,46,10,77.4138,77.4138
zf,Y397,xcl_micro_500k_p32x4_c010,3,46,50,63.1424,63.1424
zf,Y397,xcl_micro_500k_p32x4_c010,3,46,100,47.3556,47.3556
zf,Y425,birdaves_biox_base,3,42,1,85.731,85.731
zf,Y425,birdaves_biox_base,3,42,5,82.6163,82.6163
zf,Y425,birdaves_biox_base,3,42,10,81.5206,81.5206
zf,Y425,birdaves_biox_base,3,42,50,74.6441,74.6441
zf,Y425,birdaves_biox_base,3,42,100,66.4963,66.4963
zf,Y425,birdaves_biox_base,3,43,1,84.6683,84.6683
zf,Y425,birdaves_biox_base,3,43,5,81.9404,81.9404
zf,Y425,birdaves_biox_base,3,43,10,80.5145,80.5145
zf,Y425,birdaves_biox_base,3,43,50,74.6619,74.6619
zf,Y425,birdaves_biox_base,3,43,100,65.872,65.872
zf,Y425,birdaves_biox_base,3,44,1,84.6274,84.6274
zf,Y425,birdaves_biox_base,3,44,5,82.8851,82.8851
zf,Y425,birdaves_biox_base,3,44,10,81.7394,81.7394
zf,Y425,birdaves_biox_base,3,44,50,73.5986,73.5986
zf,Y425,birdaves_biox_base,3,44,100,65.3463,65.3463
zf,Y425,birdaves_biox_base,3,45,1,84.7048,84.7048
zf,Y425,birdaves_biox_base,3,45,5,82.0302,82.0302
zf,Y425,birdaves_biox_base,3,45,10,80.1341,80.1341
zf,Y425,birdaves_biox_base,3,45,50,73.2078,73.2078
zf,Y425,birdaves_biox_base,3,45,100,65.5602,65.5602
zf,Y425,birdaves_biox_base,3,46,1,83.171,83.171
zf,Y425,birdaves_biox_base,3,46,5,80.7476,80.7476
zf,Y425,birdaves_biox_base,3,46,10,79.1448,79.1448
zf,Y425,birdaves_biox_base,3,46,50,72.9829,72.9829
zf,Y425,birdaves_biox_base,3,46,100,65.074,65.074
zf,Y425,birdaves_biox_base,7,42,1,84.416,84.416
zf,Y425,birdaves_biox_base,7,42,5,83.246,83.246
zf,Y425,birdaves_biox_base,7,42,10,81.5881,81.5881
zf,Y425,birdaves_biox_base,7,42,50,74.5815,74.5815
zf,Y425,birdaves_biox_base,7,42,100,66.7157,66.7157
zf,Y425,birdaves_biox_base,7,43,1,83.8557,83.8557
zf,Y425,birdaves_biox_base,7,43,5,81.1294,81.1294
zf,Y425,birdaves_biox_base,7,43,10,79.8662,79.8662
zf,Y425,birdaves_biox_base,7,43,50,74.1845,74.1845
zf,Y425,birdaves_biox_base,7,43,100,66.0544,66.0544
zf,Y425,birdaves_biox_base,7,44,1,84.0518,84.0518
zf,Y425,birdaves_biox_base,7,44,5,82.6451,82.6451
zf,Y425,birdaves_biox_base,7,44,10,81.4171,81.4171
zf,Y425,birdaves_biox_base,7,44,50,73.4493,73.4493
zf,Y425,birdaves_biox_base,7,44,100,65.4793,65.4793
zf,Y425,birdaves_biox_base,7,45,1,83.5726,83.5726
zf,Y425,birdaves_biox_base,7,45,5,81.2997,81.2997
zf,Y425,birdaves_biox_base,7,45,10,80.0099,80.0099
zf,Y425,birdaves_biox_base,7,45,50,73.3764,73.3764
zf,Y425,birdaves_biox_base,7,45,100,65.8057,65.8057
zf,Y425,birdaves_biox_base,7,46,1,81.4198,81.4198
zf,Y425,birdaves_biox_base,7,46,5,79.8925,79.8925
zf,Y425,birdaves_biox_base,7,46,10,78.9004,78.9004
zf,Y425,birdaves_biox_base,7,46,50,72.7985,72.7985
zf,Y425,birdaves_biox_base,7,46,100,65.2758,65.2758
zf,Y425,birdaves_biox_base_speed0p25,3,42,1,87.4771,87.4771
zf,Y425,birdaves_biox_base_speed0p25,3,42,5,85.7952,85.7952
zf,Y425,birdaves_biox_base_speed0p25,3,42,10,84.6329,84.6329
zf,Y425,birdaves_biox_base_speed0p25,3,42,50,77.1038,77.1038
zf,Y425,birdaves_biox_base_speed0p25,3,42,100,67.0064,67.0064
zf,Y425,birdaves_biox_base_speed0p25,3,43,1,86.3246,86.3246
zf,Y425,birdaves_biox_base_speed0p25,3,43,5,84.6338,84.6338
zf,Y425,birdaves_biox_base_speed0p25,3,43,10,83.1134,83.1134
zf,Y425,birdaves_biox_base_speed0p25,3,43,50,75.8259,75.8259
zf,Y425,birdaves_biox_base_speed0p25,3,43,100,66.6138,66.6138
zf,Y425,birdaves_biox_base_speed0p25,3,44,1,87.249,87.249
zf,Y425,birdaves_biox_base_speed0p25,3,44,5,85.9399,85.9399
zf,Y425,birdaves_biox_base_speed0p25,3,44,10,84.5074,84.5074
zf,Y425,birdaves_biox_base_speed0p25,3,44,50,76.1407,76.1407
zf,Y425,birdaves_biox_base_speed0p25,3,44,100,66.0381,66.0381
zf,Y425,birdaves_biox_base_speed0p25,3,45,1,86.3123,86.3123
zf,Y425,birdaves_biox_base_speed0p25,3,45,5,84.4364,84.4364
zf,Y425,birdaves_biox_base_speed0p25,3,45,10,82.9696,82.9696
zf,Y425,birdaves_biox_base_speed0p25,3,45,50,76.1743,76.1743
zf,Y425,birdaves_biox_base_speed0p25,3,45,100,66.099,66.099
zf,Y425,birdaves_biox_base_speed0p25,3,46,1,85.7884,85.7884
zf,Y425,birdaves_biox_base_speed0p25,3,46,5,83.9446,83.9446
zf,Y425,birdaves_biox_base_speed0p25,3,46,10,82.6558,82.6558
zf,Y425,birdaves_biox_base_speed0p25,3,46,50,75.466,75.466
zf,Y425,birdaves_biox_base_speed0p25,3,46,100,65.7143,65.7143
zf,Y425,birdaves_biox_base_speed0p25,4,42,1,88.093,88.093
zf,Y425,birdaves_biox_base_speed0p25,4,42,5,86.2145,86.2145
zf,Y425,birdaves_biox_base_speed0p25,4,42,10,85.3397,85.3397
zf,Y425,birdaves_biox_base_speed0p25,4,42,50,77.754,77.754
zf,Y425,birdaves_biox_base_speed0p25,4,42,100,68.2886,68.2886
zf,Y425,birdaves_biox_base_speed0p25,4,43,1,86.5377,86.5377
zf,Y425,birdaves_biox_base_speed0p25,4,43,5,85.3941,85.3941
zf,Y425,birdaves_biox_base_speed0p25,4,43,10,84.0515,84.0515
zf,Y425,birdaves_biox_base_speed0p25,4,43,50,76.8547,76.8547
zf,Y425,birdaves_biox_base_speed0p25,4,43,100,68.0213,68.0213
zf,Y425,birdaves_biox_base_speed0p25,4,44,1,88.508,88.508
zf,Y425,birdaves_biox_base_speed0p25,4,44,5,86.819,86.819
zf,Y425,birdaves_biox_base_speed0p25,4,44,10,85.4278,85.4278
zf,Y425,birdaves_biox_base_speed0p25,4,44,50,76.9752,76.9752
zf,Y425,birdaves_biox_base_speed0p25,4,44,100,67.2354,67.2354
zf,Y425,birdaves_biox_base_speed0p25,4,45,1,86.7376,86.7376
zf,Y425,birdaves_biox_base_speed0p25,4,45,5,85.0964,85.0964
zf,Y425,birdaves_biox_base_speed0p25,4,45,10,83.8233,83.8233
zf,Y425,birdaves_biox_base_speed0p25,4,45,50,76.9369,76.9369
zf,Y425,birdaves_biox_base_speed0p25,4,45,100,67.4015,67.4015
zf,Y425,birdaves_biox_base_speed0p25,4,46,1,85.9424,85.9424
zf,Y425,birdaves_biox_base_speed0p25,4,46,5,84.4537,84.4537
zf,Y425,birdaves_biox_base_speed0p25,4,46,10,83.4241,83.4241
zf,Y425,birdaves_biox_base_speed0p25,4,46,50,76.3878,76.3878
zf,Y425,birdaves_biox_base_speed0p25,4,46,100,67.1912,67.1912
zf,Y425,birdaves_biox_base_speed0p5,3,42,1,88.398,88.398
zf,Y425,birdaves_biox_base_speed0p5,3,42,5,85.589,85.589
zf,Y425,birdaves_biox_base_speed0p5,3,42,10,84.2765,84.2765
zf,Y425,birdaves_biox_base_speed0p5,3,42,50,77.302,77.302
zf,Y425,birdaves_biox_base_speed0p5,3,42,100,68.0159,68.0159
zf,Y425,birdaves_biox_base_speed0p5,3,43,1,87.0949,87.0949
zf,Y425,birdaves_biox_base_speed0p5,3,43,5,83.8763,83.8763
zf,Y425,birdaves_biox_base_speed0p5,3,43,10,82.5273,82.5273
zf,Y425,birdaves_biox_base_speed0p5,3,43,50,76.3687,76.3687
zf,Y425,birdaves_biox_base_speed0p5,3,43,100,67.1161,67.1161
zf,Y425,birdaves_biox_base_speed0p5,3,44,1,88.0757,88.0757
zf,Y425,birdaves_biox_base_speed0p5,3,44,5,85.4769,85.4769
zf,Y425,birdaves_biox_base_speed0p5,3,44,10,83.6679,83.6679
zf,Y425,birdaves_biox_base_speed0p5,3,44,50,75.7843,75.7843
zf,Y425,birdaves_biox_base_speed0p5,3,44,100,66.6587,66.6587
zf,Y425,birdaves_biox_base_speed0p5,3,45,1,86.7631,86.7631
zf,Y425,birdaves_biox_base_speed0p5,3,45,5,83.5202,83.5202
zf,Y425,birdaves_biox_base_speed0p5,3,45,10,82.1612,82.1612
zf,Y425,birdaves_biox_base_speed0p5,3,45,50,75.5795,75.5795
zf,Y425,birdaves_biox_base_speed0p5,3,45,100,67.0234,67.0234
zf,Y425,birdaves_biox_base_speed0p5,3,46,1,85.4541,85.4541
zf,Y425,birdaves_biox_base_speed0p5,3,46,5,82.7492,82.7492
zf,Y425,birdaves_biox_base_speed0p5,3,46,10,81.5119,81.5119
zf,Y425,birdaves_biox_base_speed0p5,3,46,50,75.2301,75.2301
zf,Y425,birdaves_biox_base_speed0p5,3,46,100,66.5719,66.5719
zf,Y425,birdaves_biox_base_speed0p5,6,42,1,89.079,89.079
zf,Y425,birdaves_biox_base_speed0p5,6,42,5,86.1499,86.1499
zf,Y425,birdaves_biox_base_speed0p5,6,42,10,84.8134,84.8134
zf,Y425,birdaves_biox_base_speed0p5,6,42,50,77.515,77.515
zf,Y425,birdaves_biox_base_speed0p5,6,42,100,68.1506,68.1506
zf,Y433,birdaves_biox_base,3,42,1,81.6054,81.6054
zf,Y433,birdaves_biox_base,3,42,5,80.5724,80.5724
zf,Y433,birdaves_biox_base,3,42,10,77.5571,77.5571
zf,Y433,birdaves_biox_base,3,42,50,65.3457,65.3457
zf,Y433,birdaves_biox_base,3,42,100,58.9222,58.9222
zf,Y433,birdaves_biox_base,3,43,1,82.892,82.892
zf,Y433,birdaves_biox_base,3,43,5,81.9543,81.9543
zf,Y433,birdaves_biox_base,3,43,10,78.9164,78.9164
zf,Y433,birdaves_biox_base,3,43,50,66.1005,66.1005
zf,Y433,birdaves_biox_base,3,43,100,59.6559,59.6559
zf,Y433,birdaves_biox_base,3,44,1,79.9609,79.9609
zf,Y433,birdaves_biox_base,3,44,5,78.2366,78.2366
zf,Y433,birdaves_biox_base,3,44,10,75.0247,75.0247
zf,Y433,birdaves_biox_base,3,44,50,64.0461,64.0461
zf,Y433,birdaves_biox_base,3,44,100,57.8564,57.8564
zf,Y433,birdaves_biox_base,3,45,1,83.4226,83.4226
zf,Y433,birdaves_biox_base,3,45,5,81.6682,81.6682
zf,Y433,birdaves_biox_base,3,45,10,78.8298,78.8298
zf,Y433,birdaves_biox_base,3,45,50,65.9048,65.9048
zf,Y433,birdaves_biox_base,3,45,100,59.1917,59.1917
zf,Y433,birdaves_biox_base,3,46,1,81.4379,81.4379
zf,Y433,birdaves_biox_base,3,46,5,80.7736,80.7736
zf,Y433,birdaves_biox_base,3,46,10,78.0274,78.0274
zf,Y433,birdaves_biox_base,3,46,50,65.8188,65.8188
zf,Y433,birdaves_biox_base,3,46,100,59.2256,59.2256
zf,Y433,birdaves_biox_base,7,42,1,83.5315,83.5315
zf,Y433,birdaves_biox_base,7,42,5,80.5383,80.5383
zf,Y433,birdaves_biox_base,7,42,10,77.4388,77.4388
zf,Y433,birdaves_biox_base,7,42,50,65.955,65.955
zf,Y433,birdaves_biox_base,7,42,100,59.3193,59.3193
zf,Y433,birdaves_biox_base,7,43,1,83.5085,83.5085
zf,Y433,birdaves_biox_base,7,43,5,82.0883,82.0883
zf,Y433,birdaves_biox_base,7,43,10,79.2496,79.2496
zf,Y433,birdaves_biox_base,7,43,50,67.0012,67.0012
zf,Y433,birdaves_biox_base,7,43,100,60.3207,60.3207
zf,Y433,birdaves_biox_base,7,44,1,81.0986,81.0986
zf,Y433,birdaves_biox_base,7,44,5,78.4083,78.4083
zf,Y433,birdaves_biox_base,7,44,10,75.5211,75.5211
zf,Y433,birdaves_biox_base,7,44,50,64.7743,64.7743
zf,Y433,birdaves_biox_base,7,44,100,58.3775,58.3775
zf,Y433,birdaves_biox_base,7,45,1,83.5289,83.5289
zf,Y433,birdaves_biox_base,7,45,5,81.4284,81.4284
zf,Y433,birdaves_biox_base,7,45,10,78.7767,78.7767
zf,Y433,birdaves_biox_base,7,45,50,67.1434,67.1434
zf,Y433,birdaves_biox_base,7,45,100,60.1627,60.1627
zf,Y433,birdaves_biox_base,7,46,1,81.0638,81.0638
zf,Y433,birdaves_biox_base,7,46,5,81.4053,81.4053
zf,Y433,birdaves_biox_base,7,46,10,78.6486,78.6486
zf,Y433,birdaves_biox_base,7,46,50,66.6776,66.6776
zf,Y433,birdaves_biox_base,7,46,100,59.8977,59.8977
zf,Y433,birdaves_biox_base_speed0p25,3,42,1,85.6941,85.6941
zf,Y433,birdaves_biox_base_speed0p25,3,42,5,83.8499,83.8499
zf,Y433,birdaves_biox_base_speed0p25,3,42,10,80.3359,80.3359
zf,Y433,birdaves_biox_base_speed0p25,3,42,50,70.0932,70.0932
zf,Y433,birdaves_biox_base_speed0p25,3,42,100,60.9323,60.9323
zf,Y433,birdaves_biox_base_speed0p25,3,43,1,87.9009,87.9009
zf,Y433,birdaves_biox_base_speed0p25,3,43,5,85.6435,85.6435
zf,Y433,birdaves_biox_base_speed0p25,3,43,10,82.2075,82.2075
zf,Y433,birdaves_biox_base_speed0p25,3,43,50,71.1894,71.1894
zf,Y433,birdaves_biox_base_speed0p25,3,43,100,62.0608,62.0608
zf,Y433,birdaves_biox_base_speed0p25,3,44,1,84.5667,84.5667
zf,Y433,birdaves_biox_base_speed0p25,3,44,5,82.9435,82.9435
zf,Y433,birdaves_biox_base_speed0p25,3,44,10,79.0479,79.0479
zf,Y433,birdaves_biox_base_speed0p25,3,44,50,68.6852,68.6852
zf,Y433,birdaves_biox_base_speed0p25,3,44,100,59.8594,59.8594
zf,Y433,birdaves_biox_base_speed0p25,3,45,1,89.3632,89.3632
zf,Y433,birdaves_biox_base_speed0p25,3,45,5,86.7422,86.7422
zf,Y433,birdaves_biox_base_speed0p25,3,45,10,82.953,82.953
zf,Y433,birdaves_biox_base_speed0p25,3,45,50,71.1918,71.1918
zf,Y433,birdaves_biox_base_speed0p25,3,45,100,61.9085,61.9085
zf,Y433,birdaves_biox_base_speed0p25,3,46,1,89.9355,89.9355
zf,Y433,birdaves_biox_base_speed0p25,3,46,5,86.8744,86.8744
zf,Y433,birdaves_biox_base_speed0p25,3,46,10,83.06,83.06
zf,Y433,birdaves_biox_base_speed0p25,3,46,50,71.2776,71.2776
zf,Y433,birdaves_biox_base_speed0p25,3,46,100,61.9746,61.9746
zf,Y433,birdaves_biox_base_speed0p25,4,42,1,87.3784,87.3784
zf,Y433,birdaves_biox_base_speed0p25,4,42,5,84.5724,84.5724
zf,Y433,birdaves_biox_base_speed0p25,4,42,10,80.9569,80.9569
zf,Y433,birdaves_biox_base_speed0p25,4,42,50,70.2979,70.2979
zf,Y433,birdaves_biox_base_speed0p25,4,42,100,61.5303,61.5303
zf,Y433,birdaves_biox_base_speed0p25,4,43,1,88.7582,88.7582
zf,Y433,birdaves_biox_base_speed0p25,4,43,5,86.6198,86.6198
zf,Y433,birdaves_biox_base_speed0p25,4,43,10,83.1147,83.1147
zf,Y433,birdaves_biox_base_speed0p25,4,43,50,71.5623,71.5623
zf,Y433,birdaves_biox_base_speed0p25,4,43,100,62.6219,62.6219
zf,Y433,birdaves_biox_base_speed0p25,4,44,1,84.341,84.341
zf,Y433,birdaves_biox_base_speed0p25,4,44,5,82.6622,82.6622
zf,Y433,birdaves_biox_base_speed0p25,4,44,10,79.6527,79.6527
zf,Y433,birdaves_biox_base_speed0p25,4,44,50,69.2918,69.2918
zf,Y433,birdaves_biox_base_speed0p25,4,44,100,60.7015,60.7015
zf,Y433,birdaves_biox_base_speed0p25,4,45,1,90.1506,90.1506
zf,Y433,birdaves_biox_base_speed0p25,4,45,5,87.2743,87.2743
zf,Y433,birdaves_biox_base_speed0p25,4,45,10,83.6313,83.6313
zf,Y433,birdaves_biox_base_speed0p25,4,45,50,71.8089,71.8089
zf,Y433,birdaves_biox_base_speed0p25,4,45,100,62.5503,62.5503
zf,Y433,birdaves_biox_base_speed0p25,4,46,1,90.4951,90.4951
zf,Y433,birdaves_biox_base_speed0p25,4,46,5,87.3771,87.3771
zf,Y433,birdaves_biox_base_speed0p25,4,46,10,83.4405,83.4405
zf,Y433,birdaves_biox_base_speed0p25,4,46,50,71.6299,71.6299
zf,Y433,birdaves_biox_base_speed0p25,4,46,100,62.6452,62.6452
zf,Y433,birdaves_biox_base_speed0p5,3,42,1,85.5189,85.5189
zf,Y433,birdaves_biox_base_speed0p5,3,42,5,83.1997,83.1997
zf,Y433,birdaves_biox_base_speed0p5,3,42,10,79.101,79.101
zf,Y433,birdaves_biox_base_speed0p5,3,42,50,68.2347,68.2347
zf,Y433,birdaves_biox_base_speed0p5,3,42,100,60.8614,60.8614
zf,Y433,birdaves_biox_base_speed0p5,3,43,1,87.2529,87.2529
zf,Y433,birdaves_biox_base_speed0p5,3,43,5,84.8455,84.8455
zf,Y433,birdaves_biox_base_speed0p5,3,43,10,80.8881,80.8881
zf,Y433,birdaves_biox_base_speed0p5,3,43,50,69.6405,69.6405
zf,Y433,birdaves_biox_base_speed0p5,3,43,100,61.9453,61.9453
zf,Y433,birdaves_biox_base_speed0p5,3,44,1,84.9882,84.9882
zf,Y433,birdaves_biox_base_speed0p5,3,44,5,81.538,81.538
zf,Y433,birdaves_biox_base_speed0p5,3,44,10,77.6501,77.6501
zf,Y433,birdaves_biox_base_speed0p5,3,44,50,66.8496,66.8496
zf,Y433,birdaves_biox_base_speed0p5,3,44,100,59.6249,59.6249
zf,Y433,birdaves_biox_base_speed0p5,3,45,1,88.1459,88.1459
zf,Y433,birdaves_biox_base_speed0p5,3,45,5,86.0962,86.0962
zf,Y433,birdaves_biox_base_speed0p5,3,45,10,81.7426,81.7426
zf,Y433,birdaves_biox_base_speed0p5,3,45,50,69.7552,69.7552
zf,Y433,birdaves_biox_base_speed0p5,3,45,100,61.7571,61.7571
zf,Y433,birdaves_biox_base_speed0p5,3,46,1,86.6749,86.6749
zf,Y433,birdaves_biox_base_speed0p5,3,46,5,84.9361,84.9361
zf,Y433,birdaves_biox_base_speed0p5,3,46,10,80.9912,80.9912
zf,Y433,birdaves_biox_base_speed0p5,3,46,50,69.5103,69.5103
zf,Y433,birdaves_biox_base_speed0p5,3,46,100,61.4257,61.4257
zf,Y433,birdaves_biox_base_speed0p5,6,42,1,86.3244,86.3244
zf,Y433,birdaves_biox_base_speed0p5,6,42,5,83.8731,83.8731
zf,Y433,birdaves_biox_base_speed0p5,6,42,10,80.0996,80.0996
zf,Y433,birdaves_biox_base_speed0p5,6,42,50,68.7994,68.7994
zf,Y433,birdaves_biox_base_speed0p5,6,42,100,61.5598,61.5598
zf,Y433,birdaves_biox_base_speed0p5,6,43,1,87.3417,87.3417
zf,Y433,birdaves_biox_base_speed0p5,6,43,5,85.6534,85.6534
zf,Y433,birdaves_biox_base_speed0p5,6,43,10,81.7697,81.7697
zf,Y433,birdaves_biox_base_speed0p5,6,43,50,69.9881,69.9881
zf,Y433,birdaves_biox_base_speed0p5,6,43,100,62.6141,62.6141
zf,Y433,birdaves_biox_base_speed0p5,6,44,1,83.841,83.841
zf,Y433,birdaves_biox_base_speed0p5,6,44,5,82.1155,82.1155
zf,Y433,birdaves_biox_base_speed0p5,6,44,10,78.8741,78.8741
zf,Y433,birdaves_biox_base_speed0p5,6,44,50,67.6391,67.6391
zf,Y433,birdaves_biox_base_speed0p5,6,44,100,60.3878,60.3878
zf,Y433,birdaves_biox_base_speed0p5,6,45,1,88.8001,88.8001
zf,Y433,birdaves_biox_base_speed0p5,6,45,5,86.6654,86.6654
zf,Y433,birdaves_biox_base_speed0p5,6,45,10,82.4786,82.4786
zf,Y433,birdaves_biox_base_speed0p5,6,45,50,70.2851,70.2851
zf,Y433,birdaves_biox_base_speed0p5,6,45,100,62.4075,62.4075
zf,Y433,birdaves_biox_base_speed0p5,6,46,1,87.9194,87.9194
zf,Y433,birdaves_biox_base_speed0p5,6,46,5,85.7831,85.7831
zf,Y433,birdaves_biox_base_speed0p5,6,46,10,82.3908,82.3908
zf,Y433,birdaves_biox_base_speed0p5,6,46,50,70.2117,70.2117
zf,Y433,birdaves_biox_base_speed0p5,6,46,100,62.3402,62.3402
zf,Y433,hubert_base_ls960,0,42,1,79.7645,79.7645
zf,Y433,hubert_base_ls960,0,42,5,77.2486,77.2486
zf,Y433,hubert_base_ls960,0,42,10,74.9434,74.9434
zf,Y433,hubert_base_ls960,0,42,50,64.358,64.358
zf,Y433,hubert_base_ls960,0,42,100,56.0236,56.0236
zf,Y433,hubert_base_ls960,0,43,1,80.8129,80.8129
zf,Y433,hubert_base_ls960,0,43,5,79.2566,79.2566
zf,Y433,hubert_base_ls960,0,43,10,76.0031,76.0031
zf,Y433,hubert_base_ls960,0,43,50,64.7501,64.7501
zf,Y433,hubert_base_ls960,0,43,100,56.4209,56.4209
zf,Y433,hubert_base_ls960,0,44,1,79.9141,79.9141
zf,Y433,hubert_base_ls960,0,44,5,77.3223,77.3223
zf,Y433,hubert_base_ls960,0,44,10,73.1637,73.1637
zf,Y433,hubert_base_ls960,0,44,50,62.2985,62.2985
zf,Y433,hubert_base_ls960,0,44,100,54.3541,54.3541
zf,Y433,hubert_base_ls960,0,45,1,82.5944,82.5944
zf,Y433,hubert_base_ls960,0,45,5,80.4328,80.4328
zf,Y433,hubert_base_ls960,0,45,10,77.2188,77.2188
zf,Y433,hubert_base_ls960,0,45,50,64.5539,64.5539
zf,Y433,hubert_base_ls960,0,45,100,56.2362,56.2362
zf,Y433,hubert_base_ls960,0,46,1,80.8707,80.8707
zf,Y433,hubert_base_ls960,0,46,5,78.516,78.516
zf,Y433,hubert_base_ls960,0,46,10,75.6782,75.6782
zf,Y433,hubert_base_ls960,0,46,50,64.3202,64.3202
zf,Y433,hubert_base_ls960,0,46,100,56.109,56.109
zf,Y433,hubert_base_ls960,3,42,1,81.6369,81.6369
zf,Y433,hubert_base_ls960,3,42,5,76.8435,76.8435
zf,Y433,hubert_base_ls960,3,42,10,73.9275,73.9275
zf,Y433,hubert_base_ls960,3,42,50,64.2382,64.2382
zf,Y433,hubert_base_ls960,3,42,100,55.5466,55.5466
zf,Y433,hubert_base_ls960,3,43,1,80.8257,80.8257
zf,Y433,hubert_base_ls960,3,43,5,77.2587,77.2587
zf,Y433,hubert_base_ls960,3,43,10,74.7843,74.7843
zf,Y433,hubert_base_ls960,3,43,50,64.5048,64.5048
zf,Y433,hubert_base_ls960,3,43,100,56.0891,56.0891
zf,Y433,hubert_base_ls960,3,44,1,79.3248,79.3248
zf,Y433,hubert_base_ls960,3,44,5,75.5626,75.5626
zf,Y433,hubert_base_ls960,3,44,10,71.8419,71.8419
zf,Y433,hubert_base_ls960,3,44,50,61.6988,61.6988
zf,Y433,hubert_base_ls960,3,44,100,53.6859,53.6859
zf,Y433,hubert_base_ls960,3,45,1,82.0153,82.0153
zf,Y433,hubert_base_ls960,3,45,5,79.1318,79.1318
zf,Y433,hubert_base_ls960,3,45,10,75.7021,75.7021
zf,Y433,hubert_base_ls960,3,45,50,64.262,64.262
zf,Y433,hubert_base_ls960,3,45,100,55.7009,55.7009
zf,Y433,hubert_base_ls960,3,46,1,80.2066,80.2066
zf,Y433,hubert_base_ls960,3,46,5,78.5403,78.5403
zf,Y433,hubert_base_ls960,3,46,10,75.1824,75.1824
zf,Y433,hubert_base_ls960,3,46,50,64.3396,64.3396
zf,Y433,hubert_base_ls960,3,46,100,56.1336,56.1336
zf,Y433,xcl_base_500k_p32x1_c005,5,42,1,89.872,89.872
zf,Y433,xcl_base_500k_p32x1_c005,5,42,5,88.057,88.057
zf,Y433,xcl_base_500k_p32x1_c005,5,42,10,86.1228,86.1228
zf,Y433,xcl_base_500k_p32x1_c005,5,42,50,74.3222,74.3222
zf,Y433,xcl_base_500k_p32x1_c005,5,42,100,64.1479,64.1479
zf,Y433,xcl_base_500k_p32x1_c005,5,43,1,91.6005,91.6005
zf,Y433,xcl_base_500k_p32x1_c005,5,43,5,89.2443,89.2443
zf,Y433,xcl_base_500k_p32x1_c005,5,43,10,87.0364,87.0364
zf,Y433,xcl_base_500k_p32x1_c005,5,43,50,74.5733,74.5733
zf,Y433,xcl_base_500k_p32x1_c005,5,43,100,64.7375,64.7375
zf,Y433,xcl_base_500k_p32x1_c005,5,44,1,89.2592,89.2592
zf,Y433,xcl_base_500k_p32x1_c005,5,44,5,87.4348,87.4348
zf,Y433,xcl_base_500k_p32x1_c005,5,44,10,84.9498,84.9498
zf,Y433,xcl_base_500k_p32x1_c005,5,44,50,72.515,72.515
zf,Y433,xcl_base_500k_p32x1_c005,5,44,100,62.703,62.703
zf,Y433,xcl_base_500k_p32x1_c005,5,45,1,92.1272,92.1272
zf,Y433,xcl_base_500k_p32x1_c005,5,45,5,90.1844,90.1844
zf,Y433,xcl_base_500k_p32x1_c005,5,45,10,87.9868,87.9868
zf,Y433,xcl_base_500k_p32x1_c005,5,45,50,75.4469,75.4469
zf,Y433,xcl_base_500k_p32x1_c005,5,45,100,64.9358,64.9358
zf,Y433,xcl_base_500k_p32x1_c005,5,46,1,91.8096,91.8096
zf,Y433,xcl_base_500k_p32x1_c005,5,46,5,90.472,90.472
zf,Y433,xcl_base_500k_p32x1_c005,5,46,10,88.4164,88.4164
zf,Y433,xcl_base_500k_p32x1_c005,5,46,50,75.5334,75.5334
zf,Y433,xcl_base_500k_p32x1_c005,5,46,100,64.9258,64.9258
zf,Y433,xcl_base_500k_p32x4_c010,3,42,1,82.7296,82.7296
zf,Y433,xcl_base_500k_p32x4_c010,3,42,5,79.7048,79.7048
zf,Y433,xcl_base_500k_p32x4_c010,3,42,10,77.3764,77.3764
zf,Y433,xcl_base_500k_p32x4_c010,3,42,50,65.7771,65.7771
zf,Y433,xcl_base_500k_p32x4_c010,3,42,100,56.8768,56.8768
zf,Y433,xcl_base_500k_p32x4_c010,3,43,1,85.244,85.244
zf,Y433,xcl_base_500k_p32x4_c010,3,43,5,80.4755,80.4755
zf,Y433,xcl_base_500k_p32x4_c010,3,43,10,78.4495,78.4495
zf,Y433,xcl_base_500k_p32x4_c010,3,43,50,66.1249,66.1249
zf,Y433,xcl_base_500k_p32x4_c010,3,43,100,57.1205,57.1205
zf,Y433,xcl_base_500k_p32x4_c010,3,44,1,81.4507,81.4507
zf,Y433,xcl_base_500k_p32x4_c010,3,44,5,78.5333,78.5333
zf,Y433,xcl_base_500k_p32x4_c010,3,44,10,76.2235,76.2235
zf,Y433,xcl_base_500k_p32x4_c010,3,44,50,64.3679,64.3679
zf,Y433,xcl_base_500k_p32x4_c010,3,44,100,55.7682,55.7682
zf,Y433,xcl_base_500k_p32x4_c010,3,45,1,85.9158,85.9158
zf,Y433,xcl_base_500k_p32x4_c010,3,45,5,81.2185,81.2185
zf,Y433,xcl_base_500k_p32x4_c010,3,45,10,78.7401,78.7401
zf,Y433,xcl_base_500k_p32x4_c010,3,45,50,66.3321,66.3321
zf,Y433,xcl_base_500k_p32x4_c010,3,45,100,57.1,57.1
zf,Y433,xcl_base_500k_p32x4_c010,3,46,1,83.9433,83.9433
zf,Y433,xcl_base_500k_p32x4_c010,3,46,5,80.0936,80.0936
zf,Y433,xcl_base_500k_p32x4_c010,3,46,10,78.4222,78.4222
zf,Y433,xcl_base_500k_p32x4_c010,3,46,50,66.7868,66.7868
zf,Y433,xcl_base_500k_p32x4_c010,3,46,100,57.7596,57.7596
zf,Y433,xcl_base_500k_p32x4_c010,4,42,1,82.4303,82.4303
zf,Y433,xcl_base_500k_p32x4_c010,4,42,5,79.2537,79.2537
zf,Y433,xcl_base_500k_p32x4_c010,4,42,10,77.2221,77.2221
zf,Y433,xcl_base_500k_p32x4_c010,4,42,50,65.5486,65.5486
zf,Y433,xcl_base_500k_p32x4_c010,4,42,100,56.6388,56.6388
zf,Y433,xcl_base_500k_p32x4_c010,4,43,1,85.7713,85.7713
zf,Y433,xcl_base_500k_p32x4_c010,4,43,5,80.2493,80.2493
zf,Y433,xcl_base_500k_p32x4_c010,4,43,10,78.1833,78.1833
zf,Y433,xcl_base_500k_p32x4_c010,4,43,50,65.8476,65.8476
zf,Y433,xcl_base_500k_p32x4_c010,4,43,100,56.9635,56.9635
zf,Y433,xcl_base_500k_p32x4_c010,4,44,1,81.9099,81.9099
zf,Y433,xcl_base_500k_p32x4_c010,4,44,5,78.2357,78.2357
zf,Y433,xcl_base_500k_p32x4_c010,4,44,10,75.7489,75.7489
zf,Y433,xcl_base_500k_p32x4_c010,4,44,50,64.0412,64.0412
zf,Y433,xcl_base_500k_p32x4_c010,4,44,100,55.4903,55.4903
zf,Y433,xcl_base_500k_p32x4_c010,4,45,1,85.6947,85.6947
zf,Y433,xcl_base_500k_p32x4_c010,4,45,5,81.2201,81.2201
zf,Y433,xcl_base_500k_p32x4_c010,4,45,10,78.363,78.363
zf,Y433,xcl_base_500k_p32x4_c010,4,45,50,65.9929,65.9929
zf,Y433,xcl_base_500k_p32x4_c010,4,45,100,56.7931,56.7931
zf,Y433,xcl_base_500k_p32x4_c010,4,46,1,83.6627,83.6627
zf,Y433,xcl_base_500k_p32x4_c010,4,46,5,79.9553,79.9553
zf,Y433,xcl_base_500k_p32x4_c010,4,46,10,77.9671,77.9671
zf,Y433,xcl_base_500k_p32x4_c010,4,46,50,66.5226,66.5226
zf,Y433,xcl_base_500k_p32x4_c010,4,46,100,57.5411,57.5411
zf,Y433,xcl_large_500k_p32x1_c005,11,42,1,90.5416,90.5416
zf,Y433,xcl_large_500k_p32x1_c005,11,42,5,88.7079,88.7079
zf,Y433,xcl_large_500k_p32x1_c005,11,42,10,87.2407,87.2407
zf,Y433,xcl_large_500k_p32x1_c005,11,42,50,75.1493,75.1493
zf,Y433,xcl_large_500k_p32x1_c005,11,42,100,65.7422,65.7422
zf,Y433,xcl_large_500k_p32x1_c005,11,43,1,91.7837,91.7837
zf,Y433,xcl_large_500k_p32x1_c005,11,43,5,89.7978,89.7978
zf,Y433,xcl_large_500k_p32x1_c005,11,43,10,88.0278,88.0278
zf,Y433,xcl_large_500k_p32x1_c005,11,43,50,75.5051,75.5051
zf,Y433,xcl_large_500k_p32x1_c005,11,43,100,66.2468,66.2468
zf,Y433,xcl_large_500k_p32x1_c005,11,44,1,90.7933,90.7933
zf,Y433,xcl_large_500k_p32x1_c005,11,44,5,88.0013,88.0013
zf,Y433,xcl_large_500k_p32x1_c005,11,44,10,85.798,85.798
zf,Y433,xcl_large_500k_p32x1_c005,11,44,50,73.5462,73.5462
zf,Y433,xcl_large_500k_p32x1_c005,11,44,100,64.1971,64.1971
zf,Y433,xcl_large_500k_p32x1_c005,11,45,1,92.516,92.516
zf,Y433,xcl_large_500k_p32x1_c005,11,45,5,90.4599,90.4599
zf,Y433,xcl_large_500k_p32x1_c005,11,45,10,89.0261,89.0261
zf,Y433,xcl_large_500k_p32x1_c005,11,45,50,76.2256,76.2256
zf,Y433,xcl_large_500k_p32x1_c005,11,45,100,66.3765,66.3765
zf,Y433,xcl_large_500k_p32x1_c005,11,46,1,91.8744,91.8744
zf,Y433,xcl_large_500k_p32x1_c005,11,46,5,90.8207,90.8207
zf,Y433,xcl_large_500k_p32x1_c005,11,46,10,89.1855,89.1855
zf,Y433,xcl_large_500k_p32x1_c005,11,46,50,76.3117,76.3117
zf,Y433,xcl_large_500k_p32x1_c005,11,46,100,66.191,66.191
zf,Y433,xcl_large_500k_p32x4_c0025,9,42,1,83.1071,83.1071
zf,Y433,xcl_large_500k_p32x4_c0025,9,42,5,79.6723,79.6723
zf,Y433,xcl_large_500k_p32x4_c0025,9,42,10,77.5296,77.5296
zf,Y433,xcl_large_500k_p32x4_c0025,9,42,50,66.469,66.469
zf,Y433,xcl_large_500k_p32x4_c0025,9,42,100,57.6521,57.6521
zf,Y433,xcl_large_500k_p32x4_c0025,9,43,1,85.852,85.852
zf,Y433,xcl_large_500k_p32x4_c0025,9,43,5,81.0925,81.0925
zf,Y433,xcl_large_500k_p32x4_c0025,9,43,10,78.7041,78.7041
zf,Y433,xcl_large_500k_p32x4_c0025,9,43,50,67.0142,67.0142
zf,Y433,xcl_large_500k_p32x4_c0025,9,43,100,58.0039,58.0039
zf,Y433,xcl_large_500k_p32x4_c0025,9,44,1,82.2628,82.2628
zf,Y433,xcl_large_500k_p32x4_c0025,9,44,5,79.265,79.265
zf,Y433,xcl_large_500k_p32x4_c0025,9,44,10,76.4892,76.4892
zf,Y433,xcl_large_500k_p32x4_c0025,9,44,50,64.911,64.911
zf,Y433,xcl_large_500k_p32x4_c0025,9,44,100,56.4808,56.4808
zf,Y433,xcl_large_500k_p32x4_c0025,9,45,1,85.0825,85.0825
zf,Y433,xcl_large_500k_p32x4_c0025,9,45,5,81.5034,81.5034
zf,Y433,xcl_large_500k_p32x4_c0025,9,45,10,78.6897,78.6897
zf,Y433,xcl_large_500k_p32x4_c0025,9,45,50,67.0832,67.0832
zf,Y433,xcl_large_500k_p32x4_c0025,9,45,100,57.8813,57.8813
zf,Y433,xcl_large_500k_p32x4_c0025,9,46,1,82.0402,82.0402
zf,Y433,xcl_large_500k_p32x4_c0025,9,46,5,80.385,80.385
zf,Y433,xcl_large_500k_p32x4_c0025,9,46,10,78.8485,78.8485
zf,Y433,xcl_large_500k_p32x4_c0025,9,46,50,67.5434,67.5434
zf,Y433,xcl_large_500k_p32x4_c0025,9,46,100,58.6073,58.6073
zf,Y433,xcl_large_500k_p32x4_c010,10,42,1,85.1539,85.1539
zf,Y433,xcl_large_500k_p32x4_c010,10,42,5,80.325,80.325
zf,Y433,xcl_large_500k_p32x4_c010,10,42,10,77.8259,77.8259
zf,Y433,xcl_large_500k_p32x4_c010,10,42,50,66.7571,66.7571
zf,Y433,xcl_large_500k_p32x4_c010,10,42,100,58.4343,58.4343
zf,Y433,xcl_large_500k_p32x4_c010,10,43,1,87.1828,87.1828
zf,Y433,xcl_large_500k_p32x4_c010,10,43,5,81.2264,81.2264
zf,Y433,xcl_large_500k_p32x4_c010,10,43,10,78.8515,78.8515
zf,Y433,xcl_large_500k_p32x4_c010,10,43,50,67.2751,67.2751
zf,Y433,xcl_large_500k_p32x4_c010,10,43,100,58.7957,58.7957
zf,Y433,xcl_large_500k_p32x4_c010,10,44,1,81.9932,81.9932
zf,Y433,xcl_large_500k_p32x4_c010,10,44,5,78.5981,78.5981
zf,Y433,xcl_large_500k_p32x4_c010,10,44,10,75.9863,75.9863
zf,Y433,xcl_large_500k_p32x4_c010,10,44,50,65.1204,65.1204
zf,Y433,xcl_large_500k_p32x4_c010,10,44,100,57.0825,57.0825
zf,Y433,xcl_large_500k_p32x4_c010,10,45,1,85.7976,85.7976
zf,Y433,xcl_large_500k_p32x4_c010,10,45,5,81.685,81.685
zf,Y433,xcl_large_500k_p32x4_c010,10,45,10,79.2083,79.2083
zf,Y433,xcl_large_500k_p32x4_c010,10,45,50,67.3477,67.3477
zf,Y433,xcl_large_500k_p32x4_c010,10,45,100,58.587,58.587
zf,Y433,xcl_large_500k_p32x4_c010,10,46,1,83.8285,83.8285
zf,Y433,xcl_large_500k_p32x4_c010,10,46,5,80.5403,80.5403
zf,Y433,xcl_large_500k_p32x4_c010,10,46,10,78.9529,78.9529
zf,Y433,xcl_large_500k_p32x4_c010,10,46,50,67.4003,67.4003
zf,Y433,xcl_large_500k_p32x4_c010,10,46,100,59.0526,59.0526
zf,Y433,xcl_micro_500k_p32x1_c005,4,42,1,88.4014,88.4014
zf,Y433,xcl_micro_500k_p32x1_c005,4,42,5,86.2377,86.2377
zf,Y433,xcl_micro_500k_p32x1_c005,4,42,10,84.6705,84.6705
zf,Y433,xcl_micro_500k_p32x1_c005,4,42,50,71.1259,71.1259
zf,Y433,xcl_micro_500k_p32x1_c005,4,42,100,58.914,58.914
zf,Y433,xcl_micro_500k_p32x1_c005,4,43,1,89.8217,89.8217
zf,Y433,xcl_micro_500k_p32x1_c005,4,43,5,87.229,87.229
zf,Y433,xcl_micro_500k_p32x1_c005,4,43,10,85.1534,85.1534
zf,Y433,xcl_micro_500k_p32x1_c005,4,43,50,71.3395,71.3395
zf,Y433,xcl_micro_500k_p32x1_c005,4,43,100,59.6891,59.6891
zf,Y433,xcl_micro_500k_p32x1_c005,4,44,1,88.4226,88.4226
zf,Y433,xcl_micro_500k_p32x1_c005,4,44,5,86.3048,86.3048
zf,Y433,xcl_micro_500k_p32x1_c005,4,44,10,84.497,84.497
zf,Y433,xcl_micro_500k_p32x1_c005,4,44,50,69.9205,69.9205
zf,Y433,xcl_micro_500k_p32x1_c005,4,44,100,58.4779,58.4779
zf,Y433,xcl_micro_500k_p32x1_c005,4,45,1,90.7894,90.7894
zf,Y433,xcl_micro_500k_p32x1_c005,4,45,5,89.1719,89.1719
zf,Y433,xcl_micro_500k_p32x1_c005,4,45,10,87.1129,87.1129
zf,Y433,xcl_micro_500k_p32x1_c005,4,45,50,72.4791,72.4791
zf,Y433,xcl_micro_500k_p32x1_c005,4,45,100,59.6061,59.6061
zf,Y433,xcl_micro_500k_p32x1_c005,4,46,1,91.2247,91.2247
zf,Y433,xcl_micro_500k_p32x1_c005,4,46,5,89.5253,89.5253
zf,Y433,xcl_micro_500k_p32x1_c005,4,46,10,87.6111,87.6111
zf,Y433,xcl_micro_500k_p32x1_c005,4,46,50,72.5256,72.5256
zf,Y433,xcl_micro_500k_p32x1_c005,4,46,100,59.6812,59.6812
zf,Y433,xcl_micro_500k_p32x1_c005,5,42,1,88.6528,88.6528
zf,Y433,xcl_micro_500k_p32x1_c005,5,42,5,86.4276,86.4276
zf,Y433,xcl_micro_500k_p32x1_c005,5,42,10,84.8451,84.8451
zf,Y433,xcl_micro_500k_p32x1_c005,5,42,50,71.4681,71.4681
zf,Y433,xcl_micro_500k_p32x1_c005,5,42,100,59.4122,59.4122
zf,Y433,xcl_micro_500k_p32x1_c005,5,43,1,90.5875,90.5875
zf,Y433,xcl_micro_500k_p32x1_c005,5,43,5,87.3339,87.3339
zf,Y433,xcl_micro_500k_p32x1_c005,5,43,10,85.1256,85.1256
zf,Y433,xcl_micro_500k_p32x1_c005,5,43,50,71.7089,71.7089
zf,Y433,xcl_micro_500k_p32x1_c005,5,43,100,60.0569,60.0569
zf,Y433,xcl_micro_500k_p32x1_c005,5,44,1,88.0089,88.0089
zf,Y433,xcl_micro_500k_p32x1_c005,5,44,5,86.4176,86.4176
zf,Y433,xcl_micro_500k_p32x1_c005,5,44,10,84.6211,84.6211
zf,Y433,xcl_micro_500k_p32x1_c005,5,44,50,70.3043,70.3043
zf,Y433,xcl_micro_500k_p32x1_c005,5,44,100,59.0254,59.0254
zf,Y433,xcl_micro_500k_p32x1_c005,5,45,1,90.9247,90.9247
zf,Y433,xcl_micro_500k_p32x1_c005,5,45,5,89.104,89.104
zf,Y433,xcl_micro_500k_p32x1_c005,5,45,10,87.1772,87.1772
zf,Y433,xcl_micro_500k_p32x1_c005,5,45,50,72.7518,72.7518
zf,Y433,xcl_micro_500k_p32x1_c005,5,45,100,59.9976,59.9976
zf,Y433,xcl_micro_500k_p32x1_c005,5,46,1,90.7896,90.7896
zf,Y433,xcl_micro_500k_p32x1_c005,5,46,5,89.4667,89.4667
zf,Y433,xcl_micro_500k_p32x1_c005,5,46,10,87.6063,87.6063
zf,Y433,xcl_micro_500k_p32x1_c005,5,46,50,72.9159,72.9159
zf,Y433,xcl_micro_500k_p32x1_c005,5,46,100,60.1671,60.1671
zf,Y433,xcl_micro_500k_p32x4_c010,3,42,1,80.2024,80.2024
zf,Y433,xcl_micro_500k_p32x4_c010,3,42,5,77.4378,77.4378
zf,Y433,xcl_micro_500k_p32x4_c010,3,42,10,74.9967,74.9967
zf,Y433,xcl_micro_500k_p32x4_c010,3,42,50,64.3201,64.3201
zf,Y433,xcl_micro_500k_p32x4_c010,3,42,100,54.9085,54.9085
zf,Y433,xcl_micro_500k_p32x4_c010,3,43,1,83.3801,83.3801
zf,Y433,xcl_micro_500k_p32x4_c010,3,43,5,78.493,78.493
zf,Y433,xcl_micro_500k_p32x4_c010,3,43,10,75.515,75.515
zf,Y433,xcl_micro_500k_p32x4_c010,3,43,50,64.579,64.579
zf,Y433,xcl_micro_500k_p32x4_c010,3,43,100,54.9509,54.9509
zf,Y433,xcl_micro_500k_p32x4_c010,3,44,1,80.324,80.324
zf,Y433,xcl_micro_500k_p32x4_c010,3,44,5,77.2082,77.2082
zf,Y433,xcl_micro_500k_p32x4_c010,3,44,10,74.4126,74.4126
zf,Y433,xcl_micro_500k_p32x4_c010,3,44,50,63.0051,63.0051
zf,Y433,xcl_micro_500k_p32x4_c010,3,44,100,53.7671,53.7671
zf,Y433,xcl_micro_500k_p32x4_c010,3,45,1,84.0034,84.0034
zf,Y433,xcl_micro_500k_p32x4_c010,3,45,5,80.2214,80.2214
zf,Y433,xcl_micro_500k_p32x4_c010,3,45,10,77.3117,77.3117
zf,Y433,xcl_micro_500k_p32x4_c010,3,45,50,64.7884,64.7884
zf,Y433,xcl_micro_500k_p32x4_c010,3,45,100,54.9729,54.9729
zf,Y433,xcl_micro_500k_p32x4_c010,3,46,1,81.951,81.951
zf,Y433,xcl_micro_500k_p32x4_c010,3,46,5,78.131,78.131
zf,Y433,xcl_micro_500k_p32x4_c010,3,46,10,75.8963,75.8963
zf,Y433,xcl_micro_500k_p32x4_c010,3,46,50,64.8741,64.8741
zf,Y433,xcl_micro_500k_p32x4_c010,3,46,100,55.4525,55.4525
zf,Y453,birdaves_biox_base,3,42,1,68.0085,68.0085
zf,Y453,birdaves_biox_base,3,42,5,62.9578,62.9578
zf,Y453,birdaves_biox_base,3,42,10,59.9362,59.9362
zf,Y453,birdaves_biox_base,3,42,50,50.2307,50.2307
zf,Y453,birdaves_biox_base,3,42,100,41.6119,41.6119
zf,Y453,birdaves_biox_base,3,43,1,69.9229,69.9229
zf,Y453,birdaves_biox_base,3,43,5,63.7141,63.7141
zf,Y453,birdaves_biox_base,3,43,10,60.5488,60.5488
zf,Y453,birdaves_biox_base,3,43,50,51.0962,51.0962
zf,Y453,birdaves_biox_base,3,43,100,42.5517,42.5517
zf,Y453,birdaves_biox_base,3,44,1,66.7139,66.7139
zf,Y453,birdaves_biox_base,3,44,5,62.5868,62.5868
zf,Y453,birdaves_biox_base,3,44,10,59.9288,59.9288
zf,Y453,birdaves_biox_base,3,44,50,50.0497,50.0497
zf,Y453,birdaves_biox_base,3,44,100,41.5322,41.5322
zf,Y453,birdaves_biox_base,3,45,1,69.2077,69.2077
zf,Y453,birdaves_biox_base,3,45,5,63.2925,63.2925
zf,Y453,birdaves_biox_base,3,45,10,60.0064,60.0064
zf,Y453,birdaves_biox_base,3,45,50,49.6764,49.6764
zf,Y453,birdaves_biox_base,3,45,100,41.6208,41.6208
zf,Y453,birdaves_biox_base,3,46,1,66.7104,66.7104
zf,Y453,birdaves_biox_base,3,46,5,62.9349,62.9349
zf,Y453,birdaves_biox_base,3,46,10,59.901,59.901
zf,Y453,birdaves_biox_base,3,46,50,50.4743,50.4743
zf,Y453,birdaves_biox_base,3,46,100,42.1656,42.1656
zf,Y453,birdaves_biox_base,7,42,1,63.9156,63.9156
zf,Y453,birdaves_biox_base,7,42,5,60.4126,60.4126
zf,Y453,birdaves_biox_base,7,42,10,58.1238,58.1238
zf,Y453,birdaves_biox_base,7,42,50,49.1417,49.1417
zf,Y453,birdaves_biox_base,7,42,100,41.2571,41.2571
zf,Y453,birdaves_biox_base,7,43,1,66.2024,66.2024
zf,Y453,birdaves_biox_base,7,43,5,61.9408,61.9408
zf,Y453,birdaves_biox_base,7,43,10,59.3814,59.3814
zf,Y453,birdaves_biox_base,7,43,50,50.6462,50.6462
zf,Y453,birdaves_biox_base,7,43,100,42.4938,42.4938
zf,Y453,birdaves_biox_base,7,44,1,63.5561,63.5561
zf,Y453,birdaves_biox_base,7,44,5,60.795,60.795
zf,Y453,birdaves_biox_base,7,44,10,58.9543,58.9543
zf,Y453,birdaves_biox_base,7,44,50,49.3389,49.3389
zf,Y453,birdaves_biox_base,7,44,100,41.3926,41.3926
zf,Y453,birdaves_biox_base,7,45,1,64.4017,64.4017
zf,Y453,birdaves_biox_base,7,45,5,61.1901,61.1901
zf,Y453,birdaves_biox_base,7,45,10,58.4636,58.4636
zf,Y453,birdaves_biox_base,7,45,50,49.8551,49.8551
zf,Y453,birdaves_biox_base,7,45,100,41.9014,41.9014
zf,Y453,birdaves_biox_base,7,46,1,64.4331,64.4331
zf,Y453,birdaves_biox_base,7,46,5,60.7941,60.7941
zf,Y453,birdaves_biox_base,7,46,10,58.2704,58.2704
zf,Y453,birdaves_biox_base,7,46,50,49.48,49.48
zf,Y453,birdaves_biox_base,7,46,100,41.6656,41.6656
zf,Y453,birdaves_biox_base_speed0p25,3,42,1,66.0859,66.0859
zf,Y453,birdaves_biox_base_speed0p25,3,42,5,62.2123,62.2123
zf,Y453,birdaves_biox_base_speed0p25,3,42,10,59.2258,59.2258
zf,Y453,birdaves_biox_base_speed0p25,3,42,50,49.6179,49.6179
zf,Y453,birdaves_biox_base_speed0p25,3,42,100,40.8661,40.8661
zf,Y453,birdaves_biox_base_speed0p25,3,43,1,65.9697,65.9697
zf,Y453,birdaves_biox_base_speed0p25,3,43,5,60.8971,60.8971
zf,Y453,birdaves_biox_base_speed0p25,3,43,10,57.9621,57.9621
zf,Y453,birdaves_biox_base_speed0p25,3,43,50,48.3385,48.3385
zf,Y453,birdaves_biox_base_speed0p25,3,43,100,39.9458,39.9458
zf,Y453,birdaves_biox_base_speed0p25,3,44,1,64.8105,64.8105
zf,Y453,birdaves_biox_base_speed0p25,3,44,5,60.5418,60.5418
zf,Y453,birdaves_biox_base_speed0p25,3,44,10,57.9302,57.9302
zf,Y453,birdaves_biox_base_speed0p25,3,44,50,48.7428,48.7428
zf,Y453,birdaves_biox_base_speed0p25,3,44,100,39.9623,39.9623
zf,Y453,birdaves_biox_base_speed0p25,3,45,1,65.4947,65.4947
zf,Y453,birdaves_biox_base_speed0p25,3,45,5,60.6513,60.6513
zf,Y453,birdaves_biox_base_speed0p25,3,45,10,58.0049,58.0049
zf,Y453,birdaves_biox_base_speed0p25,3,45,50,48.5308,48.5308
zf,Y453,birdaves_biox_base_speed0p25,3,45,100,40.3406,40.3406
zf,Y453,birdaves_biox_base_speed0p25,3,46,1,63.9647,63.9647
zf,Y453,birdaves_biox_base_speed0p25,3,46,5,60.5289,60.5289
zf,Y453,birdaves_biox_base_speed0p25,3,46,10,57.8418,57.8418
zf,Y453,birdaves_biox_base_speed0p25,3,46,50,48.5608,48.5608
zf,Y453,birdaves_biox_base_speed0p25,3,46,100,39.888,39.888
zf,Y453,birdaves_biox_base_speed0p25,4,42,1,66.853,66.853
zf,Y453,birdaves_biox_base_speed0p25,4,42,5,63.2155,63.2155
zf,Y453,birdaves_biox_base_speed0p25,4,42,10,60.3521,60.3521
zf,Y453,birdaves_biox_base_speed0p25,4,42,50,50.8518,50.8518
zf,Y453,birdaves_biox_base_speed0p25,4,42,100,41.7466,41.7466
zf,Y453,birdaves_biox_base_speed0p25,4,43,1,65.8444,65.8444
zf,Y453,birdaves_biox_base_speed0p25,4,43,5,62.1134,62.1134
zf,Y453,birdaves_biox_base_speed0p25,4,43,10,59.2776,59.2776
zf,Y453,birdaves_biox_base_speed0p25,4,43,50,49.9945,49.9945
zf,Y453,birdaves_biox_base_speed0p25,4,43,100,41.0184,41.0184
zf,Y453,birdaves_biox_base_speed0p25,4,44,1,65.5456,65.5456
zf,Y453,birdaves_biox_base_speed0p25,4,44,5,61.8757,61.8757
zf,Y453,birdaves_biox_base_speed0p25,4,44,10,59.1459,59.1459
zf,Y453,birdaves_biox_base_speed0p25,4,44,50,50.2211,50.2211
zf,Y453,birdaves_biox_base_speed0p25,4,44,100,41.202,41.202
zf,Y453,birdaves_biox_base_speed0p25,4,45,1,66.061,66.061
zf,Y453,birdaves_biox_base_speed0p25,4,45,5,61.6285,61.6285
zf,Y453,birdaves_biox_base_speed0p25,4,45,10,59.0978,59.0978
zf,Y453,birdaves_biox_base_speed0p25,4,45,50,49.8958,49.8958
zf,Y453,birdaves_biox_base_speed0p25,4,45,100,41.1967,41.1967
zf,Y453,birdaves_biox_base_speed0p25,4,46,1,63.453,63.453
zf,Y453,birdaves_biox_base_speed0p25,4,46,5,60.8768,60.8768
zf,Y453,birdaves_biox_base_speed0p25,4,46,10,58.4814,58.4814
zf,Y453,birdaves_biox_base_speed0p25,4,46,50,49.7175,49.7175
zf,Y453,birdaves_biox_base_speed0p25,4,46,100,40.7466,40.7466
zf,Y453,birdaves_biox_base_speed0p5,3,42,1,69.808,69.808
zf,Y453,birdaves_biox_base_speed0p5,3,42,5,64.7036,64.7036
zf,Y453,birdaves_biox_base_speed0p5,3,42,10,61.3623,61.3623
zf,Y453,birdaves_biox_base_speed0p5,3,42,50,51.7284,51.7284
zf,Y453,birdaves_biox_base_speed0p5,3,42,100,42.534,42.534
zf,Y453,birdaves_biox_base_speed0p5,3,43,1,69.6032,69.6032
zf,Y453,birdaves_biox_base_speed0p5,3,43,5,64.5211,64.5211
zf,Y453,birdaves_biox_base_speed0p5,3,43,10,61.4176,61.4176
zf,Y453,birdaves_biox_base_speed0p5,3,43,50,51.3326,51.3326
zf,Y453,birdaves_biox_base_speed0p5,3,43,100,42.5434,42.5434
zf,Y453,birdaves_biox_base_speed0p5,3,44,1,67.5558,67.5558
zf,Y453,birdaves_biox_base_speed0p5,3,44,5,63.6984,63.6984
zf,Y453,birdaves_biox_base_speed0p5,3,44,10,60.7917,60.7917
zf,Y453,birdaves_biox_base_speed0p5,3,44,50,50.973,50.973
zf,Y453,birdaves_biox_base_speed0p5,3,44,100,41.8678,41.8678
zf,Y453,birdaves_biox_base_speed0p5,3,45,1,70.0277,70.0277
zf,Y453,birdaves_biox_base_speed0p5,3,45,5,63.8177,63.8177
zf,Y453,birdaves_biox_base_speed0p5,3,45,10,60.9335,60.9335
zf,Y453,birdaves_biox_base_speed0p5,3,45,50,50.6814,50.6814
zf,Y453,birdaves_biox_base_speed0p5,3,45,100,42.2488,42.2488
zf,Y453,birdaves_biox_base_speed0p5,3,46,1,66.9097,66.9097
zf,Y453,birdaves_biox_base_speed0p5,3,46,5,63.9468,63.9468
zf,Y453,birdaves_biox_base_speed0p5,3,46,10,61.0944,61.0944
zf,Y453,birdaves_biox_base_speed0p5,3,46,50,51.4569,51.4569
zf,Y453,birdaves_biox_base_speed0p5,3,46,100,42.2114,42.2114
zf,Y453,birdaves_biox_base_speed0p5,6,42,1,69.8237,69.8237
zf,Y453,birdaves_biox_base_speed0p5,6,42,5,64.8944,64.8944
zf,Y453,birdaves_biox_base_speed0p5,6,42,10,62.2011,62.2011
zf,Y453,birdaves_biox_base_speed0p5,6,42,50,52.5117,52.5117
zf,Y453,birdaves_biox_base_speed0p5,6,42,100,43.5292,43.5292
zf,Y453,birdaves_biox_base_speed0p5,6,43,1,70.3186,70.3186
zf,Y453,birdaves_biox_base_speed0p5,6,43,5,65.7102,65.7102
zf,Y453,birdaves_biox_base_speed0p5,6,43,10,62.0334,62.0334
zf,Y453,birdaves_biox_base_speed0p5,6,43,50,52.6379,52.6379
zf,Y453,birdaves_biox_base_speed0p5,6,43,100,43.6016,43.6016
zf,Y453,birdaves_biox_base_speed0p5,6,44,1,67.6188,67.6188
zf,Y453,birdaves_biox_base_speed0p5,6,44,5,63.9233,63.9233
zf,Y453,birdaves_biox_base_speed0p5,6,44,10,61.5701,61.5701
zf,Y453,birdaves_biox_base_speed0p5,6,44,50,52.1377,52.1377
zf,Y453,birdaves_biox_base_speed0p5,6,44,100,43.0767,43.0767
zf,Y453,birdaves_biox_base_speed0p5,6,45,1,69.9786,69.9786
zf,Y453,birdaves_biox_base_speed0p5,6,45,5,64.6041,64.6041
zf,Y453,birdaves_biox_base_speed0p5,6,45,10,61.843,61.843
zf,Y453,birdaves_biox_base_speed0p5,6,45,50,52.1734,52.1734
zf,Y453,birdaves_biox_base_speed0p5,6,45,100,43.4144,43.4144
zf,Y453,birdaves_biox_base_speed0p5,6,46,1,68.7425,68.7425
zf,Y453,birdaves_biox_base_speed0p5,6,46,5,64.3534,64.3534
zf,Y453,birdaves_biox_base_speed0p5,6,46,10,61.8888,61.8888
zf,Y453,birdaves_biox_base_speed0p5,6,46,50,52.5749,52.5749
zf,Y453,birdaves_biox_base_speed0p5,6,46,100,43.5477,43.5477
zf,Y453,hubert_base_ls960,0,42,1,58.5453,58.5453
zf,Y453,hubert_base_ls960,0,42,5,53.8508,53.8508
zf,Y453,hubert_base_ls960,0,42,10,50.5047,50.5047
zf,Y453,hubert_base_ls960,0,42,50,39.9203,39.9203
zf,Y453,hubert_base_ls960,0,42,100,32.5121,32.5121
zf,Y453,hubert_base_ls960,0,43,1,60.4591,60.4591
zf,Y453,hubert_base_ls960,0,43,5,56.2164,56.2164
zf,Y453,hubert_base_ls960,0,43,10,52.3082,52.3082
zf,Y453,hubert_base_ls960,0,43,50,40.4737,40.4737
zf,Y453,hubert_base_ls960,0,43,100,33.1317,33.1317
zf,Y453,hubert_base_ls960,0,44,1,57.9861,57.9861
zf,Y453,hubert_base_ls960,0,44,5,53.3786,53.3786
zf,Y453,hubert_base_ls960,0,44,10,51.1733,51.1733
zf,Y453,hubert_base_ls960,0,44,50,40.343,40.343
zf,Y453,hubert_base_ls960,0,44,100,32.7392,32.7392
zf,Y453,hubert_base_ls960,0,45,1,61.0517,61.0517
zf,Y453,hubert_base_ls960,0,45,5,55.2134,55.2134
zf,Y453,hubert_base_ls960,0,45,10,51.4464,51.4464
zf,Y453,hubert_base_ls960,0,45,50,40.4359,40.4359
zf,Y453,hubert_base_ls960,0,45,100,32.9609,32.9609
zf,Y453,hubert_base_ls960,0,46,1,59.2245,59.2245
zf,Y453,hubert_base_ls960,0,46,5,55.6011,55.6011
zf,Y453,hubert_base_ls960,0,46,10,52.4196,52.4196
zf,Y453,hubert_base_ls960,0,46,50,41.4189,41.4189
zf,Y453,hubert_base_ls960,0,46,100,33.6874,33.6874
zf,Y453,hubert_base_ls960,3,42,1,57.9728,57.9728
zf,Y453,hubert_base_ls960,3,42,5,53.1333,53.1333
zf,Y453,hubert_base_ls960,3,42,10,49.2164,49.2164
zf,Y453,hubert_base_ls960,3,42,50,37.9899,37.9899
zf,Y453,hubert_base_ls960,3,42,100,30.9614,30.9614
zf,Y453,hubert_base_ls960,3,43,1,60.0825,60.0825
zf,Y453,hubert_base_ls960,3,43,5,54.8683,54.8683
zf,Y453,hubert_base_ls960,3,43,10,50.2902,50.2902
zf,Y453,hubert_base_ls960,3,43,50,38.872,38.872
zf,Y453,hubert_base_ls960,3,43,100,31.9195,31.9195
zf,Y453,hubert_base_ls960,3,44,1,58.3591,58.3591
zf,Y453,hubert_base_ls960,3,44,5,53.7182,53.7182
zf,Y453,hubert_base_ls960,3,44,10,50.3319,50.3319
zf,Y453,hubert_base_ls960,3,44,50,39.0577,39.0577
zf,Y453,hubert_base_ls960,3,44,100,31.6524,31.6524
zf,Y453,hubert_base_ls960,3,45,1,60.1544,60.1544
zf,Y453,hubert_base_ls960,3,45,5,53.0386,53.0386
zf,Y453,hubert_base_ls960,3,45,10,48.9297,48.9297
zf,Y453,hubert_base_ls960,3,45,50,38.19,38.19
zf,Y453,hubert_base_ls960,3,45,100,31.3172,31.3172
zf,Y453,hubert_base_ls960,3,46,1,58.259,58.259
zf,Y453,hubert_base_ls960,3,46,5,53.9956,53.9956
zf,Y453,hubert_base_ls960,3,46,10,50.7174,50.7174
zf,Y453,hubert_base_ls960,3,46,50,40.1049,40.1049
zf,Y453,hubert_base_ls960,3,46,100,32.4461,32.4461
zf,Y453,xcl_base_500k_p32x1_c005,5,42,1,65.2939,65.2939
zf,Y453,xcl_base_500k_p32x1_c005,5,42,5,61.3899,61.3899
zf,Y453,xcl_base_500k_p32x1_c005,5,42,10,58.9206,58.9206
zf,Y453,xcl_base_500k_p32x1_c005,5,42,50,51.3393,51.3393
zf,Y453,xcl_base_500k_p32x1_c005,5,42,100,43.2556,43.2556
zf,Y453,xcl_base_500k_p32x1_c005,5,43,1,66.6721,66.6721
zf,Y453,xcl_base_500k_p32x1_c005,5,43,5,62.6062,62.6062
zf,Y453,xcl_base_500k_p32x1_c005,5,43,10,59.984,59.984
zf,Y453,xcl_base_500k_p32x1_c005,5,43,50,51.7571,51.7571
zf,Y453,xcl_base_500k_p32x1_c005,5,43,100,44.0498,44.0498
zf,Y453,xcl_base_500k_p32x1_c005,5,44,1,64.4579,64.4579
zf,Y453,xcl_base_500k_p32x1_c005,5,44,5,61.859,61.859
zf,Y453,xcl_base_500k_p32x1_c005,5,44,10,59.2186,59.2186
zf,Y453,xcl_base_500k_p32x1_c005,5,44,50,51.7706,51.7706
zf,Y453,xcl_base_500k_p32x1_c005,5,44,100,43.43,43.43
zf,Y453,xcl_base_500k_p32x1_c005,5,45,1,66.6599,66.6599
zf,Y453,xcl_base_500k_p32x1_c005,5,45,5,63.0929,63.0929
zf,Y453,xcl_base_500k_p32x1_c005,5,45,10,60.4586,60.4586
zf,Y453,xcl_base_500k_p32x1_c005,5,45,50,52.0558,52.0558
zf,Y453,xcl_base_500k_p32x1_c005,5,45,100,44.0538,44.0538
zf,Y453,xcl_base_500k_p32x1_c005,5,46,1,65.906,65.906
zf,Y453,xcl_base_500k_p32x1_c005,5,46,5,62.3029,62.3029
zf,Y453,xcl_base_500k_p32x1_c005,5,46,10,59.3021,59.3021
zf,Y453,xcl_base_500k_p32x1_c005,5,46,50,51.0344,51.0344
zf,Y453,xcl_base_500k_p32x1_c005,5,46,100,43.055,43.055
zf,Y453,xcl_base_500k_p32x4_c010,3,42,1,63.0048,63.0048
zf,Y453,xcl_base_500k_p32x4_c010,3,42,5,59.6695,59.6695
zf,Y453,xcl_base_500k_p32x4_c010,3,42,10,56.6818,56.6818
zf,Y453,xcl_base_500k_p32x4_c010,3,42,50,48.0217,48.0217
zf,Y453,xcl_base_500k_p32x4_c010,3,42,100,40.3258,40.3258
zf,Y453,xcl_base_500k_p32x4_c010,3,43,1,63.1637,63.1637
zf,Y453,xcl_base_500k_p32x4_c010,3,43,5,60.3565,60.3565
zf,Y453,xcl_base_500k_p32x4_c010,3,43,10,57.3023,57.3023
zf,Y453,xcl_base_500k_p32x4_c010,3,43,50,48.8929,48.8929
zf,Y453,xcl_base_500k_p32x4_c010,3,43,100,41.1352,41.1352
zf,Y453,xcl_base_500k_p32x4_c010,3,44,1,61.3349,61.3349
zf,Y453,xcl_base_500k_p32x4_c010,3,44,5,59.0143,59.0143
zf,Y453,xcl_base_500k_p32x4_c010,3,44,10,56.2014,56.2014
zf,Y453,xcl_base_500k_p32x4_c010,3,44,50,47.6969,47.6969
zf,Y453,xcl_base_500k_p32x4_c010,3,44,100,40.2801,40.2801
zf,Y453,xcl_base_500k_p32x4_c010,3,45,1,62.5792,62.5792
zf,Y453,xcl_base_500k_p32x4_c010,3,45,5,60.7323,60.7323
zf,Y453,xcl_base_500k_p32x4_c010,3,45,10,57.294,57.294
zf,Y453,xcl_base_500k_p32x4_c010,3,45,50,48.1252,48.1252
zf,Y453,xcl_base_500k_p32x4_c010,3,45,100,40.6519,40.6519
zf,Y453,xcl_base_500k_p32x4_c010,3,46,1,65.0971,65.0971
zf,Y453,xcl_base_500k_p32x4_c010,3,46,5,60.8585,60.8585
zf,Y453,xcl_base_500k_p32x4_c010,3,46,10,57.031,57.031
zf,Y453,xcl_base_500k_p32x4_c010,3,46,50,47.9067,47.9067
zf,Y453,xcl_base_500k_p32x4_c010,3,46,100,40.3888,40.3888
zf,Y453,xcl_base_500k_p32x4_c010,4,42,1,61.8097,61.8097
zf,Y453,xcl_base_500k_p32x4_c010,4,42,5,59.2983,59.2983
zf,Y453,xcl_base_500k_p32x4_c010,4,42,10,56.3802,56.3802
zf,Y453,xcl_base_500k_p32x4_c010,4,42,50,47.8739,47.8739
zf,Y453,xcl_base_500k_p32x4_c010,4,42,100,40.2022,40.2022
zf,Y453,xcl_base_500k_p32x4_c010,4,43,1,62.0094,62.0094
zf,Y453,xcl_base_500k_p32x4_c010,4,43,5,59.9037,59.9037
zf,Y453,xcl_base_500k_p32x4_c010,4,43,10,57.2306,57.2306
zf,Y453,xcl_base_500k_p32x4_c010,4,43,50,48.6905,48.6905
zf,Y453,xcl_base_500k_p32x4_c010,4,43,100,41.0015,41.0015
zf,Y453,xcl_base_500k_p32x4_c010,4,44,1,61.9783,61.9783
zf,Y453,xcl_base_500k_p32x4_c010,4,44,5,58.5011,58.5011
zf,Y453,xcl_base_500k_p32x4_c010,4,44,10,55.9392,55.9392
zf,Y453,xcl_base_500k_p32x4_c010,4,44,50,47.6406,47.6406
zf,Y453,xcl_base_500k_p32x4_c010,4,44,100,40.1018,40.1018
zf,Y453,xcl_base_500k_p32x4_c010,4,45,1,61.5018,61.5018
zf,Y453,xcl_base_500k_p32x4_c010,4,45,5,60.0202,60.0202
zf,Y453,xcl_base_500k_p32x4_c010,4,45,10,57.1624,57.1624
zf,Y453,xcl_base_500k_p32x4_c010,4,45,50,47.9761,47.9761
zf,Y453,xcl_base_500k_p32x4_c010,4,45,100,40.5638,40.5638
zf,Y453,xcl_base_500k_p32x4_c010,4,46,1,64.2299,64.2299
zf,Y453,xcl_base_500k_p32x4_c010,4,46,5,59.9373,59.9373
zf,Y453,xcl_base_500k_p32x4_c010,4,46,10,56.955,56.955
zf,Y453,xcl_base_500k_p32x4_c010,4,46,50,47.7252,47.7252
zf,Y453,xcl_base_500k_p32x4_c010,4,46,100,40.2128,40.2128
zf,Y453,xcl_large_500k_p32x1_c005,11,42,1,66.3078,66.3078
zf,Y453,xcl_large_500k_p32x1_c005,11,42,5,62.2864,62.2864
zf,Y453,xcl_large_500k_p32x1_c005,11,42,10,59.7408,59.7408
zf,Y453,xcl_large_500k_p32x1_c005,11,42,50,52.3137,52.3137
zf,Y453,xcl_large_500k_p32x1_c005,11,42,100,44.3455,44.3455
zf,Y453,xcl_large_500k_p32x1_c005,11,43,1,67.5684,67.5684
zf,Y453,xcl_large_500k_p32x1_c005,11,43,5,64.0901,64.0901
zf,Y453,xcl_large_500k_p32x1_c005,11,43,10,61.6449,61.6449
zf,Y453,xcl_large_500k_p32x1_c005,11,43,50,52.9861,52.9861
zf,Y453,xcl_large_500k_p32x1_c005,11,43,100,45.1937,45.1937
zf,Y453,xcl_large_500k_p32x1_c005,11,44,1,66.2194,66.2194
zf,Y453,xcl_large_500k_p32x1_c005,11,44,5,63.162,63.162
zf,Y453,xcl_large_500k_p32x1_c005,11,44,10,60.8362,60.8362
zf,Y453,xcl_large_500k_p32x1_c005,11,44,50,53.0771,53.0771
zf,Y453,xcl_large_500k_p32x1_c005,11,44,100,44.6256,44.6256
zf,Y453,xcl_large_500k_p32x1_c005,11,45,1,66.9672,66.9672
zf,Y453,xcl_large_500k_p32x1_c005,11,45,5,64.3093,64.3093
zf,Y453,xcl_large_500k_p32x1_c005,11,45,10,61.7191,61.7191
zf,Y453,xcl_large_500k_p32x1_c005,11,45,50,53.2101,53.2101
zf,Y453,xcl_large_500k_p32x1_c005,11,45,100,45.3342,45.3342
zf,Y453,xcl_large_500k_p32x1_c005,11,46,1,66.7796,66.7796
zf,Y453,xcl_large_500k_p32x1_c005,11,46,5,63.0539,63.0539
zf,Y453,xcl_large_500k_p32x1_c005,11,46,10,60.6271,60.6271
zf,Y453,xcl_large_500k_p32x1_c005,11,46,50,52.4956,52.4956
zf,Y453,xcl_large_500k_p32x1_c005,11,46,100,44.4758,44.4758
zf,Y453,xcl_large_500k_p32x4_c0025,9,42,1,61.4826,61.4826
zf,Y453,xcl_large_500k_p32x4_c0025,9,42,5,58.714,58.714
zf,Y453,xcl_large_500k_p32x4_c0025,9,42,10,55.9886,55.9886
zf,Y453,xcl_large_500k_p32x4_c0025,9,42,50,47.656,47.656
zf,Y453,xcl_large_500k_p32x4_c0025,9,42,100,40.2618,40.2618
zf,Y453,xcl_large_500k_p32x4_c0025,9,43,1,61.1534,61.1534
zf,Y453,xcl_large_500k_p32x4_c0025,9,43,5,59.3196,59.3196
zf,Y453,xcl_large_500k_p32x4_c0025,9,43,10,57.296,57.296
zf,Y453,xcl_large_500k_p32x4_c0025,9,43,50,48.602,48.602
zf,Y453,xcl_large_500k_p32x4_c0025,9,43,100,41.0508,41.0508
zf,Y453,xcl_large_500k_p32x4_c0025,9,44,1,59.5047,59.5047
zf,Y453,xcl_large_500k_p32x4_c0025,9,44,5,58.8,58.8
zf,Y453,xcl_large_500k_p32x4_c0025,9,44,10,56.0225,56.0225
zf,Y453,xcl_large_500k_p32x4_c0025,9,44,50,47.4906,47.4906
zf,Y453,xcl_large_500k_p32x4_c0025,9,44,100,40.3354,40.3354
zf,Y453,xcl_large_500k_p32x4_c0025,9,45,1,61.8099,61.8099
zf,Y453,xcl_large_500k_p32x4_c0025,9,45,5,59.4952,59.4952
zf,Y453,xcl_large_500k_p32x4_c0025,9,45,10,57.2171,57.2171
zf,Y453,xcl_large_500k_p32x4_c0025,9,45,50,47.9877,47.9877
zf,Y453,xcl_large_500k_p32x4_c0025,9,45,100,40.7792,40.7792
zf,Y453,xcl_large_500k_p32x4_c0025,9,46,1,62.7431,62.7431
zf,Y453,xcl_large_500k_p32x4_c0025,9,46,5,60.0863,60.0863
zf,Y453,xcl_large_500k_p32x4_c0025,9,46,10,57.1592,57.1592
zf,Y453,xcl_large_500k_p32x4_c0025,9,46,50,48.1909,48.1909
zf,Y453,xcl_large_500k_p32x4_c0025,9,46,100,40.52,40.52
zf,Y453,xcl_large_500k_p32x4_c010,10,42,1,64.435,64.435
zf,Y453,xcl_large_500k_p32x4_c010,10,42,5,59.2927,59.2927
zf,Y453,xcl_large_500k_p32x4_c010,10,42,10,56.9667,56.9667
zf,Y453,xcl_large_500k_p32x4_c010,10,42,50,48.902,48.902
zf,Y453,xcl_large_500k_p32x4_c010,10,42,100,41.56,41.56
zf,Y453,xcl_large_500k_p32x4_c010,10,43,1,65.0485,65.0485
zf,Y453,xcl_large_500k_p32x4_c010,10,43,5,60.7337,60.7337
zf,Y453,xcl_large_500k_p32x4_c010,10,43,10,58.0276,58.0276
zf,Y453,xcl_large_500k_p32x4_c010,10,43,50,49.6912,49.6912
zf,Y453,xcl_large_500k_p32x4_c010,10,43,100,42.2292,42.2292
zf,Y453,xcl_large_500k_p32x4_c010,10,44,1,61.8136,61.8136
zf,Y453,xcl_large_500k_p32x4_c010,10,44,5,59.0068,59.0068
zf,Y453,xcl_large_500k_p32x4_c010,10,44,10,56.7848,56.7848
zf,Y453,xcl_large_500k_p32x4_c010,10,44,50,48.9726,48.9726
zf,Y453,xcl_large_500k_p32x4_c010,10,44,100,41.3732,41.3732
zf,Y453,xcl_large_500k_p32x4_c010,10,45,1,61.0182,61.0182
zf,Y453,xcl_large_500k_p32x4_c010,10,45,5,60.1172,60.1172
zf,Y453,xcl_large_500k_p32x4_c010,10,45,10,57.5793,57.5793
zf,Y453,xcl_large_500k_p32x4_c010,10,45,50,49.1216,49.1216
zf,Y453,xcl_large_500k_p32x4_c010,10,45,100,42.1198,42.1198
zf,Y453,xcl_large_500k_p32x4_c010,10,46,1,64.7321,64.7321
zf,Y453,xcl_large_500k_p32x4_c010,10,46,5,61.2445,61.2445
zf,Y453,xcl_large_500k_p32x4_c010,10,46,10,57.9094,57.9094
zf,Y453,xcl_large_500k_p32x4_c010,10,46,50,49.3032,49.3032
zf,Y453,xcl_large_500k_p32x4_c010,10,46,100,41.8499,41.8499
zf,Y453,xcl_micro_500k_p32x1_c005,4,42,1,59.1008,59.1008
zf,Y453,xcl_micro_500k_p32x1_c005,4,42,5,54.9748,54.9748
zf,Y453,xcl_micro_500k_p32x1_c005,4,42,10,52.4564,52.4564
zf,Y453,xcl_micro_500k_p32x1_c005,4,42,50,44.041,44.041
zf,Y453,xcl_micro_500k_p32x1_c005,4,42,100,37.6295,37.6295
zf,Y453,xcl_micro_500k_p32x1_c005,4,43,1,61.5375,61.5375
zf,Y453,xcl_micro_500k_p32x1_c005,4,43,5,57.334,57.334
zf,Y453,xcl_micro_500k_p32x1_c005,4,43,10,54.5411,54.5411
zf,Y453,xcl_micro_500k_p32x1_c005,4,43,50,45.2521,45.2521
zf,Y453,xcl_micro_500k_p32x1_c005,4,43,100,38.752,38.752
zf,Y453,xcl_micro_500k_p32x1_c005,4,44,1,58.2945,58.2945
zf,Y453,xcl_micro_500k_p32x1_c005,4,44,5,54.95,54.95
zf,Y453,xcl_micro_500k_p32x1_c005,4,44,10,52.8489,52.8489
zf,Y453,xcl_micro_500k_p32x1_c005,4,44,50,44.3659,44.3659
zf,Y453,xcl_micro_500k_p32x1_c005,4,44,100,37.6538,37.6538
zf,Y453,xcl_micro_500k_p32x1_c005,4,45,1,60.2473,60.2473
zf,Y453,xcl_micro_500k_p32x1_c005,4,45,5,56.9879,56.9879
zf,Y453,xcl_micro_500k_p32x1_c005,4,45,10,54.5651,54.5651
zf,Y453,xcl_micro_500k_p32x1_c005,4,45,50,45.3142,45.3142
zf,Y453,xcl_micro_500k_p32x1_c005,4,45,100,38.5149,38.5149
zf,Y453,xcl_micro_500k_p32x1_c005,4,46,1,60.1395,60.1395
zf,Y453,xcl_micro_500k_p32x1_c005,4,46,5,56.4609,56.4609
zf,Y453,xcl_micro_500k_p32x1_c005,4,46,10,53.8579,53.8579
zf,Y453,xcl_micro_500k_p32x1_c005,4,46,50,44.769,44.769
zf,Y453,xcl_micro_500k_p32x1_c005,4,46,100,38.2084,38.2084
zf,Y453,xcl_micro_500k_p32x1_c005,5,42,1,59.1565,59.1565
zf,Y453,xcl_micro_500k_p32x1_c005,5,42,5,55.0002,55.0002
zf,Y453,xcl_micro_500k_p32x1_c005,5,42,10,52.5365,52.5365
zf,Y453,xcl_micro_500k_p32x1_c005,5,42,50,44.319,44.319
zf,Y453,xcl_micro_500k_p32x1_c005,5,42,100,37.7896,37.7896
zf,Y453,xcl_micro_500k_p32x1_c005,5,43,1,61.1277,61.1277
zf,Y453,xcl_micro_500k_p32x1_c005,5,43,5,57.3323,57.3323
zf,Y453,xcl_micro_500k_p32x1_c005,5,43,10,54.6178,54.6178
zf,Y453,xcl_micro_500k_p32x1_c005,5,43,50,45.4438,45.4438
zf,Y453,xcl_micro_500k_p32x1_c005,5,43,100,38.8832,38.8832
zf,Y453,xcl_micro_500k_p32x1_c005,5,44,1,58.5784,58.5784
zf,Y453,xcl_micro_500k_p32x1_c005,5,44,5,55.2166,55.2166
zf,Y453,xcl_micro_500k_p32x1_c005,5,44,10,52.9733,52.9733
zf,Y453,xcl_micro_500k_p32x1_c005,5,44,50,44.748,44.748
zf,Y453,xcl_micro_500k_p32x1_c005,5,44,100,37.8568,37.8568
zf,Y453,xcl_micro_500k_p32x1_c005,5,45,1,60.1351,60.1351
zf,Y453,xcl_micro_500k_p32x1_c005,5,45,5,57.1139,57.1139
zf,Y453,xcl_micro_500k_p32x1_c005,5,45,10,54.5746,54.5746
zf,Y453,xcl_micro_500k_p32x1_c005,5,45,50,45.4183,45.4183
zf,Y453,xcl_micro_500k_p32x1_c005,5,45,100,38.7022,38.7022
zf,Y453,xcl_micro_500k_p32x1_c005,5,46,1,61.277,61.277
zf,Y453,xcl_micro_500k_p32x1_c005,5,46,5,56.5347,56.5347
zf,Y453,xcl_micro_500k_p32x1_c005,5,46,10,54.0483,54.0483
zf,Y453,xcl_micro_500k_p32x1_c005,5,46,50,45.0808,45.0808
zf,Y453,xcl_micro_500k_p32x1_c005,5,46,100,38.4522,38.4522
zf,Y453,xcl_micro_500k_p32x4_c010,3,42,1,60.8539,60.8539
zf,Y453,xcl_micro_500k_p32x4_c010,3,42,5,57.6411,57.6411
zf,Y453,xcl_micro_500k_p32x4_c010,3,42,10,55.2755,55.2755
zf,Y453,xcl_micro_500k_p32x4_c010,3,42,50,45.5738,45.5738
zf,Y453,xcl_micro_500k_p32x4_c010,3,42,100,37.7081,37.7081
zf,Y453,xcl_micro_500k_p32x4_c010,3,43,1,60.9878,60.9878
zf,Y453,xcl_micro_500k_p32x4_c010,3,43,5,57.7008,57.7008
zf,Y453,xcl_micro_500k_p32x4_c010,3,43,10,55.8278,55.8278
zf,Y453,xcl_micro_500k_p32x4_c010,3,43,50,46.1902,46.1902
zf,Y453,xcl_micro_500k_p32x4_c010,3,43,100,38.225,38.225
zf,Y453,xcl_micro_500k_p32x4_c010,3,44,1,59.2717,59.2717
zf,Y453,xcl_micro_500k_p32x4_c010,3,44,5,57.3785,57.3785
zf,Y453,xcl_micro_500k_p32x4_c010,3,44,10,54.9004,54.9004
zf,Y453,xcl_micro_500k_p32x4_c010,3,44,50,45.2564,45.2564
zf,Y453,xcl_micro_500k_p32x4_c010,3,44,100,37.5781,37.5781
zf,Y453,xcl_micro_500k_p32x4_c010,3,45,1,61.696,61.696
zf,Y453,xcl_micro_500k_p32x4_c010,3,45,5,58.4177,58.4177
zf,Y453,xcl_micro_500k_p32x4_c010,3,45,10,55.4953,55.4953
zf,Y453,xcl_micro_500k_p32x4_c010,3,45,50,45.2007,45.2007
zf,Y453,xcl_micro_500k_p32x4_c010,3,45,100,37.6025,37.6025
zf,Y453,xcl_micro_500k_p32x4_c010,3,46,1,63.0668,63.0668
zf,Y453,xcl_micro_500k_p32x4_c010,3,46,5,58.5918,58.5918
zf,Y453,xcl_micro_500k_p32x4_c010,3,46,10,55.7083,55.7083
zf,Y453,xcl_micro_500k_p32x4_c010,3,46,50,45.5335,45.5335
zf,Y453,xcl_micro_500k_p32x4_c010,3,46,100,37.813,37.813
