species,bird,condition,layer,label_cap (0 = all),macro_fer,parsing,identity,fold_sd,scored_classes,excluded_rare_classes
bf,bird0,beats_iter3_plus_as2m,5,0,38.9386,26.4119,12.5267,1.0957,10,
bf,bird0,beats_iter3_plus_as2m,7,0,37.6048,24.7657,12.839,1.2841,10,
bf,bird0,beats_iter3_plus_as2m,8,0,37.0056,24.2016,12.804,1.016,10,
bf,bird0,beats_iter3_plus_as2m_speed0p03125,10,0,5.4676,2.0309,3.4367,0.1337,10,
bf,bird0,beats_iter3_plus_as2m_speed0p03125,11,0,5.5111,2.0599,3.4511,0.1884,10,
bf,bird0,beats_iter3_plus_as2m_speed0p0625,8,0,4.9087,2.4292,2.4795,0.1282,10,
bf,bird0,beats_iter3_plus_as2m_speed0p0625,10,0,5.0597,2.4299,2.6298,0.0467,10,
bf,bird0,beats_iter3_plus_as2m_speed0p125,8,0,5.3803,3.7921,1.5882,0.0429,10,
bf,bird0,beats_iter3_plus_as2m_speed0p125,9,0,5.4347,3.7905,1.6441,0.0745,10,
bf,bird0,beats_iter3_plus_as2m_speed0p125,10,0,5.6963,3.832,1.8643,0.0883,10,
bf,bird0,beats_iter3_plus_as2m_speed0p25,8,0,9.3148,7.8669,1.4479,0.211,10,
bf,bird0,beats_iter3_plus_as2m_speed0p25,9,0,9.3942,7.8023,1.5918,0.2099,10,
bf,bird0,beats_iter3_plus_as2m_speed0p5,8,0,18.9143,15.8675,3.0468,0.0812,10,
bf,bird0,birdaves_biox_base,3,0,4.4603,3.3232,1.1371,0.1486,10,
bf,bird0,birdaves_biox_base,3,1,42.2669,10.5656,31.7013,0.4996,10,
bf,bird0,birdaves_biox_base,3,5,19.1218,7.5652,11.5566,1.5182,10,
bf,bird0,birdaves_biox_base,3,10,12.8016,6.0165,6.7851,1.1124,10,
bf,bird0,birdaves_biox_base,3,20,7.5004,4.2705,3.2299,0.4285,10,
bf,bird0,birdaves_biox_base,3,50,5.7327,3.8003,1.9325,0.233,10,
bf,bird0,birdaves_biox_base,3,100,5.2233,3.6478,1.5755,0.2517,10,
bf,bird0,birdaves_biox_base,7,0,4.1785,3.2306,0.9479,0.0569,10,
bf,bird0,birdaves_biox_base,7,1,42.8044,10.6359,32.1686,1.2279,10,
bf,bird0,birdaves_biox_base,7,5,19.1382,7.7696,11.3686,1.4898,10,
bf,bird0,birdaves_biox_base,7,10,12.1136,5.9024,6.2112,1.2011,10,
bf,bird0,birdaves_biox_base,7,20,7.0472,4.2181,2.8291,0.2237,10,
bf,bird0,birdaves_biox_base,7,50,5.0351,3.4982,1.5369,0.1591,10,
bf,bird0,birdaves_biox_base,7,100,4.6612,3.3914,1.2698,0.1878,10,
bf,bird0,birdaves_biox_base_speed0p25,3,0,3.7136,1.4462,2.2674,0.0923,10,
bf,bird0,birdaves_biox_base_speed0p25,3,1,42.5397,10.8814,31.6583,1.0256,10,
bf,bird0,birdaves_biox_base_speed0p25,3,5,21.4984,6.7871,14.7113,1.5761,10,
bf,bird0,birdaves_biox_base_speed0p25,3,10,13.4965,4.7135,8.783,0.5536,10,
bf,bird0,birdaves_biox_base_speed0p25,3,20,8.2237,2.4506,5.7731,0.2703,10,
bf,bird0,birdaves_biox_base_speed0p25,3,50,5.8681,1.7575,4.1107,0.187,10,
bf,bird0,birdaves_biox_base_speed0p25,3,100,4.9095,1.5584,3.3511,0.1089,10,
bf,bird0,birdaves_biox_base_speed0p25,4,0,3.4572,1.4236,2.0336,0.0786,10,
bf,bird0,birdaves_biox_base_speed0p25,4,1,40.6228,10.5609,30.0619,0.8739,10,
bf,bird0,birdaves_biox_base_speed0p25,4,5,20.5787,6.6983,13.8804,1.9341,10,
bf,bird0,birdaves_biox_base_speed0p25,4,10,12.9559,4.8014,8.1545,0.5602,10,
bf,bird0,birdaves_biox_base_speed0p25,4,20,7.4754,2.3308,5.1446,0.0773,10,
bf,bird0,birdaves_biox_base_speed0p25,4,50,5.3745,1.7148,3.6597,0.0841,10,
bf,bird0,birdaves_biox_base_speed0p25,4,100,4.5185,1.5561,2.9624,0.0786,10,
bf,bird0,birdaves_biox_base_speed0p5,3,0,2.9076,1.7165,1.1911,0.0635,10,
bf,bird0,birdaves_biox_base_speed0p5,3,1,36.6789,9.4557,27.2232,2.2912,10,
bf,bird0,birdaves_biox_base_speed0p5,3,5,16.5661,6.4244,10.1416,1.3426,10,
bf,bird0,birdaves_biox_base_speed0p5,3,10,10.8316,4.8751,5.9565,1.16,10,
bf,bird0,birdaves_biox_base_speed0p5,3,20,5.6477,2.8335,2.8142,0.3056,10,
bf,bird0,birdaves_biox_base_speed0p5,3,50,4.1359,2.1331,2.0028,0.1641,10,
bf,bird0,birdaves_biox_base_speed0p5,3,100,3.6126,1.9191,1.6934,0.0877,10,
bf,bird0,birdaves_biox_base_speed0p5,6,0,2.8313,1.7044,1.1269,0.1005,10,
bf,bird0,birdaves_biox_base_speed0p5,6,1,36.9683,9.3388,27.6295,2.664,10,
bf,bird0,birdaves_biox_base_speed0p5,6,5,16.9278,6.6359,10.2919,1.6838,10,
bf,bird0,birdaves_biox_base_speed0p5,6,10,10.7844,4.9104,5.8739,1.5109,10,
bf,bird0,birdaves_biox_base_speed0p5,6,20,5.6494,2.7959,2.8535,0.388,10,
bf,bird0,birdaves_biox_base_speed0p5,6,50,4.0285,2.0995,1.929,0.2332,10,
bf,bird0,birdaves_biox_base_speed0p5,6,100,3.5011,1.9047,1.5964,0.1532,10,
bf,bird0,birdmae_base_speed0p03125,10,0,7.6086,2.15,5.4587,0.3401,10,
bf,bird0,birdmae_base_speed0p0625,9,0,6.247,2.4419,3.8051,0.1527,10,
bf,bird0,birdmae_base_speed0p0625,10,0,6.2059,2.4271,3.7787,0.2869,10,
bf,bird0,birdmae_base_speed0p125,9,0,6.2366,3.7487,2.4879,0.1204,10,
bf,bird0,birdmae_base_speed0p125,10,0,6.1729,3.7595,2.4134,0.0255,10,
bf,bird0,birdmae_base_speed0p25,9,0,9.3619,7.8044,1.5575,0.2,10,
bf,bird0,birdmae_base_speed0p25,10,0,9.4164,7.8123,1.6041,0.2363,10,
bf,bird0,birdmae_base_speed0p5,9,0,19.6384,16.6181,3.0204,0.0879,10,
bf,bird0,birdmae_base_speed0p5,10,0,19.706,16.6408,3.0652,0.1886,10,
bf,bird0,birdmae_base_speed1,8,0,39.414,28.4313,10.9826,1.297,10,
bf,bird0,birdmae_base_speed1,10,0,38.9869,27.9775,11.0094,1.3076,10,
bf,bird0,hubert_base_ls960,0,0,4.6021,3.3154,1.2868,0.0773,10,
bf,bird0,hubert_base_ls960,0,1,47.9383,11.2541,36.6842,1.4769,10,
bf,bird0,hubert_base_ls960,0,5,21.3636,8.309,13.0546,0.522,10,
bf,bird0,hubert_base_ls960,0,10,14.1796,6.6861,7.4935,0.3433,10,
bf,bird0,hubert_base_ls960,0,20,8.8409,4.5033,4.3375,0.3238,10,
bf,bird0,hubert_base_ls960,0,50,6.2222,3.7048,2.5173,0.4804,10,
bf,bird0,hubert_base_ls960,0,100,5.5094,3.5114,1.998,0.2366,10,
bf,bird0,hubert_base_ls960,3,0,4.7023,3.3009,1.4014,0.1169,10,
bf,bird0,hubert_base_ls960,3,1,49.5016,11.0377,38.4639,1.0059,10,
bf,bird0,hubert_base_ls960,3,5,22.3562,7.4734,14.8828,1.1046,10,
bf,bird0,hubert_base_ls960,3,10,13.9641,5.8893,8.0748,0.781,10,
bf,bird0,hubert_base_ls960,3,20,8.6757,4.1127,4.563,0.5331,10,
bf,bird0,hubert_base_ls960,3,50,6.4607,3.7563,2.7044,0.3807,10,
bf,bird0,hubert_base_ls960,3,100,5.744,3.577,2.167,0.229,10,
bf,bird0,xcl_base_500k_p32x1_c005,5,0,1.9429,1.1986,0.7443,0.0504,10,
bf,bird0,xcl_base_500k_p32x4_c010,3,0,4.3907,3.3393,1.0514,0.0526,10,
bf,bird0,xcl_base_500k_p32x4_c010,4,0,4.3994,3.3155,1.084,0.0361,10,
bf,bird0,xcl_large_500k_p32x1_c005,11,0,1.8333,1.1949,0.6384,0.0769,10,
bf,bird0,xcl_large_500k_p32x1_c005,11,1,43.4283,9.7861,33.6422,1.2782,10,
bf,bird0,xcl_large_500k_p32x1_c005,11,5,15.8534,5.3368,10.5166,1.2569,10,
bf,bird0,xcl_large_500k_p32x1_c005,11,10,7.5557,2.8023,4.7534,1.1429,10,
bf,bird0,xcl_large_500k_p32x1_c005,11,20,3.3489,1.5071,1.8417,0.3185,10,
bf,bird0,xcl_large_500k_p32x1_c005,11,50,2.3596,1.1969,1.1627,0.0819,10,
bf,bird0,xcl_large_500k_p32x1_c005,11,100,2.1691,1.1581,1.011,0.0807,10,
bf,bird0,xcl_large_500k_p32x4_c0025,9,0,4.326,3.3458,0.9803,0.0873,10,
bf,bird0,xcl_large_500k_p32x4_c010,10,0,4.2186,3.2653,0.9534,0.0396,10,
bf,bird0,xcl_large_500k_p32x4_c010,10,1,49.6499,10.0019,39.6479,2.1571,10,
bf,bird0,xcl_large_500k_p32x4_c010,10,5,21.4209,7.4955,13.9254,0.781,10,
bf,bird0,xcl_large_500k_p32x4_c010,10,10,13.1589,6.1355,7.0233,1.2147,10,
bf,bird0,xcl_large_500k_p32x4_c010,10,20,7.3465,4.0515,3.295,0.4818,10,
bf,bird0,xcl_large_500k_p32x4_c010,10,50,4.9307,3.4165,1.5142,0.1461,10,
bf,bird0,xcl_large_500k_p32x4_c010,10,100,4.6717,3.4135,1.2583,0.155,10,
bf,bird0,xcl_micro_500k_p32x1_c005,4,0,3.4874,1.1925,2.2949,0.1226,10,
bf,bird0,xcl_micro_500k_p32x1_c005,5,0,3.8523,1.1855,2.6667,0.1606,10,
bf,bird0,xcl_micro_500k_p32x4_c010,3,0,4.9635,3.3496,1.6138,0.0962,10,
bf,bird1,beats_iter3_plus_as2m,5,0,42.771,21.1839,21.5871,0.2536,13,
bf,bird1,beats_iter3_plus_as2m,7,0,42.0693,20.3481,21.7212,0.0864,13,
bf,bird1,beats_iter3_plus_as2m,8,0,41.5203,19.5324,21.9879,0.0988,13,
bf,bird1,beats_iter3_plus_as2m_speed0p03125,10,0,5.611,2.5077,3.1032,0.0616,13,
bf,bird1,beats_iter3_plus_as2m_speed0p03125,11,0,5.8763,2.5572,3.3192,0.0683,13,
bf,bird1,beats_iter3_plus_as2m_speed0p0625,8,0,5.4507,2.942,2.5088,0.0219,13,
bf,bird1,beats_iter3_plus_as2m_speed0p0625,10,0,5.7258,2.8997,2.8261,0.057,13,
bf,bird1,beats_iter3_plus_as2m_speed0p125,8,0,6.1301,4.1861,1.944,0.0829,13,
bf,bird1,beats_iter3_plus_as2m_speed0p125,9,0,6.2023,4.1908,2.0115,0.0612,13,
bf,bird1,beats_iter3_plus_as2m_speed0p125,10,0,6.2507,4.1969,2.0537,0.0806,13,
bf,bird1,beats_iter3_plus_as2m_speed0p25,8,0,10.147,8.4557,1.6913,0.0769,13,
bf,bird1,beats_iter3_plus_as2m_speed0p25,9,0,10.2022,8.4342,1.768,0.0881,13,
bf,bird1,beats_iter3_plus_as2m_speed0p5,8,0,21.609,16.0148,5.5942,0.2942,13,
bf,bird1,birdaves_biox_base,3,0,4.917,3.8878,1.0292,0.0211,13,
bf,bird1,birdaves_biox_base,3,1,38.787,8.7822,30.0048,3.9595,13,
bf,bird1,birdaves_biox_base,3,5,15.6723,6.7841,8.8882,0.8016,13,
bf,bird1,birdaves_biox_base,3,10,10.7244,5.5134,5.211,0.528,13,
bf,bird1,birdaves_biox_base,3,20,7.5784,4.9248,2.6536,0.346,13,
bf,bird1,birdaves_biox_base,3,50,6.1044,4.5709,1.5335,0.1448,13,
bf,bird1,birdaves_biox_base,3,100,5.6235,4.2352,1.3883,0.0921,13,
bf,bird1,birdaves_biox_base,7,0,4.8441,3.864,0.9801,0.026,13,
bf,bird1,birdaves_biox_base,7,1,37.7895,8.4946,29.2949,4.0101,13,
bf,bird1,birdaves_biox_base,7,5,14.8974,6.544,8.3533,0.4618,13,
bf,bird1,birdaves_biox_base,7,10,10.3105,5.4721,4.8384,0.3898,13,
bf,bird1,birdaves_biox_base,7,20,7.2678,4.7933,2.4745,0.318,13,
bf,bird1,birdaves_biox_base,7,50,5.7482,4.3909,1.3572,0.1617,13,
bf,bird1,birdaves_biox_base,7,100,5.3076,4.1513,1.1563,0.1054,13,
bf,bird1,birdaves_biox_base_speed0p25,3,0,3.9131,1.7765,2.1366,0.1099,13,
bf,bird1,birdaves_biox_base_speed0p25,3,1,41.7904,8.0194,33.771,5.208,13,
bf,bird1,birdaves_biox_base_speed0p25,3,5,17.9515,5.2115,12.7399,0.8859,13,
bf,bird1,birdaves_biox_base_speed0p25,3,10,12.938,3.8645,9.0735,0.673,13,
bf,bird1,birdaves_biox_base_speed0p25,3,20,8.8712,2.8617,6.0095,0.4453,13,
bf,bird1,birdaves_biox_base_speed0p25,3,50,6.3504,2.1228,4.2275,0.0246,13,
bf,bird1,birdaves_biox_base_speed0p25,3,100,5.4567,1.9365,3.5202,0.0598,13,
bf,bird1,birdaves_biox_base_speed0p25,4,0,3.6451,1.7459,1.8993,0.1159,13,
bf,bird1,birdaves_biox_base_speed0p25,4,1,40.0689,8.0895,31.9793,5.9347,13,
bf,bird1,birdaves_biox_base_speed0p25,4,5,16.553,5.1801,11.3728,0.8368,13,
bf,bird1,birdaves_biox_base_speed0p25,4,10,11.8442,3.9726,7.8715,0.8069,13,
bf,bird1,birdaves_biox_base_speed0p25,4,20,8.0163,2.8414,5.1749,0.4969,13,
bf,bird1,birdaves_biox_base_speed0p25,4,50,5.6996,2.1456,3.554,0.079,13,
bf,bird1,birdaves_biox_base_speed0p25,4,100,4.9185,1.9188,2.9997,0.0658,13,
bf,bird1,birdaves_biox_base_speed0p5,3,0,3.204,2.1276,1.0764,0.0657,13,
bf,bird1,birdaves_biox_base_speed0p5,3,1,34.4267,8.1069,26.3198,4.818,13,
bf,bird1,birdaves_biox_base_speed0p5,3,5,13.9508,5.882,8.0688,0.4048,13,
bf,bird1,birdaves_biox_base_speed0p5,3,10,8.8501,4.2305,4.6196,0.6349,13,
bf,bird1,birdaves_biox_base_speed0p5,3,20,5.8155,3.1763,2.6393,0.4943,13,
bf,bird1,birdaves_biox_base_speed0p5,3,50,4.3121,2.5559,1.7562,0.1375,13,
bf,bird1,birdaves_biox_base_speed0p5,3,100,3.92,2.3598,1.5603,0.0803,13,
bf,bird1,birdaves_biox_base_speed0p5,6,0,3.0437,2.1192,0.9245,0.0818,13,
bf,bird1,birdaves_biox_base_speed0p5,6,1,35.547,7.9404,27.6066,4.4941,13,
bf,bird1,birdaves_biox_base_speed0p5,6,5,13.894,5.72,8.1741,0.2664,13,
bf,bird1,birdaves_biox_base_speed0p5,6,10,8.8545,4.3144,4.5401,0.2161,13,
bf,bird1,birdaves_biox_base_speed0p5,6,20,5.7028,3.1527,2.5501,0.2826,13,
bf,bird1,birdaves_biox_base_speed0p5,6,50,4.0839,2.5268,1.5571,0.1024,13,
bf,bird1,birdaves_biox_base_speed0p5,6,100,3.6777,2.3063,1.3714,0.0644,13,
bf,bird1,birdmae_base_speed0p03125,10,0,8.7558,3.0162,5.7396,0.0581,13,
bf,bird1,birdmae_base_speed0p0625,9,0,6.6726,3.107,3.5656,0.0721,13,
bf,bird1,birdmae_base_speed0p0625,10,0,6.5938,3.1019,3.4919,0.047,13,
bf,bird1,birdmae_base_speed0p125,9,0,6.5824,4.1512,2.4312,0.0738,13,
bf,bird1,birdmae_base_speed0p125,10,0,6.5786,4.1562,2.4224,0.0779,13,
bf,bird1,birdmae_base_speed0p25,9,0,10.3273,8.5335,1.7938,0.074,13,
bf,bird1,birdmae_base_speed0p25,10,0,10.306,8.5226,1.7835,0.0872,13,
bf,bird1,birdmae_base_speed0p5,9,0,21.2325,16.3127,4.9198,0.2217,13,
bf,bird1,birdmae_base_speed0p5,10,0,21.2358,16.2961,4.9398,0.2329,13,
bf,bird1,birdmae_base_speed1,8,0,40.6237,21.9086,18.7151,0.3702,13,
bf,bird1,birdmae_base_speed1,10,0,40.5393,21.8226,18.7167,0.3411,13,
bf,bird1,hubert_base_ls960,0,0,5.3278,3.9673,1.3605,0.0642,13,
bf,bird1,hubert_base_ls960,0,1,40.809,10.1661,30.6429,3.1907,13,
bf,bird1,hubert_base_ls960,0,5,18.5082,7.2696,11.2386,0.7481,13,
bf,bird1,hubert_base_ls960,0,10,12.5538,5.9523,6.6015,0.4369,13,
bf,bird1,hubert_base_ls960,0,20,9.435,5.1859,4.2491,0.5217,13,
bf,bird1,hubert_base_ls960,0,50,7.0824,4.5531,2.5292,0.2733,13,
bf,bird1,hubert_base_ls960,0,100,6.2905,4.2241,2.0663,0.0876,13,
bf,bird1,hubert_base_ls960,3,0,5.3381,4.0014,1.3367,0.0225,13,
bf,bird1,hubert_base_ls960,3,1,44.2092,8.8037,35.4055,1.9234,13,
bf,bird1,hubert_base_ls960,3,5,18.8711,6.8232,12.0479,0.714,13,
bf,bird1,hubert_base_ls960,3,10,12.7215,5.5778,7.1437,0.5956,13,
bf,bird1,hubert_base_ls960,3,20,9.2087,5.071,4.1377,0.385,13,
bf,bird1,hubert_base_ls960,3,50,7.1045,4.6959,2.4086,0.1758,13,
bf,bird1,hubert_base_ls960,3,100,6.35,4.3577,1.9923,0.1057,13,
bf,bird1,xcl_base_500k_p32x1_c005,5,0,2.2641,1.449,0.8151,0.0753,13,
bf,bird1,xcl_base_500k_p32x4_c010,3,0,5.2569,3.9361,1.3207,0.0777,13,
bf,bird1,xcl_base_500k_p32x4_c010,4,0,5.2518,3.9169,1.3349,0.0711,13,
bf,bird1,xcl_large_500k_p32x1_c005,11,0,2.0777,1.4604,0.6173,0.071,13,
bf,bird1,xcl_large_500k_p32x1_c005,11,1,37.3356,7.2794,30.0562,4.0395,13,
bf,bird1,xcl_large_500k_p32x1_c005,11,5,10.2675,3.4099,6.8576,0.1272,13,
bf,bird1,xcl_large_500k_p32x1_c005,11,10,5.4665,2.2967,3.1698,0.3899,13,
bf,bird1,xcl_large_500k_p32x1_c005,11,20,3.4389,1.7605,1.6784,0.26,13,
bf,bird1,xcl_large_500k_p32x1_c005,11,50,2.685,1.5242,1.1608,0.1391,13,
bf,bird1,xcl_large_500k_p32x1_c005,11,100,2.4547,1.4679,0.9868,0.0803,13,
bf,bird1,xcl_large_500k_p32x4_c0025,9,0,5.2074,3.8925,1.3148,0.0806,13,
bf,bird1,xcl_large_500k_p32x4_c010,10,0,5.0193,3.8934,1.1259,0.0247,13,
bf,bird1,xcl_large_500k_p32x4_c010,10,1,40.7501,8.6186,32.1315,3.7042,13,
bf,bird1,xcl_large_500k_p32x4_c010,10,5,15.7383,6.0356,9.7028,0.2802,13,
bf,bird1,xcl_large_500k_p32x4_c010,10,10,9.6626,4.8492,4.8134,0.4835,13,
bf,bird1,xcl_large_500k_p32x4_c010,10,20,7.1876,4.4403,2.7472,0.6309,13,
bf,bird1,xcl_large_500k_p32x4_c010,10,50,5.825,4.1567,1.6683,0.1535,13,
bf,bird1,xcl_large_500k_p32x4_c010,10,100,5.4069,3.9902,1.4168,0.0685,13,
bf,bird1,xcl_micro_500k_p32x1_c005,4,0,3.669,1.4834,2.1856,0.0873,13,
bf,bird1,xcl_micro_500k_p32x1_c005,5,0,3.8498,1.4809,2.3689,0.0598,13,
bf,bird1,xcl_micro_500k_p32x4_c010,3,0,5.4965,3.987,1.5095,0.0854,13,
bf,bird10,beats_iter3_plus_as2m,5,0,36.7454,15.9362,20.8092,0.4069,13,
bf,bird10,beats_iter3_plus_as2m,7,0,36.3128,15.4044,20.9084,0.4441,13,
bf,bird10,beats_iter3_plus_as2m,8,0,36.2815,15.2771,21.0044,0.4152,13,
bf,bird10,beats_iter3_plus_as2m_speed0p03125,10,0,4.855,2.1954,2.6596,0.097,13,
bf,bird10,beats_iter3_plus_as2m_speed0p03125,11,0,5.0015,2.2241,2.7774,0.1117,13,
bf,bird10,beats_iter3_plus_as2m_speed0p0625,8,0,4.807,2.4296,2.3774,0.2988,13,
bf,bird10,beats_iter3_plus_as2m_speed0p0625,10,0,5.0403,2.4786,2.5617,0.2374,13,
bf,bird10,beats_iter3_plus_as2m_speed0p125,8,0,5.5899,3.7335,1.8564,0.0561,13,
bf,bird10,beats_iter3_plus_as2m_speed0p125,9,0,5.7198,3.7505,1.9693,0.0727,13,
bf,bird10,beats_iter3_plus_as2m_speed0p125,10,0,5.813,3.8097,2.0033,0.1204,13,
bf,bird10,beats_iter3_plus_as2m_speed0p25,8,0,9.3207,6.6784,2.6423,0.332,13,
bf,bird10,beats_iter3_plus_as2m_speed0p25,9,0,9.2979,6.6269,2.671,0.3097,13,
bf,bird10,beats_iter3_plus_as2m_speed0p5,8,0,17.1459,9.8517,7.2942,0.0221,13,
bf,bird10,birdaves_biox_base,3,0,4.6687,3.3165,1.3522,0.1834,13,
bf,bird10,birdaves_biox_base,3,1,39.0404,8.0428,30.9976,2.5058,13,
bf,bird10,birdaves_biox_base,3,5,16.0848,6.1178,9.967,1.865,13,
bf,bird10,birdaves_biox_base,3,10,10.3935,5.3928,5.0007,0.0586,13,
bf,bird10,birdaves_biox_base,3,20,7.0489,4.4151,2.6339,0.3022,13,
bf,bird10,birdaves_biox_base,3,50,5.2543,3.5406,1.7137,0.131,13,
bf,bird10,birdaves_biox_base,3,100,4.9985,3.4135,1.5851,0.273,13,
bf,bird10,birdaves_biox_base,7,0,4.6093,3.2562,1.3531,0.1488,13,
bf,bird10,birdaves_biox_base,7,1,39.4824,7.8662,31.6162,1.3458,13,
bf,bird10,birdaves_biox_base,7,5,16.301,6.0931,10.208,1.928,13,
bf,bird10,birdaves_biox_base,7,10,9.9864,5.3181,4.6683,0.213,13,
bf,bird10,birdaves_biox_base,7,20,7.178,4.4132,2.7648,0.5386,13,
bf,bird10,birdaves_biox_base,7,50,5.2665,3.4712,1.7954,0.1101,13,
bf,bird10,birdaves_biox_base,7,100,5.0035,3.4038,1.5996,0.2126,13,
bf,bird10,birdaves_biox_base_speed0p25,3,0,3.4896,1.5547,1.9349,0.2029,13,
bf,bird10,birdaves_biox_base_speed0p25,3,1,35.5985,7.6795,27.919,0.7507,13,
bf,bird10,birdaves_biox_base_speed0p25,3,5,14.7577,4.7994,9.9583,0.2333,13,
bf,bird10,birdaves_biox_base_speed0p25,3,10,9.7449,3.8337,5.9112,0.2119,13,
bf,bird10,birdaves_biox_base_speed0p25,3,20,6.8408,2.623,4.2178,0.4089,13,
bf,bird10,birdaves_biox_base_speed0p25,3,50,4.6865,1.8598,2.8267,0.2002,13,
bf,bird10,birdaves_biox_base_speed0p25,3,100,4.1222,1.6519,2.4703,0.2363,13,
bf,bird10,birdaves_biox_base_speed0p25,4,0,3.3647,1.5669,1.7977,0.1429,13,
bf,bird10,birdaves_biox_base_speed0p25,4,1,35.7149,7.5555,28.1594,0.3244,13,
bf,bird10,birdaves_biox_base_speed0p25,4,5,14.3134,5.0082,9.3052,0.0353,13,
bf,bird10,birdaves_biox_base_speed0p25,4,10,9.7891,4.1461,5.643,0.1685,13,
bf,bird10,birdaves_biox_base_speed0p25,4,20,6.6842,2.7132,3.971,0.3498,13,
bf,bird10,birdaves_biox_base_speed0p25,4,50,4.3575,1.8444,2.5131,0.2241,13,
bf,bird10,birdaves_biox_base_speed0p25,4,100,3.8499,1.6576,2.1924,0.1562,13,
bf,bird10,birdaves_biox_base_speed0p5,3,0,3.1007,1.7859,1.3148,0.2101,13,
bf,bird10,birdaves_biox_base_speed0p5,3,1,33.4791,8.1156,25.3635,2.355,13,
bf,bird10,birdaves_biox_base_speed0p5,3,5,13.3961,5.2788,8.1174,1.198,13,
bf,bird10,birdaves_biox_base_speed0p5,3,10,8.7169,4.2508,4.4661,0.7587,13,
bf,bird10,birdaves_biox_base_speed0p5,3,20,5.8535,3.1181,2.7354,0.5129,13,
bf,bird10,birdaves_biox_base_speed0p5,3,50,3.9309,2.1458,1.785,0.1318,13,
bf,bird10,birdaves_biox_base_speed0p5,3,100,3.5215,1.9535,1.568,0.2452,13,
bf,bird10,birdaves_biox_base_speed0p5,6,0,3.1665,1.8611,1.3053,0.1566,13,
bf,bird10,birdaves_biox_base_speed0p5,6,1,34.9165,7.7157,27.2007,0.8977,13,
bf,bird10,birdaves_biox_base_speed0p5,6,5,13.9887,5.4464,8.5424,0.8119,13,
bf,bird10,birdaves_biox_base_speed0p5,6,10,8.7795,4.5063,4.2732,0.6761,13,
bf,bird10,birdaves_biox_base_speed0p5,6,20,5.9427,3.2758,2.6669,0.5877,13,
bf,bird10,birdaves_biox_base_speed0p5,6,50,4.0357,2.2439,1.7918,0.1688,13,
bf,bird10,birdaves_biox_base_speed0p5,6,100,3.5792,2.0098,1.5694,0.2318,13,
bf,bird10,birdmae_base_speed0p03125,10,0,6.4562,2.386,4.0701,0.1504,13,
bf,bird10,birdmae_base_speed0p0625,9,0,5.7427,2.648,3.0947,0.2556,13,
bf,bird10,birdmae_base_speed0p0625,10,0,5.7632,2.6019,3.1613,0.2209,13,
bf,bird10,birdmae_base_speed0p125,9,0,6.0608,3.6688,2.392,0.2518,13,
bf,bird10,birdmae_base_speed0p125,10,0,6.1586,3.6638,2.4948,0.264,13,
bf,bird10,birdmae_base_speed0p25,9,0,9.6959,6.8309,2.865,0.303,13,
bf,bird10,birdmae_base_speed0p25,10,0,9.6474,6.8139,2.8335,0.3087,13,
bf,bird10,birdmae_base_speed0p5,9,0,16.8037,10.5378,6.2659,0.1471,13,
bf,bird10,birdmae_base_speed0p5,10,0,16.8239,10.4642,6.3597,0.1514,13,
bf,bird10,birdmae_base_speed1,8,0,34.4367,15.9526,18.4841,1.0527,13,
bf,bird10,birdmae_base_speed1,10,0,34.4212,15.9294,18.4918,0.9873,13,
bf,bird10,hubert_base_ls960,0,0,5.3935,3.4246,1.969,0.3224,13,
bf,bird10,hubert_base_ls960,0,1,40.134,8.2057,31.9283,0.8654,13,
bf,bird10,hubert_base_ls960,0,5,17.426,6.3269,11.0991,1.157,13,
bf,bird10,hubert_base_ls960,0,10,11.6979,5.4667,6.2311,0.4263,13,
bf,bird10,hubert_base_ls960,0,20,8.4821,4.5566,3.9255,0.3713,13,
bf,bird10,hubert_base_ls960,0,50,6.2812,3.6298,2.6513,0.2913,13,
bf,bird10,hubert_base_ls960,0,100,5.8703,3.5227,2.3476,0.3758,13,
bf,bird10,hubert_base_ls960,3,0,5.1843,3.3928,1.7914,0.2519,13,
bf,bird10,hubert_base_ls960,3,1,43.2862,8.3757,34.9105,2.8892,13,
bf,bird10,hubert_base_ls960,3,5,17.6528,6.0638,11.589,1.7454,13,
bf,bird10,hubert_base_ls960,3,10,11.4507,5.3658,6.0848,0.2143,13,
bf,bird10,hubert_base_ls960,3,20,8.5205,4.6503,3.8702,0.5177,13,
bf,bird10,hubert_base_ls960,3,50,6.299,3.7571,2.5419,0.4498,13,
bf,bird10,hubert_base_ls960,3,100,5.7066,3.5994,2.1072,0.2986,13,
bf,bird10,xcl_base_500k_p32x1_c005,5,0,2.3765,1.2352,1.1413,0.2149,13,
bf,bird10,xcl_base_500k_p32x4_c010,3,0,5.137,3.2592,1.8778,0.1826,13,
bf,bird10,xcl_base_500k_p32x4_c010,4,0,5.1704,3.2433,1.9271,0.2871,13,
bf,bird10,xcl_large_500k_p32x1_c005,11,0,2.3344,1.2311,1.1033,0.2934,13,
bf,bird10,xcl_large_500k_p32x1_c005,11,1,35.6395,8.4325,27.207,0.8291,13,
bf,bird10,xcl_large_500k_p32x1_c005,11,5,10.6076,3.2329,7.3747,1.1635,13,
bf,bird10,xcl_large_500k_p32x1_c005,11,10,5.7276,2.0271,3.7004,0.62,13,
bf,bird10,xcl_large_500k_p32x1_c005,11,20,3.7661,1.4501,2.316,0.5025,13,
bf,bird10,xcl_large_500k_p32x1_c005,11,50,2.962,1.2516,1.7105,0.3274,13,
bf,bird10,xcl_large_500k_p32x1_c005,11,100,2.7414,1.2353,1.5061,0.3925,13,
bf,bird10,xcl_large_500k_p32x4_c0025,9,0,5.0047,3.2082,1.7965,0.2108,13,
bf,bird10,xcl_large_500k_p32x4_c010,10,0,5.1208,3.2052,1.9156,0.2393,13,
bf,bird10,xcl_large_500k_p32x4_c010,10,1,40.1461,8.5764,31.5697,0.6731,13,
bf,bird10,xcl_large_500k_p32x4_c010,10,5,15.7661,5.2884,10.4778,1.3862,13,
bf,bird10,xcl_large_500k_p32x4_c010,10,10,9.93,4.2316,5.6984,0.744,13,
bf,bird10,xcl_large_500k_p32x4_c010,10,20,7.3921,3.629,3.7631,0.7615,13,
bf,bird10,xcl_large_500k_p32x4_c010,10,50,5.9263,3.2888,2.6376,0.2089,13,
bf,bird10,xcl_large_500k_p32x4_c010,10,100,5.6372,3.2876,2.3496,0.2834,13,
bf,bird10,xcl_micro_500k_p32x1_c005,4,0,3.4211,1.2497,2.1714,0.4448,13,
bf,bird10,xcl_micro_500k_p32x1_c005,5,0,3.6039,1.2484,2.3554,0.462,13,
bf,bird10,xcl_micro_500k_p32x4_c010,3,0,5.4888,3.2672,2.2215,0.2702,13,
bf,bird2,beats_iter3_plus_as2m,5,0,42.4394,11.7353,30.704,0.1944,18,
bf,bird2,beats_iter3_plus_as2m,7,0,42.1594,11.3225,30.837,0.2338,18,
bf,bird2,beats_iter3_plus_as2m,8,0,42.0539,11.224,30.8299,0.2463,18,
bf,bird2,beats_iter3_plus_as2m_speed0p03125,10,0,4.4466,1.4234,3.0232,0.0858,18,
bf,bird2,beats_iter3_plus_as2m_speed0p03125,11,0,4.6527,1.4651,3.1875,0.0702,18,
bf,bird2,beats_iter3_plus_as2m_speed0p0625,8,0,3.9253,1.6655,2.2598,0.0997,18,
bf,bird2,beats_iter3_plus_as2m_speed0p0625,10,0,4.0741,1.6737,2.4004,0.0564,18,
bf,bird2,beats_iter3_plus_as2m_speed0p125,8,0,4.6454,2.4581,2.1872,0.1119,18,
bf,bird2,beats_iter3_plus_as2m_speed0p125,9,0,4.7122,2.4394,2.2728,0.0746,18,
bf,bird2,beats_iter3_plus_as2m_speed0p125,10,0,4.7657,2.4533,2.3124,0.0967,18,
bf,bird2,beats_iter3_plus_as2m_speed0p25,8,0,8.6839,4.1409,4.5429,0.0209,18,
bf,bird2,beats_iter3_plus_as2m_speed0p25,9,0,8.7072,4.1133,4.5939,0.0332,18,
bf,bird2,beats_iter3_plus_as2m_speed0p5,8,0,19.4107,7.0166,12.3942,0.1638,18,
bf,bird2,birdaves_biox_base,3,0,4.0124,2.1534,1.8591,0.0651,18,
bf,bird2,birdaves_biox_base,3,1,25.853,6.0376,19.8155,1.5436,18,
bf,bird2,birdaves_biox_base,3,5,11.7368,3.6851,8.0516,0.3116,18,
bf,bird2,birdaves_biox_base,3,10,8.2338,2.992,5.2418,0.3092,18,
bf,bird2,birdaves_biox_base,3,20,6.0549,2.517,3.538,0.1976,18,
bf,bird2,birdaves_biox_base,3,50,4.7688,2.4075,2.3613,0.0931,18,
bf,bird2,birdaves_biox_base,3,100,4.3822,2.3313,2.0509,0.0958,18,
bf,bird2,birdaves_biox_base,7,0,4.0251,2.1167,1.9083,0.0628,18,
bf,bird2,birdaves_biox_base,7,1,24.7979,5.8759,18.922,0.9259,18,
bf,bird2,birdaves_biox_base,7,5,11.34,3.8357,7.5043,0.2827,18,
bf,bird2,birdaves_biox_base,7,10,7.9593,2.9598,4.9995,0.4239,18,
bf,bird2,birdaves_biox_base,7,20,5.8549,2.4313,3.4236,0.2536,18,
bf,bird2,birdaves_biox_base,7,50,4.716,2.3756,2.3404,0.1397,18,
bf,bird2,birdaves_biox_base,7,100,4.3839,2.3231,2.0608,0.0827,18,
bf,bird2,birdaves_biox_base_speed0p25,3,0,2.6589,1.1053,1.5536,0.0574,18,
bf,bird2,birdaves_biox_base_speed0p25,3,1,30.3754,5.5831,24.7923,2.0059,18,
bf,bird2,birdaves_biox_base_speed0p25,3,5,14.1424,3.1736,10.9688,1.2225,18,
bf,bird2,birdaves_biox_base_speed0p25,3,10,9.5243,2.3532,7.1711,0.5511,18,
bf,bird2,birdaves_biox_base_speed0p25,3,20,6.5191,1.636,4.8831,0.1839,18,
bf,bird2,birdaves_biox_base_speed0p25,3,50,4.6272,1.3585,3.2687,0.0595,18,
bf,bird2,birdaves_biox_base_speed0p25,3,100,3.8659,1.2625,2.6034,0.125,18,
bf,bird2,birdaves_biox_base_speed0p25,4,0,2.4785,1.1018,1.3767,0.0602,18,
bf,bird2,birdaves_biox_base_speed0p25,4,1,27.7063,5.4975,22.2088,2.0963,18,
bf,bird2,birdaves_biox_base_speed0p25,4,5,12.9913,3.2729,9.7185,1.2836,18,
bf,bird2,birdaves_biox_base_speed0p25,4,10,8.507,2.3301,6.1769,0.393,18,
bf,bird2,birdaves_biox_base_speed0p25,4,20,5.8207,1.5538,4.2669,0.0836,18,
bf,bird2,birdaves_biox_base_speed0p25,4,50,4.1424,1.3501,2.7922,0.0594,18,
bf,bird2,birdaves_biox_base_speed0p25,4,100,3.4911,1.2401,2.251,0.0777,18,
bf,bird2,birdaves_biox_base_speed0p5,3,0,2.4428,1.2381,1.2047,0.0176,18,
bf,bird2,birdaves_biox_base_speed0p5,3,1,22.4865,5.4995,16.987,0.783,18,
bf,bird2,birdaves_biox_base_speed0p5,3,5,10.2096,3.1195,7.0901,0.356,18,
bf,bird2,birdaves_biox_base_speed0p5,3,10,6.8504,2.5863,4.2641,0.1061,18,
bf,bird2,birdaves_biox_base_speed0p5,3,20,4.6999,1.8881,2.8119,0.3142,18,
bf,bird2,birdaves_biox_base_speed0p5,3,50,3.3582,1.5804,1.7778,0.0631,18,
bf,bird2,birdaves_biox_base_speed0p5,3,100,2.8763,1.4023,1.474,0.0331,18,
bf,bird2,birdaves_biox_base_speed0p5,6,0,2.4454,1.2623,1.1831,0.0155,18,
bf,bird2,birdaves_biox_base_speed0p5,6,1,21.938,5.3426,16.5954,0.6146,18,
bf,bird2,birdaves_biox_base_speed0p5,6,5,9.8411,3.3433,6.4978,0.4253,18,
bf,bird2,birdaves_biox_base_speed0p5,6,10,6.3561,2.6239,3.7322,0.2926,18,
bf,bird2,birdaves_biox_base_speed0p5,6,20,4.5013,1.9258,2.5755,0.2376,18,
bf,bird2,birdaves_biox_base_speed0p5,6,50,3.2633,1.6157,1.6475,0.0581,18,
bf,bird2,birdaves_biox_base_speed0p5,6,100,2.8666,1.4295,1.4371,0.0604,18,
bf,bird2,birdmae_base_speed0p03125,10,0,6.2166,1.553,4.6636,0.084,18,
bf,bird2,birdmae_base_speed0p0625,9,0,4.8389,1.7418,3.0972,0.0969,18,
bf,bird2,birdmae_base_speed0p0625,10,0,4.7678,1.7308,3.037,0.106,18,
bf,bird2,birdmae_base_speed0p125,9,0,5.1523,2.521,2.6313,0.0487,18,
bf,bird2,birdmae_base_speed0p125,10,0,5.1693,2.5312,2.6381,0.0679,18,
bf,bird2,birdmae_base_speed0p25,9,0,8.8729,4.2418,4.6312,0.0418,18,
bf,bird2,birdmae_base_speed0p25,10,0,8.8897,4.2605,4.6292,0.0742,18,
bf,bird2,birdmae_base_speed0p5,9,0,18.8031,7.3683,11.4348,0.2032,18,
bf,bird2,birdmae_base_speed0p5,10,0,18.7965,7.3541,11.4424,0.1876,18,
bf,bird2,birdmae_base_speed1,8,0,39.703,11.732,27.971,0.312,18,
bf,bird2,birdmae_base_speed1,10,0,39.6293,11.6572,27.9721,0.3277,18,
bf,bird2,hubert_base_ls960,0,0,4.2721,2.1849,2.0872,0.0582,18,
bf,bird2,hubert_base_ls960,0,1,34.193,6.4049,27.7881,2.1286,18,
bf,bird2,hubert_base_ls960,0,5,13.9601,3.6559,10.3043,0.4231,18,
bf,bird2,hubert_base_ls960,0,10,10.0772,3.1784,6.8988,0.2799,18,
bf,bird2,hubert_base_ls960,0,20,7.6599,2.6657,4.9942,0.0497,18,
bf,bird2,hubert_base_ls960,0,50,5.6323,2.485,3.1474,0.0575,18,
bf,bird2,hubert_base_ls960,0,100,4.9793,2.4109,2.5685,0.044,18,
bf,bird2,hubert_base_ls960,3,0,4.2962,2.1485,2.1477,0.0651,18,
bf,bird2,hubert_base_ls960,3,1,38.2029,6.1013,32.1015,2.1605,18,
bf,bird2,hubert_base_ls960,3,5,15.4237,3.6997,11.724,0.7607,18,
bf,bird2,hubert_base_ls960,3,10,10.3074,3.1386,7.1689,0.3681,18,
bf,bird2,hubert_base_ls960,3,20,7.6913,2.6644,5.0269,0.4502,18,
bf,bird2,hubert_base_ls960,3,50,5.8002,2.6867,3.1136,0.2458,18,
bf,bird2,hubert_base_ls960,3,100,5.1416,2.5073,2.6343,0.2315,18,
bf,bird2,xcl_base_500k_p32x1_c005,5,0,1.3356,0.916,0.4196,0.0413,18,
bf,bird2,xcl_base_500k_p32x4_c010,3,0,4.1642,2.0692,2.095,0.053,18,
bf,bird2,xcl_base_500k_p32x4_c010,4,0,4.2045,2.0643,2.1402,0.0514,18,
bf,bird2,xcl_large_500k_p32x1_c005,11,0,1.2986,0.9076,0.3909,0.0411,18,
bf,bird2,xcl_large_500k_p32x1_c005,11,1,25.5753,5.2614,20.314,0.5038,18,
bf,bird2,xcl_large_500k_p32x1_c005,11,5,6.7824,2.2058,4.5766,0.4037,18,
bf,bird2,xcl_large_500k_p32x1_c005,11,10,3.3972,1.2877,2.1095,0.3078,18,
bf,bird2,xcl_large_500k_p32x1_c005,11,20,2.1037,1.0093,1.0944,0.1798,18,
bf,bird2,xcl_large_500k_p32x1_c005,11,50,1.502,0.9348,0.5672,0.0416,18,
bf,bird2,xcl_large_500k_p32x1_c005,11,100,1.409,0.914,0.495,0.0378,18,
bf,bird2,xcl_large_500k_p32x4_c0025,9,0,4.1447,2.0543,2.0904,0.055,18,
bf,bird2,xcl_large_500k_p32x4_c010,10,0,4.074,2.0575,2.0165,0.0582,18,
bf,bird2,xcl_large_500k_p32x4_c010,10,1,29.1078,6.0662,23.0416,0.754,18,
bf,bird2,xcl_large_500k_p32x4_c010,10,5,10.8513,3.3184,7.5328,0.2992,18,
bf,bird2,xcl_large_500k_p32x4_c010,10,10,7.2573,2.4634,4.7939,0.1706,18,
bf,bird2,xcl_large_500k_p32x4_c010,10,20,5.496,2.1518,3.3443,0.2244,18,
bf,bird2,xcl_large_500k_p32x4_c010,10,50,4.5204,2.1497,2.3708,0.0897,18,
bf,bird2,xcl_large_500k_p32x4_c010,10,100,4.3206,2.1611,2.1595,0.0924,18,
bf,bird2,xcl_micro_500k_p32x1_c005,4,0,1.9759,0.9339,1.0419,0.0417,18,
bf,bird2,xcl_micro_500k_p32x1_c005,5,0,2.1069,0.9384,1.1685,0.0459,18,
bf,bird2,xcl_micro_500k_p32x4_c010,3,0,4.4045,2.1054,2.2991,0.0453,18,
bf,bird3,beats_iter3_plus_as2m,5,0,46.6535,26.9047,19.7488,0.1505,10,
bf,bird3,beats_iter3_plus_as2m,7,0,45.7455,25.9947,19.7508,0.4512,10,
bf,bird3,beats_iter3_plus_as2m,8,0,44.9888,25.109,19.8798,0.5928,10,
bf,bird3,beats_iter3_plus_as2m_speed0p03125,10,0,7.2441,2.868,4.376,0.0319,10,
bf,bird3,beats_iter3_plus_as2m_speed0p03125,11,0,7.3848,2.9301,4.4547,0.0836,10,
bf,bird3,beats_iter3_plus_as2m_speed0p0625,8,0,6.0091,3.1278,2.8813,0.1902,10,
bf,bird3,beats_iter3_plus_as2m_speed0p0625,10,0,6.0981,3.134,2.9641,0.0879,10,
bf,bird3,beats_iter3_plus_as2m_speed0p125,8,0,6.2898,4.3988,1.891,0.0511,10,
bf,bird3,beats_iter3_plus_as2m_speed0p125,9,0,6.4404,4.4098,2.0306,0.0782,10,
bf,bird3,beats_iter3_plus_as2m_speed0p125,10,0,6.5913,4.426,2.1653,0.1362,10,
bf,bird3,beats_iter3_plus_as2m_speed0p25,8,0,11.6947,9.2029,2.4918,0.1779,10,
bf,bird3,beats_iter3_plus_as2m_speed0p25,9,0,11.6075,9.1167,2.4908,0.1442,10,
bf,bird3,beats_iter3_plus_as2m_speed0p5,8,0,23.5633,16.3423,7.221,0.3176,10,
bf,bird3,birdaves_biox_base,3,0,5.1061,3.8112,1.2949,0.0224,10,
bf,bird3,birdaves_biox_base,3,1,41.3158,10.132,31.1838,1.009,10,
bf,bird3,birdaves_biox_base,3,5,18.4659,7.8307,10.6351,0.7126,10,
bf,bird3,birdaves_biox_base,3,10,12.5187,6.5045,6.0142,0.4502,10,
bf,bird3,birdaves_biox_base,3,20,8.7832,5.1271,3.6561,0.5517,10,
bf,bird3,birdaves_biox_base,3,50,6.3484,4.2168,2.1316,0.2378,10,
bf,bird3,birdaves_biox_base,3,100,5.7181,3.9379,1.7802,0.0804,10,
bf,bird3,birdaves_biox_base,7,0,4.9516,3.7631,1.1885,0.0059,10,
bf,bird3,birdaves_biox_base,7,1,39.542,10.246,29.296,1.2976,10,
bf,bird3,birdaves_biox_base,7,5,17.3286,8.0535,9.2752,0.447,10,
bf,bird3,birdaves_biox_base,7,10,11.7146,6.4649,5.2498,0.7375,10,
bf,bird3,birdaves_biox_base,7,20,8.494,5.2029,3.2911,0.4709,10,
bf,bird3,birdaves_biox_base,7,50,6.2213,4.2899,1.9314,0.3316,10,
bf,bird3,birdaves_biox_base,7,100,5.7244,4.0245,1.6999,0.1485,10,
bf,bird3,birdaves_biox_base_speed0p25,3,0,3.737,1.8259,1.9112,0.1266,10,
bf,bird3,birdaves_biox_base_speed0p25,3,1,43.7298,9.7076,34.0222,2.6854,10,
bf,bird3,birdaves_biox_base_speed0p25,3,5,20.7733,7.0891,13.6842,1.4296,10,
bf,bird3,birdaves_biox_base_speed0p25,3,10,13.8056,5.2136,8.5921,0.7864,10,
bf,bird3,birdaves_biox_base_speed0p25,3,20,9.398,3.6985,5.6995,0.7308,10,
bf,bird3,birdaves_biox_base_speed0p25,3,50,6.3478,2.3996,3.9482,0.2878,10,
bf,bird3,birdaves_biox_base_speed0p25,3,100,5.4116,2.0091,3.4025,0.1353,10,
bf,bird3,birdaves_biox_base_speed0p25,4,0,3.546,1.8111,1.7349,0.077,10,
bf,bird3,birdaves_biox_base_speed0p25,4,1,41.6418,9.6995,31.9423,2.6246,10,
bf,bird3,birdaves_biox_base_speed0p25,4,5,19.1173,6.9196,12.1977,1.6767,10,
bf,bird3,birdaves_biox_base_speed0p25,4,10,12.5823,5.0882,7.4941,0.4402,10,
bf,bird3,birdaves_biox_base_speed0p25,4,20,8.728,3.7426,4.9854,0.4784,10,
bf,bird3,birdaves_biox_base_speed0p25,4,50,6.0394,2.411,3.6284,0.2436,10,
bf,bird3,birdaves_biox_base_speed0p25,4,100,5.1889,2.0343,3.1546,0.1322,10,
bf,bird3,birdaves_biox_base_speed0p5,3,0,3.0026,2.0814,0.9212,0.1159,10,
bf,bird3,birdaves_biox_base_speed0p5,3,1,36.8442,9.3489,27.4953,0.6145,10,
bf,bird3,birdaves_biox_base_speed0p5,3,5,16.7388,7.0611,9.6777,0.2443,10,
bf,bird3,birdaves_biox_base_speed0p5,3,10,10.8252,5.3975,5.4276,1.1408,10,
bf,bird3,birdaves_biox_base_speed0p5,3,20,7.3497,3.9768,3.3729,0.7268,10,
bf,bird3,birdaves_biox_base_speed0p5,3,50,4.5715,2.7505,1.821,0.2546,10,
bf,bird3,birdaves_biox_base_speed0p5,3,100,3.8737,2.3204,1.5533,0.1252,10,
bf,bird3,birdaves_biox_base_speed0p5,6,0,2.9292,2.0988,0.8303,0.1097,10,
bf,bird3,birdaves_biox_base_speed0p5,6,1,37.556,9.3711,28.1849,1.1117,10,
bf,bird3,birdaves_biox_base_speed0p5,6,5,16.7112,7.1117,9.5996,0.1989,10,
bf,bird3,birdaves_biox_base_speed0p5,6,10,10.7233,5.4175,5.3058,0.8184,10,
bf,bird3,birdaves_biox_base_speed0p5,6,20,7.3181,4.0982,3.2198,0.802,10,
bf,bird3,birdaves_biox_base_speed0p5,6,50,4.5803,2.8051,1.7752,0.1988,10,
bf,bird3,birdaves_biox_base_speed0p5,6,100,3.858,2.3947,1.4632,0.1054,10,
bf,bird3,birdmae_base_speed0p03125,10,0,9.0969,2.9157,6.1813,0.159,10,
bf,bird3,birdmae_base_speed0p0625,9,0,8.2314,3.5105,4.7209,0.148,10,
bf,bird3,birdmae_base_speed0p0625,10,0,8.1909,3.4749,4.716,0.1363,10,
bf,bird3,birdmae_base_speed0p125,9,0,7.4136,4.5182,2.8955,0.123,10,
bf,bird3,birdmae_base_speed0p125,10,0,7.4486,4.5413,2.9073,0.1257,10,
bf,bird3,birdmae_base_speed0p25,9,0,11.8645,9.31,2.5545,0.1614,10,
bf,bird3,birdmae_base_speed0p25,10,0,11.8721,9.3527,2.5193,0.1466,10,
bf,bird3,birdmae_base_speed0p5,9,0,23.0165,16.3922,6.6243,0.374,10,
bf,bird3,birdmae_base_speed0p5,10,0,23.0321,16.3907,6.6414,0.3589,10,
bf,bird3,birdmae_base_speed1,8,0,45.703,27.3617,18.3413,0.4843,10,
bf,bird3,birdmae_base_speed1,10,0,45.5929,27.2326,18.3602,0.3863,10,
bf,bird3,hubert_base_ls960,0,0,5.3455,3.9969,1.3486,0.0313,10,
bf,bird3,hubert_base_ls960,0,1,44.7938,11.1334,33.6604,1.3836,10,
bf,bird3,hubert_base_ls960,0,5,21.8557,8.5186,13.3371,0.6538,10,
bf,bird3,hubert_base_ls960,0,10,16.0273,7.2971,8.7301,0.7996,10,
bf,bird3,hubert_base_ls960,0,20,10.7631,5.8282,4.9349,0.8961,10,
bf,bird3,hubert_base_ls960,0,50,7.5858,4.9757,2.61,0.3984,10,
bf,bird3,hubert_base_ls960,0,100,6.5553,4.5826,1.9727,0.1464,10,
bf,bird3,hubert_base_ls960,3,0,5.6298,3.9921,1.6376,0.0562,10,
bf,bird3,hubert_base_ls960,3,1,47.6668,10.9456,36.7212,1.659,10,
bf,bird3,hubert_base_ls960,3,5,22.9805,8.7623,14.2182,0.4856,10,
bf,bird3,hubert_base_ls960,3,10,16.0794,7.0446,9.0348,0.196,10,
bf,bird3,hubert_base_ls960,3,20,11.4822,5.6245,5.8577,0.5349,10,
bf,bird3,hubert_base_ls960,3,50,8.0691,4.9172,3.1519,0.3535,10,
bf,bird3,hubert_base_ls960,3,100,7.0705,4.6624,2.4082,0.1252,10,
bf,bird3,xcl_base_500k_p32x1_c005,5,0,2.2005,1.4969,0.7035,0.1089,10,
bf,bird3,xcl_base_500k_p32x4_c010,3,0,5.1835,3.841,1.3425,0.1172,10,
bf,bird3,xcl_base_500k_p32x4_c010,4,0,5.1894,3.8655,1.3239,0.0829,10,
bf,bird3,xcl_large_500k_p32x1_c005,11,0,1.9846,1.4628,0.5219,0.0745,10,
bf,bird3,xcl_large_500k_p32x1_c005,11,1,36.105,9.0063,27.0987,2.9573,10,
bf,bird3,xcl_large_500k_p32x1_c005,11,5,13.2219,4.7439,8.478,0.4814,10,
bf,bird3,xcl_large_500k_p32x1_c005,11,10,7.4715,2.8937,4.5778,0.6017,10,
bf,bird3,xcl_large_500k_p32x1_c005,11,20,3.8891,1.892,1.9971,0.2409,10,
bf,bird3,xcl_large_500k_p32x1_c005,11,50,2.6047,1.5253,1.0794,0.0426,10,
bf,bird3,xcl_large_500k_p32x1_c005,11,100,2.4747,1.5203,0.9544,0.088,10,
bf,bird3,xcl_large_500k_p32x4_c0025,9,0,5.103,3.8183,1.2847,0.08,10,
bf,bird3,xcl_large_500k_p32x4_c010,10,0,5.0164,3.7633,1.2531,0.0493,10,
bf,bird3,xcl_large_500k_p32x4_c010,10,1,38.6681,11.0924,27.5757,1.2555,10,
bf,bird3,xcl_large_500k_p32x4_c010,10,5,17.2806,8.1842,9.0964,0.7777,10,
bf,bird3,xcl_large_500k_p32x4_c010,10,10,11.6383,6.3121,5.3262,0.8264,10,
bf,bird3,xcl_large_500k_p32x4_c010,10,20,7.8719,4.9133,2.9587,0.6917,10,
bf,bird3,xcl_large_500k_p32x4_c010,10,50,5.9069,4.1131,1.7938,0.1915,10,
bf,bird3,xcl_large_500k_p32x4_c010,10,100,5.5831,4.001,1.5821,0.0891,10,
bf,bird3,xcl_micro_500k_p32x1_c005,4,0,3.3482,1.6496,1.6986,0.1037,10,
bf,bird3,xcl_micro_500k_p32x1_c005,5,0,3.5016,1.6556,1.846,0.1229,10,
bf,bird3,xcl_micro_500k_p32x4_c010,3,0,5.4322,3.9043,1.5279,0.0639,10,
bf,bird4,beats_iter3_plus_as2m,5,0,43.197,34.3033,8.8937,0.1595,6,
bf,bird4,beats_iter3_plus_as2m,7,0,42.6383,33.6978,8.9406,0.1114,6,
bf,bird4,beats_iter3_plus_as2m,8,0,42.4976,33.5302,8.9674,0.0543,6,
bf,bird4,beats_iter3_plus_as2m_speed0p03125,10,0,4.4931,3.0935,1.3996,0.1965,6,
bf,bird4,beats_iter3_plus_as2m_speed0p03125,11,0,4.5278,3.0863,1.4415,0.1595,6,
bf,bird4,beats_iter3_plus_as2m_speed0p0625,8,0,4.8116,3.9799,0.8318,0.1183,6,
bf,bird4,beats_iter3_plus_as2m_speed0p0625,10,0,4.9274,3.9854,0.9421,0.1605,6,
bf,bird4,beats_iter3_plus_as2m_speed0p125,8,0,6.1138,5.6843,0.4295,0.0859,6,
bf,bird4,beats_iter3_plus_as2m_speed0p125,9,0,6.1149,5.6638,0.4511,0.1056,6,
bf,bird4,beats_iter3_plus_as2m_speed0p125,10,0,6.1766,5.6808,0.4958,0.0965,6,
bf,bird4,beats_iter3_plus_as2m_speed0p25,8,0,11.8994,11.5602,0.3392,0.0914,6,
bf,bird4,beats_iter3_plus_as2m_speed0p25,9,0,11.909,11.5522,0.3568,0.1108,6,
bf,bird4,beats_iter3_plus_as2m_speed0p5,8,0,23.7984,22.1512,1.6473,0.1813,6,
bf,bird4,birdaves_biox_base,3,0,5.6638,5.327,0.3368,0.1019,6,
bf,bird4,birdaves_biox_base,3,1,49.8991,16.1487,33.7504,2.9775,6,
bf,bird4,birdaves_biox_base,3,5,25.7986,13.4711,12.3275,0.8924,6,
bf,bird4,birdaves_biox_base,3,10,17.5864,11.2008,6.3856,0.4798,6,
bf,bird4,birdaves_biox_base,3,20,11.5148,9.0579,2.4569,0.7867,6,
bf,bird4,birdaves_biox_base,3,50,7.3347,6.5087,0.826,0.146,6,
bf,bird4,birdaves_biox_base,3,100,6.0382,5.614,0.4242,0.1483,6,
bf,bird4,birdaves_biox_base,7,0,5.6643,5.3566,0.3077,0.0486,6,
bf,bird4,birdaves_biox_base,7,1,51.2487,16.0217,35.227,1.5693,6,
bf,bird4,birdaves_biox_base,7,5,26.1175,12.8319,13.2856,0.6752,6,
bf,bird4,birdaves_biox_base,7,10,17.8423,10.6854,7.1569,0.6211,6,
bf,bird4,birdaves_biox_base,7,20,11.7431,8.9313,2.8118,0.6653,6,
bf,bird4,birdaves_biox_base,7,50,7.3926,6.4915,0.9012,0.0568,6,
bf,bird4,birdaves_biox_base,7,100,6.2535,5.6928,0.5607,0.1283,6,
bf,bird4,birdaves_biox_base_speed0p25,3,0,3.2175,2.3977,0.8199,0.0781,6,
bf,bird4,birdaves_biox_base_speed0p25,3,1,45.4597,15.0225,30.4372,1.502,6,
bf,bird4,birdaves_biox_base_speed0p25,3,5,21.8599,10.4852,11.3747,3.0329,6,
bf,bird4,birdaves_biox_base_speed0p25,3,10,12.9637,6.6727,6.291,0.6765,6,
bf,bird4,birdaves_biox_base_speed0p25,3,20,7.5054,5.0257,2.4797,0.2019,6,
bf,bird4,birdaves_biox_base_speed0p25,3,50,4.5058,2.9503,1.5555,0.0929,6,
bf,bird4,birdaves_biox_base_speed0p25,3,100,3.7093,2.4428,1.2666,0.1492,6,
bf,bird4,birdaves_biox_base_speed0p25,4,0,3.21,2.3953,0.8147,0.0732,6,
bf,bird4,birdaves_biox_base_speed0p25,4,1,44.5474,14.7726,29.7748,2.2502,6,
bf,bird4,birdaves_biox_base_speed0p25,4,5,22.0737,10.4527,11.6211,2.9971,6,
bf,bird4,birdaves_biox_base_speed0p25,4,10,13.6019,6.9438,6.6581,1.0566,6,
bf,bird4,birdaves_biox_base_speed0p25,4,20,7.8631,5.0576,2.8055,0.4383,6,
bf,bird4,birdaves_biox_base_speed0p25,4,50,4.6154,3.0013,1.6141,0.0988,6,
bf,bird4,birdaves_biox_base_speed0p25,4,100,3.7323,2.4526,1.2797,0.1368,6,
bf,bird4,birdaves_biox_base_speed0p5,3,0,3.4023,2.9498,0.4525,0.0779,6,
bf,bird4,birdaves_biox_base_speed0p5,3,1,42.9004,15.7078,27.1926,2.4069,6,
bf,bird4,birdaves_biox_base_speed0p5,3,5,21.0173,11.7388,9.2785,2.0407,6,
bf,bird4,birdaves_biox_base_speed0p5,3,10,12.8889,8.1802,4.7087,0.586,6,
bf,bird4,birdaves_biox_base_speed0p5,3,20,8.4668,6.5551,1.9118,0.2539,6,
bf,bird4,birdaves_biox_base_speed0p5,3,50,4.4552,3.6064,0.8488,0.0486,6,
bf,bird4,birdaves_biox_base_speed0p5,3,100,3.7335,3.0976,0.6359,0.0921,6,
bf,bird4,birdaves_biox_base_speed0p5,6,0,3.397,2.9741,0.4229,0.0763,6,
bf,bird4,birdaves_biox_base_speed0p5,6,1,45.9578,16.4528,29.505,1.3399,6,
bf,bird4,birdaves_biox_base_speed0p5,6,5,22.6353,12.176,10.4593,1.2186,6,
bf,bird4,birdaves_biox_base_speed0p5,6,10,14.1884,8.6756,5.5127,1.3881,6,
bf,bird4,birdaves_biox_base_speed0p5,6,20,9.8134,7.2668,2.5466,0.7145,6,
bf,bird4,birdaves_biox_base_speed0p5,6,50,4.7765,3.8669,0.9097,0.0868,6,
bf,bird4,birdaves_biox_base_speed0p5,6,100,3.7729,3.1749,0.598,0.0801,6,
bf,bird4,birdmae_base_speed0p03125,10,0,5.2596,3.4446,1.8151,0.177,6,
bf,bird4,birdmae_base_speed0p0625,9,0,5.2867,3.9064,1.3803,0.1797,6,
bf,bird4,birdmae_base_speed0p0625,10,0,5.2824,3.8841,1.3983,0.2017,6,
bf,bird4,birdmae_base_speed0p125,9,0,6.251,5.5672,0.6838,0.1496,6,
bf,bird4,birdmae_base_speed0p125,10,0,6.3017,5.593,0.7087,0.138,6,
bf,bird4,birdmae_base_speed0p25,9,0,11.9351,11.5674,0.3677,0.1354,6,
bf,bird4,birdmae_base_speed0p25,10,0,11.9334,11.5667,0.3667,0.1604,6,
bf,bird4,birdmae_base_speed0p5,9,0,23.677,22.3084,1.3686,0.2913,6,
bf,bird4,birdmae_base_speed0p5,10,0,23.6251,22.2624,1.3627,0.3193,6,
bf,bird4,birdmae_base_speed1,8,0,42.551,34.6592,7.8917,0.2684,6,
bf,bird4,birdmae_base_speed1,10,0,42.4791,34.6296,7.8495,0.2327,6,
bf,bird4,hubert_base_ls960,0,0,5.7748,5.4415,0.3332,0.0949,6,
bf,bird4,hubert_base_ls960,0,1,51.024,16.033,34.991,1.5349,6,
bf,bird4,hubert_base_ls960,0,5,27.3385,13.6866,13.6519,1.3662,6,
bf,bird4,hubert_base_ls960,0,10,19.2264,11.3751,7.8513,0.1038,6,
bf,bird4,hubert_base_ls960,0,20,12.581,9.1969,3.3842,0.9747,6,
bf,bird4,hubert_base_ls960,0,50,7.5654,6.4967,1.0687,0.1324,6,
bf,bird4,hubert_base_ls960,0,100,6.489,5.9595,0.5296,0.1839,6,
bf,bird4,hubert_base_ls960,3,0,5.9281,5.5038,0.4243,0.1288,6,
bf,bird4,hubert_base_ls960,3,1,54.3099,16.8784,37.4315,0.9249,6,
bf,bird4,hubert_base_ls960,3,5,29.5452,13.4636,16.0816,1.2812,6,
bf,bird4,hubert_base_ls960,3,10,19.9459,11.1396,8.8062,0.7958,6,
bf,bird4,hubert_base_ls960,3,20,12.6893,8.9886,3.7007,0.8386,6,
bf,bird4,hubert_base_ls960,3,50,7.7493,6.7333,1.016,0.1994,6,
bf,bird4,hubert_base_ls960,3,100,6.7038,6.098,0.6058,0.1914,6,
bf,bird4,xcl_base_500k_p32x1_c005,5,0,2.6043,2.1779,0.4264,0.0914,6,
bf,bird4,xcl_base_500k_p32x4_c010,3,0,5.8439,5.4804,0.3635,0.1574,6,
bf,bird4,xcl_base_500k_p32x4_c010,4,0,5.8205,5.4537,0.3669,0.149,6,
bf,bird4,xcl_large_500k_p32x1_c005,11,0,2.4886,2.1451,0.3436,0.0594,6,
bf,bird4,xcl_large_500k_p32x1_c005,11,1,47.2363,18.1535,29.0828,0.7016,6,
bf,bird4,xcl_large_500k_p32x1_c005,11,5,21.5354,10.7169,10.8185,1.6013,6,
bf,bird4,xcl_large_500k_p32x1_c005,11,10,11.999,6.3696,5.6294,0.7322,6,
bf,bird4,xcl_large_500k_p32x1_c005,11,20,5.357,3.4134,1.9436,0.1514,6,
bf,bird4,xcl_large_500k_p32x1_c005,11,50,2.8166,2.2393,0.5773,0.3374,6,
bf,bird4,xcl_large_500k_p32x1_c005,11,100,2.6033,2.1554,0.4478,0.2248,6,
bf,bird4,xcl_large_500k_p32x4_c0025,9,0,5.7728,5.4572,0.3156,0.1824,6,
bf,bird4,xcl_large_500k_p32x4_c010,10,0,5.7754,5.4816,0.2938,0.1376,6,
bf,bird4,xcl_large_500k_p32x4_c010,10,1,53.7679,17.7472,36.0207,1.0583,6,
bf,bird4,xcl_large_500k_p32x4_c010,10,5,27.7791,13.9672,13.8119,1.4917,6,
bf,bird4,xcl_large_500k_p32x4_c010,10,10,19.0519,11.3081,7.7438,0.6504,6,
bf,bird4,xcl_large_500k_p32x4_c010,10,20,12.3152,9.0534,3.2618,0.8386,6,
bf,bird4,xcl_large_500k_p32x4_c010,10,50,7.0751,6.3424,0.7327,0.3189,6,
bf,bird4,xcl_large_500k_p32x4_c010,10,100,6.2358,5.8192,0.4166,0.1829,6,
bf,bird4,xcl_micro_500k_p32x1_c005,4,0,2.8777,2.2284,0.6493,0.1152,6,
bf,bird4,xcl_micro_500k_p32x1_c005,5,0,2.8894,2.2261,0.6633,0.1115,6,
bf,bird4,xcl_micro_500k_p32x4_c010,3,0,5.8199,5.4647,0.3553,0.191,6,
bf,bird5,beats_iter3_plus_as2m,5,0,34.7914,15.8084,18.983,0.3596,8,
bf,bird5,beats_iter3_plus_as2m,7,0,34.457,15.5685,18.8886,0.2831,8,
bf,bird5,beats_iter3_plus_as2m,8,0,34.5426,15.5732,18.9693,0.351,8,
bf,bird5,beats_iter3_plus_as2m_speed0p03125,10,0,4.8252,3.3345,1.4907,0.0327,8,
bf,bird5,beats_iter3_plus_as2m_speed0p03125,11,0,4.9203,3.3708,1.5495,0.0464,8,
bf,bird5,beats_iter3_plus_as2m_speed0p0625,8,0,4.8451,3.9707,0.8743,0.0664,8,
bf,bird5,beats_iter3_plus_as2m_speed0p0625,10,0,5.0616,4.0847,0.9769,0.0823,8,
bf,bird5,beats_iter3_plus_as2m_speed0p125,8,0,5.771,5.3166,0.4544,0.0533,8,
bf,bird5,beats_iter3_plus_as2m_speed0p125,9,0,5.8488,5.3319,0.517,0.0781,8,
bf,bird5,beats_iter3_plus_as2m_speed0p125,10,0,5.9228,5.344,0.5788,0.0955,8,
bf,bird5,beats_iter3_plus_as2m_speed0p25,8,0,9.8268,9.0126,0.8142,0.0514,8,
bf,bird5,beats_iter3_plus_as2m_speed0p25,9,0,9.8252,8.9829,0.8423,0.0301,8,
bf,bird5,beats_iter3_plus_as2m_speed0p5,8,0,18.4782,13.3463,5.1319,0.2078,8,
bf,bird5,birdaves_biox_base,3,0,5.2904,5.1613,0.1291,0.0279,8,
bf,bird5,birdaves_biox_base,3,1,45.9446,12.3796,33.5651,1.516,8,
bf,bird5,birdaves_biox_base,3,5,22.6153,10.0327,12.5826,2.1157,8,
bf,bird5,birdaves_biox_base,3,10,14.3152,8.8499,5.4653,0.4134,8,
bf,bird5,birdaves_biox_base,3,20,8.9161,7.2176,1.6985,0.3978,8,
bf,bird5,birdaves_biox_base,3,50,5.9387,5.5329,0.4058,0.1964,8,
bf,bird5,birdaves_biox_base,3,100,5.5713,5.3768,0.1945,0.1269,8,
bf,bird5,birdaves_biox_base,7,0,5.3119,5.1778,0.134,0.006,8,
bf,bird5,birdaves_biox_base,7,1,47.504,12.6639,34.8402,2.1687,8,
bf,bird5,birdaves_biox_base,7,5,23.3406,9.7335,13.6072,2.0023,8,
bf,bird5,birdaves_biox_base,7,10,15.2139,8.5813,6.6326,0.4856,8,
bf,bird5,birdaves_biox_base,7,20,9.2178,6.9826,2.2352,0.8743,8,
bf,bird5,birdaves_biox_base,7,50,5.8922,5.4594,0.4328,0.2408,8,
bf,bird5,birdaves_biox_base,7,100,5.499,5.3493,0.1497,0.1006,8,
bf,bird5,birdaves_biox_base_speed0p25,3,0,3.2863,2.7236,0.5627,0.0458,8,
bf,bird5,birdaves_biox_base_speed0p25,3,1,45.7457,12.1848,33.5608,0.7773,8,
bf,bird5,birdaves_biox_base_speed0p25,3,5,20.9199,9.8582,11.0617,0.6136,8,
bf,bird5,birdaves_biox_base_speed0p25,3,10,12.5182,7.4503,5.0679,1.1324,8,
bf,bird5,birdaves_biox_base_speed0p25,3,20,7.8837,5.2081,2.6756,0.6927,8,
bf,bird5,birdaves_biox_base_speed0p25,3,50,4.9024,3.3171,1.5853,0.2714,8,
bf,bird5,birdaves_biox_base_speed0p25,3,100,4.2456,3.1206,1.125,0.2584,8,
bf,bird5,birdaves_biox_base_speed0p25,4,0,3.0816,2.6838,0.3979,0.0438,8,
bf,bird5,birdaves_biox_base_speed0p25,4,1,45.0133,12.2087,32.8046,0.8581,8,
bf,bird5,birdaves_biox_base_speed0p25,4,5,20.0939,9.951,10.1429,0.6933,8,
bf,bird5,birdaves_biox_base_speed0p25,4,10,11.8112,7.7458,4.0654,0.8613,8,
bf,bird5,birdaves_biox_base_speed0p25,4,20,7.6071,5.5319,2.0752,0.5695,8,
bf,bird5,birdaves_biox_base_speed0p25,4,50,4.4007,3.3491,1.0516,0.2292,8,
bf,bird5,birdaves_biox_base_speed0p25,4,100,3.8555,3.0956,0.7599,0.2777,8,
bf,bird5,birdaves_biox_base_speed0p5,3,0,3.303,3.1425,0.1604,0.0551,8,
bf,bird5,birdaves_biox_base_speed0p5,3,1,44.2836,12.1848,32.0988,1.6579,8,
bf,bird5,birdaves_biox_base_speed0p5,3,5,20.3998,10.2608,10.1389,1.9238,8,
bf,bird5,birdaves_biox_base_speed0p5,3,10,12.2493,8.6306,3.6186,1.2178,8,
bf,bird5,birdaves_biox_base_speed0p5,3,20,7.5463,6.295,1.2513,1.3191,8,
bf,bird5,birdaves_biox_base_speed0p5,3,50,4.1433,3.6242,0.5191,0.1081,8,
bf,bird5,birdaves_biox_base_speed0p5,3,100,3.5602,3.2394,0.3208,0.0565,8,
bf,bird5,birdaves_biox_base_speed0p5,6,0,3.3137,3.1816,0.1321,0.0398,8,
bf,bird5,birdaves_biox_base_speed0p5,6,1,44.6223,12.5518,32.0706,1.4242,8,
bf,bird5,birdaves_biox_base_speed0p5,6,5,21.8892,10.4177,11.4716,1.3108,8,
bf,bird5,birdaves_biox_base_speed0p5,6,10,13.9778,9.0796,4.8982,1.2827,8,
bf,bird5,birdaves_biox_base_speed0p5,6,20,8.0451,6.6507,1.3943,1.0983,8,
bf,bird5,birdaves_biox_base_speed0p5,6,50,4.349,3.8822,0.4668,0.0295,8,
bf,bird5,birdaves_biox_base_speed0p5,6,100,3.5971,3.3334,0.2638,0.0967,8,
bf,bird5,birdmae_base_speed0p03125,10,0,5.5214,3.5459,1.9755,0.0964,8,
bf,bird5,birdmae_base_speed0p0625,9,0,4.9278,3.7399,1.1878,0.0837,8,
bf,bird5,birdmae_base_speed0p0625,10,0,5.0165,3.7509,1.2656,0.068,8,
bf,bird5,birdmae_base_speed0p125,9,0,5.9631,5.2838,0.6793,0.0754,8,
bf,bird5,birdmae_base_speed0p125,10,0,5.9692,5.298,0.6712,0.0971,8,
bf,bird5,birdmae_base_speed0p25,9,0,9.9191,9.0684,0.8507,0.0689,8,
bf,bird5,birdmae_base_speed0p25,10,0,9.9045,9.0552,0.8493,0.0972,8,
bf,bird5,birdmae_base_speed0p5,9,0,19.052,14.1004,4.9516,0.2523,8,
bf,bird5,birdmae_base_speed0p5,10,0,19.0294,14.0794,4.95,0.2493,8,
bf,bird5,birdmae_base_speed1,8,0,33.9277,16.1324,17.7953,0.2378,8,
bf,bird5,birdmae_base_speed1,10,0,33.7726,16.0562,17.7165,0.37,8,
bf,bird5,hubert_base_ls960,0,0,5.4186,5.2398,0.1789,0.0051,8,
bf,bird5,hubert_base_ls960,0,1,48.4905,12.5875,35.903,0.2649,8,
bf,bird5,hubert_base_ls960,0,5,22.3108,10.1221,12.1887,1.5045,8,
bf,bird5,hubert_base_ls960,0,10,14.3782,8.9983,5.3799,0.5727,8,
bf,bird5,hubert_base_ls960,0,20,9.0288,7.1144,1.9144,0.2135,8,
bf,bird5,hubert_base_ls960,0,50,6.4087,5.6808,0.7279,0.0556,8,
bf,bird5,hubert_base_ls960,0,100,5.8315,5.4893,0.3422,0.0443,8,
bf,bird5,hubert_base_ls960,3,0,5.5266,5.3335,0.1931,0.026,8,
bf,bird5,hubert_base_ls960,3,1,49.3077,12.6995,36.6082,0.8716,8,
bf,bird5,hubert_base_ls960,3,5,24.1043,10.3734,13.7309,1.4737,8,
bf,bird5,hubert_base_ls960,3,10,15.5062,9.1005,6.4056,0.4809,8,
bf,bird5,hubert_base_ls960,3,20,9.8996,7.807,2.0926,0.3871,8,
bf,bird5,hubert_base_ls960,3,50,6.8224,6.0439,0.7785,0.1673,8,
bf,bird5,hubert_base_ls960,3,100,6.1709,5.8254,0.3455,0.1328,8,
bf,bird5,xcl_base_500k_p32x1_c005,5,0,2.4192,2.3453,0.0738,0.0042,8,
bf,bird5,xcl_base_500k_p32x4_c010,3,0,5.2481,5.0649,0.1833,0.0456,8,
bf,bird5,xcl_base_500k_p32x4_c010,4,0,5.2386,5.0381,0.2005,0.045,8,
bf,bird5,xcl_large_500k_p32x1_c005,11,0,2.4113,2.3576,0.0537,0.0164,8,
bf,bird5,xcl_large_500k_p32x1_c005,11,1,47.8213,12.3069,35.5144,1.8704,8,
bf,bird5,xcl_large_500k_p32x1_c005,11,5,18.2923,8.3189,9.9734,1.8252,8,
bf,bird5,xcl_large_500k_p32x1_c005,11,10,10.3055,6.8724,3.4331,1.0929,8,
bf,bird5,xcl_large_500k_p32x1_c005,11,20,5.2289,4.32,0.9089,0.9551,8,
bf,bird5,xcl_large_500k_p32x1_c005,11,50,2.8446,2.5406,0.304,0.0442,8,
bf,bird5,xcl_large_500k_p32x1_c005,11,100,2.6224,2.4279,0.1945,0.0328,8,
bf,bird5,xcl_large_500k_p32x4_c0025,9,0,5.2448,5.0652,0.1796,0.0522,8,
bf,bird5,xcl_large_500k_p32x4_c010,10,0,5.2254,5.039,0.1865,0.0534,8,
bf,bird5,xcl_large_500k_p32x4_c010,10,1,50.2691,12.6856,37.5835,3.1312,8,
bf,bird5,xcl_large_500k_p32x4_c010,10,5,24.423,11.3722,13.0508,1.6718,8,
bf,bird5,xcl_large_500k_p32x4_c010,10,10,16.72,10.1854,6.5347,0.9619,8,
bf,bird5,xcl_large_500k_p32x4_c010,10,20,10.3962,8.3575,2.0387,1.419,8,
bf,bird5,xcl_large_500k_p32x4_c010,10,50,5.7704,5.3479,0.4225,0.0745,8,
bf,bird5,xcl_large_500k_p32x4_c010,10,100,5.3823,5.1511,0.2312,0.1029,8,
bf,bird5,xcl_micro_500k_p32x1_c005,4,0,2.7913,2.3701,0.4212,0.0177,8,
bf,bird5,xcl_micro_500k_p32x1_c005,5,0,2.8825,2.3861,0.4964,0.0256,8,
bf,bird5,xcl_micro_500k_p32x4_c010,3,0,5.2951,5.0743,0.2208,0.031,8,
bf,bird6,beats_iter3_plus_as2m,5,0,40.3463,31.0488,9.2975,0.4669,6,
bf,bird6,beats_iter3_plus_as2m,7,0,39.9681,30.8235,9.1446,0.4029,6,
bf,bird6,beats_iter3_plus_as2m,8,0,39.7517,30.7051,9.0466,0.5474,6,
bf,bird6,beats_iter3_plus_as2m_speed0p03125,10,0,4.6005,3.3958,1.2048,0.1041,6,
bf,bird6,beats_iter3_plus_as2m_speed0p03125,11,0,4.6469,3.4338,1.2131,0.0747,6,
bf,bird6,beats_iter3_plus_as2m_speed0p0625,8,0,4.9184,4.1299,0.7885,0.1692,6,
bf,bird6,beats_iter3_plus_as2m_speed0p0625,10,0,5.0975,4.1183,0.9792,0.2226,6,
bf,bird6,beats_iter3_plus_as2m_speed0p125,8,0,6.2707,5.7881,0.4826,0.1328,6,
bf,bird6,beats_iter3_plus_as2m_speed0p125,9,0,6.2664,5.8031,0.4633,0.1249,6,
bf,bird6,beats_iter3_plus_as2m_speed0p125,10,0,6.2734,5.8044,0.469,0.1429,6,
bf,bird6,beats_iter3_plus_as2m_speed0p25,8,0,12.0045,11.3562,0.6483,0.2795,6,
bf,bird6,beats_iter3_plus_as2m_speed0p25,9,0,12.033,11.3665,0.6666,0.2652,6,
bf,bird6,beats_iter3_plus_as2m_speed0p5,8,0,22.524,20.1673,2.3566,0.069,6,
bf,bird6,birdaves_biox_base,3,0,5.657,5.4348,0.2221,0.0723,6,
bf,bird6,birdaves_biox_base,3,1,48.487,16.7323,31.7547,0.5391,6,
bf,bird6,birdaves_biox_base,3,5,24.474,13.4796,10.9944,2.6026,6,
bf,bird6,birdaves_biox_base,3,10,17.5483,11.4281,6.1202,2.1513,6,
bf,bird6,birdaves_biox_base,3,20,11.2948,9.1843,2.1106,0.4927,6,
bf,bird6,birdaves_biox_base,3,50,6.9766,6.3983,0.5783,0.295,6,
bf,bird6,birdaves_biox_base,3,100,5.9406,5.6048,0.3358,0.0954,6,
bf,bird6,birdaves_biox_base,7,0,5.6332,5.4457,0.1875,0.1236,6,
bf,bird6,birdaves_biox_base,7,1,47.6811,17.8548,29.8262,1.6948,6,
bf,bird6,birdaves_biox_base,7,5,24.7319,13.7524,10.9795,1.6961,6,
bf,bird6,birdaves_biox_base,7,10,16.97,11.2713,5.6987,1.3577,6,
bf,bird6,birdaves_biox_base,7,20,10.623,8.6918,1.9312,0.235,6,
bf,bird6,birdaves_biox_base,7,50,6.8219,6.2303,0.5915,0.2516,6,
bf,bird6,birdaves_biox_base,7,100,5.9255,5.6091,0.3164,0.1217,6,
bf,bird6,birdaves_biox_base_speed0p25,3,0,2.9433,2.5682,0.375,0.0443,6,
bf,bird6,birdaves_biox_base_speed0p25,3,1,45.1455,15.7797,29.3658,1.1177,6,
bf,bird6,birdaves_biox_base_speed0p25,3,5,19.2781,11.031,8.2471,1.7047,6,
bf,bird6,birdaves_biox_base_speed0p25,3,10,11.5478,7.2243,4.3235,1.4765,6,
bf,bird6,birdaves_biox_base_speed0p25,3,20,6.3028,4.5407,1.7621,0.4835,6,
bf,bird6,birdaves_biox_base_speed0p25,3,50,3.8377,3.0988,0.7388,0.2002,6,
bf,bird6,birdaves_biox_base_speed0p25,3,100,3.2468,2.6355,0.6112,0.0586,6,
bf,bird6,birdaves_biox_base_speed0p25,4,0,2.9211,2.5426,0.3785,0.0272,6,
bf,bird6,birdaves_biox_base_speed0p25,4,1,45.4579,15.7697,29.6882,0.2994,6,
bf,bird6,birdaves_biox_base_speed0p25,4,5,19.2694,10.8383,8.4312,2.1485,6,
bf,bird6,birdaves_biox_base_speed0p25,4,10,12.1234,7.5217,4.6017,1.1334,6,
bf,bird6,birdaves_biox_base_speed0p25,4,20,6.7622,4.8586,1.9037,0.845,6,
bf,bird6,birdaves_biox_base_speed0p25,4,50,3.9199,3.0584,0.8615,0.2519,6,
bf,bird6,birdaves_biox_base_speed0p25,4,100,3.2513,2.6013,0.6499,0.1013,6,
bf,bird6,birdaves_biox_base_speed0p5,3,0,3.293,3.0573,0.2357,0.0563,6,
bf,bird6,birdaves_biox_base_speed0p5,3,1,46.5679,15.9127,30.6552,1.571,6,
bf,bird6,birdaves_biox_base_speed0p5,3,5,21.7212,11.9219,9.7992,2.4787,6,
bf,bird6,birdaves_biox_base_speed0p5,3,10,12.9795,8.561,4.4184,1.4073,6,
bf,bird6,birdaves_biox_base_speed0p5,3,20,7.1409,5.7556,1.3852,0.3829,6,
bf,bird6,birdaves_biox_base_speed0p5,3,50,4.3112,3.788,0.5232,0.0768,6,
bf,bird6,birdaves_biox_base_speed0p5,3,100,3.5651,3.1638,0.4013,0.0351,6,
bf,bird6,birdaves_biox_base_speed0p5,6,0,3.2961,3.0746,0.2215,0.0605,6,
bf,bird6,birdaves_biox_base_speed0p5,6,1,45.8803,15.8682,30.0121,1.0002,6,
bf,bird6,birdaves_biox_base_speed0p5,6,5,21.919,11.817,10.1019,1.422,6,
bf,bird6,birdaves_biox_base_speed0p5,6,10,13.6003,8.9305,4.6698,0.9507,6,
bf,bird6,birdaves_biox_base_speed0p5,6,20,7.6956,6.1126,1.583,0.3502,6,
bf,bird6,birdaves_biox_base_speed0p5,6,50,4.5906,3.9819,0.6087,0.0888,6,
bf,bird6,birdaves_biox_base_speed0p5,6,100,3.5717,3.1893,0.3824,0.072,6,
bf,bird6,birdmae_base_speed0p03125,10,0,5.549,3.7849,1.7641,0.079,6,
bf,bird6,birdmae_base_speed0p0625,9,0,5.1368,4.1198,1.0171,0.1045,6,
bf,bird6,birdmae_base_speed0p0625,10,0,5.1641,4.1298,1.0343,0.0837,6,
bf,bird6,birdmae_base_speed0p125,9,0,6.3983,5.7281,0.6702,0.1173,6,
bf,bird6,birdmae_base_speed0p125,10,0,6.4104,5.7198,0.6907,0.111,6,
bf,bird6,birdmae_base_speed0p25,9,0,11.6924,10.9999,0.6925,0.1537,6,
bf,bird6,birdmae_base_speed0p25,10,0,11.7049,11.0263,0.6786,0.0933,6,
bf,bird6,birdmae_base_speed0p5,9,0,22.0299,20.0082,2.0217,0.1022,6,
bf,bird6,birdmae_base_speed0p5,10,0,21.9962,19.9686,2.0276,0.1393,6,
bf,bird6,birdmae_base_speed1,8,0,39.1299,30.7783,8.3516,0.2956,6,
bf,bird6,birdmae_base_speed1,10,0,39.1853,30.7838,8.4016,0.2907,6,
bf,bird6,hubert_base_ls960,0,0,5.7682,5.5203,0.2479,0.126,6,
bf,bird6,hubert_base_ls960,0,1,47.7999,17.3062,30.4937,1.2296,6,
bf,bird6,hubert_base_ls960,0,5,26.6281,13.2881,13.34,1.8886,6,
bf,bird6,hubert_base_ls960,0,10,17.839,10.3796,7.4594,1.623,6,
bf,bird6,hubert_base_ls960,0,20,10.7916,8.224,2.5677,0.5408,6,
bf,bird6,hubert_base_ls960,0,50,7.0797,6.4379,0.6419,0.4102,6,
bf,bird6,hubert_base_ls960,0,100,6.2073,5.836,0.3713,0.1029,6,
bf,bird6,hubert_base_ls960,3,0,5.7267,5.4607,0.266,0.116,6,
bf,bird6,hubert_base_ls960,3,1,50.5098,18.4633,32.0465,2.4369,6,
bf,bird6,hubert_base_ls960,3,5,27.0107,13.5161,13.4946,2.5244,6,
bf,bird6,hubert_base_ls960,3,10,18.2235,11.0165,7.2069,1.354,6,
bf,bird6,hubert_base_ls960,3,20,10.8392,8.2836,2.5556,0.2262,6,
bf,bird6,hubert_base_ls960,3,50,7.1581,6.5752,0.5828,0.3593,6,
bf,bird6,hubert_base_ls960,3,100,6.3959,6.0036,0.3923,0.1007,6,
bf,bird6,xcl_base_500k_p32x1_c005,5,0,2.484,2.2543,0.2297,0.0638,6,
bf,bird6,xcl_base_500k_p32x4_c010,3,0,5.5122,5.2687,0.2435,0.0832,6,
bf,bird6,xcl_base_500k_p32x4_c010,4,0,5.535,5.2704,0.2645,0.0858,6,
bf,bird6,xcl_large_500k_p32x1_c005,11,0,2.4134,2.2179,0.1955,0.0706,6,
bf,bird6,xcl_large_500k_p32x1_c005,11,1,45.695,21.0052,24.6898,1.0879,6,
bf,bird6,xcl_large_500k_p32x1_c005,11,5,19.7713,9.9614,9.8099,2.1831,6,
bf,bird6,xcl_large_500k_p32x1_c005,11,10,10.364,5.4164,4.9476,0.7527,6,
bf,bird6,xcl_large_500k_p32x1_c005,11,20,4.4626,3.1476,1.3149,0.4029,6,
bf,bird6,xcl_large_500k_p32x1_c005,11,50,2.7238,2.3436,0.3802,0.1137,6,
bf,bird6,xcl_large_500k_p32x1_c005,11,100,2.5233,2.2294,0.2939,0.0582,6,
bf,bird6,xcl_large_500k_p32x4_c0025,9,0,5.5212,5.2755,0.2457,0.0691,6,
bf,bird6,xcl_large_500k_p32x4_c010,10,0,5.4997,5.2515,0.2481,0.0721,6,
bf,bird6,xcl_large_500k_p32x4_c010,10,1,49.7892,18.0475,31.7418,0.6036,6,
bf,bird6,xcl_large_500k_p32x4_c010,10,5,27.8919,15.0904,12.8016,1.8526,6,
bf,bird6,xcl_large_500k_p32x4_c010,10,10,18.7038,10.8464,7.8574,1.2144,6,
bf,bird6,xcl_large_500k_p32x4_c010,10,20,10.8798,7.721,3.1587,0.3124,6,
bf,bird6,xcl_large_500k_p32x4_c010,10,50,6.6936,6.05,0.6436,0.1391,6,
bf,bird6,xcl_large_500k_p32x4_c010,10,100,5.8296,5.4897,0.3399,0.0582,6,
bf,bird6,xcl_micro_500k_p32x1_c005,4,0,2.9652,2.3576,0.6076,0.134,6,
bf,bird6,xcl_micro_500k_p32x1_c005,5,0,3.0202,2.3481,0.6721,0.1398,6,
bf,bird6,xcl_micro_500k_p32x4_c010,3,0,5.696,5.3178,0.3782,0.1004,6,
bf,bird7,beats_iter3_plus_as2m,5,0,41.193,30.8184,10.3746,0.1602,8,
bf,bird7,beats_iter3_plus_as2m,7,0,40.1515,29.532,10.6195,0.1761,8,
bf,bird7,beats_iter3_plus_as2m,8,0,39.689,28.8644,10.8247,0.3444,8,
bf,bird7,beats_iter3_plus_as2m_speed0p03125,10,0,3.7129,2.2948,1.4181,0.0588,8,
bf,bird7,beats_iter3_plus_as2m_speed0p03125,11,0,3.7757,2.2966,1.4791,0.0363,8,
bf,bird7,beats_iter3_plus_as2m_speed0p0625,8,0,3.724,2.8515,0.8725,0.0509,8,
bf,bird7,beats_iter3_plus_as2m_speed0p0625,10,0,3.7676,2.859,0.9087,0.0443,8,
bf,bird7,beats_iter3_plus_as2m_speed0p125,8,0,4.6649,4.4126,0.2523,0.0562,8,
bf,bird7,beats_iter3_plus_as2m_speed0p125,9,0,4.7123,4.4237,0.2886,0.0305,8,
bf,bird7,beats_iter3_plus_as2m_speed0p125,10,0,4.7124,4.3919,0.3205,0.0519,8,
bf,bird7,beats_iter3_plus_as2m_speed0p25,8,0,9.4866,9.3774,0.1092,0.0471,8,
bf,bird7,beats_iter3_plus_as2m_speed0p25,9,0,9.4524,9.3326,0.1198,0.0511,8,
bf,bird7,beats_iter3_plus_as2m_speed0p5,8,0,20.5475,19.5235,1.024,0.1948,8,
bf,bird7,birdaves_biox_base,3,0,4.0738,4.0236,0.0502,0.0462,8,
bf,bird7,birdaves_biox_base,3,1,38.0575,11.8878,26.1697,1.1461,8,
bf,bird7,birdaves_biox_base,3,5,16.1774,8.1727,8.0047,1.5382,8,
bf,bird7,birdaves_biox_base,3,10,11.1052,6.7864,4.3188,1.3965,8,
bf,bird7,birdaves_biox_base,3,20,6.8841,5.1911,1.6931,0.5893,8,
bf,bird7,birdaves_biox_base,3,50,4.6365,4.3081,0.3284,0.1641,8,
bf,bird7,birdaves_biox_base,3,100,4.3326,4.2241,0.1085,0.096,8,
bf,bird7,birdaves_biox_base,7,0,3.9174,3.8898,0.0276,0.0888,8,
bf,bird7,birdaves_biox_base,7,1,33.9662,12.1013,21.8649,1.0922,8,
bf,bird7,birdaves_biox_base,7,5,15.8983,8.6597,7.2387,1.4545,8,
bf,bird7,birdaves_biox_base,7,10,11.0282,6.895,4.1331,1.1445,8,
bf,bird7,birdaves_biox_base,7,20,6.6851,5.2561,1.429,0.2254,8,
bf,bird7,birdaves_biox_base,7,50,4.503,4.3041,0.1989,0.2338,8,
bf,bird7,birdaves_biox_base,7,100,4.1936,4.1336,0.06,0.1016,8,
bf,bird7,birdaves_biox_base_speed0p25,3,0,1.8613,1.472,0.3893,0.0449,8,
bf,bird7,birdaves_biox_base_speed0p25,3,1,31.4066,11.4452,19.9614,3.9334,8,
bf,bird7,birdaves_biox_base_speed0p25,3,5,13.7619,6.9637,6.7982,0.3815,8,
bf,bird7,birdaves_biox_base_speed0p25,3,10,9.2649,5.2075,4.0574,0.728,8,
bf,bird7,birdaves_biox_base_speed0p25,3,20,5.168,3.0058,2.1622,0.3093,8,
bf,bird7,birdaves_biox_base_speed0p25,3,50,2.8022,1.7105,1.0917,0.0205,8,
bf,bird7,birdaves_biox_base_speed0p25,3,100,2.347,1.555,0.792,0.0966,8,
bf,bird7,birdaves_biox_base_speed0p25,4,0,1.8173,1.4879,0.3294,0.0444,8,
bf,bird7,birdaves_biox_base_speed0p25,4,1,29.7123,11.178,18.5343,3.137,8,
bf,bird7,birdaves_biox_base_speed0p25,4,5,13.0096,7.1768,5.8327,0.5521,8,
bf,bird7,birdaves_biox_base_speed0p25,4,10,8.2775,5.3547,2.9229,0.6175,8,
bf,bird7,birdaves_biox_base_speed0p25,4,20,4.5552,3.1428,1.4124,0.1424,8,
bf,bird7,birdaves_biox_base_speed0p25,4,50,2.5225,1.7772,0.7454,0.0263,8,
bf,bird7,birdaves_biox_base_speed0p25,4,100,2.1766,1.6008,0.5758,0.0931,8,
bf,bird7,birdaves_biox_base_speed0p5,3,0,1.9558,1.8816,0.0742,0.0079,8,
bf,bird7,birdaves_biox_base_speed0p5,3,1,30.0199,10.7675,19.2524,1.4498,8,
bf,bird7,birdaves_biox_base_speed0p5,3,5,13.2643,6.8835,6.3808,1.7737,8,
bf,bird7,birdaves_biox_base_speed0p5,3,10,8.5954,5.3765,3.2189,1.2702,8,
bf,bird7,birdaves_biox_base_speed0p5,3,20,4.5088,3.4072,1.1016,0.4019,8,
bf,bird7,birdaves_biox_base_speed0p5,3,50,2.5622,2.2507,0.3115,0.0934,8,
bf,bird7,birdaves_biox_base_speed0p5,3,100,2.187,2.0132,0.1738,0.0775,8,
bf,bird7,birdaves_biox_base_speed0p5,6,0,1.9579,1.8866,0.0713,0.0239,8,
bf,bird7,birdaves_biox_base_speed0p5,6,1,32.8714,11.4789,21.3925,1.0553,8,
bf,bird7,birdaves_biox_base_speed0p5,6,5,14.5559,7.5965,6.9595,1.6939,8,
bf,bird7,birdaves_biox_base_speed0p5,6,10,9.1481,5.6577,3.4903,1.7131,8,
bf,bird7,birdaves_biox_base_speed0p5,6,20,4.8897,3.7761,1.1136,0.3465,8,
bf,bird7,birdaves_biox_base_speed0p5,6,50,2.6499,2.3748,0.2752,0.1762,8,
bf,bird7,birdaves_biox_base_speed0p5,6,100,2.1968,2.0603,0.1365,0.0525,8,
bf,bird7,birdmae_base_speed0p03125,10,0,5.099,2.519,2.5799,0.0905,8,
bf,bird7,birdmae_base_speed0p0625,9,0,4.3637,3.0003,1.3634,0.0872,8,
bf,bird7,birdmae_base_speed0p0625,10,0,4.3111,2.9606,1.3505,0.0436,8,
bf,bird7,birdmae_base_speed0p125,9,0,4.8378,4.2939,0.5439,0.0632,8,
bf,bird7,birdmae_base_speed0p125,10,0,4.9143,4.3223,0.592,0.0892,8,
bf,bird7,birdmae_base_speed0p25,9,0,9.622,9.461,0.161,0.0655,8,
bf,bird7,birdmae_base_speed0p25,10,0,9.565,9.4282,0.1368,0.0554,8,
bf,bird7,birdmae_base_speed0p5,9,0,21.0215,20.0904,0.9312,0.4677,8,
bf,bird7,birdmae_base_speed0p5,10,0,21.036,20.0985,0.9376,0.4218,8,
bf,bird7,birdmae_base_speed1,8,0,40.9824,32.6937,8.2887,0.2025,8,
bf,bird7,birdmae_base_speed1,10,0,40.7136,32.3737,8.3399,0.2359,8,
bf,bird7,hubert_base_ls960,0,0,4.0994,3.9848,0.1147,0.1018,8,
bf,bird7,hubert_base_ls960,0,1,36.4497,11.459,24.9907,0.8491,8,
bf,bird7,hubert_base_ls960,0,5,16.5057,7.9335,8.5722,1.3176,8,
bf,bird7,hubert_base_ls960,0,10,12.0774,6.6243,5.4531,0.9701,8,
bf,bird7,hubert_base_ls960,0,20,7.6599,5.1083,2.5516,0.6585,8,
bf,bird7,hubert_base_ls960,0,50,5.1685,4.4237,0.7447,0.3086,8,
bf,bird7,hubert_base_ls960,0,100,4.6086,4.2901,0.3186,0.0832,8,
bf,bird7,hubert_base_ls960,3,0,4.0815,3.9269,0.1547,0.052,8,
bf,bird7,hubert_base_ls960,3,1,37.7514,11.8143,25.9372,1.0218,8,
bf,bird7,hubert_base_ls960,3,5,17.3804,8.0911,9.2893,0.8582,8,
bf,bird7,hubert_base_ls960,3,10,12.5983,6.6536,5.9447,0.2932,8,
bf,bird7,hubert_base_ls960,3,20,8.2136,5.1826,3.031,0.0545,8,
bf,bird7,hubert_base_ls960,3,50,5.3218,4.3121,1.0097,0.1092,8,
bf,bird7,hubert_base_ls960,3,100,4.6259,4.1723,0.4536,0.0682,8,
bf,bird7,xcl_base_500k_p32x1_c005,5,0,1.3108,1.2399,0.071,0.006,8,
bf,bird7,xcl_base_500k_p32x4_c010,3,0,4.027,3.9783,0.0487,0.0525,8,
bf,bird7,xcl_base_500k_p32x4_c010,4,0,4.0472,3.9974,0.0498,0.0678,8,
bf,bird7,xcl_large_500k_p32x1_c005,11,0,1.3089,1.2612,0.0477,0.0086,8,
bf,bird7,xcl_large_500k_p32x1_c005,11,1,38.0962,14.4944,23.6018,1.8306,8,
bf,bird7,xcl_large_500k_p32x1_c005,11,5,14.1563,4.9853,9.171,0.9784,8,
bf,bird7,xcl_large_500k_p32x1_c005,11,10,7.8052,3.5506,4.2546,0.9008,8,
bf,bird7,xcl_large_500k_p32x1_c005,11,20,3.7859,1.9407,1.8452,0.3931,8,
bf,bird7,xcl_large_500k_p32x1_c005,11,50,1.3863,1.2232,0.1631,0.0372,8,
bf,bird7,xcl_large_500k_p32x1_c005,11,100,1.2522,1.1794,0.0728,0.0239,8,
bf,bird7,xcl_large_500k_p32x4_c0025,9,0,4.0976,4.0418,0.0558,0.0689,8,
bf,bird7,xcl_large_500k_p32x4_c010,10,0,4.0496,4.0063,0.0433,0.0596,8,
bf,bird7,xcl_large_500k_p32x4_c010,10,1,43.9027,14.8612,29.0415,1.8584,8,
bf,bird7,xcl_large_500k_p32x4_c010,10,5,20.0638,8.0556,12.0082,0.2323,8,
bf,bird7,xcl_large_500k_p32x4_c010,10,10,13.0256,6.7114,6.3142,0.5314,8,
bf,bird7,xcl_large_500k_p32x4_c010,10,20,7.6486,4.9619,2.6867,0.767,8,
bf,bird7,xcl_large_500k_p32x4_c010,10,50,4.4434,4.1715,0.2719,0.2213,8,
bf,bird7,xcl_large_500k_p32x4_c010,10,100,4.1791,4.0979,0.0812,0.1434,8,
bf,bird7,xcl_micro_500k_p32x1_c005,4,0,1.5339,1.2545,0.2794,0.0162,8,
bf,bird7,xcl_micro_500k_p32x1_c005,5,0,1.5713,1.2573,0.3139,0.0247,8,
bf,bird7,xcl_micro_500k_p32x4_c010,3,0,4.0921,4.0134,0.0787,0.0527,8,
bf,bird8,beats_iter3_plus_as2m,5,0,31.3443,21.225,10.1193,0.4906,5,
bf,bird8,beats_iter3_plus_as2m,7,0,30.6607,20.2063,10.4543,0.1827,5,
bf,bird8,beats_iter3_plus_as2m,8,0,30.3945,19.9908,10.4036,0.2922,5,
bf,bird8,beats_iter3_plus_as2m_speed0p03125,10,0,5.0377,2.6682,2.3695,0.4141,5,
bf,bird8,beats_iter3_plus_as2m_speed0p03125,11,0,5.2352,2.7104,2.5248,0.3938,5,
bf,bird8,beats_iter3_plus_as2m_speed0p0625,8,0,5.6677,3.4388,2.2289,0.42,5,
bf,bird8,beats_iter3_plus_as2m_speed0p0625,10,0,6.0532,3.4723,2.5809,0.4531,5,
bf,bird8,beats_iter3_plus_as2m_speed0p125,8,0,6.5624,5.1776,1.3848,0.3995,5,
bf,bird8,beats_iter3_plus_as2m_speed0p125,9,0,6.6175,5.1986,1.4189,0.3531,5,
bf,bird8,beats_iter3_plus_as2m_speed0p125,10,0,6.7898,5.1896,1.6003,0.238,5,
bf,bird8,beats_iter3_plus_as2m_speed0p25,8,0,10.0472,9.2531,0.7942,0.2426,5,
bf,bird8,beats_iter3_plus_as2m_speed0p25,9,0,10.0656,9.2198,0.8458,0.194,5,
bf,bird8,beats_iter3_plus_as2m_speed0p5,8,0,18.1059,15.3575,2.7484,0.1326,5,
bf,bird8,birdaves_biox_base,3,0,5.5758,5.0144,0.5614,0.1618,5,
bf,bird8,birdaves_biox_base,3,1,43.5768,18.5549,25.0219,2.9571,5,
bf,bird8,birdaves_biox_base,3,5,22.8139,14.2189,8.595,1.111,5,
bf,bird8,birdaves_biox_base,3,10,15.6111,10.5861,5.0251,0.4852,5,
bf,bird8,birdaves_biox_base,3,20,10.5084,8.0262,2.4821,0.6426,5,
bf,bird8,birdaves_biox_base,3,50,6.8232,5.9679,0.8553,0.2609,5,
bf,bird8,birdaves_biox_base,3,100,6.1102,5.3284,0.7818,0.0945,5,
bf,bird8,birdaves_biox_base,7,0,5.5002,5.0734,0.4268,0.1467,5,
bf,bird8,birdaves_biox_base,7,1,44.4483,19.467,24.9812,3.259,5,
bf,bird8,birdaves_biox_base,7,5,23.833,14.3149,9.5181,1.8902,5,
bf,bird8,birdaves_biox_base,7,10,16.3812,10.3047,6.0765,1.2994,5,
bf,bird8,birdaves_biox_base,7,20,10.9069,8.0205,2.8865,0.6131,5,
bf,bird8,birdaves_biox_base,7,50,6.7961,5.8128,0.9833,0.1571,5,
bf,bird8,birdaves_biox_base,7,100,6.1135,5.3517,0.7619,0.2086,5,
bf,bird8,birdaves_biox_base_speed0p25,3,0,3.9932,2.5433,1.4499,0.0925,5,
bf,bird8,birdaves_biox_base_speed0p25,3,1,39.5733,19.9475,19.6258,1.7699,5,
bf,bird8,birdaves_biox_base_speed0p25,3,5,19.2189,10.5632,8.6557,3.3603,5,
bf,bird8,birdaves_biox_base_speed0p25,3,10,11.5688,5.8896,5.6793,0.9029,5,
bf,bird8,birdaves_biox_base_speed0p25,3,20,7.3272,4.0204,3.3068,0.3967,5,
bf,bird8,birdaves_biox_base_speed0p25,3,50,4.9269,2.7884,2.1385,0.0536,5,
bf,bird8,birdaves_biox_base_speed0p25,3,100,4.2057,2.4307,1.775,0.183,5,
bf,bird8,birdaves_biox_base_speed0p25,4,0,3.9011,2.5079,1.3932,0.0439,5,
bf,bird8,birdaves_biox_base_speed0p25,4,1,39.4567,20.046,19.4106,2.5885,5,
bf,bird8,birdaves_biox_base_speed0p25,4,5,20.2714,11.4486,8.8228,3.6444,5,
bf,bird8,birdaves_biox_base_speed0p25,4,10,12.4454,6.5112,5.9342,1.0137,5,
bf,bird8,birdaves_biox_base_speed0p25,4,20,7.6504,4.0549,3.5955,0.4132,5,
bf,bird8,birdaves_biox_base_speed0p25,4,50,5.0407,2.8181,2.2227,0.2365,5,
bf,bird8,birdaves_biox_base_speed0p25,4,100,4.3014,2.4826,1.8188,0.0895,5,
bf,bird8,birdaves_biox_base_speed0p5,3,0,3.719,2.8856,0.8334,0.3008,5,
bf,bird8,birdaves_biox_base_speed0p5,3,1,36.9921,18.1905,18.8016,2.1979,5,
bf,bird8,birdaves_biox_base_speed0p5,3,5,19.2842,12.7504,6.5339,1.7417,5,
bf,bird8,birdaves_biox_base_speed0p5,3,10,13.4383,8.7377,4.7006,2.2494,5,
bf,bird8,birdaves_biox_base_speed0p5,3,20,8.3993,6.3878,2.0115,1.4781,5,
bf,bird8,birdaves_biox_base_speed0p5,3,50,4.7215,3.544,1.1775,0.3498,5,
bf,bird8,birdaves_biox_base_speed0p5,3,100,4.0614,3.02,1.0414,0.2764,5,
bf,bird8,birdaves_biox_base_speed0p5,6,0,3.452,2.8806,0.5714,0.1754,5,
bf,bird8,birdaves_biox_base_speed0p5,6,1,38.4657,17.8925,20.5733,2.5151,5,
bf,bird8,birdaves_biox_base_speed0p5,6,5,20.1155,13.208,6.9075,1.4828,5,
bf,bird8,birdaves_biox_base_speed0p5,6,10,14.1138,9.4522,4.6616,2.8731,5,
bf,bird8,birdaves_biox_base_speed0p5,6,20,8.7778,6.4863,2.2915,1.5696,5,
bf,bird8,birdaves_biox_base_speed0p5,6,50,4.6429,3.481,1.1619,0.1247,5,
bf,bird8,birdaves_biox_base_speed0p5,6,100,3.9727,2.9961,0.9766,0.2459,5,
bf,bird8,birdmae_base_speed0p03125,10,0,5.4251,2.8407,2.5844,0.3176,5,
bf,bird8,birdmae_base_speed0p0625,9,0,5.7427,3.1351,2.6077,0.4546,5,
bf,bird8,birdmae_base_speed0p0625,10,0,5.7581,3.1226,2.6356,0.6028,5,
bf,bird8,birdmae_base_speed0p125,9,0,6.724,5.1609,1.5631,0.2428,5,
bf,bird8,birdmae_base_speed0p125,10,0,6.7265,5.1846,1.5419,0.19,5,
bf,bird8,birdmae_base_speed0p25,9,0,10.0285,9.2028,0.8257,0.1148,5,
bf,bird8,birdmae_base_speed0p25,10,0,10.0871,9.2136,0.8735,0.0678,5,
bf,bird8,birdmae_base_speed0p5,9,0,18.0681,15.405,2.6631,0.4108,5,
bf,bird8,birdmae_base_speed0p5,10,0,18.0428,15.3936,2.6492,0.3657,5,
bf,bird8,birdmae_base_speed1,8,0,30.3239,20.7389,9.585,0.1928,5,
bf,bird8,birdmae_base_speed1,10,0,30.2187,20.8922,9.3265,0.3578,5,
bf,bird8,hubert_base_ls960,0,0,5.8011,5.1074,0.6937,0.2903,5,
bf,bird8,hubert_base_ls960,0,1,45.8059,19.2125,26.5934,2.429,5,
bf,bird8,hubert_base_ls960,0,5,25.2437,14.5725,10.6713,1.4345,5,
bf,bird8,hubert_base_ls960,0,10,17.1734,11.1066,6.0667,0.4354,5,
bf,bird8,hubert_base_ls960,0,20,11.7874,8.5391,3.2482,0.5986,5,
bf,bird8,hubert_base_ls960,0,50,7.5284,6.0732,1.4552,0.1861,5,
bf,bird8,hubert_base_ls960,0,100,6.5272,5.4177,1.1095,0.2387,5,
bf,bird8,hubert_base_ls960,3,0,6.1121,5.1678,0.9443,0.3612,5,
bf,bird8,hubert_base_ls960,3,1,47.1227,21.3384,25.7843,1.7347,5,
bf,bird8,hubert_base_ls960,3,5,27.25,15.2059,12.0441,1.4404,5,
bf,bird8,hubert_base_ls960,3,10,19.2942,11.3631,7.9311,1.5194,5,
bf,bird8,hubert_base_ls960,3,20,12.5242,8.4936,4.0305,0.4582,5,
bf,bird8,hubert_base_ls960,3,50,7.8298,6.1904,1.6394,0.1993,5,
bf,bird8,hubert_base_ls960,3,100,6.9274,5.5269,1.4005,0.369,5,
bf,bird8,xcl_base_500k_p32x1_c005,5,0,2.9465,2.233,0.7135,0.1,5,
bf,bird8,xcl_base_500k_p32x4_c010,3,0,5.9665,5.1161,0.8504,0.329,5,
bf,bird8,xcl_base_500k_p32x4_c010,4,0,6.0359,5.0863,0.9496,0.2803,5,
bf,bird8,xcl_large_500k_p32x1_c005,11,0,2.7988,2.2149,0.5839,0.1202,5,
bf,bird8,xcl_large_500k_p32x1_c005,11,1,40.2488,21.3634,18.8854,2.9457,5,
bf,bird8,xcl_large_500k_p32x1_c005,11,5,16.2447,10.3415,5.9031,1.5602,5,
bf,bird8,xcl_large_500k_p32x1_c005,11,10,8.8309,5.4304,3.4005,0.782,5,
bf,bird8,xcl_large_500k_p32x1_c005,11,20,5.1151,3.4073,1.7078,0.8937,5,
bf,bird8,xcl_large_500k_p32x1_c005,11,50,3.3274,2.3379,0.9895,0.3661,5,
bf,bird8,xcl_large_500k_p32x1_c005,11,100,3.058,2.1805,0.8775,0.2869,5,
bf,bird8,xcl_large_500k_p32x4_c0025,9,0,5.9589,5.126,0.833,0.2166,5,
bf,bird8,xcl_large_500k_p32x4_c010,10,0,5.6847,5.0496,0.6351,0.2142,5,
bf,bird8,xcl_large_500k_p32x4_c010,10,1,45.1264,21.3032,23.8232,5.0359,5,
bf,bird8,xcl_large_500k_p32x4_c010,10,5,23.0319,15.2219,7.81,2.1287,5,
bf,bird8,xcl_large_500k_p32x4_c010,10,10,14.4362,9.9404,4.4958,1.443,5,
bf,bird8,xcl_large_500k_p32x4_c010,10,20,9.9834,7.558,2.4254,0.7345,5,
bf,bird8,xcl_large_500k_p32x4_c010,10,50,6.5133,5.4423,1.071,0.4505,5,
bf,bird8,xcl_large_500k_p32x4_c010,10,100,5.9962,5.1452,0.851,0.2981,5,
bf,bird8,xcl_micro_500k_p32x1_c005,4,0,3.6681,2.2688,1.3993,0.2722,5,
bf,bird8,xcl_micro_500k_p32x1_c005,5,0,3.8177,2.272,1.5457,0.3555,5,
bf,bird8,xcl_micro_500k_p32x4_c010,3,0,5.9424,5.0906,0.8518,0.2836,5,
bf,bird9,beats_iter3_plus_as2m,5,0,44.8145,33.2993,11.5151,0.5211,7,
bf,bird9,beats_iter3_plus_as2m,7,0,44.6213,33.0244,11.5969,0.5864,7,
bf,bird9,beats_iter3_plus_as2m,8,0,44.5874,32.9382,11.6492,0.5472,7,
bf,bird9,beats_iter3_plus_as2m_speed0p03125,10,0,4.5725,3.2647,1.3078,0.0256,7,
bf,bird9,beats_iter3_plus_as2m_speed0p03125,11,0,4.7106,3.3107,1.3999,0.0359,7,
bf,bird9,beats_iter3_plus_as2m_speed0p0625,8,0,4.7683,4.1216,0.6467,0.065,7,
bf,bird9,beats_iter3_plus_as2m_speed0p0625,10,0,4.9199,4.1734,0.7465,0.0025,7,
bf,bird9,beats_iter3_plus_as2m_speed0p125,8,0,6.0016,5.8049,0.1967,0.0631,7,
bf,bird9,beats_iter3_plus_as2m_speed0p125,9,0,6.0669,5.8261,0.2409,0.0636,7,
bf,bird9,beats_iter3_plus_as2m_speed0p125,10,0,6.1321,5.8462,0.2859,0.0442,7,
bf,bird9,beats_iter3_plus_as2m_speed0p25,8,0,11.8862,11.6372,0.249,0.1545,7,
bf,bird9,beats_iter3_plus_as2m_speed0p25,9,0,11.8753,11.5935,0.2818,0.1294,7,
bf,bird9,beats_iter3_plus_as2m_speed0p5,8,0,24.1314,21.2667,2.8648,0.1709,7,
bf,bird9,birdaves_biox_base,3,0,5.5404,5.4991,0.0413,0.0189,7,
bf,bird9,birdaves_biox_base,3,1,50.7911,14.8002,35.9909,2.6053,7,
bf,bird9,birdaves_biox_base,3,5,25.2762,12.3833,12.8929,1.0885,7,
bf,bird9,birdaves_biox_base,3,10,15.2576,9.7039,5.5537,1.3311,7,
bf,bird9,birdaves_biox_base,3,20,9.5769,7.8962,1.6807,0.5123,7,
bf,bird9,birdaves_biox_base,3,50,6.5593,6.1444,0.4149,0.1495,7,
bf,bird9,birdaves_biox_base,3,100,5.9404,5.765,0.1755,0.263,7,
bf,bird9,birdaves_biox_base,7,0,5.5761,5.5176,0.0585,0.0387,7,
bf,bird9,birdaves_biox_base,7,1,51.1594,14.8127,36.3467,1.1477,7,
bf,bird9,birdaves_biox_base,7,5,26.1189,12.0178,14.1011,1.0244,7,
bf,bird9,birdaves_biox_base,7,10,16.2867,9.7545,6.5322,1.5353,7,
bf,bird9,birdaves_biox_base,7,20,9.5673,7.7779,1.7895,0.7412,7,
bf,bird9,birdaves_biox_base,7,50,6.4939,6.1475,0.3463,0.049,7,
bf,bird9,birdaves_biox_base,7,100,5.9541,5.8052,0.1489,0.2877,7,
bf,bird9,birdaves_biox_base_speed0p25,3,0,2.9307,2.533,0.3977,0.0338,7,
bf,bird9,birdaves_biox_base_speed0p25,3,1,43.482,13.6086,29.8733,4.9625,7,
bf,bird9,birdaves_biox_base_speed0p25,3,5,19.6635,9.5062,10.1573,2.2366,7,
bf,bird9,birdaves_biox_base_speed0p25,3,10,12.0996,7.2759,4.8237,0.276,7,
bf,bird9,birdaves_biox_base_speed0p25,3,20,6.889,4.8102,2.0788,0.1927,7,
bf,bird9,birdaves_biox_base_speed0p25,3,50,4.6222,3.3988,1.2235,0.5107,7,
bf,bird9,birdaves_biox_base_speed0p25,3,100,3.8152,2.8459,0.9694,0.2781,7,
bf,bird9,birdaves_biox_base_speed0p25,4,0,2.9538,2.5425,0.4114,0.0358,7,
bf,bird9,birdaves_biox_base_speed0p25,4,1,43.564,13.9161,29.6479,4.5007,7,
bf,bird9,birdaves_biox_base_speed0p25,4,5,19.8084,9.4266,10.3817,2.392,7,
bf,bird9,birdaves_biox_base_speed0p25,4,10,12.2085,7.4654,4.7432,0.4603,7,
bf,bird9,birdaves_biox_base_speed0p25,4,20,6.9534,4.9143,2.0391,0.2957,7,
bf,bird9,birdaves_biox_base_speed0p25,4,50,4.6037,3.4206,1.1832,0.6498,7,
bf,bird9,birdaves_biox_base_speed0p25,4,100,3.8302,2.8834,0.9468,0.2666,7,
bf,bird9,birdaves_biox_base_speed0p5,3,0,3.1077,2.9891,0.1186,0.0203,7,
bf,bird9,birdaves_biox_base_speed0p5,3,1,46.7922,13.9033,32.8888,4.3673,7,
bf,bird9,birdaves_biox_base_speed0p5,3,5,20.6743,10.0403,10.634,1.7579,7,
bf,bird9,birdaves_biox_base_speed0p5,3,10,12.1664,7.6036,4.5628,0.9668,7,
bf,bird9,birdaves_biox_base_speed0p5,3,20,7.0196,5.5703,1.4493,0.3437,7,
bf,bird9,birdaves_biox_base_speed0p5,3,50,4.4704,3.8864,0.5841,0.5054,7,
bf,bird9,birdaves_biox_base_speed0p5,3,100,3.715,3.2996,0.4155,0.3437,7,
bf,bird9,birdaves_biox_base_speed0p5,6,0,3.1322,3.0238,0.1084,0.0307,7,
bf,bird9,birdaves_biox_base_speed0p5,6,1,48.6162,13.5551,35.0611,3.0483,7,
bf,bird9,birdaves_biox_base_speed0p5,6,5,21.3609,10.0527,11.3082,1.8659,7,
bf,bird9,birdaves_biox_base_speed0p5,6,10,13.1719,8.0599,5.112,0.7728,7,
bf,bird9,birdaves_biox_base_speed0p5,6,20,7.7014,6.1918,1.5096,0.7214,7,
bf,bird9,birdaves_biox_base_speed0p5,6,50,4.6161,4.1846,0.4315,0.4292,7,
bf,bird9,birdaves_biox_base_speed0p5,6,100,3.7616,3.4557,0.3058,0.4063,7,
bf,bird9,birdmae_base_speed0p03125,10,0,5.3747,3.4222,1.9525,0.0439,7,
bf,bird9,birdmae_base_speed0p0625,9,0,5.2497,3.9291,1.3206,0.0358,7,
bf,bird9,birdmae_base_speed0p0625,10,0,5.1844,3.8997,1.2847,0.0263,7,
bf,bird9,birdmae_base_speed0p125,9,0,6.2755,5.7958,0.4797,0.0414,7,
bf,bird9,birdmae_base_speed0p125,10,0,6.3109,5.7929,0.518,0.0749,7,
bf,bird9,birdmae_base_speed0p25,9,0,11.7978,11.5097,0.288,0.1303,7,
bf,bird9,birdmae_base_speed0p25,10,0,11.7684,11.467,0.3014,0.1427,7,
bf,bird9,birdmae_base_speed0p5,9,0,23.4055,21.2456,2.1599,0.1135,7,
bf,bird9,birdmae_base_speed0p5,10,0,23.3895,21.2053,2.1841,0.1181,7,
bf,bird9,birdmae_base_speed1,8,0,43.324,33.3951,9.9289,0.251,7,
bf,bird9,birdmae_base_speed1,10,0,43.2184,33.3062,9.9122,0.2921,7,
bf,bird9,hubert_base_ls960,0,0,5.6717,5.579,0.0927,0.0384,7,
bf,bird9,hubert_base_ls960,0,1,51.2774,14.5353,36.7421,3.9176,7,
bf,bird9,hubert_base_ls960,0,5,25.0526,11.9735,13.0791,1.2412,7,
bf,bird9,hubert_base_ls960,0,10,16.0249,9.7816,6.2433,1.2238,7,
bf,bird9,hubert_base_ls960,0,20,10.497,8.0324,2.4645,0.2946,7,
bf,bird9,hubert_base_ls960,0,50,7.4166,6.6601,0.7566,0.2181,7,
bf,bird9,hubert_base_ls960,0,100,6.5698,6.1361,0.4337,0.3252,7,
bf,bird9,hubert_base_ls960,3,0,5.7156,5.6261,0.0895,0.063,7,
bf,bird9,hubert_base_ls960,3,1,54.4575,15.1592,39.2983,2.8771,7,
bf,bird9,hubert_base_ls960,3,5,30.4801,12.7806,17.6995,0.6258,7,
bf,bird9,hubert_base_ls960,3,10,19.1066,10.3526,8.754,0.8214,7,
bf,bird9,hubert_base_ls960,3,20,11.4033,8.3197,3.0836,0.0834,7,
bf,bird9,hubert_base_ls960,3,50,7.882,6.8691,1.0129,0.1964,7,
bf,bird9,hubert_base_ls960,3,100,6.8356,6.3157,0.5199,0.3765,7,
bf,bird9,xcl_base_500k_p32x1_c005,5,0,2.2641,2.2083,0.0559,0.0455,7,
bf,bird9,xcl_base_500k_p32x4_c010,3,0,5.5513,5.4999,0.0514,0.0209,7,
bf,bird9,xcl_base_500k_p32x4_c010,4,0,5.5748,5.5187,0.056,0.0033,7,
bf,bird9,xcl_large_500k_p32x1_c005,11,0,2.2483,2.1859,0.0624,0.0465,7,
bf,bird9,xcl_large_500k_p32x1_c005,11,1,50.1176,17.0069,33.1107,1.8588,7,
bf,bird9,xcl_large_500k_p32x1_c005,11,5,20.022,9.3964,10.6256,0.4136,7,
bf,bird9,xcl_large_500k_p32x1_c005,11,10,8.1371,5.1179,3.0192,1.1365,7,
bf,bird9,xcl_large_500k_p32x1_c005,11,20,3.8427,3.4144,0.4283,0.4198,7,
bf,bird9,xcl_large_500k_p32x1_c005,11,50,2.4391,2.2684,0.1707,0.1981,7,
bf,bird9,xcl_large_500k_p32x1_c005,11,100,2.3035,2.178,0.1255,0.066,7,
bf,bird9,xcl_large_500k_p32x4_c0025,9,0,5.5791,5.5296,0.0494,0.0044,7,
bf,bird9,xcl_large_500k_p32x4_c010,10,0,5.5574,5.5023,0.0551,0.0257,7,
bf,bird9,xcl_large_500k_p32x4_c010,10,1,56.7996,16.3675,40.4321,2.3891,7,
bf,bird9,xcl_large_500k_p32x4_c010,10,5,29.3812,13.2725,16.1087,1.0043,7,
bf,bird9,xcl_large_500k_p32x4_c010,10,10,16.6624,9.9076,6.7548,2.1266,7,
bf,bird9,xcl_large_500k_p32x4_c010,10,20,9.2919,7.7356,1.5563,0.6712,7,
bf,bird9,xcl_large_500k_p32x4_c010,10,50,6.7246,6.4407,0.2839,0.3794,7,
bf,bird9,xcl_large_500k_p32x4_c010,10,100,6.0714,5.9262,0.1452,0.5134,7,
bf,bird9,xcl_micro_500k_p32x1_c005,4,0,2.5261,2.2447,0.2814,0.0123,7,
bf,bird9,xcl_micro_500k_p32x1_c005,5,0,2.5735,2.2636,0.3099,0.01,7,
bf,bird9,xcl_micro_500k_p32x4_c010,3,0,5.6082,5.529,0.0792,0.02,7,
canary,llb11_annot,beats_iter3_plus_as2m,5,0,8.3883,5.6296,2.7588,0.2773,28,
canary,llb11_annot,beats_iter3_plus_as2m,7,0,6.7983,3.0621,3.7362,0.3208,28,
canary,llb11_annot,beats_iter3_plus_as2m,8,0,6.2612,2.7737,3.4875,0.1986,28,
canary,llb11_annot,beats_iter3_plus_as2m_speed0p03125,10,0,5.5034,0.9151,4.5883,0.3689,28,
canary,llb11_annot,beats_iter3_plus_as2m_speed0p03125,11,0,5.3867,0.9174,4.4693,0.4855,28,
canary,llb11_annot,beats_iter3_plus_as2m_speed0p0625,8,0,5.7099,2.0539,3.6561,0.0477,28,
canary,llb11_annot,beats_iter3_plus_as2m_speed0p0625,10,0,5.0019,2.0034,2.9986,0.0909,28,
canary,llb11_annot,beats_iter3_plus_as2m_speed0p125,8,0,6.3895,3.8298,2.5597,0.5434,28,
canary,llb11_annot,beats_iter3_plus_as2m_speed0p125,9,0,5.9823,3.695,2.2873,0.1956,28,
canary,llb11_annot,beats_iter3_plus_as2m_speed0p125,10,0,6.0741,3.6791,2.395,0.0511,28,
canary,llb11_annot,beats_iter3_plus_as2m_speed0p25,8,0,9.295,7.4884,1.8066,0.2424,28,
canary,llb11_annot,beats_iter3_plus_as2m_speed0p25,9,0,9.2019,7.3481,1.8538,0.3102,28,
canary,llb11_annot,beats_iter3_plus_as2m_speed0p5,8,0,9.6576,7.2118,2.4458,0.5981,28,
canary,llb11_annot,birdaves_biox_base,3,0,6.9725,3.0466,3.9259,0.1812,28,
canary,llb11_annot,birdaves_biox_base,3,1,45.4411,5.7156,39.7256,5.0462,28,
canary,llb11_annot,birdaves_biox_base,3,5,25.1221,4.2175,20.9046,1.737,28,
canary,llb11_annot,birdaves_biox_base,3,10,19.877,4.0394,15.8376,0.3593,28,
canary,llb11_annot,birdaves_biox_base,3,20,15.1378,2.6712,12.4666,1.5144,28,
canary,llb11_annot,birdaves_biox_base,3,50,11.0713,2.9724,8.0989,0.2831,28,
canary,llb11_annot,birdaves_biox_base,3,100,9.5524,3.1149,6.4375,0.5224,28,
canary,llb11_annot,birdaves_biox_base,7,0,6.7907,2.983,3.8078,0.3743,28,
canary,llb11_annot,birdaves_biox_base,7,1,45.3293,5.2836,40.0457,5.4279,28,
canary,llb11_annot,birdaves_biox_base,7,5,24.7973,4.3886,20.4086,1.1276,28,
canary,llb11_annot,birdaves_biox_base,7,10,19.6243,4.2199,15.4045,0.414,28,
canary,llb11_annot,birdaves_biox_base,7,20,14.5902,2.7427,11.8475,1.3475,28,
canary,llb11_annot,birdaves_biox_base,7,50,11.0408,3.1181,7.9228,0.456,28,
canary,llb11_annot,birdaves_biox_base,7,100,9.4359,3.1708,6.2651,0.3075,28,
canary,llb11_annot,birdaves_biox_base_speed0p25,3,0,7.7282,0.7901,6.938,1.071,28,
canary,llb11_annot,birdaves_biox_base_speed0p25,3,1,49.5341,3.9957,45.5384,4.2652,28,
canary,llb11_annot,birdaves_biox_base_speed0p25,3,5,29.9431,2.7457,27.1975,0.5775,28,
canary,llb11_annot,birdaves_biox_base_speed0p25,3,10,24.0171,2.4064,21.6107,0.279,28,
canary,llb11_annot,birdaves_biox_base_speed0p25,3,20,18.5825,1.6306,16.9519,0.8442,28,
canary,llb11_annot,birdaves_biox_base_speed0p25,3,50,14.192,1.3877,12.8043,0.9516,28,
canary,llb11_annot,birdaves_biox_base_speed0p25,3,100,11.9023,1.2262,10.6761,0.9411,28,
canary,llb11_annot,birdaves_biox_base_speed0p25,4,0,7.884,0.7934,7.0906,0.8853,28,
canary,llb11_annot,birdaves_biox_base_speed0p25,4,1,50.6344,3.9706,46.6638,4.4954,28,
canary,llb11_annot,birdaves_biox_base_speed0p25,4,5,30.6837,2.6954,27.9883,0.4446,28,
canary,llb11_annot,birdaves_biox_base_speed0p25,4,10,24.4229,2.4324,21.9905,0.0627,28,
canary,llb11_annot,birdaves_biox_base_speed0p25,4,20,18.5868,1.632,16.9548,0.8506,28,
canary,llb11_annot,birdaves_biox_base_speed0p25,4,50,14.2888,1.3784,12.9104,0.9835,28,
canary,llb11_annot,birdaves_biox_base_speed0p25,4,100,11.9253,1.2254,10.6999,0.9281,28,
canary,llb11_annot,birdaves_biox_base_speed0p5,3,0,5.6105,1.1253,4.4852,0.4354,28,
canary,llb11_annot,birdaves_biox_base_speed0p5,3,1,45.7116,3.8545,41.8571,3.6725,28,
canary,llb11_annot,birdaves_biox_base_speed0p5,3,5,26.0861,3.5549,22.5313,0.4673,28,
canary,llb11_annot,birdaves_biox_base_speed0p5,3,10,20.7569,3.2288,17.5282,0.5084,28,
canary,llb11_annot,birdaves_biox_base_speed0p5,3,20,15.8668,1.929,13.9378,0.5376,28,
canary,llb11_annot,birdaves_biox_base_speed0p5,3,50,11.5737,1.7921,9.7816,0.476,28,
canary,llb11_annot,birdaves_biox_base_speed0p5,3,100,9.3639,1.7363,7.6276,0.589,28,
canary,llb11_annot,birdaves_biox_base_speed0p5,6,0,6.3018,1.2016,5.1002,0.6386,28,
canary,llb11_annot,birdaves_biox_base_speed0p5,6,1,51.1359,4.3295,46.8065,4.0637,28,
canary,llb11_annot,birdaves_biox_base_speed0p5,6,5,28.2945,4.0002,24.2943,0.3,28,
canary,llb11_annot,birdaves_biox_base_speed0p5,6,10,22.2177,3.4375,18.7802,0.5316,28,
canary,llb11_annot,birdaves_biox_base_speed0p5,6,20,16.6598,2.0468,14.613,0.3749,28,
canary,llb11_annot,birdaves_biox_base_speed0p5,6,50,12.4079,1.9031,10.5048,0.5503,28,
canary,llb11_annot,birdaves_biox_base_speed0p5,6,100,10.2876,1.8112,8.4765,0.5471,28,
canary,llb11_annot,birdmae_base_speed0p03125,10,0,8.6675,0.8556,7.8119,0.3975,28,
canary,llb11_annot,birdmae_base_speed0p0625,9,0,7.0134,1.6766,5.3368,0.4665,28,
canary,llb11_annot,birdmae_base_speed0p0625,10,0,6.8158,1.6637,5.1521,0.4757,28,
canary,llb11_annot,birdmae_base_speed0p125,9,0,7.745,3.7698,3.9752,0.1035,28,
canary,llb11_annot,birdmae_base_speed0p125,10,0,7.7268,3.7147,4.0121,0.1942,28,
canary,llb11_annot,birdmae_base_speed0p25,9,0,11.8541,8.519,3.335,0.583,28,
canary,llb11_annot,birdmae_base_speed0p25,10,0,11.3739,8.4109,2.9629,0.4275,28,
canary,llb11_annot,birdmae_base_speed0p5,9,0,13.5359,10.941,2.595,0.4495,28,
canary,llb11_annot,birdmae_base_speed0p5,10,0,13.3453,10.7942,2.5511,0.3248,28,
canary,llb11_annot,birdmae_base_speed1,8,0,11.7269,8.7801,2.9468,0.5573,28,
canary,llb11_annot,birdmae_base_speed1,10,0,11.5795,8.4614,3.1181,0.3906,28,
canary,llb11_annot,hubert_base_ls960,0,0,7.9011,3.257,4.6441,0.3879,28,
canary,llb11_annot,hubert_base_ls960,0,1,44.274,5.3147,38.9593,5.3001,28,
canary,llb11_annot,hubert_base_ls960,0,5,25.9102,4.4887,21.4215,0.9603,28,
canary,llb11_annot,hubert_base_ls960,0,10,21.1464,4.288,16.8584,0.3362,28,
canary,llb11_annot,hubert_base_ls960,0,20,16.0904,3.1699,12.9205,1.0384,28,
canary,llb11_annot,hubert_base_ls960,0,50,12.7368,3.2142,9.5226,0.7598,28,
canary,llb11_annot,hubert_base_ls960,0,100,10.9839,3.3646,7.6193,0.896,28,
canary,llb11_annot,hubert_base_ls960,3,0,8.4267,2.4623,5.9644,0.3003,28,
canary,llb11_annot,hubert_base_ls960,3,1,46.0859,5.519,40.5669,2.7865,28,
canary,llb11_annot,hubert_base_ls960,3,5,24.4008,4.0314,20.3694,0.327,28,
canary,llb11_annot,hubert_base_ls960,3,10,20.1146,3.713,16.4016,0.3807,28,
canary,llb11_annot,hubert_base_ls960,3,20,16.0665,3.0011,13.0654,1.1748,28,
canary,llb11_annot,hubert_base_ls960,3,50,12.7177,2.7288,9.9889,0.4082,28,
canary,llb11_annot,hubert_base_ls960,3,100,11.2486,2.6653,8.5833,0.5221,28,
canary,llb11_annot,xcl_base_500k_p32x1_c005,5,0,3.4571,0.7171,2.74,0.5625,28,
canary,llb11_annot,xcl_base_500k_p32x4_c010,3,0,5.67,2.7908,2.8791,0.3871,28,
canary,llb11_annot,xcl_base_500k_p32x4_c010,4,0,5.75,2.8346,2.9154,0.6096,28,
canary,llb11_annot,xcl_large_500k_p32x1_c005,11,0,3.9417,0.6934,3.2483,0.6156,28,
canary,llb11_annot,xcl_large_500k_p32x1_c005,11,1,40.1255,4.4615,35.664,2.4373,28,
canary,llb11_annot,xcl_large_500k_p32x1_c005,11,5,17.3275,2.6471,14.6804,1.7538,28,
canary,llb11_annot,xcl_large_500k_p32x1_c005,11,10,11.7274,1.8797,9.8477,0.9706,28,
canary,llb11_annot,xcl_large_500k_p32x1_c005,11,20,8.0694,1.1155,6.9539,1.1313,28,
canary,llb11_annot,xcl_large_500k_p32x1_c005,11,50,6.4105,0.9729,5.4376,0.8046,28,
canary,llb11_annot,xcl_large_500k_p32x1_c005,11,100,5.4946,0.8627,4.6319,0.6635,28,
canary,llb11_annot,xcl_large_500k_p32x4_c0025,9,0,5.0548,2.839,2.2158,0.6102,28,
canary,llb11_annot,xcl_large_500k_p32x4_c010,10,0,5.2357,2.7812,2.4545,0.4845,28,
canary,llb11_annot,xcl_large_500k_p32x4_c010,10,1,36.6864,5.5052,31.1812,3.0273,28,
canary,llb11_annot,xcl_large_500k_p32x4_c010,10,5,18.8645,5.4275,13.437,1.7369,28,
canary,llb11_annot,xcl_large_500k_p32x4_c010,10,10,15.2554,5.0694,10.1861,0.5801,28,
canary,llb11_annot,xcl_large_500k_p32x4_c010,10,20,10.4955,2.6855,7.81,1.9091,28,
canary,llb11_annot,xcl_large_500k_p32x4_c010,10,50,8.1737,2.8869,5.2867,1.4113,28,
canary,llb11_annot,xcl_large_500k_p32x4_c010,10,100,6.9103,2.909,4.0013,1.2214,28,
canary,llb11_annot,xcl_micro_500k_p32x1_c005,4,0,5.1155,0.8014,4.3141,0.7638,28,
canary,llb11_annot,xcl_micro_500k_p32x1_c005,5,0,5.2008,0.7955,4.4054,0.6842,28,
canary,llb11_annot,xcl_micro_500k_p32x4_c010,3,0,7.0093,2.778,4.2313,0.5023,28,
canary,llb16_annot,beats_iter3_plus_as2m,5,0,9.757,3.5915,6.1655,0.6612,31,
canary,llb16_annot,beats_iter3_plus_as2m,7,0,8.7108,2.2932,6.4176,0.5738,31,
canary,llb16_annot,beats_iter3_plus_as2m,8,0,8.9563,2.2325,6.7239,0.6061,31,
canary,llb16_annot,beats_iter3_plus_as2m_speed0p03125,10,0,8.301,1.1282,7.1727,0.0776,31,
canary,llb16_annot,beats_iter3_plus_as2m_speed0p03125,11,0,8.228,1.103,7.125,0.0985,31,
canary,llb16_annot,beats_iter3_plus_as2m_speed0p0625,8,0,9.8337,2.7561,7.0776,0.5889,31,
canary,llb16_annot,beats_iter3_plus_as2m_speed0p0625,10,0,8.6419,2.6114,6.0305,0.5235,31,
canary,llb16_annot,beats_iter3_plus_as2m_speed0p125,8,0,10.3216,5.3591,4.9626,0.1872,31,
canary,llb16_annot,beats_iter3_plus_as2m_speed0p125,9,0,10.0133,5.3052,4.7081,0.1312,31,
canary,llb16_annot,beats_iter3_plus_as2m_speed0p125,10,0,10.1536,5.1817,4.972,0.222,31,
canary,llb16_annot,beats_iter3_plus_as2m_speed0p25,8,0,14.4124,10.5827,3.8296,0.5564,31,
canary,llb16_annot,beats_iter3_plus_as2m_speed0p25,9,0,14.6262,10.8711,3.7551,0.5978,31,
canary,llb16_annot,beats_iter3_plus_as2m_speed0p5,8,0,10.3531,6.8633,3.4898,0.4244,31,
canary,llb16_annot,birdaves_biox_base,3,0,9.3349,4.2204,5.1144,0.0708,31,
canary,llb16_annot,birdaves_biox_base,3,1,48.7377,5.767,42.9707,1.1955,31,
canary,llb16_annot,birdaves_biox_base,3,5,28.8121,5.5271,23.2849,0.6409,31,
canary,llb16_annot,birdaves_biox_base,3,10,22.2166,5.78,16.4366,0.78,31,
canary,llb16_annot,birdaves_biox_base,3,20,17.8557,5.8604,11.9953,0.6442,31,
canary,llb16_annot,birdaves_biox_base,3,50,13.9401,4.3906,9.5495,0.1852,31,
canary,llb16_annot,birdaves_biox_base,3,100,12.2963,4.4932,7.8032,0.5096,31,
canary,llb16_annot,birdaves_biox_base,7,0,8.8798,4.1717,4.7081,0.2164,31,
canary,llb16_annot,birdaves_biox_base,7,1,46.5512,4.9156,41.6356,0.3833,31,
canary,llb16_annot,birdaves_biox_base,7,5,27.2403,5.0253,22.215,0.6941,31,
canary,llb16_annot,birdaves_biox_base,7,10,20.7691,5.0327,15.7364,0.7874,31,
canary,llb16_annot,birdaves_biox_base,7,20,16.7873,5.262,11.5253,0.645,31,
canary,llb16_annot,birdaves_biox_base,7,50,13.4739,4.2459,9.228,0.1736,31,
canary,llb16_annot,birdaves_biox_base,7,100,11.8331,4.345,7.4881,0.4756,31,
canary,llb16_annot,birdaves_biox_base_speed0p25,3,0,9.7228,0.9699,8.7528,0.4398,31,
canary,llb16_annot,birdaves_biox_base_speed0p25,3,1,53.5935,3.1146,50.4789,1.0609,31,
canary,llb16_annot,birdaves_biox_base_speed0p25,3,5,33.2851,2.3892,30.8959,1.544,31,
canary,llb16_annot,birdaves_biox_base_speed0p25,3,10,26.3774,2.0876,24.2898,1.3472,31,
canary,llb16_annot,birdaves_biox_base_speed0p25,3,20,20.9531,1.8348,19.1184,1.5603,31,
canary,llb16_annot,birdaves_biox_base_speed0p25,3,50,16.7701,1.4721,15.2981,1.3008,31,
canary,llb16_annot,birdaves_biox_base_speed0p25,3,100,14.564,1.2744,13.2897,0.9302,31,
canary,llb16_annot,birdaves_biox_base_speed0p25,4,0,10.0577,1.0306,9.0271,0.5944,31,
canary,llb16_annot,birdaves_biox_base_speed0p25,4,1,54.9308,3.0865,51.8443,0.7785,31,
canary,llb16_annot,birdaves_biox_base_speed0p25,4,5,34.3365,2.2053,32.1312,1.3876,31,
canary,llb16_annot,birdaves_biox_base_speed0p25,4,10,26.7822,1.9378,24.8444,1.4368,31,
canary,llb16_annot,birdaves_biox_base_speed0p25,4,20,20.8963,1.6245,19.2718,1.5877,31,
canary,llb16_annot,birdaves_biox_base_speed0p25,4,50,16.7292,1.3482,15.3811,1.0791,31,
canary,llb16_annot,birdaves_biox_base_speed0p25,4,100,14.5234,1.2291,13.2943,0.9533,31,
canary,llb16_annot,birdaves_biox_base_speed0p5,3,0,8.3015,1.6291,6.6724,0.2893,31,
canary,llb16_annot,birdaves_biox_base_speed0p5,3,1,50.1069,3.5428,46.5642,1.7348,31,
canary,llb16_annot,birdaves_biox_base_speed0p5,3,5,28.1654,3.0724,25.093,0.6694,31,
canary,llb16_annot,birdaves_biox_base_speed0p5,3,10,21.4395,2.8936,18.5459,0.6757,31,
canary,llb16_annot,birdaves_biox_base_speed0p5,3,20,17.4648,2.8197,14.6451,0.5792,31,
canary,llb16_annot,birdaves_biox_base_speed0p5,3,50,13.877,2.1994,11.6776,0.624,31,
canary,llb16_annot,birdaves_biox_base_speed0p5,3,100,11.8141,2.0335,9.7806,0.2959,31,
canary,llb16_annot,birdaves_biox_base_speed0p5,6,0,8.671,1.5736,7.0974,0.7667,31,
canary,llb16_annot,birdaves_biox_base_speed0p5,6,1,52.8905,3.4819,49.4086,1.583,31,
canary,llb16_annot,birdaves_biox_base_speed0p5,6,5,30.3861,3.0929,27.2932,0.4547,31,
canary,llb16_annot,birdaves_biox_base_speed0p5,6,10,22.7707,2.9329,19.8378,0.2235,31,
canary,llb16_annot,birdaves_biox_base_speed0p5,6,20,18.0597,2.7984,15.2612,0.6712,31,
canary,llb16_annot,birdaves_biox_base_speed0p5,6,50,14.0937,2.1881,11.9057,0.595,31,
canary,llb16_annot,birdaves_biox_base_speed0p5,6,100,12.1369,2.0301,10.1068,0.5594,31,
canary,llb16_annot,birdmae_base_speed0p03125,10,0,13.3185,1.0185,12.2999,0.5748,31,
canary,llb16_annot,birdmae_base_speed0p0625,9,0,13.2507,2.3322,10.9185,0.0944,31,
canary,llb16_annot,birdmae_base_speed0p0625,10,0,12.5905,2.3249,10.2656,0.1262,31,
canary,llb16_annot,birdmae_base_speed0p125,9,0,12.0999,4.9754,7.1244,0.3801,31,
canary,llb16_annot,birdmae_base_speed0p125,10,0,11.6688,4.8782,6.7906,0.2123,31,
canary,llb16_annot,birdmae_base_speed0p25,9,0,16.9907,11.8564,5.1343,0.8488,31,
canary,llb16_annot,birdmae_base_speed0p25,10,0,16.6185,11.7671,4.8514,0.5592,31,
canary,llb16_annot,birdmae_base_speed0p5,9,0,16.5005,12.019,4.4816,0.4104,31,
canary,llb16_annot,birdmae_base_speed0p5,10,0,16.3016,11.9483,4.3533,0.4292,31,
canary,llb16_annot,birdmae_base_speed1,8,0,14.7119,8.5577,6.1542,0.1418,31,
canary,llb16_annot,birdmae_base_speed1,10,0,14.4612,8.3995,6.0617,0.0175,31,
canary,llb16_annot,hubert_base_ls960,0,0,10.5091,4.3424,6.1667,0.2035,31,
canary,llb16_annot,hubert_base_ls960,0,1,53.0686,5.287,47.7816,0.7363,31,
canary,llb16_annot,hubert_base_ls960,0,5,32.331,5.436,26.895,1.7388,31,
canary,llb16_annot,hubert_base_ls960,0,10,26.0116,5.4421,20.5695,1.4808,31,
canary,llb16_annot,hubert_base_ls960,0,20,21.5621,5.6659,15.8961,0.2051,31,
canary,llb16_annot,hubert_base_ls960,0,50,16.983,4.51,12.473,0.5998,31,
canary,llb16_annot,hubert_base_ls960,0,100,14.7292,4.6183,10.1109,0.5141,31,
canary,llb16_annot,hubert_base_ls960,3,0,11.2049,3.9054,7.2995,0.2338,31,
canary,llb16_annot,hubert_base_ls960,3,1,50.8823,5.2323,45.6499,1.3175,31,
canary,llb16_annot,hubert_base_ls960,3,5,31.0505,4.7626,26.2879,0.8795,31,
canary,llb16_annot,hubert_base_ls960,3,10,25.0162,4.6241,20.3921,0.9568,31,
canary,llb16_annot,hubert_base_ls960,3,20,21.4148,4.8156,16.5992,0.4099,31,
canary,llb16_annot,hubert_base_ls960,3,50,17.206,4.0911,13.1149,0.3105,31,
canary,llb16_annot,hubert_base_ls960,3,100,14.8867,3.9925,10.8943,0.3205,31,
canary,llb16_annot,xcl_base_500k_p32x1_c005,5,0,6.8838,0.9704,5.9134,0.3432,31,
canary,llb16_annot,xcl_base_500k_p32x4_c010,3,0,8.8053,3.7734,5.0319,0.315,31,
canary,llb16_annot,xcl_base_500k_p32x4_c010,4,0,8.8367,3.7399,5.0969,0.2893,31,
canary,llb16_annot,xcl_large_500k_p32x1_c005,11,0,6.4901,0.9349,5.5552,0.3964,31,
canary,llb16_annot,xcl_large_500k_p32x1_c005,11,1,43.8787,3.6356,40.2431,0.892,31,
canary,llb16_annot,xcl_large_500k_p32x1_c005,11,5,22.2732,2.501,19.7722,0.6383,31,
canary,llb16_annot,xcl_large_500k_p32x1_c005,11,10,16.403,1.9674,14.4356,0.4351,31,
canary,llb16_annot,xcl_large_500k_p32x1_c005,11,20,12.9716,1.685,11.2866,0.1356,31,
canary,llb16_annot,xcl_large_500k_p32x1_c005,11,50,10.4795,1.4073,9.0721,0.271,31,
canary,llb16_annot,xcl_large_500k_p32x1_c005,11,100,9.0608,1.178,7.8828,0.4078,31,
canary,llb16_annot,xcl_large_500k_p32x4_c0025,9,0,8.9962,3.7806,5.2156,0.1382,31,
canary,llb16_annot,xcl_large_500k_p32x4_c010,10,0,8.6622,3.8784,4.7838,0.2398,31,
canary,llb16_annot,xcl_large_500k_p32x4_c010,10,1,45.416,4.5506,40.8654,2.0681,31,
canary,llb16_annot,xcl_large_500k_p32x4_c010,10,5,26.1207,4.5728,21.5479,0.7239,31,
canary,llb16_annot,xcl_large_500k_p32x4_c010,10,10,20.179,4.348,15.831,0.1335,31,
canary,llb16_annot,xcl_large_500k_p32x4_c010,10,20,16.6997,4.5832,12.1165,0.6622,31,
canary,llb16_annot,xcl_large_500k_p32x4_c010,10,50,13.1037,3.7662,9.3375,0.2219,31,
canary,llb16_annot,xcl_large_500k_p32x4_c010,10,100,11.1764,3.3598,7.8166,0.5418,31,
canary,llb16_annot,xcl_micro_500k_p32x1_c005,4,0,7.9257,0.9315,6.9942,0.3019,31,
canary,llb16_annot,xcl_micro_500k_p32x1_c005,5,0,7.9901,0.9403,7.0499,0.4152,31,
canary,llb16_annot,xcl_micro_500k_p32x4_c010,3,0,9.5958,3.8025,5.7932,0.3657,31,
canary,llb3_annot,beats_iter3_plus_as2m,5,0,13.4388,11.3705,2.0682,0.5051,21,
canary,llb3_annot,beats_iter3_plus_as2m,7,0,11.0833,9.1176,1.9657,0.6379,21,
canary,llb3_annot,beats_iter3_plus_as2m,8,0,10.2037,8.099,2.1048,0.5666,21,
canary,llb3_annot,beats_iter3_plus_as2m_speed0p03125,10,0,5.4063,1.7135,3.6928,0.1748,21,
canary,llb3_annot,beats_iter3_plus_as2m_speed0p03125,11,0,5.1552,1.6991,3.4561,0.2526,21,
canary,llb3_annot,beats_iter3_plus_as2m_speed0p0625,8,0,5.7306,3.0058,2.7248,0.3645,21,
canary,llb3_annot,beats_iter3_plus_as2m_speed0p0625,10,0,5.202,2.9589,2.2431,0.2758,21,
canary,llb3_annot,beats_iter3_plus_as2m_speed0p125,8,0,6.9343,5.0979,1.8364,0.143,21,
canary,llb3_annot,beats_iter3_plus_as2m_speed0p125,9,0,6.8807,5.0658,1.815,0.108,21,
canary,llb3_annot,beats_iter3_plus_as2m_speed0p125,10,0,6.8168,4.9953,1.8215,0.0601,21,
canary,llb3_annot,beats_iter3_plus_as2m_speed0p25,8,0,12.0299,10.6482,1.3817,0.2445,21,
canary,llb3_annot,beats_iter3_plus_as2m_speed0p25,9,0,11.7907,10.4397,1.3511,0.3747,21,
canary,llb3_annot,beats_iter3_plus_as2m_speed0p5,8,0,15.3329,14.1316,1.2013,0.4465,21,
canary,llb3_annot,birdaves_biox_base,3,0,7.3747,4.5537,2.821,0.4728,21,
canary,llb3_annot,birdaves_biox_base,3,1,44.843,5.3532,39.4898,2.4605,21,
canary,llb3_annot,birdaves_biox_base,3,5,22.4213,5.5187,16.9026,0.8716,21,
canary,llb3_annot,birdaves_biox_base,3,10,15.7157,4.9155,10.8002,0.6754,21,
canary,llb3_annot,birdaves_biox_base,3,20,12.063,4.6915,7.3715,0.4256,21,
canary,llb3_annot,birdaves_biox_base,3,50,9.7738,4.5786,5.1952,0.6225,21,
canary,llb3_annot,birdaves_biox_base,3,100,8.4579,4.243,4.2149,0.4941,21,
canary,llb3_annot,birdaves_biox_base,7,0,6.8272,4.3677,2.4595,0.693,21,
canary,llb3_annot,birdaves_biox_base,7,1,46.0567,5.4746,40.5821,2.5426,21,
canary,llb3_annot,birdaves_biox_base,7,5,22.0343,5.6051,16.4292,1.0498,21,
canary,llb3_annot,birdaves_biox_base,7,10,14.9879,4.8221,10.1657,1.2133,21,
canary,llb3_annot,birdaves_biox_base,7,20,11.5037,4.6771,6.8266,0.7182,21,
canary,llb3_annot,birdaves_biox_base,7,50,9.3008,4.4818,4.8189,0.621,21,
canary,llb3_annot,birdaves_biox_base,7,100,8.2284,4.2568,3.9716,0.6738,21,
canary,llb3_annot,birdaves_biox_base_speed0p25,3,0,7.8388,1.5755,6.2633,0.4845,21,
canary,llb3_annot,birdaves_biox_base_speed0p25,3,1,50.5709,4.5332,46.0377,3.6599,21,
canary,llb3_annot,birdaves_biox_base_speed0p25,3,5,25.0336,2.8934,22.1402,0.5663,21,
canary,llb3_annot,birdaves_biox_base_speed0p25,3,10,18.1009,2.5654,15.5355,0.6658,21,
canary,llb3_annot,birdaves_biox_base_speed0p25,3,20,14.8527,2.195,12.6577,0.4493,21,
canary,llb3_annot,birdaves_biox_base_speed0p25,3,50,11.9359,1.8753,10.0606,0.4877,21,
canary,llb3_annot,birdaves_biox_base_speed0p25,3,100,10.5678,1.7469,8.8209,0.5324,21,
canary,llb3_annot,birdaves_biox_base_speed0p25,4,0,8.0066,1.5817,6.4248,0.5216,21,
canary,llb3_annot,birdaves_biox_base_speed0p25,4,1,51.3601,4.4417,46.9184,3.1669,21,
canary,llb3_annot,birdaves_biox_base_speed0p25,4,5,25.3324,2.7878,22.5446,0.4019,21,
canary,llb3_annot,birdaves_biox_base_speed0p25,4,10,17.9817,2.4518,15.53,0.4343,21,
canary,llb3_annot,birdaves_biox_base_speed0p25,4,20,14.4891,2.0847,12.4044,0.2919,21,
canary,llb3_annot,birdaves_biox_base_speed0p25,4,50,11.7759,1.8053,9.9707,0.3511,21,
canary,llb3_annot,birdaves_biox_base_speed0p25,4,100,10.4844,1.6984,8.786,0.3331,21,
canary,llb3_annot,birdaves_biox_base_speed0p5,3,0,5.9214,2.175,3.7464,0.5838,21,
canary,llb3_annot,birdaves_biox_base_speed0p5,3,1,46.3591,4.5483,41.8108,2.5466,21,
canary,llb3_annot,birdaves_biox_base_speed0p5,3,5,21.8809,3.9684,17.9125,1.0073,21,
canary,llb3_annot,birdaves_biox_base_speed0p5,3,10,15.5915,4.0149,11.5766,1.1054,21,
canary,llb3_annot,birdaves_biox_base_speed0p5,3,20,12.3416,3.5045,8.8371,0.7599,21,
canary,llb3_annot,birdaves_biox_base_speed0p5,3,50,9.5785,2.845,6.7335,0.5866,21,
canary,llb3_annot,birdaves_biox_base_speed0p5,3,100,8.0898,2.6032,5.4866,0.4833,21,
canary,llb3_annot,birdaves_biox_base_speed0p5,6,0,6.4932,2.1747,4.3185,0.5688,21,
canary,llb3_annot,birdaves_biox_base_speed0p5,6,1,49.5205,4.4128,45.1077,2.4361,21,
canary,llb3_annot,birdaves_biox_base_speed0p5,6,5,24.6187,3.8302,20.7885,0.7464,21,
canary,llb3_annot,birdaves_biox_base_speed0p5,6,10,17.3446,3.6951,13.6495,0.6858,21,
canary,llb3_annot,birdaves_biox_base_speed0p5,6,20,13.52,3.2565,10.2635,0.6771,21,
canary,llb3_annot,birdaves_biox_base_speed0p5,6,50,10.4736,2.8198,7.6538,0.6032,21,
canary,llb3_annot,birdaves_biox_base_speed0p5,6,100,8.9953,2.5695,6.4258,0.6421,21,
canary,llb3_annot,birdmae_base_speed0p03125,10,0,9.2585,1.7406,7.518,0.3768,21,
canary,llb3_annot,birdmae_base_speed0p0625,9,0,8.3188,2.885,5.4338,0.0549,21,
canary,llb3_annot,birdmae_base_speed0p0625,10,0,7.8308,2.8755,4.9553,0.0172,21,
canary,llb3_annot,birdmae_base_speed0p125,9,0,8.6928,5.1169,3.576,0.0818,21,
canary,llb3_annot,birdmae_base_speed0p125,10,0,8.5304,5.0114,3.519,0.0616,21,
canary,llb3_annot,birdmae_base_speed0p25,9,0,13.7164,11.1341,2.5823,0.5652,21,
canary,llb3_annot,birdmae_base_speed0p25,10,0,13.4842,11.1377,2.3465,0.3559,21,
canary,llb3_annot,birdmae_base_speed0p5,9,0,19.1521,17.2394,1.9127,0.2766,21,
canary,llb3_annot,birdmae_base_speed0p5,10,0,19.1323,17.2223,1.91,0.2881,21,
canary,llb3_annot,birdmae_base_speed1,8,0,16.9269,15.023,1.9039,0.4399,21,
canary,llb3_annot,birdmae_base_speed1,10,0,16.1919,14.5292,1.6626,0.6755,21,
canary,llb3_annot,hubert_base_ls960,0,0,8.5991,4.7823,3.8168,0.3804,21,
canary,llb3_annot,hubert_base_ls960,0,1,47.1586,5.1299,42.0287,3.0287,21,
canary,llb3_annot,hubert_base_ls960,0,5,24.2125,5.5447,18.6678,0.3899,21,
canary,llb3_annot,hubert_base_ls960,0,10,17.2874,5.0646,12.2228,1.062,21,
canary,llb3_annot,hubert_base_ls960,0,20,13.3354,4.6204,8.715,0.2225,21,
canary,llb3_annot,hubert_base_ls960,0,50,10.9365,4.7956,6.1409,0.494,21,
canary,llb3_annot,hubert_base_ls960,0,100,9.6238,4.5902,5.0336,0.5951,21,
canary,llb3_annot,hubert_base_ls960,3,0,8.1821,4.3434,3.8387,0.4873,21,
canary,llb3_annot,hubert_base_ls960,3,1,48.5722,5.7053,42.867,5.1521,21,
canary,llb3_annot,hubert_base_ls960,3,5,23.5583,5.844,17.7143,0.6932,21,
canary,llb3_annot,hubert_base_ls960,3,10,17.1174,5.334,11.7833,0.9248,21,
canary,llb3_annot,hubert_base_ls960,3,20,13.5359,4.9494,8.5865,0.5074,21,
canary,llb3_annot,hubert_base_ls960,3,50,11.0591,4.7418,6.3173,0.7587,21,
canary,llb3_annot,hubert_base_ls960,3,100,9.8295,4.4836,5.3459,0.6827,21,
canary,llb3_annot,xcl_base_500k_p32x1_c005,5,0,4.4729,1.5572,2.9157,0.358,21,
canary,llb3_annot,xcl_base_500k_p32x4_c010,3,0,7.1281,4.6877,2.4404,0.5025,21,
canary,llb3_annot,xcl_base_500k_p32x4_c010,4,0,7.148,4.6922,2.4558,0.5192,21,
canary,llb3_annot,xcl_large_500k_p32x1_c005,11,0,4.0134,1.4867,2.5267,0.3,21,
canary,llb3_annot,xcl_large_500k_p32x1_c005,11,1,44.3654,4.5339,39.8316,2.5898,21,
canary,llb3_annot,xcl_large_500k_p32x1_c005,11,5,17.3018,2.8029,14.4989,0.7374,21,
canary,llb3_annot,xcl_large_500k_p32x1_c005,11,10,11.6046,2.1108,9.4938,1.0772,21,
canary,llb3_annot,xcl_large_500k_p32x1_c005,11,20,8.6064,1.9908,6.6156,0.5625,21,
canary,llb3_annot,xcl_large_500k_p32x1_c005,11,50,6.3908,1.7032,4.6875,0.4432,21,
canary,llb3_annot,xcl_large_500k_p32x1_c005,11,100,5.5617,1.6202,3.9415,0.35,21,
canary,llb3_annot,xcl_large_500k_p32x4_c0025,9,0,6.7238,4.6399,2.0839,0.3894,21,
canary,llb3_annot,xcl_large_500k_p32x4_c010,10,0,7.1281,4.7551,2.373,0.4881,21,
canary,llb3_annot,xcl_large_500k_p32x4_c010,10,1,43.0673,5.5086,37.5586,3.2206,21,
canary,llb3_annot,xcl_large_500k_p32x4_c010,10,5,21.0365,5.0146,16.0219,1.1176,21,
canary,llb3_annot,xcl_large_500k_p32x4_c010,10,10,13.8702,3.9224,9.9478,0.3785,21,
canary,llb3_annot,xcl_large_500k_p32x4_c010,10,20,11.2004,4.0927,7.1076,0.4442,21,
canary,llb3_annot,xcl_large_500k_p32x4_c010,10,50,8.7969,3.9511,4.8458,0.5298,21,
canary,llb3_annot,xcl_large_500k_p32x4_c010,10,100,7.8621,3.8449,4.0172,0.5332,21,
canary,llb3_annot,xcl_micro_500k_p32x1_c005,4,0,5.635,1.5947,4.0403,0.1505,21,
canary,llb3_annot,xcl_micro_500k_p32x1_c005,5,0,5.7866,1.6071,4.1795,0.1927,21,
canary,llb3_annot,xcl_micro_500k_p32x4_c010,3,0,7.681,4.6875,2.9936,0.5875,21,
zf,B145,beats_iter3_plus_as2m,5,0,40.2858,16.0624,24.2233,0.4088,9,
zf,B145,beats_iter3_plus_as2m,7,0,40.3064,15.8689,24.4375,0.5056,9,
zf,B145,beats_iter3_plus_as2m,8,0,40.2366,15.4802,24.7565,1.195,9,
zf,B145,beats_iter3_plus_as2m_speed0p03125,10,0,14.1973,3.9639,10.2333,1.2608,9,
zf,B145,beats_iter3_plus_as2m_speed0p03125,11,0,14.8315,3.8643,10.9672,1.0699,9,
zf,B145,beats_iter3_plus_as2m_speed0p0625,8,0,11.7419,4.568,7.1739,0.4788,9,
zf,B145,beats_iter3_plus_as2m_speed0p0625,10,0,11.78,4.6031,7.1768,0.436,9,
zf,B145,beats_iter3_plus_as2m_speed0p125,8,0,13.4985,5.4386,8.0599,1.5339,9,
zf,B145,beats_iter3_plus_as2m_speed0p125,9,0,13.8256,5.4016,8.424,2.2123,9,
zf,B145,beats_iter3_plus_as2m_speed0p125,10,0,13.0568,5.3882,7.6686,1.8634,9,
zf,B145,beats_iter3_plus_as2m_speed0p25,8,0,14.3078,7.8857,6.4221,1.68,9,
zf,B145,beats_iter3_plus_as2m_speed0p25,9,0,14.5394,7.8622,6.6772,1.1219,9,
zf,B145,beats_iter3_plus_as2m_speed0p5,8,0,17.9442,11.1318,6.8124,1.4393,9,
zf,B145,birdaves_biox_base,3,0,10.8636,5.0945,5.7692,0.4555,9,
zf,B145,birdaves_biox_base,3,1,46.1813,12.8087,33.3726,0.7311,9,
zf,B145,birdaves_biox_base,3,5,22.2972,8.3336,13.9636,0.9593,9,
zf,B145,birdaves_biox_base,3,10,14.8236,6.5784,8.2452,0.621,9,
zf,B145,birdaves_biox_base,3,20,12.301,5.9182,6.3828,0.6151,9,
zf,B145,birdaves_biox_base,3,50,11.1381,5.6546,5.4835,0.3918,9,
zf,B145,birdaves_biox_base,3,100,10.8112,5.275,5.5362,0.5267,9,
zf,B145,birdaves_biox_base,7,0,10.1749,5.2695,4.9054,0.6277,9,
zf,B145,birdaves_biox_base,7,1,46.9298,13.4818,33.448,4.451,9,
zf,B145,birdaves_biox_base,7,5,22.636,9.2406,13.3954,1.664,9,
zf,B145,birdaves_biox_base,7,10,15.414,6.7162,8.6978,0.2867,9,
zf,B145,birdaves_biox_base,7,20,11.6107,5.7316,5.8791,0.8232,9,
zf,B145,birdaves_biox_base,7,50,10.3987,5.6865,4.7122,0.6807,9,
zf,B145,birdaves_biox_base,7,100,10.1197,5.2912,4.8286,0.6651,9,
zf,B145,birdaves_biox_base_speed0p25,3,0,12.9348,3.7106,9.2242,1.1633,9,
zf,B145,birdaves_biox_base_speed0p25,3,1,45.4741,11.9063,33.5679,3.0041,9,
zf,B145,birdaves_biox_base_speed0p25,3,5,21.9965,6.4589,15.5376,1.1808,9,
zf,B145,birdaves_biox_base_speed0p25,3,10,16.0456,4.6065,11.4391,1.2026,9,
zf,B145,birdaves_biox_base_speed0p25,3,20,14.3071,4.0727,10.2344,0.9813,9,
zf,B145,birdaves_biox_base_speed0p25,3,50,13.0939,3.9129,9.1809,1.1988,9,
zf,B145,birdaves_biox_base_speed0p25,3,100,12.9486,3.75,9.1986,1.2562,9,
zf,B145,birdaves_biox_base_speed0p25,4,0,11.9827,3.6103,8.3724,0.6937,9,
zf,B145,birdaves_biox_base_speed0p25,4,1,44.0042,11.5747,32.4295,2.5929,9,
zf,B145,birdaves_biox_base_speed0p25,4,5,21.4233,6.7484,14.675,1.9138,9,
zf,B145,birdaves_biox_base_speed0p25,4,10,14.8895,4.4477,10.4417,1.0268,9,
zf,B145,birdaves_biox_base_speed0p25,4,20,13.2939,3.9431,9.3508,1.2964,9,
zf,B145,birdaves_biox_base_speed0p25,4,50,12.1444,3.7467,8.3977,0.7803,9,
zf,B145,birdaves_biox_base_speed0p25,4,100,12.0375,3.6863,8.3512,0.767,9,
zf,B145,birdaves_biox_base_speed0p5,3,0,10.6473,4.3422,6.3051,0.5657,9,
zf,B145,birdaves_biox_base_speed0p5,3,1,42.6947,12.4129,30.2819,1.5661,9,
zf,B145,birdaves_biox_base_speed0p5,3,5,21.069,7.7097,13.3593,1.2511,9,
zf,B145,birdaves_biox_base_speed0p5,3,10,14.462,5.8239,8.6381,0.9015,9,
zf,B145,birdaves_biox_base_speed0p5,3,20,11.8116,4.6664,7.1452,0.8832,9,
zf,B145,birdaves_biox_base_speed0p5,3,50,10.7886,4.5105,6.2781,0.6873,9,
zf,B145,birdaves_biox_base_speed0p5,3,100,10.8062,4.4565,6.3498,0.6213,9,
zf,B145,birdaves_biox_base_speed0p5,6,0,10.2439,4.153,6.0909,0.3716,9,
zf,B145,birdaves_biox_base_speed0p5,6,1,45.263,12.1781,33.0849,2.4904,9,
zf,B145,birdaves_biox_base_speed0p5,6,5,21.8871,8.1189,13.7682,0.885,9,
zf,B145,birdaves_biox_base_speed0p5,6,10,15.2694,6.0428,9.2267,1.3941,9,
zf,B145,birdaves_biox_base_speed0p5,6,20,11.9665,5.1026,6.8639,0.6918,9,
zf,B145,birdaves_biox_base_speed0p5,6,50,10.5281,4.541,5.9871,0.5191,9,
zf,B145,birdaves_biox_base_speed0p5,6,100,10.4053,4.387,6.0183,0.4278,9,
zf,B145,birdmae_base_speed0p03125,10,0,15.0654,3.8737,11.1918,0.6844,9,
zf,B145,birdmae_base_speed0p0625,9,0,12.9238,4.4612,8.4626,0.7764,9,
zf,B145,birdmae_base_speed0p0625,10,0,12.7931,4.4091,8.3839,0.635,9,
zf,B145,birdmae_base_speed0p125,9,0,14.2162,5.2771,8.9391,1.0394,9,
zf,B145,birdmae_base_speed0p125,10,0,14.4962,5.2755,9.2207,1.6668,9,
zf,B145,birdmae_base_speed0p25,9,0,15.112,7.9739,7.1381,0.2864,9,
zf,B145,birdmae_base_speed0p25,10,0,15.1053,7.9491,7.1562,0.2127,9,
zf,B145,birdmae_base_speed0p5,9,0,18.7439,11.2186,7.5253,1.8087,9,
zf,B145,birdmae_base_speed0p5,10,0,18.5998,11.076,7.5238,1.1713,9,
zf,B145,birdmae_base_speed1,8,0,38.4957,16.6437,21.8519,1.3189,9,
zf,B145,birdmae_base_speed1,10,0,38.13,16.9278,21.2022,0.1697,9,
zf,B145,hubert_base_ls960,0,0,11.8246,5.5293,6.2953,1.0488,9,
zf,B145,hubert_base_ls960,0,1,55.4435,13.3158,42.1277,2.3831,9,
zf,B145,hubert_base_ls960,0,5,29.0533,9.758,19.2953,1.2923,9,
zf,B145,hubert_base_ls960,0,10,19.6226,7.4834,12.1391,0.8022,9,
zf,B145,hubert_base_ls960,0,20,14.858,5.6352,9.2228,1.4277,9,
zf,B145,hubert_base_ls960,0,50,12.6796,5.761,6.9186,1.489,9,
zf,B145,hubert_base_ls960,0,100,11.9577,5.489,6.4687,1.0641,9,
zf,B145,hubert_base_ls960,3,0,11.7621,5.2186,6.5434,0.647,9,
zf,B145,hubert_base_ls960,3,1,56.6312,13.1793,43.4519,0.6564,9,
zf,B145,hubert_base_ls960,3,5,32.0913,10.3075,21.7837,1.3021,9,
zf,B145,hubert_base_ls960,3,10,21.621,7.7297,13.8913,1.7254,9,
zf,B145,hubert_base_ls960,3,20,16.0099,6.4341,9.5758,0.9302,9,
zf,B145,hubert_base_ls960,3,50,12.5425,5.8658,6.6767,0.8355,9,
zf,B145,hubert_base_ls960,3,100,11.934,5.4141,6.5199,0.7178,9,
zf,B145,xcl_base_500k_p32x1_c005,5,0,10.0781,3.9222,6.156,0.6323,9,
zf,B145,xcl_base_500k_p32x4_c010,3,0,12.0244,5.5332,6.4912,0.717,9,
zf,B145,xcl_base_500k_p32x4_c010,4,0,11.9733,5.5081,6.4652,0.6321,9,
zf,B145,xcl_large_500k_p32x1_c005,11,0,9.8318,4.0536,5.7782,0.9069,9,
zf,B145,xcl_large_500k_p32x1_c005,11,1,50.3705,11.9825,38.388,1.9316,9,
zf,B145,xcl_large_500k_p32x1_c005,11,5,22.2993,7.7012,14.5981,1.0561,9,
zf,B145,xcl_large_500k_p32x1_c005,11,10,14.1338,5.4968,8.6371,1.0025,9,
zf,B145,xcl_large_500k_p32x1_c005,11,20,11.2885,4.6552,6.6332,0.5487,9,
zf,B145,xcl_large_500k_p32x1_c005,11,50,10.1457,4.1363,6.0093,0.9444,9,
zf,B145,xcl_large_500k_p32x1_c005,11,100,9.8615,4.0754,5.7862,0.8949,9,
zf,B145,xcl_large_500k_p32x4_c0025,9,0,11.885,5.5113,6.3737,1.3144,9,
zf,B145,xcl_large_500k_p32x4_c010,10,0,11.0225,5.4255,5.597,0.9133,9,
zf,B145,xcl_large_500k_p32x4_c010,10,1,51.5193,12.7032,38.8161,1.1367,9,
zf,B145,xcl_large_500k_p32x4_c010,10,5,28.2548,10.0454,18.2093,2.3478,9,
zf,B145,xcl_large_500k_p32x4_c010,10,10,17.6537,7.2395,10.4142,1.0358,9,
zf,B145,xcl_large_500k_p32x4_c010,10,20,12.7698,6.09,6.6798,0.7215,9,
zf,B145,xcl_large_500k_p32x4_c010,10,50,11.4889,5.5049,5.984,0.4942,9,
zf,B145,xcl_large_500k_p32x4_c010,10,100,11.1066,5.3955,5.7111,0.8946,9,
zf,B145,xcl_micro_500k_p32x1_c005,4,0,12.5906,4.0412,8.5495,0.5048,9,
zf,B145,xcl_micro_500k_p32x1_c005,5,0,12.8962,4.1062,8.79,0.7186,9,
zf,B145,xcl_micro_500k_p32x4_c010,3,0,13.4217,5.4826,7.9391,1.3354,9,
zf,B236,beats_iter3_plus_as2m,5,0,39.7531,21.0637,18.6894,6.2582,9,
zf,B236,beats_iter3_plus_as2m,7,0,39.0126,20.664,18.3486,3.0096,9,
zf,B236,beats_iter3_plus_as2m,8,0,42.8987,21.5382,21.3605,1.4632,9,
zf,B236,beats_iter3_plus_as2m_speed0p03125,10,0,26.3412,6.3178,20.0233,1.3866,9,
zf,B236,beats_iter3_plus_as2m_speed0p03125,11,0,26.6275,6.7296,19.8979,1.0828,9,
zf,B236,beats_iter3_plus_as2m_speed0p0625,8,0,24.603,5.703,18.9001,1.306,9,
zf,B236,beats_iter3_plus_as2m_speed0p0625,10,0,23.331,6.0883,17.2427,0.6246,9,
zf,B236,beats_iter3_plus_as2m_speed0p125,8,0,24.5714,7.1486,17.4229,1.1658,9,
zf,B236,beats_iter3_plus_as2m_speed0p125,9,0,24.1339,6.6495,17.4843,1.9998,9,
zf,B236,beats_iter3_plus_as2m_speed0p125,10,0,23.922,6.8326,17.0894,1.7979,9,
zf,B236,beats_iter3_plus_as2m_speed0p25,8,0,25.5715,8.8619,16.7096,1.1028,9,
zf,B236,beats_iter3_plus_as2m_speed0p25,9,0,23.9571,8.9109,15.0462,0.2393,9,
zf,B236,beats_iter3_plus_as2m_speed0p5,8,0,32.4576,15.024,17.4337,2.6084,9,
zf,B236,birdaves_biox_base,3,0,28.5394,5.791,22.7484,0.9918,9,
zf,B236,birdaves_biox_base,3,1,65.7042,12.7166,52.9876,2.4982,9,
zf,B236,birdaves_biox_base,3,5,44.805,9.7788,35.0262,2.3554,9,
zf,B236,birdaves_biox_base,3,10,35.0606,7.9579,27.1027,1.2639,9,
zf,B236,birdaves_biox_base,3,20,30.5237,6.428,24.0957,1.9499,9,
zf,B236,birdaves_biox_base,3,50,29.3088,7.4135,21.8953,0.9869,9,
zf,B236,birdaves_biox_base,3,100,29.4616,6.9983,22.4633,0.6583,9,
zf,B236,birdaves_biox_base,7,0,29.7233,6.762,22.9612,0.605,9,
zf,B236,birdaves_biox_base,7,1,67.9241,13.6702,54.2539,2.9263,9,
zf,B236,birdaves_biox_base,7,5,47.0885,11.0948,35.9937,2.5871,9,
zf,B236,birdaves_biox_base,7,10,37.8112,7.6906,30.1206,1.5717,9,
zf,B236,birdaves_biox_base,7,20,31.6759,6.8413,24.8346,1.3415,9,
zf,B236,birdaves_biox_base,7,50,29.8548,7.229,22.6257,0.6252,9,
zf,B236,birdaves_biox_base,7,100,29.1032,7.0327,22.0705,0.5328,9,
zf,B236,birdaves_biox_base_speed0p25,3,0,32.8133,5.5026,27.3107,0.7062,9,
zf,B236,birdaves_biox_base_speed0p25,3,1,65.2721,11.1713,54.1008,1.473,9,
zf,B236,birdaves_biox_base_speed0p25,3,5,48.5792,6.6692,41.91,2.4176,9,
zf,B236,birdaves_biox_base_speed0p25,3,10,39.41,5.9401,33.4699,0.3311,9,
zf,B236,birdaves_biox_base_speed0p25,3,20,34.9176,5.9147,29.0029,0.8549,9,
zf,B236,birdaves_biox_base_speed0p25,3,50,33.0791,5.6126,27.4664,0.9482,9,
zf,B236,birdaves_biox_base_speed0p25,3,100,33.0678,5.5074,27.5603,1.2838,9,
zf,B236,birdaves_biox_base_speed0p25,4,0,30.6589,5.5748,25.0841,1.1294,9,
zf,B236,birdaves_biox_base_speed0p25,4,1,63.6127,11.2748,52.3379,2.563,9,
zf,B236,birdaves_biox_base_speed0p25,4,5,45.6672,6.7266,38.9406,2.5967,9,
zf,B236,birdaves_biox_base_speed0p25,4,10,37.6278,5.4819,32.146,1.0585,9,
zf,B236,birdaves_biox_base_speed0p25,4,20,32.8358,5.6304,27.2053,1.1834,9,
zf,B236,birdaves_biox_base_speed0p25,4,50,31.037,5.9734,25.0635,1.0249,9,
zf,B236,birdaves_biox_base_speed0p25,4,100,31.0453,5.8124,25.2329,1.2689,9,
zf,B236,birdaves_biox_base_speed0p5,3,0,29.627,5.6917,23.9353,0.9445,9,
zf,B236,birdaves_biox_base_speed0p5,3,1,60.4863,10.9651,49.5212,1.7019,9,
zf,B236,birdaves_biox_base_speed0p5,3,5,43.6954,7.5779,36.1175,4.7038,9,
zf,B236,birdaves_biox_base_speed0p5,3,10,36.4224,7.5888,28.8336,1.7566,9,
zf,B236,birdaves_biox_base_speed0p5,3,20,31.5881,6.2931,25.295,2.3982,9,
zf,B236,birdaves_biox_base_speed0p5,3,50,29.8487,5.9342,23.9144,1.696,9,
zf,B236,birdaves_biox_base_speed0p5,3,100,29.7229,6.0346,23.6884,1.2826,9,
zf,B236,birdaves_biox_base_speed0p5,6,0,30.5182,5.7347,24.7835,2.098,9,
zf,B236,birdaves_biox_base_speed0p5,6,1,64.134,11.5811,52.5529,1.7128,9,
zf,B236,birdaves_biox_base_speed0p5,6,5,44.4565,7.5576,36.8989,2.5673,9,
zf,B236,birdaves_biox_base_speed0p5,6,10,38.0783,6.6558,31.4225,0.5004,9,
zf,B236,birdaves_biox_base_speed0p5,6,20,31.4175,5.7759,25.6416,1.7799,9,
zf,B236,birdaves_biox_base_speed0p5,6,50,29.5659,5.5738,23.9922,1.0127,9,
zf,B236,birdaves_biox_base_speed0p5,6,100,29.5397,5.6459,23.8937,1.5259,9,
zf,B236,birdmae_base_speed0p03125,10,0,30.401,5.3965,25.0045,0.7967,9,
zf,B236,birdmae_base_speed0p0625,9,0,27.4782,5.2594,22.2189,1.213,9,
zf,B236,birdmae_base_speed0p0625,10,0,28.1171,5.7566,22.3605,0.2658,9,
zf,B236,birdmae_base_speed0p125,9,0,26.4212,7.4314,18.9898,1.2556,9,
zf,B236,birdmae_base_speed0p125,10,0,26.2964,8.2216,18.0748,0.9134,9,
zf,B236,birdmae_base_speed0p25,9,0,28.471,9.0541,19.4169,4.4089,9,
zf,B236,birdmae_base_speed0p25,10,0,26.6929,8.4132,18.2797,3.4203,9,
zf,B236,birdmae_base_speed0p5,9,0,33.5744,14.989,18.5854,3.0199,9,
zf,B236,birdmae_base_speed0p5,10,0,31.9847,15.0359,16.9488,2.0848,9,
zf,B236,birdmae_base_speed1,8,0,42.151,20.6728,21.4782,0.5838,9,
zf,B236,birdmae_base_speed1,10,0,41.1587,24.834,16.3247,1.3133,9,
zf,B236,hubert_base_ls960,0,0,30.6752,6.5805,24.0947,1.5153,9,
zf,B236,hubert_base_ls960,0,1,68.3691,11.5598,56.8092,2.9704,9,
zf,B236,hubert_base_ls960,0,5,49.1518,9.7362,39.4156,2.9652,9,
zf,B236,hubert_base_ls960,0,10,41.6083,9.8781,31.7302,2.6713,9,
zf,B236,hubert_base_ls960,0,20,36.143,8.5441,27.5989,1.1195,9,
zf,B236,hubert_base_ls960,0,50,32.2666,7.3766,24.8901,1.0144,9,
zf,B236,hubert_base_ls960,0,100,31.6715,7.4992,24.1723,0.784,9,
zf,B236,hubert_base_ls960,3,0,32.4165,6.3087,26.1078,2.965,9,
zf,B236,hubert_base_ls960,3,1,68.5801,12.1501,56.43,2.5688,9,
zf,B236,hubert_base_ls960,3,5,51.2052,9.2569,41.9483,1.7524,9,
zf,B236,hubert_base_ls960,3,10,43.2476,7.7669,35.4807,2.3039,9,
zf,B236,hubert_base_ls960,3,20,35.3736,6.8229,28.5507,1.3279,9,
zf,B236,hubert_base_ls960,3,50,32.6581,6.6436,26.0144,2.6288,9,
zf,B236,hubert_base_ls960,3,100,32.4126,6.679,25.7335,2.6579,9,
zf,B236,xcl_base_500k_p32x1_c005,5,0,31.2173,6.1637,25.0536,2.9731,9,
zf,B236,xcl_base_500k_p32x4_c010,3,0,30.33,8.007,22.3231,1.9301,9,
zf,B236,xcl_base_500k_p32x4_c010,4,0,30.0193,7.8759,22.1434,1.7726,9,
zf,B236,xcl_large_500k_p32x1_c005,11,0,27.3917,5.7793,21.6124,2.3406,9,
zf,B236,xcl_large_500k_p32x1_c005,11,1,65.6933,13.4446,52.2488,2.3342,9,
zf,B236,xcl_large_500k_p32x1_c005,11,5,41.4924,7.8646,33.6278,3.111,9,
zf,B236,xcl_large_500k_p32x1_c005,11,10,32.5893,7.1866,25.4026,2.9298,9,
zf,B236,xcl_large_500k_p32x1_c005,11,20,29.5095,7.1279,22.3816,1.9626,9,
zf,B236,xcl_large_500k_p32x1_c005,11,50,27.4082,6.6075,20.8007,2.2269,9,
zf,B236,xcl_large_500k_p32x1_c005,11,100,27.064,6.3329,20.7311,1.8811,9,
zf,B236,xcl_large_500k_p32x4_c0025,9,0,27.9024,7.5001,20.4023,2.6766,9,
zf,B236,xcl_large_500k_p32x4_c010,10,0,29.1145,8.1333,20.9812,2.0814,9,
zf,B236,xcl_large_500k_p32x4_c010,10,1,68.0096,14.3162,53.6934,1.5269,9,
zf,B236,xcl_large_500k_p32x4_c010,10,5,46.26,10.5966,35.6634,3.8851,9,
zf,B236,xcl_large_500k_p32x4_c010,10,10,36.464,9.8354,26.6287,3.1286,9,
zf,B236,xcl_large_500k_p32x4_c010,10,20,30.9946,9.1756,21.819,2.9542,9,
zf,B236,xcl_large_500k_p32x4_c010,10,50,30.1439,9.629,20.5149,2.6443,9,
zf,B236,xcl_large_500k_p32x4_c010,10,100,29.6086,8.4067,21.2019,2.3463,9,
zf,B236,xcl_micro_500k_p32x1_c005,4,0,33.5357,6.7633,26.7724,2.7671,9,
zf,B236,xcl_micro_500k_p32x1_c005,5,0,33.0521,6.2947,26.7574,3.0839,9,
zf,B236,xcl_micro_500k_p32x4_c010,3,0,30.9239,8.2843,22.6396,3.4621,9,
zf,B258,beats_iter3_plus_as2m,5,0,48.3199,30.8366,17.4833,5.2894,8,
zf,B258,beats_iter3_plus_as2m,7,0,47.4953,30.2144,17.2809,5.3154,8,
zf,B258,beats_iter3_plus_as2m,8,0,47.3139,30.2268,17.0871,5.4573,8,
zf,B258,beats_iter3_plus_as2m_speed0p03125,10,0,17.7487,3.1025,14.6462,0.9077,8,
zf,B258,beats_iter3_plus_as2m_speed0p03125,11,0,18.6524,3.3117,15.3407,0.3211,8,
zf,B258,beats_iter3_plus_as2m_speed0p0625,8,0,18.3679,4.8282,13.5397,0.6235,8,
zf,B258,beats_iter3_plus_as2m_speed0p0625,10,0,20.8875,5.2079,15.6797,1.6383,8,
zf,B258,beats_iter3_plus_as2m_speed0p125,8,0,19.6473,6.049,13.5983,1.0608,8,
zf,B258,beats_iter3_plus_as2m_speed0p125,9,0,21.2128,5.9515,15.2614,1.4068,8,
zf,B258,beats_iter3_plus_as2m_speed0p125,10,0,21.1244,5.9091,15.2152,1.1171,8,
zf,B258,beats_iter3_plus_as2m_speed0p25,8,0,19.9664,12.5094,7.4571,2.7789,8,
zf,B258,beats_iter3_plus_as2m_speed0p25,9,0,19.8936,12.4083,7.4853,2.6771,8,
zf,B258,beats_iter3_plus_as2m_speed0p5,8,0,33.1001,21.6623,11.4378,4.2548,8,
zf,B258,birdaves_biox_base,3,0,16.2396,5.2298,11.0098,2.7232,8,
zf,B258,birdaves_biox_base,3,1,48.4944,13.2596,35.2348,5.6728,8,
zf,B258,birdaves_biox_base,3,5,24.821,8.92,15.9009,4.2493,8,
zf,B258,birdaves_biox_base,3,10,18.7723,7.9592,10.8131,0.114,8,
zf,B258,birdaves_biox_base,3,20,16.8178,6.723,10.0949,2.1017,8,
zf,B258,birdaves_biox_base,3,50,14.077,4.9493,9.1278,1.083,8,
zf,B258,birdaves_biox_base,3,100,15.3606,4.8098,10.5508,1.7936,8,
zf,B258,birdaves_biox_base,7,0,15.9985,5.2919,10.7066,1.594,8,
zf,B258,birdaves_biox_base,7,1,48.5238,15.087,33.4368,5.2927,8,
zf,B258,birdaves_biox_base,7,5,27.7834,9.2466,18.5368,4.2509,8,
zf,B258,birdaves_biox_base,7,10,22.9124,8.6089,14.3035,3.3046,8,
zf,B258,birdaves_biox_base,7,20,18.3729,6.9869,11.386,2.7527,8,
zf,B258,birdaves_biox_base,7,50,16.5542,5.3301,11.2242,2.4424,8,
zf,B258,birdaves_biox_base,7,100,16.0094,4.9651,11.0442,2.1064,8,
zf,B258,birdaves_biox_base_speed0p25,3,0,18.7697,2.8593,15.9105,1.3217,8,
zf,B258,birdaves_biox_base_speed0p25,3,1,45.9103,11.8266,34.0838,4.1581,8,
zf,B258,birdaves_biox_base_speed0p25,3,5,28.2536,6.9267,21.3269,0.8651,8,
zf,B258,birdaves_biox_base_speed0p25,3,10,22.4532,5.7765,16.6767,1.1126,8,
zf,B258,birdaves_biox_base_speed0p25,3,20,20.3562,4.003,16.3532,1.8426,8,
zf,B258,birdaves_biox_base_speed0p25,3,50,19.3229,3.248,16.0749,1.5316,8,
zf,B258,birdaves_biox_base_speed0p25,3,100,19.0171,2.9037,16.1134,1.1836,8,
zf,B258,birdaves_biox_base_speed0p25,4,0,17.4502,2.9397,14.5105,2.2914,8,
zf,B258,birdaves_biox_base_speed0p25,4,1,45.1581,11.7329,33.4251,5.2734,8,
zf,B258,birdaves_biox_base_speed0p25,4,5,28.6578,7.1993,21.4585,2.5633,8,
zf,B258,birdaves_biox_base_speed0p25,4,10,21.6491,5.1768,16.4723,2.0594,8,
zf,B258,birdaves_biox_base_speed0p25,4,20,18.7743,3.6513,15.123,2.0067,8,
zf,B258,birdaves_biox_base_speed0p25,4,50,17.9806,3.0373,14.9433,3.0515,8,
zf,B258,birdaves_biox_base_speed0p25,4,100,17.3261,2.9785,14.3476,2.8023,8,
zf,B258,birdaves_biox_base_speed0p5,3,0,14.9289,3.3947,11.5341,2.1802,8,
zf,B258,birdaves_biox_base_speed0p5,3,1,44.3588,12.8905,31.4683,7.5058,8,
zf,B258,birdaves_biox_base_speed0p5,3,5,22.4623,7.4086,15.0537,1.7636,8,
zf,B258,birdaves_biox_base_speed0p5,3,10,16.5266,6.121,10.4056,2.9564,8,
zf,B258,birdaves_biox_base_speed0p5,3,20,13.1205,4.7061,8.4145,2.8073,8,
zf,B258,birdaves_biox_base_speed0p5,3,50,12.5166,3.8215,8.6951,2.5056,8,
zf,B258,birdaves_biox_base_speed0p5,3,100,14.8326,3.4023,11.4303,2.0848,8,
zf,B258,birdaves_biox_base_speed0p5,6,0,16.3849,3.4259,12.959,2.8926,8,
zf,B258,birdaves_biox_base_speed0p5,6,1,44.5508,14.3188,30.232,8.5989,8,
zf,B258,birdaves_biox_base_speed0p5,6,5,25.3918,8.5164,16.8754,2.0953,8,
zf,B258,birdaves_biox_base_speed0p5,6,10,20.648,7.0632,13.5848,2.9503,8,
zf,B258,birdaves_biox_base_speed0p5,6,20,17.4208,5.3847,12.036,3.1035,8,
zf,B258,birdaves_biox_base_speed0p5,6,50,15.9767,3.8408,12.1359,2.8279,8,
zf,B258,birdaves_biox_base_speed0p5,6,100,15.9852,3.5877,12.3975,2.6865,8,
zf,B258,birdmae_base_speed0p03125,10,0,18.9903,3.1215,15.8688,0.7552,8,
zf,B258,birdmae_base_speed0p0625,9,0,21.0287,4.7891,16.2396,0.7926,8,
zf,B258,birdmae_base_speed0p0625,10,0,21.4449,4.8069,16.638,1.0697,8,
zf,B258,birdmae_base_speed0p125,9,0,20.7624,5.6195,15.1429,0.8126,8,
zf,B258,birdmae_base_speed0p125,10,0,22.9191,5.9154,17.0037,1.2099,8,
zf,B258,birdmae_base_speed0p25,9,0,21.3921,10.3634,11.0287,1.0389,8,
zf,B258,birdmae_base_speed0p25,10,0,21.0552,10.0084,11.0468,1.4529,8,
zf,B258,birdmae_base_speed0p5,9,0,29.8777,17.2696,12.6081,1.5917,8,
zf,B258,birdmae_base_speed0p5,10,0,29.3838,16.7251,12.6587,1.6573,8,
zf,B258,birdmae_base_speed1,8,0,41.6925,26.6474,15.0451,2.1354,8,
zf,B258,birdmae_base_speed1,10,0,41.9578,26.6102,15.3476,1.7972,8,
zf,B258,hubert_base_ls960,0,0,20.7281,4.8731,15.855,2.9766,8,
zf,B258,hubert_base_ls960,0,1,53.1752,16.9584,36.2167,6.4885,8,
zf,B258,hubert_base_ls960,0,5,29.8974,11.1238,18.7736,2.798,8,
zf,B258,hubert_base_ls960,0,10,23.6797,8.9898,14.6898,1.9812,8,
zf,B258,hubert_base_ls960,0,20,22.2512,7.9516,14.2996,2.0363,8,
zf,B258,hubert_base_ls960,0,50,19.8952,5.6369,14.2583,3.2569,8,
zf,B258,hubert_base_ls960,0,100,20.6114,5.106,15.5053,2.2053,8,
zf,B258,hubert_base_ls960,3,0,21.7023,5.4631,16.2392,2.5376,8,
zf,B258,hubert_base_ls960,3,1,56.1077,17.7231,38.3845,5.4184,8,
zf,B258,hubert_base_ls960,3,5,30.8153,10.8644,19.951,5.7447,8,
zf,B258,hubert_base_ls960,3,10,24.2368,9.9929,14.2439,4.3399,8,
zf,B258,hubert_base_ls960,3,20,20.933,7.9847,12.9483,7.3011,8,
zf,B258,hubert_base_ls960,3,50,19.1362,8.6218,10.5144,3.1705,8,
zf,B258,hubert_base_ls960,3,100,21.6694,5.6665,16.0029,2.5525,8,
zf,B258,xcl_base_500k_p32x1_c005,5,0,11.9826,2.9217,9.0609,4.3818,8,
zf,B258,xcl_base_500k_p32x4_c010,3,0,16.159,5.3556,10.8035,5.8746,8,
zf,B258,xcl_base_500k_p32x4_c010,4,0,15.8206,5.525,10.2956,5.1326,8,
zf,B258,xcl_large_500k_p32x1_c005,11,0,15.2939,3.309,11.9849,0.8637,8,
zf,B258,xcl_large_500k_p32x1_c005,11,1,42.1833,13.087,29.0963,6.8066,8,
zf,B258,xcl_large_500k_p32x1_c005,11,5,21.5412,7.7696,13.7716,1.0705,8,
zf,B258,xcl_large_500k_p32x1_c005,11,10,16.9612,5.6137,11.3475,0.6654,8,
zf,B258,xcl_large_500k_p32x1_c005,11,20,14.7976,3.8537,10.9439,2.0631,8,
zf,B258,xcl_large_500k_p32x1_c005,11,50,15.0797,3.0813,11.9984,1.1566,8,
zf,B258,xcl_large_500k_p32x1_c005,11,100,15.1744,3.1866,11.9879,0.7677,8,
zf,B258,xcl_large_500k_p32x4_c0025,9,0,14.1256,5.4449,8.6807,2.4848,8,
zf,B258,xcl_large_500k_p32x4_c010,10,0,16.3938,5.152,11.2417,3.0081,8,
zf,B258,xcl_large_500k_p32x4_c010,10,1,46.9983,14.4042,32.5941,5.4441,8,
zf,B258,xcl_large_500k_p32x4_c010,10,5,22.168,10.2304,11.9375,1.8633,8,
zf,B258,xcl_large_500k_p32x4_c010,10,10,15.4083,8.7764,6.6319,1.4386,8,
zf,B258,xcl_large_500k_p32x4_c010,10,20,11.8326,7.0739,4.7587,2.8437,8,
zf,B258,xcl_large_500k_p32x4_c010,10,50,12.4723,5.6651,6.8072,0.5866,8,
zf,B258,xcl_large_500k_p32x4_c010,10,100,13.9544,5.4127,8.5416,2.6026,8,
zf,B258,xcl_micro_500k_p32x1_c005,4,0,16.3194,3.0534,13.266,0.3986,8,
zf,B258,xcl_micro_500k_p32x1_c005,5,0,16.2053,3.0279,13.1774,1.7287,8,
zf,B258,xcl_micro_500k_p32x4_c010,3,0,17.2157,5.5444,11.6713,0.7888,8,
zf,B385,beats_iter3_plus_as2m,5,0,32.4917,13.8803,18.6114,2.0306,15,
zf,B385,beats_iter3_plus_as2m,7,0,33.3261,14.0346,19.2916,1.644,15,
zf,B385,beats_iter3_plus_as2m,8,0,32.6141,13.0833,19.5309,2.036,15,
zf,B385,beats_iter3_plus_as2m_speed0p03125,10,0,7.5628,2.1288,5.4341,1.877,15,
zf,B385,beats_iter3_plus_as2m_speed0p03125,11,0,7.8897,2.1061,5.7836,1.9691,15,
zf,B385,beats_iter3_plus_as2m_speed0p0625,8,0,7.1947,2.3665,4.8282,1.4725,15,
zf,B385,beats_iter3_plus_as2m_speed0p0625,10,0,7.4818,2.432,5.0499,1.1338,15,
zf,B385,beats_iter3_plus_as2m_speed0p125,8,0,6.4597,3.1143,3.3454,0.7694,15,
zf,B385,beats_iter3_plus_as2m_speed0p125,9,0,6.664,3.1027,3.5613,0.6946,15,
zf,B385,beats_iter3_plus_as2m_speed0p125,10,0,7.1638,3.1557,4.0082,0.459,15,
zf,B385,beats_iter3_plus_as2m_speed0p25,8,0,8.5725,5.6387,2.9338,1.1531,15,
zf,B385,beats_iter3_plus_as2m_speed0p25,9,0,8.8553,5.512,3.3433,1.0286,15,
zf,B385,beats_iter3_plus_as2m_speed0p5,8,0,15.8569,9.3245,6.5324,1.429,15,
zf,B385,birdaves_biox_base,3,0,7.4779,2.7152,4.7627,2.2388,15,
zf,B385,birdaves_biox_base,3,1,43.2673,8.8894,34.3779,3.4985,15,
zf,B385,birdaves_biox_base,3,5,16.6463,4.9654,11.6809,0.8786,15,
zf,B385,birdaves_biox_base,3,10,11.6753,4.0374,7.6379,0.2826,15,
zf,B385,birdaves_biox_base,3,20,9.6116,3.3516,6.26,1.3315,15,
zf,B385,birdaves_biox_base,3,50,8.3138,2.9706,5.3432,1.9495,15,
zf,B385,birdaves_biox_base,3,100,7.828,2.9196,4.9084,1.8806,15,
zf,B385,birdaves_biox_base,7,0,8.2911,2.7419,5.5492,1.7905,15,
zf,B385,birdaves_biox_base,7,1,45.5566,9.1417,36.4149,5.3365,15,
zf,B385,birdaves_biox_base,7,5,16.492,4.6598,11.8322,1.6664,15,
zf,B385,birdaves_biox_base,7,10,11.8542,3.8387,8.0156,0.3514,15,
zf,B385,birdaves_biox_base,7,20,9.7961,3.2473,6.5488,1.2452,15,
zf,B385,birdaves_biox_base,7,50,9.0401,2.986,6.0541,1.7436,15,
zf,B385,birdaves_biox_base,7,100,8.5845,2.9417,5.6428,1.5831,15,
zf,B385,birdaves_biox_base_speed0p25,3,0,8.4998,1.8206,6.6792,2.2715,15,
zf,B385,birdaves_biox_base_speed0p25,3,1,34.1372,6.4464,27.6908,1.157,15,
zf,B385,birdaves_biox_base_speed0p25,3,5,17.1254,3.9409,13.1845,1.504,15,
zf,B385,birdaves_biox_base_speed0p25,3,10,12.4519,3.0202,9.4317,1.2032,15,
zf,B385,birdaves_biox_base_speed0p25,3,20,9.8194,2.1668,7.6526,2.0295,15,
zf,B385,birdaves_biox_base_speed0p25,3,50,8.7428,1.8828,6.86,2.2107,15,
zf,B385,birdaves_biox_base_speed0p25,3,100,8.5535,1.8242,6.7293,2.2181,15,
zf,B385,birdaves_biox_base_speed0p25,4,0,8.1752,1.8496,6.3256,2.4659,15,
zf,B385,birdaves_biox_base_speed0p25,4,1,32.5747,6.4372,26.1375,2.6567,15,
zf,B385,birdaves_biox_base_speed0p25,4,5,16.2027,4.08,12.1227,1.4848,15,
zf,B385,birdaves_biox_base_speed0p25,4,10,11.5112,3.0281,8.4831,1.5223,15,
zf,B385,birdaves_biox_base_speed0p25,4,20,9.3669,2.1341,7.2328,2.2024,15,
zf,B385,birdaves_biox_base_speed0p25,4,50,8.3981,1.8839,6.5142,2.2682,15,
zf,B385,birdaves_biox_base_speed0p25,4,100,8.2328,1.8477,6.3851,2.3506,15,
zf,B385,birdaves_biox_base_speed0p5,3,0,7.7356,2.0093,5.7263,2.369,15,
zf,B385,birdaves_biox_base_speed0p5,3,1,34.9668,6.9497,28.0171,2.4494,15,
zf,B385,birdaves_biox_base_speed0p5,3,5,14.5323,4.0444,10.4878,1.7172,15,
zf,B385,birdaves_biox_base_speed0p5,3,10,10.7679,3.3232,7.4447,1.875,15,
zf,B385,birdaves_biox_base_speed0p5,3,20,9.052,2.2988,6.7532,2.196,15,
zf,B385,birdaves_biox_base_speed0p5,3,50,8.0668,2.0486,6.0182,2.1893,15,
zf,B385,birdaves_biox_base_speed0p5,3,100,7.8299,2.0098,5.8202,2.3298,15,
zf,B385,birdaves_biox_base_speed0p5,6,0,7.2881,2.0584,5.2297,2.5638,15,
zf,B385,birdaves_biox_base_speed0p5,6,1,36.0233,7.3802,28.6431,3.6987,15,
zf,B385,birdaves_biox_base_speed0p5,6,5,15.4591,4.4877,10.9715,2.1552,15,
zf,B385,birdaves_biox_base_speed0p5,6,10,11.0646,3.5001,7.5645,2.3339,15,
zf,B385,birdaves_biox_base_speed0p5,6,20,8.9406,2.3605,6.58,2.623,15,
zf,B385,birdaves_biox_base_speed0p5,6,50,7.8581,2.072,5.7861,2.7331,15,
zf,B385,birdaves_biox_base_speed0p5,6,100,7.5026,2.1029,5.3997,2.4688,15,
zf,B385,birdmae_base_speed0p03125,10,0,10.5281,1.8413,8.6868,1.6786,15,
zf,B385,birdmae_base_speed0p0625,9,0,10.1633,2.2671,7.8961,0.7918,15,
zf,B385,birdmae_base_speed0p0625,10,0,10.1868,2.3289,7.8579,1.321,15,
zf,B385,birdmae_base_speed0p125,9,0,8.3831,3.1239,5.2592,1.3567,15,
zf,B385,birdmae_base_speed0p125,10,0,7.9617,3.0624,4.8993,1.0396,15,
zf,B385,birdmae_base_speed0p25,9,0,9.2913,5.3174,3.9739,1.4641,15,
zf,B385,birdmae_base_speed0p25,10,0,9.2488,5.3683,3.8805,1.33,15,
zf,B385,birdmae_base_speed0p5,9,0,14.6914,9.0624,5.6289,0.6883,15,
zf,B385,birdmae_base_speed0p5,10,0,15.1423,9.4377,5.7046,0.9026,15,
zf,B385,birdmae_base_speed1,8,0,30.2767,15.1695,15.1073,2.0632,15,
zf,B385,birdmae_base_speed1,10,0,30.2676,15.2526,15.0149,1.5468,15,
zf,B385,hubert_base_ls960,0,0,9.7866,3.0047,6.7819,1.9736,15,
zf,B385,hubert_base_ls960,0,1,55.614,7.9278,47.6862,3.1609,15,
zf,B385,hubert_base_ls960,0,5,24.8661,5.8139,19.0522,4.1904,15,
zf,B385,hubert_base_ls960,0,10,18.5432,4.9756,13.5676,2.7996,15,
zf,B385,hubert_base_ls960,0,20,13.2093,4.0711,9.1382,2.1137,15,
zf,B385,hubert_base_ls960,0,50,10.3222,3.3598,6.9625,1.8882,15,
zf,B385,hubert_base_ls960,0,100,10.2287,3.2828,6.9458,1.8553,15,
zf,B385,hubert_base_ls960,3,0,10.3425,2.9907,7.3518,2.1767,15,
zf,B385,hubert_base_ls960,3,1,56.3742,9.6345,46.7397,3.9909,15,
zf,B385,hubert_base_ls960,3,5,24.8489,5.6062,19.2427,4.0673,15,
zf,B385,hubert_base_ls960,3,10,19.3003,5.0056,14.2947,3.06,15,
zf,B385,hubert_base_ls960,3,20,13.8556,3.7593,10.0963,2.7989,15,
zf,B385,hubert_base_ls960,3,50,11.0796,3.4721,7.6075,2.135,15,
zf,B385,hubert_base_ls960,3,100,10.7877,3.1203,7.6674,1.9028,15,
zf,B385,xcl_base_500k_p32x1_c005,5,0,5.3872,1.9153,3.4719,1.6455,15,
zf,B385,xcl_base_500k_p32x4_c010,3,0,6.1258,2.8886,3.2371,1.2719,15,
zf,B385,xcl_base_500k_p32x4_c010,4,0,6.4151,2.8702,3.5449,1.4952,15,
zf,B385,xcl_large_500k_p32x1_c005,11,0,5.4072,2.0656,3.3416,1.1267,15,
zf,B385,xcl_large_500k_p32x1_c005,11,1,39.941,7.577,32.3641,0.6811,15,
zf,B385,xcl_large_500k_p32x1_c005,11,5,13.2258,3.9051,9.3207,1.1012,15,
zf,B385,xcl_large_500k_p32x1_c005,11,10,8.5739,3.0382,5.5356,0.1889,15,
zf,B385,xcl_large_500k_p32x1_c005,11,20,6.7846,2.2458,4.5388,1.053,15,
zf,B385,xcl_large_500k_p32x1_c005,11,50,5.6481,2.137,3.5111,1.3136,15,
zf,B385,xcl_large_500k_p32x1_c005,11,100,5.4884,2.0327,3.4558,1.2523,15,
zf,B385,xcl_large_500k_p32x4_c0025,9,0,6.5223,2.929,3.5933,1.5542,15,
zf,B385,xcl_large_500k_p32x4_c010,10,0,6.0965,2.8716,3.225,1.5804,15,
zf,B385,xcl_large_500k_p32x4_c010,10,1,41.8302,8.3046,33.5256,0.9417,15,
zf,B385,xcl_large_500k_p32x4_c010,10,5,15.7389,5.5562,10.1827,1.0154,15,
zf,B385,xcl_large_500k_p32x4_c010,10,10,10.2659,4.3365,5.9294,0.2673,15,
zf,B385,xcl_large_500k_p32x4_c010,10,20,7.5936,3.2848,4.3088,0.5281,15,
zf,B385,xcl_large_500k_p32x4_c010,10,50,6.5697,3.2483,3.3214,1.3946,15,
zf,B385,xcl_large_500k_p32x4_c010,10,100,6.2707,3.039,3.2317,1.2884,15,
zf,B385,xcl_micro_500k_p32x1_c005,4,0,7.5576,1.9601,5.5975,1.2781,15,
zf,B385,xcl_micro_500k_p32x1_c005,5,0,8.273,1.8937,6.3793,1.3788,15,
zf,B385,xcl_micro_500k_p32x4_c010,3,0,7.4029,2.9474,4.4555,1.5579,15,
zf,B402,beats_iter3_plus_as2m,5,0,39.6351,28.0954,11.5397,2.1083,9,1
zf,B402,beats_iter3_plus_as2m,7,0,38.7148,27.1285,11.5863,1.3999,9,1
zf,B402,beats_iter3_plus_as2m,8,0,38.706,27.2697,11.4363,2.2471,9,1
zf,B402,beats_iter3_plus_as2m_speed0p03125,10,0,15.4332,2.4882,12.9449,0.0996,9,1
zf,B402,beats_iter3_plus_as2m_speed0p03125,11,0,15.224,2.5445,12.6795,0.464,9,1
zf,B402,beats_iter3_plus_as2m_speed0p0625,8,0,13.2313,3.5329,9.6985,1.082,9,1
zf,B402,beats_iter3_plus_as2m_speed0p0625,10,0,12.7347,3.6195,9.1152,1.2887,9,1
zf,B402,beats_iter3_plus_as2m_speed0p125,8,0,12.8997,4.7193,8.1805,1.0669,9,1
zf,B402,beats_iter3_plus_as2m_speed0p125,9,0,13.0845,4.846,8.2384,1.163,9,1
zf,B402,beats_iter3_plus_as2m_speed0p125,10,0,13.5904,4.8803,8.7101,0.9099,9,1
zf,B402,beats_iter3_plus_as2m_speed0p25,8,0,16.2601,9.0282,7.2319,0.9848,9,1
zf,B402,beats_iter3_plus_as2m_speed0p25,9,0,15.6301,8.3205,7.3096,1.5206,9,1
zf,B402,beats_iter3_plus_as2m_speed0p5,8,0,23.1498,16.0185,7.1313,2.3105,9,1
zf,B402,birdaves_biox_base,3,0,12.4445,3.8906,8.5539,2.4809,9,1
zf,B402,birdaves_biox_base,3,1,54.3911,10.1247,44.2664,3.1694,9,1
zf,B402,birdaves_biox_base,3,5,26.7323,7.412,19.3202,0.8949,9,1
zf,B402,birdaves_biox_base,3,10,20.884,5.9205,14.9635,2.0492,9,1
zf,B402,birdaves_biox_base,3,20,15.8054,4.8166,10.9888,1.8733,9,1
zf,B402,birdaves_biox_base,3,50,13.1862,4.5659,8.6203,2.3986,9,1
zf,B402,birdaves_biox_base,3,100,12.3753,4.1663,8.2089,2.7294,9,1
zf,B402,birdaves_biox_base,7,0,12.4076,4.3415,8.0661,1.7055,9,1
zf,B402,birdaves_biox_base,7,1,55.7694,10.5005,45.2689,3.1767,9,1
zf,B402,birdaves_biox_base,7,5,27.62,7.3989,20.2211,0.3902,9,1
zf,B402,birdaves_biox_base,7,10,20.9942,6.2654,14.7288,1.0711,9,1
zf,B402,birdaves_biox_base,7,20,15.6377,5.4565,10.1813,1.3112,9,1
zf,B402,birdaves_biox_base,7,50,13.6791,4.3081,9.371,1.523,9,1
zf,B402,birdaves_biox_base,7,100,12.5982,4.0683,8.53,1.6962,9,1
zf,B402,birdaves_biox_base_speed0p25,3,0,15.7619,2.4348,13.3272,0.9867,9,1
zf,B402,birdaves_biox_base_speed0p25,3,1,56.212,8.7392,47.4728,1.1115,9,1
zf,B402,birdaves_biox_base_speed0p25,3,5,31.7134,4.8825,26.8309,3.1666,9,1
zf,B402,birdaves_biox_base_speed0p25,3,10,25.3958,3.7812,21.6145,1.9893,9,1
zf,B402,birdaves_biox_base_speed0p25,3,20,19.498,3.0215,16.4765,0.497,9,1
zf,B402,birdaves_biox_base_speed0p25,3,50,17.2406,2.5241,14.7164,0.6941,9,1
zf,B402,birdaves_biox_base_speed0p25,3,100,15.9653,2.5278,13.4376,0.3806,9,1
zf,B402,birdaves_biox_base_speed0p25,4,0,16.1503,2.6014,13.5489,0.9634,9,1
zf,B402,birdaves_biox_base_speed0p25,4,1,57.5448,9.0601,48.4847,1.9281,9,1
zf,B402,birdaves_biox_base_speed0p25,4,5,31.7902,4.6175,27.1727,3.857,9,1
zf,B402,birdaves_biox_base_speed0p25,4,10,25.3669,3.4232,21.9438,2.7481,9,1
zf,B402,birdaves_biox_base_speed0p25,4,20,20.2019,2.8094,17.3926,1.1523,9,1
zf,B402,birdaves_biox_base_speed0p25,4,50,17.4937,2.5588,14.9349,0.7817,9,1
zf,B402,birdaves_biox_base_speed0p25,4,100,16.681,2.5356,14.1454,0.9169,9,1
zf,B402,birdaves_biox_base_speed0p5,3,0,13.8324,2.9141,10.9183,0.5796,9,1
zf,B402,birdaves_biox_base_speed0p5,3,1,53.9823,10.1609,43.8213,2.7963,9,1
zf,B402,birdaves_biox_base_speed0p5,3,5,27.8939,5.8075,22.0864,0.6625,9,1
zf,B402,birdaves_biox_base_speed0p5,3,10,21.7457,4.3456,17.4001,0.0743,9,1
zf,B402,birdaves_biox_base_speed0p5,3,20,16.3496,3.3051,13.0445,0.4934,9,1
zf,B402,birdaves_biox_base_speed0p5,3,50,14.3079,2.7775,11.5304,0.3567,9,1
zf,B402,birdaves_biox_base_speed0p5,3,100,13.8679,2.7901,11.0778,0.7813,9,1
zf,B402,birdaves_biox_base_speed0p5,6,0,13.5932,3.0659,10.5273,0.3264,9,1
zf,B402,birdaves_biox_base_speed0p5,6,1,56.2922,11.129,45.1632,5.8966,9,1
zf,B402,birdaves_biox_base_speed0p5,6,5,29.003,6.4806,22.5224,1.132,9,1
zf,B402,birdaves_biox_base_speed0p5,6,10,22.0483,4.3024,17.7458,0.0341,9,1
zf,B402,birdaves_biox_base_speed0p5,6,20,16.6192,3.6333,12.9859,1.0917,9,1
zf,B402,birdaves_biox_base_speed0p5,6,50,14.1349,2.8199,11.315,1.0666,9,1
zf,B402,birdaves_biox_base_speed0p5,6,100,13.5487,2.8568,10.6918,0.3815,9,1
zf,B402,birdmae_base_speed0p03125,10,0,16.6232,2.2442,14.3789,1.2759,9,1
zf,B402,birdmae_base_speed0p0625,9,0,16.7284,3.4718,13.2566,1.2902,9,1
zf,B402,birdmae_base_speed0p0625,10,0,16.7148,3.2243,13.4905,0.7474,9,1
zf,B402,birdmae_base_speed0p125,9,0,15.4834,4.2752,11.2082,1.7021,9,1
zf,B402,birdmae_base_speed0p125,10,0,15.9391,4.4734,11.4658,2.0121,9,1
zf,B402,birdmae_base_speed0p25,9,0,17.0585,8.6041,8.4544,1.8006,9,1
zf,B402,birdmae_base_speed0p25,10,0,16.3084,8.2729,8.0355,1.9673,9,1
zf,B402,birdmae_base_speed0p5,9,0,21.5699,14.528,7.0418,1.5858,9,1
zf,B402,birdmae_base_speed0p5,10,0,21.2295,14.6941,6.5354,2.0735,9,1
zf,B402,birdmae_base_speed1,8,0,35.3636,25.6598,9.7038,1.4079,9,1
zf,B402,birdmae_base_speed1,10,0,36.415,26.797,9.6179,1.1645,9,1
zf,B402,hubert_base_ls960,0,0,15.0563,4.1016,10.9547,1.3621,9,1
zf,B402,hubert_base_ls960,0,1,61.1237,12.0841,49.0397,3.4667,9,1
zf,B402,hubert_base_ls960,0,5,32.873,7.4588,25.4142,3.0928,9,1
zf,B402,hubert_base_ls960,0,10,26.4937,6.4151,20.0786,1.8352,9,1
zf,B402,hubert_base_ls960,0,20,19.7534,5.0605,14.6929,0.4018,9,1
zf,B402,hubert_base_ls960,0,50,17.1631,4.6589,12.5042,0.757,9,1
zf,B402,hubert_base_ls960,0,100,15.7617,4.2961,11.4656,0.9903,9,1
zf,B402,hubert_base_ls960,3,0,17.1087,4.3844,12.7243,1.3085,9,1
zf,B402,hubert_base_ls960,3,1,63.8097,11.0883,52.7213,0.754,9,1
zf,B402,hubert_base_ls960,3,5,34.9811,7.9102,27.0709,0.9524,9,1
zf,B402,hubert_base_ls960,3,10,27.7859,6.8014,20.9844,1.3084,9,1
zf,B402,hubert_base_ls960,3,20,21.0668,5.5587,15.508,0.4996,9,1
zf,B402,hubert_base_ls960,3,50,18.692,4.8077,13.8842,1.1804,9,1
zf,B402,hubert_base_ls960,3,100,17.4175,4.4285,12.989,1.551,9,1
zf,B402,xcl_base_500k_p32x1_c005,5,0,14.2941,3.0156,11.2785,2.292,9,1
zf,B402,xcl_base_500k_p32x4_c010,3,0,13.7039,4.484,9.2199,1.78,9,1
zf,B402,xcl_base_500k_p32x4_c010,4,0,13.7481,4.1251,9.623,1.2064,9,1
zf,B402,xcl_large_500k_p32x1_c005,11,0,12.8119,2.9764,9.8356,2.4658,9,1
zf,B402,xcl_large_500k_p32x1_c005,11,1,56.4796,12.6612,43.8184,0.8725,9,1
zf,B402,xcl_large_500k_p32x1_c005,11,5,24.7098,7.0024,17.7074,3.6353,9,1
zf,B402,xcl_large_500k_p32x1_c005,11,10,18.8351,4.6225,14.2126,3.6766,9,1
zf,B402,xcl_large_500k_p32x1_c005,11,20,14.6365,3.4756,11.1609,2.4899,9,1
zf,B402,xcl_large_500k_p32x1_c005,11,50,12.8776,2.5865,10.2912,2.0764,9,1
zf,B402,xcl_large_500k_p32x1_c005,11,100,12.3671,2.5011,9.866,1.9566,9,1
zf,B402,xcl_large_500k_p32x4_c0025,9,0,13.309,4.2771,9.0318,1.73,9,1
zf,B402,xcl_large_500k_p32x4_c010,10,0,13.9162,4.2511,9.6651,1.9276,9,1
zf,B402,xcl_large_500k_p32x4_c010,10,1,59.8777,15.5219,44.3558,2.9332,9,1
zf,B402,xcl_large_500k_p32x4_c010,10,5,28.8687,8.7127,20.156,1.6108,9,1
zf,B402,xcl_large_500k_p32x4_c010,10,10,21.9624,6.0722,15.8901,2.4615,9,1
zf,B402,xcl_large_500k_p32x4_c010,10,20,16.5137,4.8742,11.6394,1.7719,9,1
zf,B402,xcl_large_500k_p32x4_c010,10,50,14.6316,4.4049,10.2267,1.7184,9,1
zf,B402,xcl_large_500k_p32x4_c010,10,100,13.9321,3.8718,10.0603,1.9053,9,1
zf,B402,xcl_micro_500k_p32x1_c005,4,0,16.3709,2.528,13.8429,3.5064,9,1
zf,B402,xcl_micro_500k_p32x1_c005,5,0,16.1626,2.6487,13.5139,3.304,9,1
zf,B402,xcl_micro_500k_p32x4_c010,3,0,15.273,3.9359,11.337,2.6329,9,1
zf,B447,beats_iter3_plus_as2m,5,0,53.4864,32.6979,20.7886,0.5463,9,
zf,B447,beats_iter3_plus_as2m,7,0,48.1089,26.5974,21.5115,3.9021,9,
zf,B447,beats_iter3_plus_as2m,8,0,46.449,24.6103,21.8387,3.7748,9,
zf,B447,beats_iter3_plus_as2m_speed0p03125,10,0,6.1516,2.2244,3.9271,0.252,9,
zf,B447,beats_iter3_plus_as2m_speed0p03125,11,0,6.1431,2.2044,3.9386,0.216,9,
zf,B447,beats_iter3_plus_as2m_speed0p0625,8,0,5.5208,3.4624,2.0583,0.2828,9,
zf,B447,beats_iter3_plus_as2m_speed0p0625,10,0,5.6301,3.4472,2.1829,0.2451,9,
zf,B447,beats_iter3_plus_as2m_speed0p125,8,0,6.0709,4.961,1.1099,0.4591,9,
zf,B447,beats_iter3_plus_as2m_speed0p125,9,0,6.1481,4.9383,1.2098,0.264,9,
zf,B447,beats_iter3_plus_as2m_speed0p125,10,0,6.245,5.0294,1.2155,0.1768,9,
zf,B447,beats_iter3_plus_as2m_speed0p25,8,0,11.8379,10.7735,1.0644,0.4411,9,
zf,B447,beats_iter3_plus_as2m_speed0p25,9,0,11.9571,10.7727,1.1843,0.7785,9,
zf,B447,beats_iter3_plus_as2m_speed0p5,8,0,22.2721,18.2052,4.0669,0.8024,9,
zf,B447,birdaves_biox_base,3,0,5.3572,4.4652,0.892,0.2362,9,
zf,B447,birdaves_biox_base,3,1,49.2082,11.0232,38.1851,1.8381,9,
zf,B447,birdaves_biox_base,3,5,23.1224,8.9713,14.1512,3.0821,9,
zf,B447,birdaves_biox_base,3,10,13.122,7.2774,5.8446,1.2192,9,
zf,B447,birdaves_biox_base,3,20,8.7777,5.9954,2.7822,1.2445,9,
zf,B447,birdaves_biox_base,3,50,6.4547,5.099,1.3557,0.6319,9,
zf,B447,birdaves_biox_base,3,100,5.9106,4.8077,1.1029,0.4429,9,
zf,B447,birdaves_biox_base,7,0,5.6067,4.6817,0.925,0.2187,9,
zf,B447,birdaves_biox_base,7,1,56.5122,11.797,44.7152,2.4058,9,
zf,B447,birdaves_biox_base,7,5,28.2721,8.907,19.3651,4.2408,9,
zf,B447,birdaves_biox_base,7,10,14.2857,7.1748,7.111,2.7007,9,
zf,B447,birdaves_biox_base,7,20,8.3116,5.8038,2.5078,1.0778,9,
zf,B447,birdaves_biox_base,7,50,6.829,5.1525,1.6765,0.834,9,
zf,B447,birdaves_biox_base,7,100,6.1178,4.9527,1.1651,0.3737,9,
zf,B447,birdaves_biox_base_speed0p25,3,0,3.9675,2.1136,1.854,0.1754,9,
zf,B447,birdaves_biox_base_speed0p25,3,1,41.9584,10.1514,31.8071,2.143,9,
zf,B447,birdaves_biox_base_speed0p25,3,5,14.4498,5.8081,8.6417,2.0113,9,
zf,B447,birdaves_biox_base_speed0p25,3,10,8.0252,3.8972,4.128,0.7229,9,
zf,B447,birdaves_biox_base_speed0p25,3,20,5.2071,2.5211,2.686,0.5002,9,
zf,B447,birdaves_biox_base_speed0p25,3,50,4.4443,2.1339,2.3105,0.4333,9,
zf,B447,birdaves_biox_base_speed0p25,3,100,4.1158,2.0873,2.0285,0.1733,9,
zf,B447,birdaves_biox_base_speed0p25,4,0,3.807,2.1493,1.6576,0.1481,9,
zf,B447,birdaves_biox_base_speed0p25,4,1,40.3102,10.4686,29.8416,1.7032,9,
zf,B447,birdaves_biox_base_speed0p25,4,5,13.9779,6.1077,7.8702,1.6917,9,
zf,B447,birdaves_biox_base_speed0p25,4,10,7.4563,4.1111,3.3452,0.2222,9,
zf,B447,birdaves_biox_base_speed0p25,4,20,4.9015,2.5115,2.39,0.4566,9,
zf,B447,birdaves_biox_base_speed0p25,4,50,4.2194,2.1562,2.0632,0.2576,9,
zf,B447,birdaves_biox_base_speed0p25,4,100,3.9725,2.0811,1.8914,0.0499,9,
zf,B447,birdaves_biox_base_speed0p5,3,0,3.9909,2.838,1.153,0.2917,9,
zf,B447,birdaves_biox_base_speed0p5,3,1,46.0404,12.1023,33.9382,3.6243,9,
zf,B447,birdaves_biox_base_speed0p5,3,5,22.0963,7.326,14.7703,4.2856,9,
zf,B447,birdaves_biox_base_speed0p5,3,10,10.1765,5.3506,4.8259,1.5891,9,
zf,B447,birdaves_biox_base_speed0p5,3,20,6.1229,3.9168,2.2061,0.161,9,
zf,B447,birdaves_biox_base_speed0p5,3,50,4.9015,3.205,1.6965,0.7929,9,
zf,B447,birdaves_biox_base_speed0p5,3,100,4.2794,2.8957,1.3837,0.4094,9,
zf,B447,birdaves_biox_base_speed0p5,6,0,3.9177,2.8422,1.0756,0.2214,9,
zf,B447,birdaves_biox_base_speed0p5,6,1,49.541,13.4401,36.1009,1.7261,9,
zf,B447,birdaves_biox_base_speed0p5,6,5,23.5961,8.0707,15.5253,5.1388,9,
zf,B447,birdaves_biox_base_speed0p5,6,10,10.0659,5.8539,4.212,1.3108,9,
zf,B447,birdaves_biox_base_speed0p5,6,20,5.9595,3.9704,1.989,0.2333,9,
zf,B447,birdaves_biox_base_speed0p5,6,50,4.7654,3.2124,1.5529,0.473,9,
zf,B447,birdaves_biox_base_speed0p5,6,100,4.261,2.8819,1.3791,0.3469,9,
zf,B447,birdmae_base_speed0p03125,10,0,6.8007,2.1162,4.6845,0.3291,9,
zf,B447,birdmae_base_speed0p0625,9,0,6.2637,3.2876,2.9761,0.2824,9,
zf,B447,birdmae_base_speed0p0625,10,0,6.219,3.3378,2.8812,0.0506,9,
zf,B447,birdmae_base_speed0p125,9,0,6.2705,4.8791,1.3913,0.1539,9,
zf,B447,birdmae_base_speed0p125,10,0,6.3076,4.966,1.3416,0.1318,9,
zf,B447,birdmae_base_speed0p25,9,0,11.8392,10.1882,1.6509,0.5137,9,
zf,B447,birdmae_base_speed0p25,10,0,11.6971,10.1057,1.5914,0.585,9,
zf,B447,birdmae_base_speed0p5,9,0,21.9675,18.4602,3.5073,1.4607,9,
zf,B447,birdmae_base_speed0p5,10,0,22.1221,18.2366,3.8855,1.7782,9,
zf,B447,birdmae_base_speed1,8,0,46.9128,28.8922,18.0205,3.2457,9,
zf,B447,birdmae_base_speed1,10,0,46.2012,28.0162,18.185,3.2631,9,
zf,B447,hubert_base_ls960,0,0,8.7796,4.7883,3.9912,3.9582,9,
zf,B447,hubert_base_ls960,0,1,58.9546,12.1883,46.7663,5.8104,9,
zf,B447,hubert_base_ls960,0,5,30.4455,9.9926,20.4529,3.2305,9,
zf,B447,hubert_base_ls960,0,10,17.3476,7.7531,9.5944,3.4553,9,
zf,B447,hubert_base_ls960,0,20,13.2203,6.5617,6.6586,2.8711,9,
zf,B447,hubert_base_ls960,0,50,10.5165,5.2143,5.3022,4.1553,9,
zf,B447,hubert_base_ls960,0,100,9.6427,5.0321,4.6106,3.9148,9,
zf,B447,hubert_base_ls960,3,0,8.8163,4.7843,4.032,4.4307,9,
zf,B447,hubert_base_ls960,3,1,59.3745,11.2589,48.1156,5.9248,9,
zf,B447,hubert_base_ls960,3,5,30.6978,9.32,21.3778,4.2761,9,
zf,B447,hubert_base_ls960,3,10,17.6989,7.477,10.2219,2.4831,9,
zf,B447,hubert_base_ls960,3,20,12.8657,6.4617,6.4039,3.0189,9,
zf,B447,hubert_base_ls960,3,50,10.1463,5.1614,4.9849,5.3716,9,
zf,B447,hubert_base_ls960,3,100,9.4427,4.993,4.4497,4.8952,9,
zf,B447,xcl_base_500k_p32x1_c005,5,0,3.7547,2.3165,1.4382,1.511,9,
zf,B447,xcl_base_500k_p32x4_c010,3,0,6.5193,4.639,1.8803,2.7871,9,
zf,B447,xcl_base_500k_p32x4_c010,4,0,6.496,4.6657,1.8303,2.8226,9,
zf,B447,xcl_large_500k_p32x1_c005,11,0,3.3724,2.3437,1.0286,0.4189,9,
zf,B447,xcl_large_500k_p32x1_c005,11,1,50.8551,13.6308,37.2243,5.0334,9,
zf,B447,xcl_large_500k_p32x1_c005,11,5,16.5102,6.2076,10.3026,4.4915,9,
zf,B447,xcl_large_500k_p32x1_c005,11,10,8.1011,3.815,4.2861,2.1425,9,
zf,B447,xcl_large_500k_p32x1_c005,11,20,4.8202,2.9365,1.8836,1.3412,9,
zf,B447,xcl_large_500k_p32x1_c005,11,50,3.7824,2.4274,1.3551,1.1651,9,
zf,B447,xcl_large_500k_p32x1_c005,11,100,3.3962,2.2228,1.1734,0.6111,9,
zf,B447,xcl_large_500k_p32x4_c0025,9,0,5.9642,4.7158,1.2484,1.6593,9,
zf,B447,xcl_large_500k_p32x4_c010,10,0,5.7508,4.6423,1.1085,0.8858,9,
zf,B447,xcl_large_500k_p32x4_c010,10,1,53.3133,12.9027,40.4106,4.0039,9,
zf,B447,xcl_large_500k_p32x4_c010,10,5,22.9719,9.3062,13.6658,2.8935,9,
zf,B447,xcl_large_500k_p32x4_c010,10,10,13.2236,7.0309,6.1927,2.3127,9,
zf,B447,xcl_large_500k_p32x4_c010,10,20,7.8405,5.5236,2.3169,1.093,9,
zf,B447,xcl_large_500k_p32x4_c010,10,50,6.5367,4.9434,1.5933,1.664,9,
zf,B447,xcl_large_500k_p32x4_c010,10,100,6.0512,4.8286,1.2226,1.0539,9,
zf,B447,xcl_micro_500k_p32x1_c005,4,0,4.105,2.2751,1.8299,1.2138,9,
zf,B447,xcl_micro_500k_p32x1_c005,5,0,4.1278,2.3241,1.8037,1.2768,9,
zf,B447,xcl_micro_500k_p32x4_c010,3,0,7.1103,4.7198,2.3905,3.2794,9,
zf,B507,beats_iter3_plus_as2m,5,0,40.6635,28.1186,12.5448,1.0065,8,
zf,B507,beats_iter3_plus_as2m,7,0,39.4928,27.8368,11.6559,1.2908,8,
zf,B507,beats_iter3_plus_as2m,8,0,38.6483,26.6535,11.9948,1.4706,8,
zf,B507,beats_iter3_plus_as2m_speed0p03125,10,0,15.8796,3.258,12.6216,1.3002,8,
zf,B507,beats_iter3_plus_as2m_speed0p03125,11,0,17.0606,3.3459,13.7146,0.1894,8,
zf,B507,beats_iter3_plus_as2m_speed0p0625,8,0,15.6768,3.8988,11.778,1.3948,8,
zf,B507,beats_iter3_plus_as2m_speed0p0625,10,0,15.963,3.7348,12.2281,0.5323,8,
zf,B507,beats_iter3_plus_as2m_speed0p125,8,0,17.1791,5.1746,12.0045,1.0846,8,
zf,B507,beats_iter3_plus_as2m_speed0p125,9,0,17.0177,4.9214,12.0962,0.3777,8,
zf,B507,beats_iter3_plus_as2m_speed0p125,10,0,17.7527,5.0638,12.6889,0.5393,8,
zf,B507,beats_iter3_plus_as2m_speed0p25,8,0,20.7488,9.4491,11.2997,0.8308,8,
zf,B507,beats_iter3_plus_as2m_speed0p25,9,0,20.9685,8.9707,11.9978,0.2487,8,
zf,B507,beats_iter3_plus_as2m_speed0p5,8,0,27.1514,16.472,10.6794,0.942,8,
zf,B507,birdaves_biox_base,3,0,16.474,4.68,11.7939,1.3766,8,
zf,B507,birdaves_biox_base,3,1,56.5527,13.0973,43.4554,3.1946,8,
zf,B507,birdaves_biox_base,3,5,34.1585,7.9353,26.2232,4.4756,8,
zf,B507,birdaves_biox_base,3,10,23.2449,6.3801,16.8648,1.0408,8,
zf,B507,birdaves_biox_base,3,20,19.2032,5.7539,13.4493,0.6106,8,
zf,B507,birdaves_biox_base,3,50,16.9179,5.1598,11.7581,1.1405,8,
zf,B507,birdaves_biox_base,3,100,16.8695,4.9993,11.8702,1.5512,8,
zf,B507,birdaves_biox_base,7,0,16.7041,4.3451,12.359,0.8846,8,
zf,B507,birdaves_biox_base,7,1,56.3758,11.9106,44.4652,1.8079,8,
zf,B507,birdaves_biox_base,7,5,32.3386,7.5019,24.8367,3.5507,8,
zf,B507,birdaves_biox_base,7,10,22.9838,6.4175,16.5664,0.3249,8,
zf,B507,birdaves_biox_base,7,20,19.1104,5.7591,13.3513,0.2843,8,
zf,B507,birdaves_biox_base,7,50,17.0272,4.9025,12.1247,0.7833,8,
zf,B507,birdaves_biox_base,7,100,16.2523,4.7177,11.5346,0.7503,8,
zf,B507,birdaves_biox_base_speed0p25,3,0,17.1518,3.1364,14.0154,1.2798,8,
zf,B507,birdaves_biox_base_speed0p25,3,1,51.6672,11.0566,40.6106,3.4988,8,
zf,B507,birdaves_biox_base_speed0p25,3,5,30.9364,4.8644,26.0721,1.9151,8,
zf,B507,birdaves_biox_base_speed0p25,3,10,21.9156,3.6256,18.29,0.7117,8,
zf,B507,birdaves_biox_base_speed0p25,3,20,19.0963,3.3771,15.7191,1.717,8,
zf,B507,birdaves_biox_base_speed0p25,3,50,17.36,3.0988,14.2611,1.397,8,
zf,B507,birdaves_biox_base_speed0p25,3,100,17.283,3.1139,14.1691,1.4752,8,
zf,B507,birdaves_biox_base_speed0p25,4,0,16.6725,3.0666,13.6059,0.9366,8,
zf,B507,birdaves_biox_base_speed0p25,4,1,50.9789,11.322,39.6569,2.7673,8,
zf,B507,birdaves_biox_base_speed0p25,4,5,29.5552,4.9484,24.6068,1.9484,8,
zf,B507,birdaves_biox_base_speed0p25,4,10,21.1272,3.6943,17.4329,0.5787,8,
zf,B507,birdaves_biox_base_speed0p25,4,20,18.2826,3.3756,14.907,0.9859,8,
zf,B507,birdaves_biox_base_speed0p25,4,50,16.8543,3.1495,13.7048,1.0061,8,
zf,B507,birdaves_biox_base_speed0p25,4,100,16.8114,3.0948,13.7166,0.9046,8,
zf,B507,birdaves_biox_base_speed0p5,3,0,15.1308,3.5785,11.5523,1.0197,8,
zf,B507,birdaves_biox_base_speed0p5,3,1,53.6521,12.3884,41.2636,3.8207,8,
zf,B507,birdaves_biox_base_speed0p5,3,5,30.0484,6.2847,23.7637,0.9658,8,
zf,B507,birdaves_biox_base_speed0p5,3,10,21.7688,4.6259,17.1429,1.1187,8,
zf,B507,birdaves_biox_base_speed0p5,3,20,18.4752,4.181,14.2941,1.5679,8,
zf,B507,birdaves_biox_base_speed0p5,3,50,15.8945,3.638,12.2565,1.2393,8,
zf,B507,birdaves_biox_base_speed0p5,3,100,15.3582,3.4747,11.8835,1.2431,8,
zf,B507,birdaves_biox_base_speed0p5,6,0,15.2987,3.7998,11.4989,1.1149,8,
zf,B507,birdaves_biox_base_speed0p5,6,1,56.1696,12.8511,43.3185,2.7646,8,
zf,B507,birdaves_biox_base_speed0p5,6,5,29.7854,6.9585,22.8269,0.5075,8,
zf,B507,birdaves_biox_base_speed0p5,6,10,21.2848,4.6176,16.6673,1.7203,8,
zf,B507,birdaves_biox_base_speed0p5,6,20,17.9769,4.1333,13.8436,1.584,8,
zf,B507,birdaves_biox_base_speed0p5,6,50,16.0155,4.0654,11.9501,1.3938,8,
zf,B507,birdaves_biox_base_speed0p5,6,100,15.6138,3.736,11.8777,1.2531,8,
zf,B507,birdmae_base_speed0p03125,10,0,18.3417,3.2442,15.0975,0.8819,8,
zf,B507,birdmae_base_speed0p0625,9,0,17.1063,3.6261,13.4802,0.6245,8,
zf,B507,birdmae_base_speed0p0625,10,0,16.8529,3.7589,13.0939,0.8315,8,
zf,B507,birdmae_base_speed0p125,9,0,17.9952,4.9373,13.058,1.7198,8,
zf,B507,birdmae_base_speed0p125,10,0,18.1234,4.79,13.3334,1.2411,8,
zf,B507,birdmae_base_speed0p25,9,0,21.0736,9.3052,11.7684,1.4775,8,
zf,B507,birdmae_base_speed0p25,10,0,21.2605,9.3798,11.8807,1.3011,8,
zf,B507,birdmae_base_speed0p5,9,0,26.8653,16.874,9.9913,0.7381,8,
zf,B507,birdmae_base_speed0p5,10,0,27.5079,16.6429,10.865,0.9112,8,
zf,B507,birdmae_base_speed1,8,0,42.5219,28.8436,13.6783,1.1305,8,
zf,B507,birdmae_base_speed1,10,0,42.7682,28.5797,14.1885,0.3886,8,
zf,B507,hubert_base_ls960,0,0,17.779,4.9252,12.8538,0.347,8,
zf,B507,hubert_base_ls960,0,1,58.7697,15.4008,43.3688,3.512,8,
zf,B507,hubert_base_ls960,0,5,37.0645,9.1061,27.9584,5.8182,8,
zf,B507,hubert_base_ls960,0,10,26.0529,7.1123,18.9405,1.3529,8,
zf,B507,hubert_base_ls960,0,20,21.2599,5.9531,15.3068,0.9574,8,
zf,B507,hubert_base_ls960,0,50,19.2057,5.7391,13.4666,1.0165,8,
zf,B507,hubert_base_ls960,0,100,17.968,5.2844,12.6836,0.5909,8,
zf,B507,hubert_base_ls960,3,0,17.4201,4.6332,12.7869,1.1723,8,
zf,B507,hubert_base_ls960,3,1,59.1018,14.9111,44.1908,4.1475,8,
zf,B507,hubert_base_ls960,3,5,38.7016,8.9226,29.779,2.4267,8,
zf,B507,hubert_base_ls960,3,10,26.104,7.1037,19.0003,1.3708,8,
zf,B507,hubert_base_ls960,3,20,21.7942,5.5317,16.2625,1.2508,8,
zf,B507,hubert_base_ls960,3,50,18.1227,5.1964,12.9262,1.5269,8,
zf,B507,hubert_base_ls960,3,100,17.637,4.7715,12.8656,1.2846,8,
zf,B507,xcl_base_500k_p32x1_c005,5,0,16.3648,3.896,12.4688,1.0153,8,
zf,B507,xcl_base_500k_p32x4_c010,3,0,17.5067,5.1342,12.3725,1.0254,8,
zf,B507,xcl_base_500k_p32x4_c010,4,0,17.1868,5.2933,11.8935,0.5656,8,
zf,B507,xcl_large_500k_p32x1_c005,11,0,15.0557,3.6074,11.4483,0.3585,8,
zf,B507,xcl_large_500k_p32x1_c005,11,1,54.0444,15.6928,38.3516,3.9309,8,
zf,B507,xcl_large_500k_p32x1_c005,11,5,26.7162,7.4612,19.2551,2.084,8,
zf,B507,xcl_large_500k_p32x1_c005,11,10,18.9426,5.0884,13.8542,1.1201,8,
zf,B507,xcl_large_500k_p32x1_c005,11,20,16.0928,4.3246,11.7682,0.1677,8,
zf,B507,xcl_large_500k_p32x1_c005,11,50,15.2925,3.9399,11.3526,0.294,8,
zf,B507,xcl_large_500k_p32x1_c005,11,100,15.0706,3.7781,11.2925,0.2777,8,
zf,B507,xcl_large_500k_p32x4_c0025,9,0,17.4032,5.03,12.3731,1.0079,8,
zf,B507,xcl_large_500k_p32x4_c010,10,0,16.8014,5.2638,11.5376,0.2127,8,
zf,B507,xcl_large_500k_p32x4_c010,10,1,55.8709,13.3843,42.4866,7.5852,8,
zf,B507,xcl_large_500k_p32x4_c010,10,5,31.016,9.0983,21.9177,2.486,8,
zf,B507,xcl_large_500k_p32x4_c010,10,10,22.7207,6.7489,15.9718,0.3781,8,
zf,B507,xcl_large_500k_p32x4_c010,10,20,19.4094,5.8682,13.5411,0.3409,8,
zf,B507,xcl_large_500k_p32x4_c010,10,50,17.9145,5.5829,12.3316,0.4792,8,
zf,B507,xcl_large_500k_p32x4_c010,10,100,17.0358,5.16,11.8759,0.756,8,
zf,B507,xcl_micro_500k_p32x1_c005,4,0,18.37,3.5735,14.7964,0.5888,8,
zf,B507,xcl_micro_500k_p32x1_c005,5,0,19.1004,3.5309,15.5695,0.7734,8,
zf,B507,xcl_micro_500k_p32x4_c010,3,0,17.1279,4.8265,12.3014,0.7689,8,
zf,B524,beats_iter3_plus_as2m,5,0,50.352,38.3073,12.0447,0.6478,6,
zf,B524,beats_iter3_plus_as2m,7,0,49.8684,37.6418,12.2266,1.5834,6,
zf,B524,beats_iter3_plus_as2m,8,0,49.4617,37.4852,11.9765,1.9325,6,
zf,B524,beats_iter3_plus_as2m_speed0p03125,10,0,8.9217,4.4577,4.464,0.7648,6,
zf,B524,beats_iter3_plus_as2m_speed0p03125,11,0,9.0937,4.4779,4.6158,0.7522,6,
zf,B524,beats_iter3_plus_as2m_speed0p0625,8,0,7.9117,5.1803,2.7313,0.67,6,
zf,B524,beats_iter3_plus_as2m_speed0p0625,10,0,8.8183,5.2055,3.6128,0.8793,6,
zf,B524,beats_iter3_plus_as2m_speed0p125,8,0,7.2169,6.4158,0.8011,0.8178,6,
zf,B524,beats_iter3_plus_as2m_speed0p125,9,0,7.3758,6.3568,1.019,0.9019,6,
zf,B524,beats_iter3_plus_as2m_speed0p125,10,0,7.6669,6.4032,1.2637,0.889,6,
zf,B524,beats_iter3_plus_as2m_speed0p25,8,0,12.101,11.5285,0.5725,0.1234,6,
zf,B524,beats_iter3_plus_as2m_speed0p25,9,0,12.3041,11.53,0.774,0.281,6,
zf,B524,beats_iter3_plus_as2m_speed0p5,8,0,24.1651,22.3012,1.8639,0.8271,6,
zf,B524,birdaves_biox_base,3,0,6.8492,6.6288,0.2204,0.7058,6,
zf,B524,birdaves_biox_base,3,1,57.582,18.7112,38.8708,2.5872,6,
zf,B524,birdaves_biox_base,3,5,26.129,12.7385,13.3904,2.4296,6,
zf,B524,birdaves_biox_base,3,10,15.6723,9.5573,6.1149,2.9646,6,
zf,B524,birdaves_biox_base,3,20,8.6178,7.4512,1.1666,0.604,6,
zf,B524,birdaves_biox_base,3,50,6.9748,6.6838,0.291,0.186,6,
zf,B524,birdaves_biox_base,3,100,6.873,6.7077,0.1653,0.3271,6,
zf,B524,birdaves_biox_base,7,0,6.7491,6.5375,0.2115,0.6049,6,
zf,B524,birdaves_biox_base,7,1,59.8482,21.1383,38.7099,5.3972,6,
zf,B524,birdaves_biox_base,7,5,28.5279,13.2661,15.2618,3.8136,6,
zf,B524,birdaves_biox_base,7,10,16.9139,10.3346,6.5793,4.1329,6,
zf,B524,birdaves_biox_base,7,20,9.5859,7.8776,1.7083,1.0989,6,
zf,B524,birdaves_biox_base,7,50,7.3227,6.7913,0.5315,0.5413,6,
zf,B524,birdaves_biox_base,7,100,7.0067,6.7049,0.3019,0.5919,6,
zf,B524,birdaves_biox_base_speed0p25,3,0,5.0713,4.094,0.9774,0.6764,6,
zf,B524,birdaves_biox_base_speed0p25,3,1,52.6264,18.8631,33.7633,3.9173,6,
zf,B524,birdaves_biox_base_speed0p25,3,5,18.3635,9.0569,9.3067,2.1139,6,
zf,B524,birdaves_biox_base_speed0p25,3,10,9.846,5.7553,4.0907,0.8152,6,
zf,B524,birdaves_biox_base_speed0p25,3,20,7.1321,4.9568,2.1752,0.4101,6,
zf,B524,birdaves_biox_base_speed0p25,3,50,5.7367,4.4859,1.2508,0.6579,6,
zf,B524,birdaves_biox_base_speed0p25,3,100,5.4554,4.4544,1.001,0.7672,6,
zf,B524,birdaves_biox_base_speed0p25,4,0,5.0058,4.1939,0.8119,0.4724,6,
zf,B524,birdaves_biox_base_speed0p25,4,1,52.2031,18.346,33.8571,3.0628,6,
zf,B524,birdaves_biox_base_speed0p25,4,5,18.0758,8.9273,9.1485,1.6985,6,
zf,B524,birdaves_biox_base_speed0p25,4,10,9.7778,5.9264,3.8515,1.0211,6,
zf,B524,birdaves_biox_base_speed0p25,4,20,7.0614,5.0737,1.9877,0.384,6,
zf,B524,birdaves_biox_base_speed0p25,4,50,5.6404,4.4883,1.1521,0.3449,6,
zf,B524,birdaves_biox_base_speed0p25,4,100,5.1728,4.2684,0.9044,0.4659,6,
zf,B524,birdaves_biox_base_speed0p5,3,0,5.2487,4.8503,0.3983,0.4552,6,
zf,B524,birdaves_biox_base_speed0p5,3,1,53.8734,17.8812,35.9922,2.2728,6,
zf,B524,birdaves_biox_base_speed0p5,3,5,19.3347,11.021,8.3138,0.4595,6,
zf,B524,birdaves_biox_base_speed0p5,3,10,11.1639,7.4048,3.7591,1.5903,6,
zf,B524,birdaves_biox_base_speed0p5,3,20,7.2021,5.5436,1.6585,1.0553,6,
zf,B524,birdaves_biox_base_speed0p5,3,50,5.4928,4.8845,0.6083,0.5536,6,
zf,B524,birdaves_biox_base_speed0p5,3,100,5.1134,4.6275,0.4859,0.4948,6,
zf,B524,birdaves_biox_base_speed0p5,6,0,5.07,4.8405,0.2295,0.6195,6,
zf,B524,birdaves_biox_base_speed0p5,6,1,55.3572,19.281,36.0762,1.2907,6,
zf,B524,birdaves_biox_base_speed0p5,6,5,21.6828,11.4081,10.2747,2.2077,6,
zf,B524,birdaves_biox_base_speed0p5,6,10,12.5529,7.8504,4.7025,3.2505,6,
zf,B524,birdaves_biox_base_speed0p5,6,20,7.1618,5.3737,1.7881,1.6073,6,
zf,B524,birdaves_biox_base_speed0p5,6,50,5.4061,4.9222,0.4839,0.8158,6,
zf,B524,birdaves_biox_base_speed0p5,6,100,5.1478,4.8686,0.2792,0.6795,6,
zf,B524,birdmae_base_speed0p03125,10,0,11.0877,4.0308,7.057,0.8324,6,
zf,B524,birdmae_base_speed0p0625,9,0,9.7377,5.0518,4.6859,1.0183,6,
zf,B524,birdmae_base_speed0p0625,10,0,9.0161,4.8289,4.1872,0.7972,6,
zf,B524,birdmae_base_speed0p125,9,0,7.97,6.3757,1.5943,0.9874,6,
zf,B524,birdmae_base_speed0p125,10,0,7.9146,6.387,1.5276,0.84,6,
zf,B524,birdmae_base_speed0p25,9,0,12.0397,11.4135,0.6262,0.4405,6,
zf,B524,birdmae_base_speed0p25,10,0,12.086,11.3813,0.7047,0.3965,6,
zf,B524,birdmae_base_speed0p5,9,0,25.0564,23.3014,1.755,0.3414,6,
zf,B524,birdmae_base_speed0p5,10,0,24.7886,23.3698,1.4188,0.2418,6,
zf,B524,birdmae_base_speed1,8,0,46.6463,37.4125,9.2338,1.1713,6,
zf,B524,birdmae_base_speed1,10,0,46.6797,37.624,9.0557,1.1089,6,
zf,B524,hubert_base_ls960,0,0,7.3261,6.6866,0.6395,0.607,6,
zf,B524,hubert_base_ls960,0,1,59.1338,23.508,35.6257,2.5835,6,
zf,B524,hubert_base_ls960,0,5,30.7055,13.7763,16.9292,1.7512,6,
zf,B524,hubert_base_ls960,0,10,18.5693,10.3571,8.2122,3.4209,6,
zf,B524,hubert_base_ls960,0,20,10.5273,7.9206,2.6067,0.9127,6,
zf,B524,hubert_base_ls960,0,50,7.936,6.9437,0.9923,0.555,6,
zf,B524,hubert_base_ls960,0,100,7.6486,6.8351,0.8136,0.5656,6,
zf,B524,hubert_base_ls960,3,0,7.7,6.9658,0.7342,0.9985,6,
zf,B524,hubert_base_ls960,3,1,61.4809,24.6836,36.7973,4.6179,6,
zf,B524,hubert_base_ls960,3,5,34.6313,13.8677,20.7636,2.479,6,
zf,B524,hubert_base_ls960,3,10,21.039,10.1455,10.8935,3.4018,6,
zf,B524,hubert_base_ls960,3,20,12.0255,8.1174,3.908,0.9348,6,
zf,B524,hubert_base_ls960,3,50,8.2483,7.2803,0.9679,0.5578,6,
zf,B524,hubert_base_ls960,3,100,7.9294,7.3591,0.5702,0.8426,6,
zf,B524,xcl_base_500k_p32x1_c005,5,0,4.6795,4.3464,0.3331,0.4985,6,
zf,B524,xcl_base_500k_p32x4_c010,3,0,7.5829,7.1344,0.4485,0.9903,6,
zf,B524,xcl_base_500k_p32x4_c010,4,0,7.4227,6.92,0.5027,0.8312,6,
zf,B524,xcl_large_500k_p32x1_c005,11,0,4.6448,4.3755,0.2692,0.3635,6,
zf,B524,xcl_large_500k_p32x1_c005,11,1,58.2626,23.4118,34.8508,1.0777,6,
zf,B524,xcl_large_500k_p32x1_c005,11,5,22.0863,9.7135,12.3729,0.907,6,
zf,B524,xcl_large_500k_p32x1_c005,11,10,10.6805,6.4716,4.2089,1.2105,6,
zf,B524,xcl_large_500k_p32x1_c005,11,20,5.847,5.1267,0.7203,0.8417,6,
zf,B524,xcl_large_500k_p32x1_c005,11,50,4.8642,4.5702,0.294,0.471,6,
zf,B524,xcl_large_500k_p32x1_c005,11,100,4.7162,4.4302,0.286,0.412,6,
zf,B524,xcl_large_500k_p32x4_c0025,9,0,7.2234,6.7483,0.4751,0.7697,6,
zf,B524,xcl_large_500k_p32x4_c010,10,0,7.2545,6.8135,0.441,0.9794,6,
zf,B524,xcl_large_500k_p32x4_c010,10,1,57.0399,24.1234,32.9165,1.6964,6,
zf,B524,xcl_large_500k_p32x4_c010,10,5,30.3107,13.1472,17.1635,0.0854,6,
zf,B524,xcl_large_500k_p32x4_c010,10,10,17.7599,9.7922,7.9677,1.4135,6,
zf,B524,xcl_large_500k_p32x4_c010,10,20,10.2096,8.0359,2.1737,0.2783,6,
zf,B524,xcl_large_500k_p32x4_c010,10,50,7.5235,6.8501,0.6734,0.8716,6,
zf,B524,xcl_large_500k_p32x4_c010,10,100,7.1107,6.5438,0.5669,0.7883,6,
zf,B524,xcl_micro_500k_p32x1_c005,4,0,6.6418,4.514,2.1278,0.5976,6,
zf,B524,xcl_micro_500k_p32x1_c005,5,0,6.9421,4.4487,2.4934,0.4136,6,
zf,B524,xcl_micro_500k_p32x4_c010,3,0,7.8456,6.9478,0.8978,0.9095,6,
zf,G255,beats_iter3_plus_as2m,5,0,44.3706,29.2974,15.0731,1.5009,8,
zf,G255,beats_iter3_plus_as2m,7,0,42.1524,28.552,13.6003,4.3815,8,
zf,G255,beats_iter3_plus_as2m,8,0,41.6419,28.7764,12.8654,4.5028,8,
zf,G255,beats_iter3_plus_as2m_speed0p03125,10,0,19.2351,3.3154,15.9198,1.8117,8,
zf,G255,beats_iter3_plus_as2m_speed0p03125,11,0,19.9701,3.5138,16.4563,1.1241,8,
zf,G255,beats_iter3_plus_as2m_speed0p0625,8,0,18.4378,3.4569,14.9809,2.4564,8,
zf,G255,beats_iter3_plus_as2m_speed0p0625,10,0,17.2871,3.5399,13.7472,3.0075,8,
zf,G255,beats_iter3_plus_as2m_speed0p125,8,0,15.7761,4.3501,11.426,2.8676,8,
zf,G255,beats_iter3_plus_as2m_speed0p125,9,0,16.3486,4.4148,11.9338,3.8252,8,
zf,G255,beats_iter3_plus_as2m_speed0p125,10,0,16.4034,4.4336,11.9698,2.2772,8,
zf,G255,beats_iter3_plus_as2m_speed0p25,8,0,19.5205,7.5619,11.9586,3.5136,8,
zf,G255,beats_iter3_plus_as2m_speed0p25,9,0,16.2039,7.4335,8.7704,2.258,8,
zf,G255,beats_iter3_plus_as2m_speed0p5,8,0,23.4182,13.6672,9.751,3.5177,8,
zf,G255,birdaves_biox_base,3,0,9.4823,3.982,5.5002,3.3943,8,
zf,G255,birdaves_biox_base,3,1,49.8576,13.6514,36.2062,3.6817,8,
zf,G255,birdaves_biox_base,3,5,24.5241,7.2394,17.2848,3.7282,8,
zf,G255,birdaves_biox_base,3,10,17.7583,5.8732,11.8851,3.4717,8,
zf,G255,birdaves_biox_base,3,20,13.3447,4.5394,8.8053,2.7169,8,
zf,G255,birdaves_biox_base,3,50,10.4976,4.1246,6.373,3.5064,8,
zf,G255,birdaves_biox_base,3,100,9.8408,4.096,5.7449,3.3722,8,
zf,G255,birdaves_biox_base,7,0,10.4041,3.7839,6.6201,3.3363,8,
zf,G255,birdaves_biox_base,7,1,51.914,14.407,37.5069,2.4113,8,
zf,G255,birdaves_biox_base,7,5,26.2921,6.932,19.3601,3.3861,8,
zf,G255,birdaves_biox_base,7,10,18.6214,6.1641,12.4573,3.0362,8,
zf,G255,birdaves_biox_base,7,20,12.7015,4.6545,8.047,3.8061,8,
zf,G255,birdaves_biox_base,7,50,11.1961,4.6806,6.5155,3.2403,8,
zf,G255,birdaves_biox_base,7,100,10.5418,3.8326,6.7092,3.3153,8,
zf,G255,birdaves_biox_base_speed0p25,3,0,11.0374,2.8349,8.2025,2.8203,8,
zf,G255,birdaves_biox_base_speed0p25,3,1,46.4978,8.5295,37.9684,1.3881,8,
zf,G255,birdaves_biox_base_speed0p25,3,5,22.7581,4.9355,17.8226,2.5274,8,
zf,G255,birdaves_biox_base_speed0p25,3,10,16.188,3.6733,12.5146,3.2721,8,
zf,G255,birdaves_biox_base_speed0p25,3,20,12.7083,3.1827,9.5256,2.6629,8,
zf,G255,birdaves_biox_base_speed0p25,3,50,10.9196,2.709,8.2106,2.9144,8,
zf,G255,birdaves_biox_base_speed0p25,3,100,10.8937,2.6107,8.2831,2.6655,8,
zf,G255,birdaves_biox_base_speed0p25,4,0,11.6888,2.8036,8.8852,2.6047,8,
zf,G255,birdaves_biox_base_speed0p25,4,1,46.5547,9.9167,36.638,1.2352,8,
zf,G255,birdaves_biox_base_speed0p25,4,5,22.8587,5.099,17.7597,3.0223,8,
zf,G255,birdaves_biox_base_speed0p25,4,10,16.1258,3.645,12.4808,2.2177,8,
zf,G255,birdaves_biox_base_speed0p25,4,20,12.9131,3.1096,9.8035,2.2984,8,
zf,G255,birdaves_biox_base_speed0p25,4,50,11.8571,2.696,9.1611,2.4076,8,
zf,G255,birdaves_biox_base_speed0p25,4,100,11.7376,2.63,9.1075,2.5725,8,
zf,G255,birdaves_biox_base_speed0p5,3,0,9.5836,2.9176,6.666,3.1287,8,
zf,G255,birdaves_biox_base_speed0p5,3,1,50.7437,11.3644,39.3793,2.6453,8,
zf,G255,birdaves_biox_base_speed0p5,3,5,23.5478,6.6181,16.9297,1.7771,8,
zf,G255,birdaves_biox_base_speed0p5,3,10,16.9021,4.7309,12.1712,2.6803,8,
zf,G255,birdaves_biox_base_speed0p5,3,20,12.7942,3.8519,8.9422,3.2693,8,
zf,G255,birdaves_biox_base_speed0p5,3,50,10.1083,3.0188,7.0895,2.9283,8,
zf,G255,birdaves_biox_base_speed0p5,3,100,9.786,2.9224,6.8636,3.5962,8,
zf,G255,birdaves_biox_base_speed0p5,6,0,9.7865,2.9637,6.8229,3.6037,8,
zf,G255,birdaves_biox_base_speed0p5,6,1,51.0627,11.1458,39.9168,2.5031,8,
zf,G255,birdaves_biox_base_speed0p5,6,5,26.4268,7.1233,19.3035,2.6986,8,
zf,G255,birdaves_biox_base_speed0p5,6,10,17.9848,5.1646,12.8202,2.7181,8,
zf,G255,birdaves_biox_base_speed0p5,6,20,12.8115,3.5742,9.2372,3.22,8,
zf,G255,birdaves_biox_base_speed0p5,6,50,10.8124,3.1188,7.6936,3.176,8,
zf,G255,birdaves_biox_base_speed0p5,6,100,9.8116,2.8848,6.9267,3.4763,8,
zf,G255,birdmae_base_speed0p03125,10,0,18.969,3.394,15.575,1.6036,8,
zf,G255,birdmae_base_speed0p0625,9,0,16.1023,3.6179,12.4844,2.6595,8,
zf,G255,birdmae_base_speed0p0625,10,0,16.1479,3.7395,12.4084,2.8837,8,
zf,G255,birdmae_base_speed0p125,9,0,13.9662,4.09,9.8762,1.7778,8,
zf,G255,birdmae_base_speed0p125,10,0,14.4379,4.141,10.297,1.6547,8,
zf,G255,birdmae_base_speed0p25,9,0,14.943,6.9994,7.9437,1.6469,8,
zf,G255,birdmae_base_speed0p25,10,0,14.618,7.1849,7.4331,1.1955,8,
zf,G255,birdmae_base_speed0p5,9,0,22.5247,13.0923,9.4325,1.6387,8,
zf,G255,birdmae_base_speed0p5,10,0,22.3958,13.3465,9.0492,1.6988,8,
zf,G255,birdmae_base_speed1,8,0,39.9879,28.3663,11.6216,2.22,8,
zf,G255,birdmae_base_speed1,10,0,41.6556,30.1028,11.5528,2.4089,8,
zf,G255,hubert_base_ls960,0,0,12.9644,3.8394,9.125,2.8368,8,
zf,G255,hubert_base_ls960,0,1,55.4614,12.4959,42.9655,1.1611,8,
zf,G255,hubert_base_ls960,0,5,30.5503,7.8219,22.7284,2.4651,8,
zf,G255,hubert_base_ls960,0,10,25.1632,6.621,18.5422,3.1539,8,
zf,G255,hubert_base_ls960,0,20,18.3703,4.8216,13.5488,2.5619,8,
zf,G255,hubert_base_ls960,0,50,14.0411,4.0929,9.9482,2.1205,8,
zf,G255,hubert_base_ls960,0,100,13.0852,4.051,9.0342,2.556,8,
zf,G255,hubert_base_ls960,3,0,12.1217,3.9651,8.1566,3.3652,8,
zf,G255,hubert_base_ls960,3,1,56.4812,16.2972,40.184,2.3716,8,
zf,G255,hubert_base_ls960,3,5,32.3829,8.6674,23.7155,2.3193,8,
zf,G255,hubert_base_ls960,3,10,25.3021,6.7265,18.5755,2.0524,8,
zf,G255,hubert_base_ls960,3,20,18.4002,5.1763,13.2239,2.9951,8,
zf,G255,hubert_base_ls960,3,50,14.3492,4.3309,10.0183,3.2105,8,
zf,G255,hubert_base_ls960,3,100,13.4924,4.1213,9.3711,2.4671,8,
zf,G255,xcl_base_500k_p32x1_c005,5,0,13.5651,2.7957,10.7694,2.5673,8,
zf,G255,xcl_base_500k_p32x4_c010,3,0,15.1483,3.9287,11.2196,2.8481,8,
zf,G255,xcl_base_500k_p32x4_c010,4,0,14.5277,3.9869,10.5407,3.156,8,
zf,G255,xcl_large_500k_p32x1_c005,11,0,13.1106,2.9315,10.1791,2.0701,8,
zf,G255,xcl_large_500k_p32x1_c005,11,1,49.4433,13.9589,35.4844,5.8572,8,
zf,G255,xcl_large_500k_p32x1_c005,11,5,24.6434,7.0212,17.6222,2.7426,8,
zf,G255,xcl_large_500k_p32x1_c005,11,10,17.1517,4.7046,12.4471,1.1326,8,
zf,G255,xcl_large_500k_p32x1_c005,11,20,14.0297,3.3789,10.6509,1.5315,8,
zf,G255,xcl_large_500k_p32x1_c005,11,50,13.9898,2.8507,11.139,2.651,8,
zf,G255,xcl_large_500k_p32x1_c005,11,100,13.1263,2.8468,10.2795,2.0783,8,
zf,G255,xcl_large_500k_p32x4_c0025,9,0,16.1178,4.0895,12.0283,2.5796,8,
zf,G255,xcl_large_500k_p32x4_c010,10,0,14.5668,3.9751,10.5918,3.5551,8,
zf,G255,xcl_large_500k_p32x4_c010,10,1,54.0458,17.4567,36.5892,2.4256,8,
zf,G255,xcl_large_500k_p32x4_c010,10,5,30.3881,8.7617,21.6264,2.0614,8,
zf,G255,xcl_large_500k_p32x4_c010,10,10,22.321,6.3786,15.9424,1.5367,8,
zf,G255,xcl_large_500k_p32x4_c010,10,20,16.3037,4.6599,11.6437,2.2306,8,
zf,G255,xcl_large_500k_p32x4_c010,10,50,15.4507,3.9885,11.4622,3.8451,8,
zf,G255,xcl_large_500k_p32x4_c010,10,100,14.7148,3.9586,10.7563,3.501,8,
zf,G255,xcl_micro_500k_p32x1_c005,4,0,17.9905,2.7851,15.2054,4.494,8,
zf,G255,xcl_micro_500k_p32x1_c005,5,0,18.2933,3.0883,15.2051,4.0867,8,
zf,G255,xcl_micro_500k_p32x4_c010,3,0,17.0883,4.4094,12.6789,3.9678,8,
zf,G397,beats_iter3_plus_as2m,5,0,33.5512,21.2041,12.3471,3.0469,9,
zf,G397,beats_iter3_plus_as2m,7,0,32.9168,19.8142,13.1025,3.8957,9,
zf,G397,beats_iter3_plus_as2m,8,0,32.5432,19.196,13.3472,3.3844,9,
zf,G397,beats_iter3_plus_as2m_speed0p03125,10,0,14.761,3.571,11.19,2.002,9,
zf,G397,beats_iter3_plus_as2m_speed0p03125,11,0,14.3675,3.5198,10.8477,3.184,9,
zf,G397,beats_iter3_plus_as2m_speed0p0625,8,0,11.8609,3.9134,7.9474,2.6169,9,
zf,G397,beats_iter3_plus_as2m_speed0p0625,10,0,12.9736,3.9884,8.9853,3.4715,9,
zf,G397,beats_iter3_plus_as2m_speed0p125,8,0,10.7226,4.8478,5.8749,4.5223,9,
zf,G397,beats_iter3_plus_as2m_speed0p125,9,0,10.9871,4.9739,6.0132,4.3795,9,
zf,G397,beats_iter3_plus_as2m_speed0p125,10,0,11.1632,5.0732,6.09,4.2706,9,
zf,G397,beats_iter3_plus_as2m_speed0p25,8,0,12.7289,7.0998,5.6291,3.1721,9,
zf,G397,beats_iter3_plus_as2m_speed0p25,9,0,12.6123,7.1222,5.4901,2.7862,9,
zf,G397,beats_iter3_plus_as2m_speed0p5,8,0,21.8279,13.0466,8.7813,3.6245,9,
zf,G397,birdaves_biox_base,3,0,14.5752,5.1532,9.422,4.4525,9,
zf,G397,birdaves_biox_base,3,1,57.754,11.0972,46.6568,3.7766,9,
zf,G397,birdaves_biox_base,3,5,27.9959,8.3233,19.6726,4.1855,9,
zf,G397,birdaves_biox_base,3,10,19.4306,6.9408,12.4898,6.4414,9,
zf,G397,birdaves_biox_base,3,20,16.62,6.01,10.6099,4.7602,9,
zf,G397,birdaves_biox_base,3,50,15.2179,5.3104,9.9074,4.6947,9,
zf,G397,birdaves_biox_base,3,100,14.8408,5.246,9.5949,4.4713,9,
zf,G397,birdaves_biox_base,7,0,14.6249,5.0292,9.5957,3.0135,9,
zf,G397,birdaves_biox_base,7,1,58.0721,11.1091,46.963,4.0587,9,
zf,G397,birdaves_biox_base,7,5,31.8645,8.3842,23.4803,3.5887,9,
zf,G397,birdaves_biox_base,7,10,20.3632,6.822,13.5412,5.1879,9,
zf,G397,birdaves_biox_base,7,20,16.8275,5.8028,11.0247,5.0705,9,
zf,G397,birdaves_biox_base,7,50,14.6936,5.4382,9.2554,4.9083,9,
zf,G397,birdaves_biox_base,7,100,14.3145,5.6461,8.6684,4.7829,9,
zf,G397,birdaves_biox_base_speed0p25,3,0,12.8735,3.2476,9.6258,4.3055,9,
zf,G397,birdaves_biox_base_speed0p25,3,1,51.5373,10.2477,41.2896,2.9871,9,
zf,G397,birdaves_biox_base_speed0p25,3,5,24.8853,5.3092,19.5761,4.0201,9,
zf,G397,birdaves_biox_base_speed0p25,3,10,17.1237,4.128,12.9957,5.4026,9,
zf,G397,birdaves_biox_base_speed0p25,3,20,14.9611,3.591,11.3701,4.7957,9,
zf,G397,birdaves_biox_base_speed0p25,3,50,13.5205,3.3228,10.1977,4.8579,9,
zf,G397,birdaves_biox_base_speed0p25,3,100,12.8955,3.2512,9.6442,4.3395,9,
zf,G397,birdaves_biox_base_speed0p25,4,0,13.2865,3.3827,9.9038,4.2104,9,
zf,G397,birdaves_biox_base_speed0p25,4,1,52.7005,10.6226,42.0779,3.307,9,
zf,G397,birdaves_biox_base_speed0p25,4,5,28.0061,5.6783,22.3279,2.9991,9,
zf,G397,birdaves_biox_base_speed0p25,4,10,18.2805,4.251,14.0295,5.2107,9,
zf,G397,birdaves_biox_base_speed0p25,4,20,15.1908,3.6472,11.5436,4.9564,9,
zf,G397,birdaves_biox_base_speed0p25,4,50,13.6845,3.3148,10.3697,4.7363,9,
zf,G397,birdaves_biox_base_speed0p25,4,100,13.3673,3.2834,10.0839,4.379,9,
zf,G397,birdaves_biox_base_speed0p5,3,0,14.0968,4.0125,10.0843,4.6909,9,
zf,G397,birdaves_biox_base_speed0p5,3,1,54.6481,10.873,43.775,2.1331,9,
zf,G397,birdaves_biox_base_speed0p5,3,5,28.6222,6.4734,22.1487,4.6584,9,
zf,G397,birdaves_biox_base_speed0p5,3,10,19.3598,5.0302,14.3296,6.4728,9,
zf,G397,birdaves_biox_base_speed0p5,3,20,16.6522,4.2084,12.4439,5.3549,9,
zf,G397,birdaves_biox_base_speed0p5,3,50,14.9351,4.0397,10.8954,5.3062,9,
zf,G397,birdaves_biox_base_speed0p5,3,100,14.2174,4.1456,10.0717,5.2616,9,
zf,G397,birdaves_biox_base_speed0p5,6,0,14.7195,3.9502,10.7693,3.8214,9,
zf,G397,birdaves_biox_base_speed0p5,6,1,55.7225,11.3542,44.3683,1.7029,9,
zf,G397,birdaves_biox_base_speed0p5,6,5,31.2632,7.7631,23.5001,4.5026,9,
zf,G397,birdaves_biox_base_speed0p5,6,10,20.0651,5.5976,14.4674,5.9779,9,
zf,G397,birdaves_biox_base_speed0p5,6,20,17.0026,4.5095,12.493,4.0581,9,
zf,G397,birdaves_biox_base_speed0p5,6,50,15.3003,4.2078,11.0925,4.3613,9,
zf,G397,birdaves_biox_base_speed0p5,6,100,14.6601,4.0832,10.5769,3.7684,9,
zf,G397,birdmae_base_speed0p03125,10,0,16.0595,3.7257,12.3337,3.2025,9,
zf,G397,birdmae_base_speed0p0625,9,0,15.0262,3.7983,11.2279,3.6139,9,
zf,G397,birdmae_base_speed0p0625,10,0,14.8368,3.7328,11.104,3.6607,9,
zf,G397,birdmae_base_speed0p125,9,0,14.5301,4.7384,9.7917,3.7421,9,
zf,G397,birdmae_base_speed0p125,10,0,14.4879,4.7813,9.7066,3.6591,9,
zf,G397,birdmae_base_speed0p25,9,0,17.2783,7.185,10.0933,2.8814,9,
zf,G397,birdmae_base_speed0p25,10,0,15.1365,7.3812,7.7553,4.2194,9,
zf,G397,birdmae_base_speed0p5,9,0,21.1932,12.7123,8.4809,3.7997,9,
zf,G397,birdmae_base_speed0p5,10,0,20.9963,12.5628,8.4335,3.901,9,
zf,G397,birdmae_base_speed1,8,0,32.4866,21.9288,10.5578,2.4355,9,
zf,G397,birdmae_base_speed1,10,0,32.4992,21.1396,11.3596,2.8902,9,
zf,G397,hubert_base_ls960,0,0,14.3264,4.778,9.5483,2.6917,9,
zf,G397,hubert_base_ls960,0,1,58.9023,11.4728,47.4295,4.6759,9,
zf,G397,hubert_base_ls960,0,5,31.6346,8.2484,23.3862,3.4439,9,
zf,G397,hubert_base_ls960,0,10,22.9045,6.965,15.9394,5.3775,9,
zf,G397,hubert_base_ls960,0,20,18.0371,5.7473,12.2898,3.7187,9,
zf,G397,hubert_base_ls960,0,50,15.2882,4.8334,10.4548,4.1748,9,
zf,G397,hubert_base_ls960,0,100,14.7242,4.9997,9.7246,3.1716,9,
zf,G397,hubert_base_ls960,3,0,15.8232,4.7584,11.0648,2.0968,9,
zf,G397,hubert_base_ls960,3,1,60.0238,11.8265,48.1973,2.4805,9,
zf,G397,hubert_base_ls960,3,5,35.9235,8.4788,27.4447,2.8878,9,
zf,G397,hubert_base_ls960,3,10,23.2903,6.9701,16.3202,5.5513,9,
zf,G397,hubert_base_ls960,3,20,18.7316,5.9385,12.793,2.4095,9,
zf,G397,hubert_base_ls960,3,50,16.3783,5.2256,11.1527,2.6116,9,
zf,G397,hubert_base_ls960,3,100,16.1463,5.2195,10.9268,2.7297,9,
zf,G397,xcl_base_500k_p32x1_c005,5,0,11.0995,3.7936,7.3059,3.7504,9,
zf,G397,xcl_base_500k_p32x4_c010,3,0,12.0208,4.9847,7.0361,4.3851,9,
zf,G397,xcl_base_500k_p32x4_c010,4,0,12.3212,4.9653,7.3559,4.1263,9,
zf,G397,xcl_large_500k_p32x1_c005,11,0,12.1828,4.816,7.3668,3.9308,9,
zf,G397,xcl_large_500k_p32x1_c005,11,1,54.6907,11.3901,43.3006,6.0929,9,
zf,G397,xcl_large_500k_p32x1_c005,11,5,21.4696,5.8806,15.589,3.8408,9,
zf,G397,xcl_large_500k_p32x1_c005,11,10,15.0929,4.6971,10.3957,4.2999,9,
zf,G397,xcl_large_500k_p32x1_c005,11,20,12.2582,4.0455,8.2126,4.2867,9,
zf,G397,xcl_large_500k_p32x1_c005,11,50,11.9846,4.4474,7.5372,4.0102,9,
zf,G397,xcl_large_500k_p32x1_c005,11,100,11.9278,4.7714,7.1565,4.0636,9,
zf,G397,xcl_large_500k_p32x4_c0025,9,0,11.7823,4.7539,7.0283,4.7672,9,
zf,G397,xcl_large_500k_p32x4_c010,10,0,11.5923,4.7664,6.826,4.8111,9,
zf,G397,xcl_large_500k_p32x4_c010,10,1,53.0529,11.245,41.8079,5.2168,9,
zf,G397,xcl_large_500k_p32x4_c010,10,5,22.1867,7.1193,15.0675,4.3045,9,
zf,G397,xcl_large_500k_p32x4_c010,10,10,15.9073,6.4062,9.5012,6.8429,9,
zf,G397,xcl_large_500k_p32x4_c010,10,20,12.8747,5.4334,7.4413,4.9949,9,
zf,G397,xcl_large_500k_p32x4_c010,10,50,11.9661,5.0556,6.9105,5.0585,9,
zf,G397,xcl_large_500k_p32x4_c010,10,100,11.6751,5.0202,6.6549,4.8748,9,
zf,G397,xcl_micro_500k_p32x1_c005,4,0,12.0184,3.4193,8.5991,3.71,9,
zf,G397,xcl_micro_500k_p32x1_c005,5,0,12.2413,3.3939,8.8473,3.5686,9,
zf,G397,xcl_micro_500k_p32x4_c010,3,0,13.2062,4.9608,8.2455,3.8448,9,
zf,G402,beats_iter3_plus_as2m,5,0,44.5693,24.1978,20.3715,0.7588,9,
zf,G402,beats_iter3_plus_as2m,7,0,43.3638,21.7852,21.5787,1.3055,9,
zf,G402,beats_iter3_plus_as2m,8,0,42.9699,21.4137,21.5562,0.7707,9,
zf,G402,beats_iter3_plus_as2m_speed0p03125,10,0,8.6097,1.8766,6.7331,0.8699,9,
zf,G402,beats_iter3_plus_as2m_speed0p03125,11,0,9.5337,1.963,7.5707,0.911,9,
zf,G402,beats_iter3_plus_as2m_speed0p0625,8,0,8.283,3.1171,5.1659,1.2361,9,
zf,G402,beats_iter3_plus_as2m_speed0p0625,10,0,8.329,3.1138,5.2152,1.1794,9,
zf,G402,beats_iter3_plus_as2m_speed0p125,8,0,8.1294,4.4187,3.7107,1.3121,9,
zf,G402,beats_iter3_plus_as2m_speed0p125,9,0,8.2289,4.3081,3.9208,1.1164,9,
zf,G402,beats_iter3_plus_as2m_speed0p125,10,0,8.6963,4.4634,4.2329,1.5205,9,
zf,G402,beats_iter3_plus_as2m_speed0p25,8,0,11.3277,8.3037,3.0239,0.2092,9,
zf,G402,beats_iter3_plus_as2m_speed0p25,9,0,10.923,8.0318,2.8912,1.0248,9,
zf,G402,beats_iter3_plus_as2m_speed0p5,8,0,19.1944,13.3437,5.8507,0.7363,9,
zf,G402,birdaves_biox_base,3,0,5.3889,4.0817,1.3072,0.9503,9,
zf,G402,birdaves_biox_base,3,1,51.0468,11.795,39.2519,2.6906,9,
zf,G402,birdaves_biox_base,3,5,21.0818,7.5305,13.5513,2.3773,9,
zf,G402,birdaves_biox_base,3,10,12.2914,6.19,6.1014,3.3292,9,
zf,G402,birdaves_biox_base,3,20,7.7157,5.1681,2.5476,1.6129,9,
zf,G402,birdaves_biox_base,3,50,6.0332,4.4273,1.6059,1.0567,9,
zf,G402,birdaves_biox_base,3,100,5.6256,4.2233,1.4024,0.9823,9,
zf,G402,birdaves_biox_base,7,0,5.7622,3.9633,1.7989,1.179,9,
zf,G402,birdaves_biox_base,7,1,50.738,11.364,39.374,3.5721,9,
zf,G402,birdaves_biox_base,7,5,20.2574,7.7993,12.4581,2.8036,9,
zf,G402,birdaves_biox_base,7,10,12.459,6.2469,6.2122,2.6587,9,
zf,G402,birdaves_biox_base,7,20,8.303,5.0375,3.2655,1.9388,9,
zf,G402,birdaves_biox_base,7,50,6.2688,4.3575,1.9113,1.482,9,
zf,G402,birdaves_biox_base,7,100,6.1139,4.1483,1.9656,1.3692,9,
zf,G402,birdaves_biox_base_speed0p25,3,0,7.2402,1.8692,5.371,0.9619,9,
zf,G402,birdaves_biox_base_speed0p25,3,1,45.2751,10.2999,34.9752,5.3578,9,
zf,G402,birdaves_biox_base_speed0p25,3,5,19.0798,5.3548,13.7249,0.8519,9,
zf,G402,birdaves_biox_base_speed0p25,3,10,13.2554,3.6243,9.6311,0.6998,9,
zf,G402,birdaves_biox_base_speed0p25,3,20,9.0368,2.3242,6.7126,1.0796,9,
zf,G402,birdaves_biox_base_speed0p25,3,50,7.4548,1.8496,5.6053,1.0036,9,
zf,G402,birdaves_biox_base_speed0p25,3,100,7.248,1.7342,5.5138,0.9783,9,
zf,G402,birdaves_biox_base_speed0p25,4,0,6.4286,1.8158,4.6128,1.0865,9,
zf,G402,birdaves_biox_base_speed0p25,4,1,43.8341,10.2122,33.6219,3.3757,9,
zf,G402,birdaves_biox_base_speed0p25,4,5,17.6773,5.2712,12.4061,0.6246,9,
zf,G402,birdaves_biox_base_speed0p25,4,10,11.6847,3.5648,8.1199,1.0541,9,
zf,G402,birdaves_biox_base_speed0p25,4,20,7.8068,2.4192,5.3877,0.733,9,
zf,G402,birdaves_biox_base_speed0p25,4,50,6.549,1.7916,4.7574,1.0166,9,
zf,G402,birdaves_biox_base_speed0p25,4,100,6.4384,1.6906,4.7478,1.1505,9,
zf,G402,birdaves_biox_base_speed0p5,3,0,4.4848,2.4606,2.0242,0.9439,9,
zf,G402,birdaves_biox_base_speed0p5,3,1,44.2632,9.6271,34.6361,3.2177,9,
zf,G402,birdaves_biox_base_speed0p5,3,5,17.0859,6.4946,10.5913,0.859,9,
zf,G402,birdaves_biox_base_speed0p5,3,10,9.9282,4.7256,5.2025,2.3918,9,
zf,G402,birdaves_biox_base_speed0p5,3,20,6.3217,3.3433,2.9783,1.648,9,
zf,G402,birdaves_biox_base_speed0p5,3,50,4.7368,2.5874,2.1494,1.1338,9,
zf,G402,birdaves_biox_base_speed0p5,3,100,4.5913,2.4935,2.0978,0.9805,9,
zf,G402,birdaves_biox_base_speed0p5,6,0,4.9769,2.5736,2.4033,1.0803,9,
zf,G402,birdaves_biox_base_speed0p5,6,1,46.6132,9.4639,37.1493,3.4912,9,
zf,G402,birdaves_biox_base_speed0p5,6,5,18.8893,6.6986,12.1907,0.8425,9,
zf,G402,birdaves_biox_base_speed0p5,6,10,10.6475,5.1047,5.5428,2.6778,9,
zf,G402,birdaves_biox_base_speed0p5,6,20,7.3208,3.768,3.5528,1.9391,9,
zf,G402,birdaves_biox_base_speed0p5,6,50,5.2707,2.7272,2.5435,1.2232,9,
zf,G402,birdaves_biox_base_speed0p5,6,100,5.0603,2.5809,2.4795,1.1336,9,
zf,G402,birdmae_base_speed0p03125,10,0,12.7002,1.9658,10.7343,1.0838,9,
zf,G402,birdmae_base_speed0p0625,9,0,10.883,3.1934,7.6896,1.1464,9,
zf,G402,birdmae_base_speed0p0625,10,0,10.073,3.1296,6.9434,1.0616,9,
zf,G402,birdmae_base_speed0p125,9,0,8.9821,4.5304,4.4516,1.6692,9,
zf,G402,birdmae_base_speed0p125,10,0,9.1089,4.5869,4.522,1.5451,9,
zf,G402,birdmae_base_speed0p25,9,0,11.4978,8.3984,3.0994,1.1611,9,
zf,G402,birdmae_base_speed0p25,10,0,11.3308,8.319,3.0118,1.062,9,
zf,G402,birdmae_base_speed0p5,9,0,19.1936,12.9968,6.1969,1.2763,9,
zf,G402,birdmae_base_speed0p5,10,0,19.2363,13.0612,6.1751,1.3161,9,
zf,G402,birdmae_base_speed1,8,0,39.823,24.8817,14.9413,0.5352,9,
zf,G402,birdmae_base_speed1,10,0,39.7834,24.4909,15.2925,0.8999,9,
zf,G402,hubert_base_ls960,0,0,6.983,4.3267,2.6564,1.4596,9,
zf,G402,hubert_base_ls960,0,1,55.1276,12.7995,42.328,2.6999,9,
zf,G402,hubert_base_ls960,0,5,25.2533,7.8015,17.4518,1.2427,9,
zf,G402,hubert_base_ls960,0,10,15.1746,6.2425,8.9321,2.2459,9,
zf,G402,hubert_base_ls960,0,20,10.2306,5.5571,4.6734,1.5703,9,
zf,G402,hubert_base_ls960,0,50,7.352,4.6204,2.7316,1.5713,9,
zf,G402,hubert_base_ls960,0,100,7.1564,4.4803,2.676,1.411,9,
zf,G402,hubert_base_ls960,3,0,6.8339,4.1569,2.6771,0.9193,9,
zf,G402,hubert_base_ls960,3,1,60.1531,12.2632,47.8899,2.549,9,
zf,G402,hubert_base_ls960,3,5,26.23,7.8385,18.3915,2.2403,9,
zf,G402,hubert_base_ls960,3,10,16.1001,6.6767,9.4234,2.1898,9,
zf,G402,hubert_base_ls960,3,20,10.0393,5.2218,4.8176,1.1282,9,
zf,G402,hubert_base_ls960,3,50,7.2703,4.4911,2.7792,1.0207,9,
zf,G402,hubert_base_ls960,3,100,7.0157,4.3772,2.6385,1.0603,9,
zf,G402,xcl_base_500k_p32x1_c005,5,0,4.0234,1.9803,2.0431,1.0229,9,
zf,G402,xcl_base_500k_p32x4_c010,3,0,6.195,4.2523,1.9427,1.1283,9,
zf,G402,xcl_base_500k_p32x4_c010,4,0,6.3291,4.2101,2.119,1.1055,9,
zf,G402,xcl_large_500k_p32x1_c005,11,0,3.8482,1.9936,1.8546,0.9494,9,
zf,G402,xcl_large_500k_p32x1_c005,11,1,48.7826,12.1539,36.6288,3.6588,9,
zf,G402,xcl_large_500k_p32x1_c005,11,5,15.7493,5.05,10.6993,1.5705,9,
zf,G402,xcl_large_500k_p32x1_c005,11,10,7.3661,3.0368,4.3292,1.6351,9,
zf,G402,xcl_large_500k_p32x1_c005,11,20,4.7493,2.295,2.4543,1.1292,9,
zf,G402,xcl_large_500k_p32x1_c005,11,50,3.8889,1.984,1.9048,0.8702,9,
zf,G402,xcl_large_500k_p32x1_c005,11,100,3.875,1.9473,1.9277,0.9917,9,
zf,G402,xcl_large_500k_p32x4_c0025,9,0,5.9221,4.1685,1.7536,1.0917,9,
zf,G402,xcl_large_500k_p32x4_c010,10,0,6.0644,4.1157,1.9487,1.2416,9,
zf,G402,xcl_large_500k_p32x4_c010,10,1,51.5515,13.7826,37.7688,2.1558,9,
zf,G402,xcl_large_500k_p32x4_c010,10,5,19.9797,7.015,12.9647,2.4566,9,
zf,G402,xcl_large_500k_p32x4_c010,10,10,11.8717,6.027,5.8446,3.0669,9,
zf,G402,xcl_large_500k_p32x4_c010,10,20,8.052,5.1678,2.8842,1.8248,9,
zf,G402,xcl_large_500k_p32x4_c010,10,50,6.5237,4.3902,2.1335,1.2678,9,
zf,G402,xcl_large_500k_p32x4_c010,10,100,6.2936,4.1905,2.1031,1.2951,9,
zf,G402,xcl_micro_500k_p32x1_c005,4,0,5.0941,2.0454,3.0487,0.8967,9,
zf,G402,xcl_micro_500k_p32x1_c005,5,0,5.0668,2.0446,3.0222,0.9378,9,
zf,G402,xcl_micro_500k_p32x4_c010,3,0,6.528,4.2166,2.3114,1.2721,9,
zf,G413,beats_iter3_plus_as2m,5,0,39.3732,22.2097,17.1635,2.0895,8,
zf,G413,beats_iter3_plus_as2m,7,0,38.2341,20.8909,17.3432,1.9223,8,
zf,G413,beats_iter3_plus_as2m,8,0,36.9013,20.1706,16.7307,1.4731,8,
zf,G413,beats_iter3_plus_as2m_speed0p03125,10,0,22.9198,3.3813,19.5385,1.1269,8,
zf,G413,beats_iter3_plus_as2m_speed0p03125,11,0,23.9154,3.5304,20.385,1.2932,8,
zf,G413,beats_iter3_plus_as2m_speed0p0625,8,0,19.8874,4.1234,15.764,0.3027,8,
zf,G413,beats_iter3_plus_as2m_speed0p0625,10,0,20.2716,4.1995,16.0722,1.2007,8,
zf,G413,beats_iter3_plus_as2m_speed0p125,8,0,19.6263,4.9002,14.7261,1.2276,8,
zf,G413,beats_iter3_plus_as2m_speed0p125,9,0,18.8185,4.6539,14.1646,1.5485,8,
zf,G413,beats_iter3_plus_as2m_speed0p125,10,0,19.7689,4.7433,15.0256,1.8298,8,
zf,G413,beats_iter3_plus_as2m_speed0p25,8,0,21.376,7.8988,13.4773,1.6539,8,
zf,G413,beats_iter3_plus_as2m_speed0p25,9,0,20.6276,7.4474,13.1802,0.7793,8,
zf,G413,beats_iter3_plus_as2m_speed0p5,8,0,26.2645,12.5877,13.6768,0.0469,8,
zf,G413,birdaves_biox_base,3,0,19.4065,4.8666,14.5399,1.4624,8,
zf,G413,birdaves_biox_base,3,1,65.2295,13.8068,51.4227,5.0136,8,
zf,G413,birdaves_biox_base,3,5,41.8847,9.3195,32.5651,1.91,8,
zf,G413,birdaves_biox_base,3,10,28.4848,7.5797,20.905,1.2767,8,
zf,G413,birdaves_biox_base,3,20,22.4701,5.7812,16.6889,2.3087,8,
zf,G413,birdaves_biox_base,3,50,21.0028,5.7109,15.2919,1.6258,8,
zf,G413,birdaves_biox_base,3,100,20.112,5.4015,14.7106,1.2194,8,
zf,G413,birdaves_biox_base,7,0,20.2332,4.8834,15.3498,0.7938,8,
zf,G413,birdaves_biox_base,7,1,65.2108,13.0829,52.1279,5.4154,8,
zf,G413,birdaves_biox_base,7,5,41.9027,10.1365,31.7662,2.7198,8,
zf,G413,birdaves_biox_base,7,10,29.2447,7.1996,22.0451,2.6565,8,
zf,G413,birdaves_biox_base,7,20,23.2286,5.4645,17.7641,2.3314,8,
zf,G413,birdaves_biox_base,7,50,20.9674,5.333,15.6344,0.8987,8,
zf,G413,birdaves_biox_base,7,100,20.726,5.2773,15.4488,0.7804,8,
zf,G413,birdaves_biox_base_speed0p25,3,0,23.843,3.3722,20.4708,1.8368,8,
zf,G413,birdaves_biox_base_speed0p25,3,1,60.465,10.8855,49.5795,4.8937,8,
zf,G413,birdaves_biox_base_speed0p25,3,5,39.7494,5.4832,34.2662,2.6647,8,
zf,G413,birdaves_biox_base_speed0p25,3,10,30.5718,4.0974,26.4744,3.064,8,
zf,G413,birdaves_biox_base_speed0p25,3,20,25.7223,3.6431,22.0792,1.9021,8,
zf,G413,birdaves_biox_base_speed0p25,3,50,24.6083,3.3453,21.263,1.9831,8,
zf,G413,birdaves_biox_base_speed0p25,3,100,23.985,3.4527,20.5322,2.0012,8,
zf,G413,birdaves_biox_base_speed0p25,4,0,23.6315,3.5,20.1315,2.972,8,
zf,G413,birdaves_biox_base_speed0p25,4,1,59.5708,11.3091,48.2617,4.1764,8,
zf,G413,birdaves_biox_base_speed0p25,4,5,37.5504,5.3085,32.2419,2.0962,8,
zf,G413,birdaves_biox_base_speed0p25,4,10,29.4106,4.2347,25.1759,3.688,8,
zf,G413,birdaves_biox_base_speed0p25,4,20,24.8266,3.8142,21.0124,2.2098,8,
zf,G413,birdaves_biox_base_speed0p25,4,50,24.0911,3.5114,20.5796,2.7575,8,
zf,G413,birdaves_biox_base_speed0p25,4,100,23.485,3.4799,20.0051,2.8295,8,
zf,G413,birdaves_biox_base_speed0p5,3,0,22.1627,3.8622,18.3005,1.636,8,
zf,G413,birdaves_biox_base_speed0p5,3,1,60.4522,11.6675,48.7848,5.6136,8,
zf,G413,birdaves_biox_base_speed0p5,3,5,39.4439,7.5218,31.9221,1.944,8,
zf,G413,birdaves_biox_base_speed0p5,3,10,30.4322,5.4177,25.0145,4.708,8,
zf,G413,birdaves_biox_base_speed0p5,3,20,24.9409,4.5413,20.3996,1.548,8,
zf,G413,birdaves_biox_base_speed0p5,3,50,22.5863,4.1931,18.3932,1.5441,8,
zf,G413,birdaves_biox_base_speed0p5,3,100,22.023,4.0788,17.9442,1.7268,8,
zf,G413,birdaves_biox_base_speed0p5,6,0,21.4442,4.0152,17.4289,1.4479,8,
zf,G413,birdaves_biox_base_speed0p5,6,1,63.8699,12.2449,51.625,5.082,8,
zf,G413,birdaves_biox_base_speed0p5,6,5,42.1962,7.9221,34.2741,0.7169,8,
zf,G413,birdaves_biox_base_speed0p5,6,10,30.2866,5.5507,24.7359,4.395,8,
zf,G413,birdaves_biox_base_speed0p5,6,20,24.17,4.6237,19.5463,2.5077,8,
zf,G413,birdaves_biox_base_speed0p5,6,50,22.0011,3.9431,18.058,1.8384,8,
zf,G413,birdaves_biox_base_speed0p5,6,100,21.5147,4.1318,17.3829,1.5747,8,
zf,G413,birdmae_base_speed0p03125,10,0,26.1533,3.3856,22.7677,1.2052,8,
zf,G413,birdmae_base_speed0p0625,9,0,22.4337,4.334,18.0997,1.0416,8,
zf,G413,birdmae_base_speed0p0625,10,0,22.0878,4.2317,17.856,1.0394,8,
zf,G413,birdmae_base_speed0p125,9,0,22.3075,5.0967,17.2108,1.6069,8,
zf,G413,birdmae_base_speed0p125,10,0,21.6566,5.067,16.5895,1.3637,8,
zf,G413,birdmae_base_speed0p25,9,0,23.9839,7.8912,16.0927,2.0181,8,
zf,G413,birdmae_base_speed0p25,10,0,24.3406,7.9592,16.3813,1.7718,8,
zf,G413,birdmae_base_speed0p5,9,0,28.1983,12.2931,15.9052,1.3209,8,
zf,G413,birdmae_base_speed0p5,10,0,28.2922,12.0994,16.1928,0.8937,8,
zf,G413,birdmae_base_speed1,8,0,35.6853,21.0801,14.6052,2.5804,8,
zf,G413,birdmae_base_speed1,10,0,36.2626,21.2967,14.9658,1.5431,8,
zf,G413,hubert_base_ls960,0,0,24.2286,5.0183,19.2103,1.7455,8,
zf,G413,hubert_base_ls960,0,1,66.7025,14.3228,52.3797,2.6267,8,
zf,G413,hubert_base_ls960,0,5,47.4466,10.8877,36.5589,1.9246,8,
zf,G413,hubert_base_ls960,0,10,35.2859,7.9485,27.3374,3.1081,8,
zf,G413,hubert_base_ls960,0,20,27.4402,6.0095,21.4306,1.9146,8,
zf,G413,hubert_base_ls960,0,50,25.4268,5.5891,19.8377,1.6117,8,
zf,G413,hubert_base_ls960,0,100,24.4649,5.4972,18.9676,1.63,8,
zf,G413,hubert_base_ls960,3,0,24.431,5.1704,19.2605,2.8124,8,
zf,G413,hubert_base_ls960,3,1,68.8112,13.804,55.0073,3.1944,8,
zf,G413,hubert_base_ls960,3,5,50.0978,11.7668,38.331,2.1055,8,
zf,G413,hubert_base_ls960,3,10,36.8122,7.9925,28.8197,3.5551,8,
zf,G413,hubert_base_ls960,3,20,29.0148,6.1867,22.8281,3.0435,8,
zf,G413,hubert_base_ls960,3,50,25.1891,5.5124,19.6767,2.6856,8,
zf,G413,hubert_base_ls960,3,100,24.5535,5.233,19.3205,2.6814,8,
zf,G413,xcl_base_500k_p32x1_c005,5,0,20.1685,3.6657,16.5028,2.616,8,
zf,G413,xcl_base_500k_p32x4_c010,3,0,20.5459,4.882,15.6639,1.6765,8,
zf,G413,xcl_base_500k_p32x4_c010,4,0,20.2053,5.0894,15.1159,2.0187,8,
zf,G413,xcl_large_500k_p32x1_c005,11,0,20.5198,3.6231,16.8967,1.2689,8,
zf,G413,xcl_large_500k_p32x1_c005,11,1,66.6571,15.7363,50.9208,6.2671,8,
zf,G413,xcl_large_500k_p32x1_c005,11,5,43.2629,8.6064,34.6565,1.1655,8,
zf,G413,xcl_large_500k_p32x1_c005,11,10,29.4804,5.1308,24.3496,2.3565,8,
zf,G413,xcl_large_500k_p32x1_c005,11,20,23.0856,4.1057,18.9799,1.7919,8,
zf,G413,xcl_large_500k_p32x1_c005,11,50,20.5674,3.6415,16.9259,1.4695,8,
zf,G413,xcl_large_500k_p32x1_c005,11,100,20.3545,3.795,16.5594,1.6248,8,
zf,G413,xcl_large_500k_p32x4_c0025,9,0,21.3384,5.2385,16.0998,2.7032,8,
zf,G413,xcl_large_500k_p32x4_c010,10,0,19.887,5.2731,14.614,1.2297,8,
zf,G413,xcl_large_500k_p32x4_c010,10,1,68.21,14.3985,53.8115,3.9862,8,
zf,G413,xcl_large_500k_p32x4_c010,10,5,44.5675,10.8943,33.6732,2.4638,8,
zf,G413,xcl_large_500k_p32x4_c010,10,10,30.4998,6.8804,23.6194,2.7344,8,
zf,G413,xcl_large_500k_p32x4_c010,10,20,23.7073,5.6689,18.0384,2.1383,8,
zf,G413,xcl_large_500k_p32x4_c010,10,50,21.0609,5.4807,15.5802,1.5492,8,
zf,G413,xcl_large_500k_p32x4_c010,10,100,20.2506,5.496,14.7546,1.5504,8,
zf,G413,xcl_micro_500k_p32x1_c005,4,0,26.054,3.6823,22.3717,2.5038,8,
zf,G413,xcl_micro_500k_p32x1_c005,5,0,26.6076,3.6533,22.9543,2.0153,8,
zf,G413,xcl_micro_500k_p32x4_c010,3,0,22.9429,5.0697,17.8732,2.6711,8,
zf,G437,beats_iter3_plus_as2m,5,0,37.7959,26.0973,11.6985,1.1936,6,
zf,G437,beats_iter3_plus_as2m,7,0,37.251,25.4716,11.7793,0.808,6,
zf,G437,beats_iter3_plus_as2m,8,0,37.1231,25.303,11.8201,0.6398,6,
zf,G437,beats_iter3_plus_as2m_speed0p03125,10,0,4.1327,2.7236,1.4092,0.227,6,
zf,G437,beats_iter3_plus_as2m_speed0p03125,11,0,4.3003,2.7511,1.5492,0.1379,6,
zf,G437,beats_iter3_plus_as2m_speed0p0625,8,0,4.9937,3.6946,1.2991,0.3901,6,
zf,G437,beats_iter3_plus_as2m_speed0p0625,10,0,4.9006,3.7501,1.1505,0.4614,6,
zf,G437,beats_iter3_plus_as2m_speed0p125,8,0,5.7947,5.1225,0.6722,0.3464,6,
zf,G437,beats_iter3_plus_as2m_speed0p125,9,0,5.986,5.1247,0.8613,0.089,6,
zf,G437,beats_iter3_plus_as2m_speed0p125,10,0,5.7163,5.1017,0.6147,0.2792,6,
zf,G437,beats_iter3_plus_as2m_speed0p25,8,0,9.0457,8.3669,0.6788,0.5598,6,
zf,G437,beats_iter3_plus_as2m_speed0p25,9,0,8.9976,8.3009,0.6967,0.5743,6,
zf,G437,beats_iter3_plus_as2m_speed0p5,8,0,17.9415,15.7071,2.2343,0.2803,6,
zf,G437,birdaves_biox_base,3,0,5.8568,4.9482,0.9086,0.4949,6,
zf,G437,birdaves_biox_base,3,1,58.5956,18.9268,39.6689,2.179,6,
zf,G437,birdaves_biox_base,3,5,24.1136,11.1156,12.998,4.0755,6,
zf,G437,birdaves_biox_base,3,10,15.4092,8.0789,7.3303,0.8681,6,
zf,G437,birdaves_biox_base,3,20,8.995,6.1203,2.8747,0.8175,6,
zf,G437,birdaves_biox_base,3,50,6.4303,5.1367,1.2935,0.5787,6,
zf,G437,birdaves_biox_base,3,100,6.0461,5.0004,1.0457,0.7567,6,
zf,G437,birdaves_biox_base,7,0,5.662,4.9342,0.7279,0.3361,6,
zf,G437,birdaves_biox_base,7,1,59.4189,18.2823,41.1366,1.1753,6,
zf,G437,birdaves_biox_base,7,5,24.8605,11.2137,13.6468,2.5316,6,
zf,G437,birdaves_biox_base,7,10,15.1604,8.3679,6.7925,0.3766,6,
zf,G437,birdaves_biox_base,7,20,9.0449,6.4308,2.614,0.769,6,
zf,G437,birdaves_biox_base,7,50,6.3115,5.1761,1.1355,0.2418,6,
zf,G437,birdaves_biox_base,7,100,5.9008,4.991,0.9098,0.2269,6,
zf,G437,birdaves_biox_base_speed0p25,3,0,4.3698,2.692,1.6779,0.0911,6,
zf,G437,birdaves_biox_base_speed0p25,3,1,51.5335,13.6066,37.9269,3.544,6,
zf,G437,birdaves_biox_base_speed0p25,3,5,17.4082,6.9806,10.4276,2.3459,6,
zf,G437,birdaves_biox_base_speed0p25,3,10,9.7604,4.5526,5.2078,0.7519,6,
zf,G437,birdaves_biox_base_speed0p25,3,20,6.6702,3.2535,3.4167,0.2955,6,
zf,G437,birdaves_biox_base_speed0p25,3,50,4.887,2.7595,2.1276,0.4511,6,
zf,G437,birdaves_biox_base_speed0p25,3,100,4.4633,2.622,1.8413,0.0434,6,
zf,G437,birdaves_biox_base_speed0p25,4,0,4.2584,2.7071,1.5513,0.3327,6,
zf,G437,birdaves_biox_base_speed0p25,4,1,52.3577,13.8455,38.5123,3.2813,6,
zf,G437,birdaves_biox_base_speed0p25,4,5,18.7871,7.6432,11.1439,1.7502,6,
zf,G437,birdaves_biox_base_speed0p25,4,10,9.6743,4.8313,4.843,0.4803,6,
zf,G437,birdaves_biox_base_speed0p25,4,20,6.5376,3.4581,3.0795,0.1957,6,
zf,G437,birdaves_biox_base_speed0p25,4,50,4.7682,2.797,1.9712,0.6518,6,
zf,G437,birdaves_biox_base_speed0p25,4,100,4.2962,2.7106,1.5855,0.3893,6,
zf,G437,birdaves_biox_base_speed0p5,3,0,4.6524,3.3852,1.2672,0.1649,6,
zf,G437,birdaves_biox_base_speed0p5,3,1,53.7194,14.8288,38.8906,3.8676,6,
zf,G437,birdaves_biox_base_speed0p5,3,5,20.9215,8.9417,11.9797,0.3333,6,
zf,G437,birdaves_biox_base_speed0p5,3,10,11.345,5.5687,5.7763,1.0923,6,
zf,G437,birdaves_biox_base_speed0p5,3,20,6.7927,3.9535,2.8392,0.5641,6,
zf,G437,birdaves_biox_base_speed0p5,3,50,5.0458,3.4193,1.6265,0.2708,6,
zf,G437,birdaves_biox_base_speed0p5,3,100,4.6618,3.2823,1.3795,0.2498,6,
zf,G437,birdaves_biox_base_speed0p5,6,0,4.8998,3.4644,1.4354,0.4901,6,
zf,G437,birdaves_biox_base_speed0p5,6,1,54.3796,17.0723,37.3073,2.126,6,
zf,G437,birdaves_biox_base_speed0p5,6,5,22.519,10.4258,12.0933,1.6713,6,
zf,G437,birdaves_biox_base_speed0p5,6,10,12.2464,6.499,5.7474,0.0544,6,
zf,G437,birdaves_biox_base_speed0p5,6,20,6.9142,4.3289,2.5853,0.8206,6,
zf,G437,birdaves_biox_base_speed0p5,6,50,5.3036,3.5757,1.7279,0.6066,6,
zf,G437,birdaves_biox_base_speed0p5,6,100,4.9475,3.4299,1.5176,0.5153,6,
zf,G437,birdmae_base_speed0p03125,10,0,4.9925,2.5961,2.3964,0.586,6,
zf,G437,birdmae_base_speed0p0625,9,0,5.5226,3.4082,2.1145,0.4844,6,
zf,G437,birdmae_base_speed0p0625,10,0,5.4904,3.4142,2.0761,0.6974,6,
zf,G437,birdmae_base_speed0p125,9,0,6.3091,5.0646,1.2445,0.1171,6,
zf,G437,birdmae_base_speed0p125,10,0,6.2952,5.0536,1.2416,0.2838,6,
zf,G437,birdmae_base_speed0p25,9,0,9.2236,8.3617,0.8619,0.6085,6,
zf,G437,birdmae_base_speed0p25,10,0,9.2712,8.3586,0.9126,0.6583,6,
zf,G437,birdmae_base_speed0p5,9,0,17.6578,15.7845,1.8733,0.5428,6,
zf,G437,birdmae_base_speed0p5,10,0,17.6219,15.7308,1.8911,0.6627,6,
zf,G437,birdmae_base_speed1,8,0,33.666,26.2339,7.4321,0.7727,6,
zf,G437,birdmae_base_speed1,10,0,33.6486,25.8159,7.8326,0.7395,6,
zf,G437,hubert_base_ls960,0,0,6.0884,4.9257,1.1626,0.215,6,
zf,G437,hubert_base_ls960,0,1,59.7044,16.5652,43.1392,3.9525,6,
zf,G437,hubert_base_ls960,0,5,27.2977,11.5734,15.7243,0.9126,6,
zf,G437,hubert_base_ls960,0,10,16.1366,8.6195,7.5171,1.2434,6,
zf,G437,hubert_base_ls960,0,20,9.405,6.4088,2.9962,0.44,6,
zf,G437,hubert_base_ls960,0,50,6.7644,5.2193,1.5451,0.1874,6,
zf,G437,hubert_base_ls960,0,100,6.217,5.0006,1.2165,0.2742,6,
zf,G437,hubert_base_ls960,3,0,6.8458,4.9223,1.9235,0.4651,6,
zf,G437,hubert_base_ls960,3,1,61.526,16.9419,44.5842,1.5829,6,
zf,G437,hubert_base_ls960,3,5,29.1802,12.7404,16.4398,0.1522,6,
zf,G437,hubert_base_ls960,3,10,18.7746,9.7742,9.0004,0.2306,6,
zf,G437,hubert_base_ls960,3,20,11.3887,7.3985,3.9903,0.2462,6,
zf,G437,hubert_base_ls960,3,50,7.7162,5.499,2.2172,0.4787,6,
zf,G437,hubert_base_ls960,3,100,7.0391,4.9669,2.0723,0.5379,6,
zf,G437,xcl_base_500k_p32x1_c005,5,0,3.3873,2.8178,0.5695,0.1306,6,
zf,G437,xcl_base_500k_p32x4_c010,3,0,5.6563,5.094,0.5623,0.23,6,
zf,G437,xcl_base_500k_p32x4_c010,4,0,5.66,5.0922,0.5678,0.2213,6,
zf,G437,xcl_large_500k_p32x1_c005,11,0,3.2668,2.8449,0.4218,0.261,6,
zf,G437,xcl_large_500k_p32x1_c005,11,1,55.1634,19.333,35.8303,1.0203,6,
zf,G437,xcl_large_500k_p32x1_c005,11,5,20.5448,10.8277,9.7171,2.5381,6,
zf,G437,xcl_large_500k_p32x1_c005,11,10,11.2922,7.261,4.0312,0.5658,6,
zf,G437,xcl_large_500k_p32x1_c005,11,20,6.2959,4.9505,1.3454,1.1405,6,
zf,G437,xcl_large_500k_p32x1_c005,11,50,3.6428,3.0465,0.5963,0.1684,6,
zf,G437,xcl_large_500k_p32x1_c005,11,100,3.4224,2.8822,0.5402,0.1925,6,
zf,G437,xcl_large_500k_p32x4_c0025,9,0,5.4798,5.0371,0.4427,0.3311,6,
zf,G437,xcl_large_500k_p32x4_c010,10,0,5.6848,5.1202,0.5647,0.2287,6,
zf,G437,xcl_large_500k_p32x4_c010,10,1,57.5067,17.8316,39.6751,2.3998,6,
zf,G437,xcl_large_500k_p32x4_c010,10,5,25.6399,13.0359,12.6041,2.5126,6,
zf,G437,xcl_large_500k_p32x4_c010,10,10,15.5639,10.0474,5.5165,1.0106,6,
zf,G437,xcl_large_500k_p32x4_c010,10,20,9.2724,7.4648,1.8076,0.3512,6,
zf,G437,xcl_large_500k_p32x4_c010,10,50,6.0878,5.4127,0.6751,0.3953,6,
zf,G437,xcl_large_500k_p32x4_c010,10,100,5.7717,5.1435,0.6282,0.2989,6,
zf,G437,xcl_micro_500k_p32x1_c005,4,0,3.7491,2.9647,0.7844,0.2878,6,
zf,G437,xcl_micro_500k_p32x1_c005,5,0,3.884,2.9755,0.9084,0.4026,6,
zf,G437,xcl_micro_500k_p32x4_c010,3,0,5.6074,5.097,0.5104,0.3619,6,
zf,G439,beats_iter3_plus_as2m,5,0,35.9359,22.6742,13.2616,0.3194,9,
zf,G439,beats_iter3_plus_as2m,7,0,35.6153,22.5157,13.0996,1.1639,9,
zf,G439,beats_iter3_plus_as2m,8,0,35.4488,21.9466,13.5022,0.9199,9,
zf,G439,beats_iter3_plus_as2m_speed0p03125,10,0,9.8097,2.0106,7.7991,1.9066,9,
zf,G439,beats_iter3_plus_as2m_speed0p03125,11,0,10.3896,1.9673,8.4223,1.6994,9,
zf,G439,beats_iter3_plus_as2m_speed0p0625,8,0,8.3651,2.9156,5.4495,1.4233,9,
zf,G439,beats_iter3_plus_as2m_speed0p0625,10,0,8.173,2.9859,5.1871,1.3004,9,
zf,G439,beats_iter3_plus_as2m_speed0p125,8,0,7.1868,4.4088,2.778,1.2364,9,
zf,G439,beats_iter3_plus_as2m_speed0p125,9,0,7.26,4.4567,2.8033,1.4503,9,
zf,G439,beats_iter3_plus_as2m_speed0p125,10,0,7.4724,4.4908,2.9816,1.4462,9,
zf,G439,beats_iter3_plus_as2m_speed0p25,8,0,11.0954,8.6091,2.4863,1.3755,9,
zf,G439,beats_iter3_plus_as2m_speed0p25,9,0,11.4676,8.646,2.8216,1.6916,9,
zf,G439,beats_iter3_plus_as2m_speed0p5,8,0,18.048,13.7515,4.2964,0.9471,9,
zf,G439,birdaves_biox_base,3,0,6.3518,4.3554,1.9964,1.1182,9,
zf,G439,birdaves_biox_base,3,1,45.8321,10.6715,35.1606,4.7186,9,
zf,G439,birdaves_biox_base,3,5,16.9903,7.1792,9.8111,1.6438,9,
zf,G439,birdaves_biox_base,3,10,12.1455,6.2149,5.9306,0.5337,9,
zf,G439,birdaves_biox_base,3,20,8.0886,5.1892,2.8994,0.2623,9,
zf,G439,birdaves_biox_base,3,50,6.8397,4.8274,2.0123,0.8448,9,
zf,G439,birdaves_biox_base,3,100,6.5403,4.5874,1.9529,1.03,9,
zf,G439,birdaves_biox_base,7,0,6.0299,4.3332,1.6967,1.0654,9,
zf,G439,birdaves_biox_base,7,1,48.2786,10.9085,37.3701,4.5118,9,
zf,G439,birdaves_biox_base,7,5,16.7829,7.165,9.6179,1.5453,9,
zf,G439,birdaves_biox_base,7,10,11.5856,6.3626,5.223,1.0483,9,
zf,G439,birdaves_biox_base,7,20,8.2522,5.2539,2.9982,0.802,9,
zf,G439,birdaves_biox_base,7,50,6.755,4.8761,1.8788,0.6213,9,
zf,G439,birdaves_biox_base,7,100,6.3,4.5946,1.7054,0.9519,9,
zf,G439,birdaves_biox_base_speed0p25,3,0,8.2293,2.0577,6.1716,1.5656,9,
zf,G439,birdaves_biox_base_speed0p25,3,1,43.1963,9.5312,33.6651,1.3225,9,
zf,G439,birdaves_biox_base_speed0p25,3,5,17.372,4.2127,13.1592,0.2262,9,
zf,G439,birdaves_biox_base_speed0p25,3,10,12.5262,2.9113,9.6149,0.5903,9,
zf,G439,birdaves_biox_base_speed0p25,3,20,9.1905,2.1589,7.0316,1.1429,9,
zf,G439,birdaves_biox_base_speed0p25,3,50,8.5207,2.0153,6.5054,1.6381,9,
zf,G439,birdaves_biox_base_speed0p25,3,100,8.2452,1.9435,6.3017,1.576,9,
zf,G439,birdaves_biox_base_speed0p25,4,0,8.2463,2.0779,6.1684,1.943,9,
zf,G439,birdaves_biox_base_speed0p25,4,1,42.3523,9.4305,32.9218,1.2577,9,
zf,G439,birdaves_biox_base_speed0p25,4,5,16.5202,4.2469,12.2733,1.0056,9,
zf,G439,birdaves_biox_base_speed0p25,4,10,12.1986,3.0467,9.152,1.3217,9,
zf,G439,birdaves_biox_base_speed0p25,4,20,8.9827,2.2475,6.7351,1.5202,9,
zf,G439,birdaves_biox_base_speed0p25,4,50,8.42,2.0841,6.336,1.8294,9,
zf,G439,birdaves_biox_base_speed0p25,4,100,8.2675,2.0058,6.2617,2.0141,9,
zf,G439,birdaves_biox_base_speed0p5,3,0,5.9739,2.5629,3.411,0.9878,9,
zf,G439,birdaves_biox_base_speed0p5,3,1,46.3787,9.6967,36.6821,2.7099,9,
zf,G439,birdaves_biox_base_speed0p5,3,5,14.928,5.4352,9.4928,1.1223,9,
zf,G439,birdaves_biox_base_speed0p5,3,10,10.6285,4.1077,6.5208,0.9548,9,
zf,G439,birdaves_biox_base_speed0p5,3,20,7.0583,3.0657,3.9926,1.0205,9,
zf,G439,birdaves_biox_base_speed0p5,3,50,6.2062,2.7387,3.4674,0.8531,9,
zf,G439,birdaves_biox_base_speed0p5,3,100,6.0177,2.5764,3.4413,0.9411,9,
zf,G439,birdaves_biox_base_speed0p5,6,0,5.8468,2.6735,3.1733,0.9873,9,
zf,G439,birdaves_biox_base_speed0p5,6,1,46.2317,9.8929,36.3389,2.7354,9,
zf,G439,birdaves_biox_base_speed0p5,6,5,15.6617,6.3157,9.346,1.6132,9,
zf,G439,birdaves_biox_base_speed0p5,6,10,10.7241,4.6417,6.0823,1.1671,9,
zf,G439,birdaves_biox_base_speed0p5,6,20,7.0045,3.3895,3.615,0.799,9,
zf,G439,birdaves_biox_base_speed0p5,6,50,6.1894,2.8122,3.3771,0.9323,9,
zf,G439,birdaves_biox_base_speed0p5,6,100,5.8827,2.665,3.2178,0.9847,9,
zf,G439,birdmae_base_speed0p03125,10,0,10.9729,1.7412,9.2317,1.1037,9,
zf,G439,birdmae_base_speed0p0625,9,0,9.9452,2.8709,7.0743,1.0813,9,
zf,G439,birdmae_base_speed0p0625,10,0,9.9928,2.8559,7.1369,1.2506,9,
zf,G439,birdmae_base_speed0p125,9,0,8.5685,4.3592,4.2093,1.3442,9,
zf,G439,birdmae_base_speed0p125,10,0,8.6369,4.33,4.3069,1.1544,9,
zf,G439,birdmae_base_speed0p25,9,0,11.9526,8.4504,3.5022,1.2804,9,
zf,G439,birdmae_base_speed0p25,10,0,12.0574,8.5282,3.5292,1.3383,9,
zf,G439,birdmae_base_speed0p5,9,0,18.962,13.6652,5.2968,0.7271,9,
zf,G439,birdmae_base_speed0p5,10,0,18.9258,13.7502,5.1756,0.7898,9,
zf,G439,birdmae_base_speed1,8,0,35.2831,23.6644,11.6187,1.0698,9,
zf,G439,birdmae_base_speed1,10,0,34.9475,23.1477,11.7998,0.5297,9,
zf,G439,hubert_base_ls960,0,0,8.2714,4.4115,3.8599,1.241,9,
zf,G439,hubert_base_ls960,0,1,53.0699,10.8756,42.1942,3.0525,9,
zf,G439,hubert_base_ls960,0,5,22.3419,8.3308,14.0111,2.8102,9,
zf,G439,hubert_base_ls960,0,10,16.6793,7.1007,9.5786,1.2865,9,
zf,G439,hubert_base_ls960,0,20,12.122,5.7211,6.4009,1.9645,9,
zf,G439,hubert_base_ls960,0,50,9.6768,5.0817,4.5951,1.329,9,
zf,G439,hubert_base_ls960,0,100,8.6522,4.6673,3.9848,1.343,9,
zf,G439,hubert_base_ls960,3,0,8.0337,4.5989,3.4348,0.8324,9,
zf,G439,hubert_base_ls960,3,1,54.334,11.4811,42.8529,1.5956,9,
zf,G439,hubert_base_ls960,3,5,24.5766,8.2135,16.3631,2.132,9,
zf,G439,hubert_base_ls960,3,10,17.2018,7.1964,10.0054,0.5974,9,
zf,G439,hubert_base_ls960,3,20,12.3395,5.9649,6.3745,1.1892,9,
zf,G439,hubert_base_ls960,3,50,9.5174,5.2022,4.3152,1.111,9,
zf,G439,hubert_base_ls960,3,100,8.4563,4.7803,3.676,0.7315,9,
zf,G439,xcl_base_500k_p32x1_c005,5,0,4.9652,2.2233,2.7419,1.0996,9,
zf,G439,xcl_base_500k_p32x4_c010,3,0,6.8701,4.4159,2.4541,1.7864,9,
zf,G439,xcl_base_500k_p32x4_c010,4,0,7.1771,4.4231,2.7539,1.6942,9,
zf,G439,xcl_large_500k_p32x1_c005,11,0,4.143,2.2563,1.8867,0.9318,9,
zf,G439,xcl_large_500k_p32x1_c005,11,1,51.408,11.4735,39.9345,3.1684,9,
zf,G439,xcl_large_500k_p32x1_c005,11,5,14.6177,5.5115,9.1063,1.6016,9,
zf,G439,xcl_large_500k_p32x1_c005,11,10,8.5875,3.9713,4.6162,0.785,9,
zf,G439,xcl_large_500k_p32x1_c005,11,20,4.7667,2.6932,2.0735,0.7428,9,
zf,G439,xcl_large_500k_p32x1_c005,11,50,4.0484,2.2648,1.7836,0.9044,9,
zf,G439,xcl_large_500k_p32x1_c005,11,100,3.9756,2.1516,1.8241,0.9207,9,
zf,G439,xcl_large_500k_p32x4_c0025,9,0,6.9759,4.378,2.5979,1.5756,9,
zf,G439,xcl_large_500k_p32x4_c010,10,0,6.5796,4.4346,2.145,1.1657,9,
zf,G439,xcl_large_500k_p32x4_c010,10,1,56.1084,11.9601,44.1483,4.2092,9,
zf,G439,xcl_large_500k_p32x4_c010,10,5,20.3048,7.6492,12.6555,2.9249,9,
zf,G439,xcl_large_500k_p32x4_c010,10,10,12.2684,6.1592,6.1092,2.3698,9,
zf,G439,xcl_large_500k_p32x4_c010,10,20,8.0004,4.9519,3.0486,1.6555,9,
zf,G439,xcl_large_500k_p32x4_c010,10,50,6.7652,4.6422,2.123,1.1826,9,
zf,G439,xcl_large_500k_p32x4_c010,10,100,6.5903,4.4805,2.1098,1.2176,9,
zf,G439,xcl_micro_500k_p32x1_c005,4,0,7.0724,2.2763,4.7961,1.5985,9,
zf,G439,xcl_micro_500k_p32x1_c005,5,0,6.8561,2.2647,4.5914,1.4891,9,
zf,G439,xcl_micro_500k_p32x4_c010,3,0,8.6175,4.5567,4.0609,1.6428,9,
zf,G524,beats_iter3_plus_as2m,5,0,39.4474,24.2205,15.2269,1.422,10,
zf,G524,beats_iter3_plus_as2m,7,0,38.7081,23.3655,15.3427,1.7873,10,
zf,G524,beats_iter3_plus_as2m,8,0,37.701,22.4121,15.2889,2.2524,10,
zf,G524,beats_iter3_plus_as2m_speed0p03125,10,0,12.8033,2.2348,10.5685,0.3136,10,
zf,G524,beats_iter3_plus_as2m_speed0p03125,11,0,13.3765,2.2052,11.1713,0.2284,10,
zf,G524,beats_iter3_plus_as2m_speed0p0625,8,0,11.3366,3.2687,8.0679,0.2063,10,
zf,G524,beats_iter3_plus_as2m_speed0p0625,10,0,12.2569,3.271,8.986,0.2781,10,
zf,G524,beats_iter3_plus_as2m_speed0p125,8,0,10.9835,4.7865,6.1971,0.9531,10,
zf,G524,beats_iter3_plus_as2m_speed0p125,9,0,10.7736,4.7471,6.0265,0.9201,10,
zf,G524,beats_iter3_plus_as2m_speed0p125,10,0,10.7641,4.8132,5.9509,0.8066,10,
zf,G524,beats_iter3_plus_as2m_speed0p25,8,0,12.6251,7.681,4.9441,0.8731,10,
zf,G524,beats_iter3_plus_as2m_speed0p25,9,0,12.9097,7.8305,5.0793,0.8962,10,
zf,G524,beats_iter3_plus_as2m_speed0p5,8,0,20.7108,15.9396,4.7711,0.5824,10,
zf,G524,birdaves_biox_base,3,0,8.2244,4.2634,3.961,1.1343,10,
zf,G524,birdaves_biox_base,3,1,49.8305,9.8055,40.0251,3.0774,10,
zf,G524,birdaves_biox_base,3,5,20.6459,6.3244,14.3215,1.4764,10,
zf,G524,birdaves_biox_base,3,10,12.3316,5.9366,6.395,0.9973,10,
zf,G524,birdaves_biox_base,3,20,10.1774,4.9583,5.2191,1.4785,10,
zf,G524,birdaves_biox_base,3,50,8.8133,4.5612,4.2521,1.0193,10,
zf,G524,birdaves_biox_base,3,100,8.5336,4.5042,4.0294,1.0495,10,
zf,G524,birdaves_biox_base,7,0,8.5255,4.1489,4.3766,1.1083,10,
zf,G524,birdaves_biox_base,7,1,50.7389,9.4175,41.3214,1.5153,10,
zf,G524,birdaves_biox_base,7,5,21.4599,6.4571,15.0028,0.9062,10,
zf,G524,birdaves_biox_base,7,10,12.8525,5.7613,7.0912,1.2478,10,
zf,G524,birdaves_biox_base,7,20,10.1855,5.0751,5.1104,1.5053,10,
zf,G524,birdaves_biox_base,7,50,8.9325,4.4857,4.4468,1.2074,10,
zf,G524,birdaves_biox_base,7,100,8.8911,4.469,4.4221,1.1587,10,
zf,G524,birdaves_biox_base_speed0p25,3,0,11.0597,2.2659,8.7937,1.3232,10,
zf,G524,birdaves_biox_base_speed0p25,3,1,49.7231,8.6262,41.0969,3.9967,10,
zf,G524,birdaves_biox_base_speed0p25,3,5,21.885,4.1793,17.7056,1.1074,10,
zf,G524,birdaves_biox_base_speed0p25,3,10,15.0896,3.5007,11.5889,0.7875,10,
zf,G524,birdaves_biox_base_speed0p25,3,20,12.4559,2.6187,9.8372,1.665,10,
zf,G524,birdaves_biox_base_speed0p25,3,50,11.3063,2.403,8.9033,1.1946,10,
zf,G524,birdaves_biox_base_speed0p25,3,100,11.2716,2.3281,8.9436,1.2078,10,
zf,G524,birdaves_biox_base_speed0p25,4,0,9.9959,2.3085,7.6874,1.5097,10,
zf,G524,birdaves_biox_base_speed0p25,4,1,47.6182,8.4299,39.1883,4.929,10,
zf,G524,birdaves_biox_base_speed0p25,4,5,19.5112,4.2549,15.2563,1.219,10,
zf,G524,birdaves_biox_base_speed0p25,4,10,13.3144,3.3146,9.9998,1.2701,10,
zf,G524,birdaves_biox_base_speed0p25,4,20,11.4312,2.5611,8.8701,1.6511,10,
zf,G524,birdaves_biox_base_speed0p25,4,50,10.2394,2.3667,7.8727,1.4621,10,
zf,G524,birdaves_biox_base_speed0p25,4,100,10.1763,2.3008,7.8755,1.5902,10,
zf,G524,birdaves_biox_base_speed0p5,3,0,8.5044,2.9265,5.5779,0.9237,10,
zf,G524,birdaves_biox_base_speed0p5,3,1,50.4476,9.776,40.6716,3.4598,10,
zf,G524,birdaves_biox_base_speed0p5,3,5,19.9151,5.0122,14.9029,0.2616,10,
zf,G524,birdaves_biox_base_speed0p5,3,10,12.3346,4.5252,7.8094,1.3138,10,
zf,G524,birdaves_biox_base_speed0p5,3,20,10.2636,3.5307,6.7329,1.7635,10,
zf,G524,birdaves_biox_base_speed0p5,3,50,8.7412,3.0838,5.6574,0.8567,10,
zf,G524,birdaves_biox_base_speed0p5,3,100,8.5073,2.8999,5.6074,0.8455,10,
zf,G524,birdaves_biox_base_speed0p5,6,0,8.1808,2.9196,5.2613,1.1469,10,
zf,G524,birdaves_biox_base_speed0p5,6,1,47.6853,9.396,38.2893,3.4885,10,
zf,G524,birdaves_biox_base_speed0p5,6,5,18.4567,5.6137,12.8431,1.3297,10,
zf,G524,birdaves_biox_base_speed0p5,6,10,11.8621,4.9898,6.8723,1.272,10,
zf,G524,birdaves_biox_base_speed0p5,6,20,9.5341,3.6789,5.8552,1.5911,10,
zf,G524,birdaves_biox_base_speed0p5,6,50,8.2815,3.2022,5.0793,0.8974,10,
zf,G524,birdaves_biox_base_speed0p5,6,100,8.2116,3.0123,5.1993,1.0975,10,
zf,G524,birdmae_base_speed0p03125,10,0,16.215,2.17,14.045,1.3562,10,
zf,G524,birdmae_base_speed0p0625,9,0,13.5489,3.1234,10.4256,0.4535,10,
zf,G524,birdmae_base_speed0p0625,10,0,13.2488,3.1224,10.1264,0.6358,10,
zf,G524,birdmae_base_speed0p125,9,0,11.8696,4.7683,7.1013,0.6795,10,
zf,G524,birdmae_base_speed0p125,10,0,12.1731,4.7018,7.4713,1.1587,10,
zf,G524,birdmae_base_speed0p25,9,0,13.7217,7.8321,5.8896,0.9124,10,
zf,G524,birdmae_base_speed0p25,10,0,13.4127,7.8175,5.5952,0.3974,10,
zf,G524,birdmae_base_speed0p5,9,0,21.0207,15.3821,5.6386,0.5934,10,
zf,G524,birdmae_base_speed0p5,10,0,21.2808,15.6815,5.5993,0.5929,10,
zf,G524,birdmae_base_speed1,8,0,38.8783,24.7476,14.1307,0.3857,10,
zf,G524,birdmae_base_speed1,10,0,38.4284,24.67,13.7584,0.7193,10,
zf,G524,hubert_base_ls960,0,0,11.4725,4.5054,6.9671,2.0773,10,
zf,G524,hubert_base_ls960,0,1,61.5424,11.0991,50.4433,2.7642,10,
zf,G524,hubert_base_ls960,0,5,32.2157,8.0204,24.1953,2.9568,10,
zf,G524,hubert_base_ls960,0,10,21.1596,7.8144,13.3453,3.6088,10,
zf,G524,hubert_base_ls960,0,20,15.7473,5.4613,10.286,3.3679,10,
zf,G524,hubert_base_ls960,0,50,12.1871,4.864,7.3231,1.7365,10,
zf,G524,hubert_base_ls960,0,100,11.7069,4.8097,6.8972,1.8234,10,
zf,G524,hubert_base_ls960,3,0,12.0039,4.7044,7.2995,2.2698,10,
zf,G524,hubert_base_ls960,3,1,65.1985,10.1133,55.0852,2.5483,10,
zf,G524,hubert_base_ls960,3,5,32.5928,7.4078,25.1849,1.9605,10,
zf,G524,hubert_base_ls960,3,10,21.8396,7.7634,14.0762,1.7557,10,
zf,G524,hubert_base_ls960,3,20,16.4817,6.5902,9.8915,3.098,10,
zf,G524,hubert_base_ls960,3,50,13.1339,5.5559,7.578,2.3555,10,
zf,G524,hubert_base_ls960,3,100,12.5097,5.4504,7.0594,2.2537,10,
zf,G524,xcl_base_500k_p32x1_c005,5,0,8.2212,2.4238,5.7974,1.2106,10,
zf,G524,xcl_base_500k_p32x4_c010,3,0,9.8276,4.4981,5.3295,1.3424,10,
zf,G524,xcl_base_500k_p32x4_c010,4,0,9.7224,4.5631,5.1593,1.4056,10,
zf,G524,xcl_large_500k_p32x1_c005,11,0,7.7524,2.5737,5.1787,1.3723,10,
zf,G524,xcl_large_500k_p32x1_c005,11,1,54.2877,9.26,45.0277,1.235,10,
zf,G524,xcl_large_500k_p32x1_c005,11,5,19.1984,4.7752,14.4232,1.3291,10,
zf,G524,xcl_large_500k_p32x1_c005,11,10,10.8454,3.361,7.4844,0.3421,10,
zf,G524,xcl_large_500k_p32x1_c005,11,20,8.7057,2.7163,5.9894,1.0042,10,
zf,G524,xcl_large_500k_p32x1_c005,11,50,7.9686,2.58,5.3887,1.3504,10,
zf,G524,xcl_large_500k_p32x1_c005,11,100,7.8028,2.5538,5.249,1.3144,10,
zf,G524,xcl_large_500k_p32x4_c0025,9,0,9.6919,4.6598,5.0321,0.8844,10,
zf,G524,xcl_large_500k_p32x4_c010,10,0,9.4071,4.5152,4.8919,0.7646,10,
zf,G524,xcl_large_500k_p32x4_c010,10,1,58.2988,11.8332,46.4656,2.9222,10,
zf,G524,xcl_large_500k_p32x4_c010,10,5,22.0088,7.1043,14.9045,0.5885,10,
zf,G524,xcl_large_500k_p32x4_c010,10,10,13.2533,5.411,7.8423,0.5766,10,
zf,G524,xcl_large_500k_p32x4_c010,10,20,10.8331,4.6511,6.1819,1.8732,10,
zf,G524,xcl_large_500k_p32x4_c010,10,50,9.9197,4.7939,5.1258,1.1186,10,
zf,G524,xcl_large_500k_p32x4_c010,10,100,9.7597,4.831,4.9287,0.6119,10,
zf,G524,xcl_micro_500k_p32x1_c005,4,0,10.6383,2.3825,8.2558,0.1375,10,
zf,G524,xcl_micro_500k_p32x1_c005,5,0,10.6763,2.3989,8.2774,0.4765,10,
zf,G524,xcl_micro_500k_p32x4_c010,3,0,10.4401,4.5448,5.8953,1.1881,10,
zf,G528,beats_iter3_plus_as2m,5,0,50.648,38.0602,12.5877,0.8308,8,
zf,G528,beats_iter3_plus_as2m,7,0,50.3288,37.967,12.3619,0.8086,8,
zf,G528,beats_iter3_plus_as2m,8,0,50.0235,37.0174,13.0062,0.7361,8,
zf,G528,beats_iter3_plus_as2m_speed0p03125,10,0,14.2065,4.5417,9.6648,3.6638,8,
zf,G528,beats_iter3_plus_as2m_speed0p03125,11,0,14.3054,4.4754,9.83,3.6082,8,
zf,G528,beats_iter3_plus_as2m_speed0p0625,8,0,12.2744,4.9539,7.3205,5.4568,8,
zf,G528,beats_iter3_plus_as2m_speed0p0625,10,0,11.9649,4.972,6.9929,5.7856,8,
zf,G528,beats_iter3_plus_as2m_speed0p125,8,0,9.8433,6.075,3.7683,1.9971,8,
zf,G528,beats_iter3_plus_as2m_speed0p125,9,0,12.1348,5.7295,6.4052,4.985,8,
zf,G528,beats_iter3_plus_as2m_speed0p125,10,0,13.743,5.7606,7.9823,5.0241,8,
zf,G528,beats_iter3_plus_as2m_speed0p25,8,0,14.7248,11.6096,3.1152,0.7306,8,
zf,G528,beats_iter3_plus_as2m_speed0p25,9,0,12.8583,10.7045,2.1538,2.1254,8,
zf,G528,beats_iter3_plus_as2m_speed0p5,8,0,27.8451,23.231,4.6141,0.6136,8,
zf,G528,birdaves_biox_base,3,0,6.5674,6.3426,0.2248,1.2274,8,
zf,G528,birdaves_biox_base,3,1,40.5654,13.0731,27.4923,2.5483,8,
zf,G528,birdaves_biox_base,3,5,14.9002,8.7203,6.1798,2.1714,8,
zf,G528,birdaves_biox_base,3,10,9.6717,6.3007,3.3711,1.3054,8,
zf,G528,birdaves_biox_base,3,20,7.7261,5.5424,2.1837,1.3615,8,
zf,G528,birdaves_biox_base,3,50,6.9543,5.7046,1.2497,1.2121,8,
zf,G528,birdaves_biox_base,3,100,6.5503,5.4937,1.0566,1.3223,8,
zf,G528,birdaves_biox_base,7,0,7.3899,5.9063,1.4836,2.832,8,
zf,G528,birdaves_biox_base,7,1,41.005,13.3559,27.6491,1.3321,8,
zf,G528,birdaves_biox_base,7,5,15.4475,8.131,7.3165,2.3147,8,
zf,G528,birdaves_biox_base,7,10,8.9944,6.3611,2.6333,0.7271,8,
zf,G528,birdaves_biox_base,7,20,6.5582,5.8629,0.6952,1.4002,8,
zf,G528,birdaves_biox_base,7,50,7.2753,6.8781,0.3972,3.2304,8,
zf,G528,birdaves_biox_base,7,100,7.4424,7.1223,0.3201,2.9404,8,
zf,G528,birdaves_biox_base_speed0p25,3,0,12.6164,4.3209,8.2955,2.9539,8,
zf,G528,birdaves_biox_base_speed0p25,3,1,41.7471,12.3528,29.3943,4.0236,8,
zf,G528,birdaves_biox_base_speed0p25,3,5,16.4006,5.9153,10.4853,0.8057,8,
zf,G528,birdaves_biox_base_speed0p25,3,10,12.1593,4.9007,7.2586,0.8992,8,
zf,G528,birdaves_biox_base_speed0p25,3,20,11.0245,4.4508,6.5737,1.5083,8,
zf,G528,birdaves_biox_base_speed0p25,3,50,11.187,4.1713,7.0157,2.5349,8,
zf,G528,birdaves_biox_base_speed0p25,3,100,12.6279,4.357,8.2709,2.9395,8,
zf,G528,birdaves_biox_base_speed0p25,4,0,8.3848,4.2774,4.1074,0.9646,8,
zf,G528,birdaves_biox_base_speed0p25,4,1,38.096,12.3651,25.7309,1.7904,8,
zf,G528,birdaves_biox_base_speed0p25,4,5,15.1652,5.4295,9.7357,1.0351,8,
zf,G528,birdaves_biox_base_speed0p25,4,10,10.8059,4.6967,6.1093,0.7648,8,
zf,G528,birdaves_biox_base_speed0p25,4,20,9.3878,4.3401,5.0478,0.0844,8,
zf,G528,birdaves_biox_base_speed0p25,4,50,8.34,4.1061,4.2338,0.8446,8,
zf,G528,birdaves_biox_base_speed0p25,4,100,8.4392,4.1283,4.3109,0.8881,8,
zf,G528,birdaves_biox_base_speed0p5,3,0,7.0691,4.4327,2.6364,1.3614,8,
zf,G528,birdaves_biox_base_speed0p5,3,1,38.5256,13.4916,25.034,2.2102,8,
zf,G528,birdaves_biox_base_speed0p5,3,5,15.1029,6.0345,9.0684,2.473,8,
zf,G528,birdaves_biox_base_speed0p5,3,10,9.5453,5.1172,4.4281,1.8652,8,
zf,G528,birdaves_biox_base_speed0p5,3,20,7.47,4.5974,2.8725,1.2328,8,
zf,G528,birdaves_biox_base_speed0p5,3,50,6.669,4.3511,2.3179,1.145,8,
zf,G528,birdaves_biox_base_speed0p5,3,100,7.1161,4.3275,2.7886,1.6848,8,
zf,G528,birdaves_biox_base_speed0p5,6,0,8.1661,4.8839,3.2821,2.485,8,
zf,G528,birdaves_biox_base_speed0p5,6,1,37.7726,12.5489,25.2237,3.496,8,
zf,G528,birdaves_biox_base_speed0p5,6,5,16.4301,6.3496,10.0805,3.5531,8,
zf,G528,birdaves_biox_base_speed0p5,6,10,11.446,5.5722,5.8738,2.7553,8,
zf,G528,birdaves_biox_base_speed0p5,6,20,10.0591,4.9089,5.1503,3.1768,8,
zf,G528,birdaves_biox_base_speed0p5,6,50,8.4917,4.5999,3.8918,2.6223,8,
zf,G528,birdaves_biox_base_speed0p5,6,100,8.1835,4.5621,3.6214,2.7147,8,
zf,G528,birdmae_base_speed0p03125,10,0,16.7543,4.4472,12.3071,1.5496,8,
zf,G528,birdmae_base_speed0p0625,9,0,13.5386,5.2605,8.2781,3.4794,8,
zf,G528,birdmae_base_speed0p0625,10,0,12.5603,5.2392,7.321,4.0,8,
zf,G528,birdmae_base_speed0p125,9,0,14.2606,6.3868,7.8738,3.6566,8,
zf,G528,birdmae_base_speed0p125,10,0,15.4736,6.9167,8.557,3.3812,8,
zf,G528,birdmae_base_speed0p25,9,0,15.0334,10.7689,4.2645,4.7839,8,
zf,G528,birdmae_base_speed0p25,10,0,15.2404,10.8974,4.3431,4.7778,8,
zf,G528,birdmae_base_speed0p5,9,0,20.5323,19.1942,1.3381,4.6749,8,
zf,G528,birdmae_base_speed0p5,10,0,20.7516,19.3417,1.4099,4.3973,8,
zf,G528,birdmae_base_speed1,8,0,48.7721,40.2589,8.5131,0.0964,8,
zf,G528,birdmae_base_speed1,10,0,48.7089,40.1929,8.5159,0.9081,8,
zf,G528,hubert_base_ls960,0,0,7.7716,6.4424,1.3292,1.9535,8,
zf,G528,hubert_base_ls960,0,1,44.84,14.1547,30.6853,3.4787,8,
zf,G528,hubert_base_ls960,0,5,21.3837,9.2876,12.0961,1.8,8,
zf,G528,hubert_base_ls960,0,10,12.8532,7.1424,5.7108,0.561,8,
zf,G528,hubert_base_ls960,0,20,9.0821,5.9355,3.1466,0.408,8,
zf,G528,hubert_base_ls960,0,50,7.1428,5.7237,1.4191,0.9037,8,
zf,G528,hubert_base_ls960,0,100,7.9943,5.4356,2.5587,1.9894,8,
zf,G528,hubert_base_ls960,3,0,6.9485,6.4642,0.4843,1.0389,8,
zf,G528,hubert_base_ls960,3,1,47.9431,13.923,34.0201,2.5975,8,
zf,G528,hubert_base_ls960,3,5,22.157,8.7479,13.409,1.7831,8,
zf,G528,hubert_base_ls960,3,10,12.9116,7.279,5.6326,1.4656,8,
zf,G528,hubert_base_ls960,3,20,9.6584,6.3064,3.352,0.8071,8,
zf,G528,hubert_base_ls960,3,50,7.7869,5.6433,2.1437,0.865,8,
zf,G528,hubert_base_ls960,3,100,7.1516,6.5278,0.6238,0.9638,8,
zf,G528,xcl_base_500k_p32x1_c005,5,0,9.5377,4.6062,4.9315,0.8775,8,
zf,G528,xcl_base_500k_p32x4_c010,3,0,10.633,5.7871,4.8459,3.8119,8,
zf,G528,xcl_base_500k_p32x4_c010,4,0,11.9344,5.9083,6.0262,5.0166,8,
zf,G528,xcl_large_500k_p32x1_c005,11,0,6.7067,4.6135,2.0932,1.2391,8,
zf,G528,xcl_large_500k_p32x1_c005,11,1,42.0964,12.8195,29.2769,0.4757,8,
zf,G528,xcl_large_500k_p32x1_c005,11,5,14.8719,7.0262,7.8457,0.9791,8,
zf,G528,xcl_large_500k_p32x1_c005,11,10,9.1341,6.2987,2.8354,1.6958,8,
zf,G528,xcl_large_500k_p32x1_c005,11,20,7.6575,5.2868,2.3707,1.5917,8,
zf,G528,xcl_large_500k_p32x1_c005,11,50,6.4668,4.9468,1.5199,1.8348,8,
zf,G528,xcl_large_500k_p32x1_c005,11,100,6.5928,4.5307,2.0621,1.9202,8,
zf,G528,xcl_large_500k_p32x4_c0025,9,0,8.1917,5.6928,2.499,2.5576,8,
zf,G528,xcl_large_500k_p32x4_c010,10,0,7.0205,5.617,1.4035,1.2821,8,
zf,G528,xcl_large_500k_p32x4_c010,10,1,48.7994,14.5424,34.257,1.9558,8,
zf,G528,xcl_large_500k_p32x4_c010,10,5,19.8295,9.0976,10.732,2.4446,8,
zf,G528,xcl_large_500k_p32x4_c010,10,10,12.4022,7.4391,4.9631,1.0236,8,
zf,G528,xcl_large_500k_p32x4_c010,10,20,8.7946,6.2556,2.539,0.9373,8,
zf,G528,xcl_large_500k_p32x4_c010,10,50,7.3933,5.8625,1.5308,1.1808,8,
zf,G528,xcl_large_500k_p32x4_c010,10,100,6.9451,5.5158,1.4293,1.4713,8,
zf,G528,xcl_micro_500k_p32x1_c005,4,0,14.6383,4.2566,10.3817,1.5889,8,
zf,G528,xcl_micro_500k_p32x1_c005,5,0,15.9813,4.0565,11.9249,2.0293,8,
zf,G528,xcl_micro_500k_p32x4_c010,3,0,12.1214,6.1058,6.0155,2.1514,8,
zf,O144,beats_iter3_plus_as2m,5,0,37.5359,27.2611,10.2748,0.846,10,
zf,O144,beats_iter3_plus_as2m,7,0,37.226,26.6938,10.5322,0.5998,10,
zf,O144,beats_iter3_plus_as2m,8,0,36.9567,26.0881,10.8686,0.5156,10,
zf,O144,beats_iter3_plus_as2m_speed0p03125,10,0,7.3319,1.7294,5.6025,1.6728,10,
zf,O144,beats_iter3_plus_as2m_speed0p03125,11,0,7.4822,1.77,5.7122,1.5505,10,
zf,O144,beats_iter3_plus_as2m_speed0p0625,8,0,7.3728,2.3885,4.9843,0.9775,10,
zf,O144,beats_iter3_plus_as2m_speed0p0625,10,0,8.0444,2.4932,5.5512,1.1897,10,
zf,O144,beats_iter3_plus_as2m_speed0p125,8,0,6.823,3.2053,3.6177,1.084,10,
zf,O144,beats_iter3_plus_as2m_speed0p125,9,0,6.7722,3.2125,3.5596,1.1531,10,
zf,O144,beats_iter3_plus_as2m_speed0p125,10,0,6.8309,3.1519,3.679,1.1976,10,
zf,O144,beats_iter3_plus_as2m_speed0p25,8,0,10.45,6.6931,3.757,0.5383,10,
zf,O144,beats_iter3_plus_as2m_speed0p25,9,0,10.3204,6.8525,3.4679,0.5352,10,
zf,O144,beats_iter3_plus_as2m_speed0p5,8,0,18.0465,14.7953,3.2512,2.4811,10,
zf,O144,birdaves_biox_base,3,0,7.4844,2.9878,4.4967,1.7238,10,
zf,O144,birdaves_biox_base,3,1,39.3941,8.6682,30.7259,1.3457,10,
zf,O144,birdaves_biox_base,3,5,17.8584,4.3551,13.5032,2.1734,10,
zf,O144,birdaves_biox_base,3,10,12.1319,3.9755,8.1564,1.4501,10,
zf,O144,birdaves_biox_base,3,20,9.2582,3.5208,5.7373,1.9508,10,
zf,O144,birdaves_biox_base,3,50,7.8587,3.1202,4.7385,1.544,10,
zf,O144,birdaves_biox_base,3,100,7.5089,2.9777,4.5313,1.7247,10,
zf,O144,birdaves_biox_base,7,0,7.7307,2.9786,4.7521,1.8679,10,
zf,O144,birdaves_biox_base,7,1,40.2733,8.0446,32.2287,1.106,10,
zf,O144,birdaves_biox_base,7,5,17.2092,4.2762,12.9331,2.7659,10,
zf,O144,birdaves_biox_base,7,10,12.0263,3.9589,8.0674,2.1074,10,
zf,O144,birdaves_biox_base,7,20,9.0377,3.2159,5.8219,1.1098,10,
zf,O144,birdaves_biox_base,7,50,7.9818,3.036,4.9458,1.5268,10,
zf,O144,birdaves_biox_base,7,100,7.7939,3.0926,4.7013,1.9051,10,
zf,O144,birdaves_biox_base_speed0p25,3,0,9.4301,1.6482,7.7819,1.9444,10,
zf,O144,birdaves_biox_base_speed0p25,3,1,35.4746,5.4658,30.0089,2.4778,10,
zf,O144,birdaves_biox_base_speed0p25,3,5,18.3783,2.0777,16.3006,4.7302,10,
zf,O144,birdaves_biox_base_speed0p25,3,10,13.7149,1.8588,11.8561,2.9619,10,
zf,O144,birdaves_biox_base_speed0p25,3,20,11.2589,1.7761,9.4828,2.7729,10,
zf,O144,birdaves_biox_base_speed0p25,3,50,9.8571,1.6949,8.1623,1.9402,10,
zf,O144,birdaves_biox_base_speed0p25,3,100,9.3778,1.5767,7.8011,1.9012,10,
zf,O144,birdaves_biox_base_speed0p25,4,0,8.9012,1.6472,7.254,1.1633,10,
zf,O144,birdaves_biox_base_speed0p25,4,1,33.705,5.479,28.2259,2.0094,10,
zf,O144,birdaves_biox_base_speed0p25,4,5,16.5847,2.0166,14.5682,4.3362,10,
zf,O144,birdaves_biox_base_speed0p25,4,10,12.2052,1.9673,10.2379,2.1159,10,
zf,O144,birdaves_biox_base_speed0p25,4,20,10.3967,1.8684,8.5284,1.7276,10,
zf,O144,birdaves_biox_base_speed0p25,4,50,9.23,1.6904,7.5396,1.1775,10,
zf,O144,birdaves_biox_base_speed0p25,4,100,8.8512,1.625,7.2261,1.3642,10,
zf,O144,birdaves_biox_base_speed0p5,3,0,7.2384,2.168,5.0704,1.5929,10,
zf,O144,birdaves_biox_base_speed0p5,3,1,35.3513,6.6754,28.6759,1.8386,10,
zf,O144,birdaves_biox_base_speed0p5,3,5,15.4116,3.1022,12.3093,1.7203,10,
zf,O144,birdaves_biox_base_speed0p5,3,10,12.0708,2.6016,9.4692,1.3696,10,
zf,O144,birdaves_biox_base_speed0p5,3,20,8.8675,2.3808,6.4867,1.7124,10,
zf,O144,birdaves_biox_base_speed0p5,3,50,7.9117,2.2549,5.6567,1.8669,10,
zf,O144,birdaves_biox_base_speed0p5,3,100,7.3304,2.1835,5.1469,1.802,10,
zf,O144,birdaves_biox_base_speed0p5,6,0,7.2082,2.1773,5.0309,1.2756,10,
zf,O144,birdaves_biox_base_speed0p5,6,1,36.3855,7.3083,29.0772,2.4939,10,
zf,O144,birdaves_biox_base_speed0p5,6,5,14.2797,3.2957,10.984,2.3722,10,
zf,O144,birdaves_biox_base_speed0p5,6,10,11.1096,2.8756,8.2339,1.898,10,
zf,O144,birdaves_biox_base_speed0p5,6,20,8.7793,2.4797,6.2997,1.7415,10,
zf,O144,birdaves_biox_base_speed0p5,6,50,7.7015,2.2346,5.467,1.2,10,
zf,O144,birdaves_biox_base_speed0p5,6,100,7.1653,2.1447,5.0206,1.3431,10,
zf,O144,birdmae_base_speed0p03125,10,0,9.4196,1.8111,7.6084,2.5006,10,
zf,O144,birdmae_base_speed0p0625,9,0,8.8326,2.487,6.3456,1.2402,10,
zf,O144,birdmae_base_speed0p0625,10,0,8.9448,2.4299,6.515,0.9117,10,
zf,O144,birdmae_base_speed0p125,9,0,8.0146,3.2828,4.7318,0.8474,10,
zf,O144,birdmae_base_speed0p125,10,0,8.3749,3.3458,5.0291,0.6875,10,
zf,O144,birdmae_base_speed0p25,9,0,10.6997,6.5651,4.1346,0.6025,10,
zf,O144,birdmae_base_speed0p25,10,0,10.656,6.6332,4.0228,0.5602,10,
zf,O144,birdmae_base_speed0p5,9,0,18.8411,14.9968,3.8443,1.5505,10,
zf,O144,birdmae_base_speed0p5,10,0,18.9786,15.2477,3.7309,1.7377,10,
zf,O144,birdmae_base_speed1,8,0,38.0661,28.23,9.8361,1.2837,10,
zf,O144,birdmae_base_speed1,10,0,37.3997,28.1337,9.2661,1.2198,10,
zf,O144,hubert_base_ls960,0,0,8.823,3.0949,5.7281,1.6499,10,
zf,O144,hubert_base_ls960,0,1,47.5683,8.1703,39.3979,2.0674,10,
zf,O144,hubert_base_ls960,0,5,22.4039,5.656,16.7478,0.7945,10,
zf,O144,hubert_base_ls960,0,10,17.3326,5.2245,12.1082,0.7722,10,
zf,O144,hubert_base_ls960,0,20,11.7926,4.3663,7.4263,0.1117,10,
zf,O144,hubert_base_ls960,0,50,9.6166,3.2437,6.3729,1.328,10,
zf,O144,hubert_base_ls960,0,100,8.9721,3.1356,5.8365,1.306,10,
zf,O144,hubert_base_ls960,3,0,9.174,3.1532,6.0208,0.3382,10,
zf,O144,hubert_base_ls960,3,1,46.0483,9.3064,36.7419,2.1669,10,
zf,O144,hubert_base_ls960,3,5,22.5429,6.1846,16.3583,0.8027,10,
zf,O144,hubert_base_ls960,3,10,17.2443,5.2197,12.0245,0.3607,10,
zf,O144,hubert_base_ls960,3,20,11.7667,4.2198,7.5469,1.0157,10,
zf,O144,hubert_base_ls960,3,50,9.8525,3.3264,6.5261,0.5732,10,
zf,O144,hubert_base_ls960,3,100,9.1082,3.2376,5.8706,0.2724,10,
zf,O144,xcl_base_500k_p32x1_c005,5,0,5.7198,1.9148,3.8051,1.1782,10,
zf,O144,xcl_base_500k_p32x4_c010,3,0,7.2894,3.1897,4.0996,1.1498,10,
zf,O144,xcl_base_500k_p32x4_c010,4,0,7.2787,3.1927,4.086,0.787,10,
zf,O144,xcl_large_500k_p32x1_c005,11,0,5.8719,1.9715,3.9004,1.3142,10,
zf,O144,xcl_large_500k_p32x1_c005,11,1,33.9716,8.2986,25.673,1.1129,10,
zf,O144,xcl_large_500k_p32x1_c005,11,5,11.9172,3.2528,8.6644,1.993,10,
zf,O144,xcl_large_500k_p32x1_c005,11,10,8.5999,2.5319,6.068,1.4311,10,
zf,O144,xcl_large_500k_p32x1_c005,11,20,6.7042,2.3111,4.3932,1.3457,10,
zf,O144,xcl_large_500k_p32x1_c005,11,50,6.0566,2.1669,3.8897,1.3263,10,
zf,O144,xcl_large_500k_p32x1_c005,11,100,5.9071,2.0251,3.882,1.275,10,
zf,O144,xcl_large_500k_p32x4_c0025,9,0,7.2843,3.1901,4.0942,1.1591,10,
zf,O144,xcl_large_500k_p32x4_c010,10,0,6.3433,3.0984,3.2449,0.8107,10,
zf,O144,xcl_large_500k_p32x4_c010,10,1,34.4667,8.4242,26.0425,2.7196,10,
zf,O144,xcl_large_500k_p32x4_c010,10,5,13.7981,5.1266,8.6715,1.3759,10,
zf,O144,xcl_large_500k_p32x4_c010,10,10,10.5653,4.785,5.7803,0.7139,10,
zf,O144,xcl_large_500k_p32x4_c010,10,20,7.7913,3.9141,3.8771,0.5866,10,
zf,O144,xcl_large_500k_p32x4_c010,10,50,6.3609,3.0315,3.3294,0.6432,10,
zf,O144,xcl_large_500k_p32x4_c010,10,100,6.2211,3.0771,3.144,0.607,10,
zf,O144,xcl_micro_500k_p32x1_c005,4,0,8.7468,1.8314,6.9154,1.0095,10,
zf,O144,xcl_micro_500k_p32x1_c005,5,0,8.5077,1.9005,6.6072,1.398,10,
zf,O144,xcl_micro_500k_p32x4_c010,3,0,8.2107,3.1696,5.0411,1.0336,10,
zf,O254,beats_iter3_plus_as2m,5,0,34.8034,26.3783,8.4251,2.4771,7,
zf,O254,beats_iter3_plus_as2m,7,0,34.7496,25.6307,9.1188,2.3533,7,
zf,O254,beats_iter3_plus_as2m,8,0,34.6769,24.4962,10.1807,2.589,7,
zf,O254,beats_iter3_plus_as2m_speed0p03125,10,0,7.2796,3.7336,3.5459,1.0308,7,
zf,O254,beats_iter3_plus_as2m_speed0p03125,11,0,7.0578,3.735,3.3229,0.3041,7,
zf,O254,beats_iter3_plus_as2m_speed0p0625,8,0,7.8036,4.1981,3.6055,1.2247,7,
zf,O254,beats_iter3_plus_as2m_speed0p0625,10,0,8.8471,4.2741,4.573,1.8982,7,
zf,O254,beats_iter3_plus_as2m_speed0p125,8,0,8.306,5.0536,3.2524,2.1092,7,
zf,O254,beats_iter3_plus_as2m_speed0p125,9,0,8.341,5.2254,3.1156,1.2917,7,
zf,O254,beats_iter3_plus_as2m_speed0p125,10,0,8.873,5.288,3.585,1.704,7,
zf,O254,beats_iter3_plus_as2m_speed0p25,8,0,12.8396,9.4406,3.399,2.8349,7,
zf,O254,beats_iter3_plus_as2m_speed0p25,9,0,13.2289,9.3682,3.8607,3.7432,7,
zf,O254,beats_iter3_plus_as2m_speed0p5,8,0,22.6779,16.7787,5.8992,1.8844,7,
zf,O254,birdaves_biox_base,3,0,9.2798,4.6944,4.5854,2.6115,7,
zf,O254,birdaves_biox_base,3,1,45.6834,13.3704,32.313,2.9861,7,
zf,O254,birdaves_biox_base,3,5,21.5649,7.9228,13.6421,0.801,7,
zf,O254,birdaves_biox_base,3,10,14.6921,6.2973,8.3948,2.9779,7,
zf,O254,birdaves_biox_base,3,20,11.153,5.3077,5.8454,2.6488,7,
zf,O254,birdaves_biox_base,3,50,9.6327,4.6355,4.9972,3.0591,7,
zf,O254,birdaves_biox_base,3,100,9.1943,4.8204,4.3739,3.1586,7,
zf,O254,birdaves_biox_base,7,0,9.6512,5.013,4.6382,3.3498,7,
zf,O254,birdaves_biox_base,7,1,45.9225,13.2164,32.7062,5.7074,7,
zf,O254,birdaves_biox_base,7,5,20.0673,7.7925,12.2748,1.8381,7,
zf,O254,birdaves_biox_base,7,10,13.9203,6.5456,7.3747,2.0648,7,
zf,O254,birdaves_biox_base,7,20,11.5183,5.3183,6.1999,3.1745,7,
zf,O254,birdaves_biox_base,7,50,9.9823,4.7145,5.2679,3.3882,7,
zf,O254,birdaves_biox_base,7,100,9.8338,4.9096,4.9242,3.3063,7,
zf,O254,birdaves_biox_base_speed0p25,3,0,11.3205,2.8538,8.4667,2.0748,7,
zf,O254,birdaves_biox_base_speed0p25,3,1,42.8866,13.1567,29.7299,0.41,7,
zf,O254,birdaves_biox_base_speed0p25,3,5,18.5529,5.3985,13.1544,2.3429,7,
zf,O254,birdaves_biox_base_speed0p25,3,10,13.6552,3.9669,9.6884,1.8555,7,
zf,O254,birdaves_biox_base_speed0p25,3,20,11.2145,3.3002,7.9143,2.617,7,
zf,O254,birdaves_biox_base_speed0p25,3,50,10.9938,3.078,7.9158,2.1005,7,
zf,O254,birdaves_biox_base_speed0p25,3,100,11.0915,2.8902,8.2012,1.9585,7,
zf,O254,birdaves_biox_base_speed0p25,4,0,10.3421,2.8029,7.5392,1.4871,7,
zf,O254,birdaves_biox_base_speed0p25,4,1,40.7356,12.7821,27.9535,1.2683,7,
zf,O254,birdaves_biox_base_speed0p25,4,5,16.4548,5.3455,11.1093,2.4115,7,
zf,O254,birdaves_biox_base_speed0p25,4,10,11.7137,4.0373,7.6764,1.578,7,
zf,O254,birdaves_biox_base_speed0p25,4,20,10.0054,3.3619,6.6436,0.9027,7,
zf,O254,birdaves_biox_base_speed0p25,4,50,9.8063,3.0284,6.7779,1.2852,7,
zf,O254,birdaves_biox_base_speed0p25,4,100,9.8313,2.8791,6.9522,1.5172,7,
zf,O254,birdaves_biox_base_speed0p5,3,0,10.7312,3.3793,7.3519,2.9526,7,
zf,O254,birdaves_biox_base_speed0p5,3,1,44.3203,12.5129,31.8074,4.3789,7,
zf,O254,birdaves_biox_base_speed0p5,3,5,21.6331,7.3817,14.2515,3.4802,7,
zf,O254,birdaves_biox_base_speed0p5,3,10,14.5612,4.9512,9.6099,3.5645,7,
zf,O254,birdaves_biox_base_speed0p5,3,20,11.8274,3.9148,7.9126,3.377,7,
zf,O254,birdaves_biox_base_speed0p5,3,50,9.9262,3.213,6.7132,3.1216,7,
zf,O254,birdaves_biox_base_speed0p5,3,100,10.3955,3.2917,7.1038,3.0361,7,
zf,O254,birdaves_biox_base_speed0p5,6,0,9.5382,3.5164,6.0218,2.8575,7,
zf,O254,birdaves_biox_base_speed0p5,6,1,44.0179,12.8496,31.1683,2.5825,7,
zf,O254,birdaves_biox_base_speed0p5,6,5,20.0976,6.7351,13.3625,2.4745,7,
zf,O254,birdaves_biox_base_speed0p5,6,10,13.7512,4.5617,9.1895,2.1656,7,
zf,O254,birdaves_biox_base_speed0p5,6,20,10.775,3.5846,7.1904,2.3832,7,
zf,O254,birdaves_biox_base_speed0p5,6,50,9.622,3.5429,6.0792,2.6097,7,
zf,O254,birdaves_biox_base_speed0p5,6,100,9.5032,3.5006,6.0026,2.7922,7,
zf,O254,birdmae_base_speed0p03125,10,0,9.9547,3.7394,6.2153,1.0928,7,
zf,O254,birdmae_base_speed0p0625,9,0,9.2399,4.3142,4.9257,2.3858,7,
zf,O254,birdmae_base_speed0p0625,10,0,9.1259,4.3211,4.8048,2.616,7,
zf,O254,birdmae_base_speed0p125,9,0,11.1926,5.2674,5.9252,2.5662,7,
zf,O254,birdmae_base_speed0p125,10,0,10.8092,5.2289,5.5803,2.1633,7,
zf,O254,birdmae_base_speed0p25,9,0,13.839,8.8185,5.0205,4.16,7,
zf,O254,birdmae_base_speed0p25,10,0,13.9341,8.8034,5.1307,4.2228,7,
zf,O254,birdmae_base_speed0p5,9,0,24.5752,17.9419,6.6333,2.1861,7,
zf,O254,birdmae_base_speed0p5,10,0,25.1755,17.8794,7.2962,1.9512,7,
zf,O254,birdmae_base_speed1,8,0,35.3647,24.9637,10.401,3.7056,7,
zf,O254,birdmae_base_speed1,10,0,35.2899,26.6375,8.6524,4.0971,7,
zf,O254,hubert_base_ls960,0,0,13.1575,5.126,8.0315,1.2339,7,
zf,O254,hubert_base_ls960,0,1,51.4643,15.5044,35.9599,0.9184,7,
zf,O254,hubert_base_ls960,0,5,25.7773,10.236,15.5413,1.5928,7,
zf,O254,hubert_base_ls960,0,10,20.0408,8.1453,11.8956,1.2678,7,
zf,O254,hubert_base_ls960,0,20,14.8726,6.6377,8.2349,2.2431,7,
zf,O254,hubert_base_ls960,0,50,13.3137,5.4304,7.8833,2.0007,7,
zf,O254,hubert_base_ls960,0,100,13.5637,5.2218,8.3419,1.3662,7,
zf,O254,hubert_base_ls960,3,0,14.5607,5.6168,8.9439,0.703,7,
zf,O254,hubert_base_ls960,3,1,51.2679,16.5998,34.6681,2.853,7,
zf,O254,hubert_base_ls960,3,5,27.5873,9.5653,18.022,0.4739,7,
zf,O254,hubert_base_ls960,3,10,21.0883,7.9962,13.0921,1.9915,7,
zf,O254,hubert_base_ls960,3,20,16.4692,6.4585,10.0107,2.0881,7,
zf,O254,hubert_base_ls960,3,50,14.3871,5.3312,9.0559,1.1159,7,
zf,O254,hubert_base_ls960,3,100,14.422,4.9192,9.5028,1.2445,7,
zf,O254,xcl_base_500k_p32x1_c005,5,0,10.0493,3.0251,7.0242,3.7295,7,
zf,O254,xcl_base_500k_p32x4_c010,3,0,9.9867,5.5366,4.4501,0.8301,7,
zf,O254,xcl_base_500k_p32x4_c010,4,0,9.5866,5.3734,4.2132,0.6733,7,
zf,O254,xcl_large_500k_p32x1_c005,11,0,9.0241,2.9463,6.0779,1.7509,7,
zf,O254,xcl_large_500k_p32x1_c005,11,1,43.7726,14.8627,28.9099,4.3483,7,
zf,O254,xcl_large_500k_p32x1_c005,11,5,17.4048,6.7586,10.6462,2.4492,7,
zf,O254,xcl_large_500k_p32x1_c005,11,10,10.681,4.3437,6.3374,0.8537,7,
zf,O254,xcl_large_500k_p32x1_c005,11,20,9.5127,3.4243,6.0883,1.8951,7,
zf,O254,xcl_large_500k_p32x1_c005,11,50,8.5627,2.9426,5.6201,1.5062,7,
zf,O254,xcl_large_500k_p32x1_c005,11,100,8.8583,2.9863,5.872,1.8165,7,
zf,O254,xcl_large_500k_p32x4_c0025,9,0,10.7756,5.1144,5.6612,1.4874,7,
zf,O254,xcl_large_500k_p32x4_c010,10,0,10.8931,5.227,5.6661,1.2805,7,
zf,O254,xcl_large_500k_p32x4_c010,10,1,46.0469,17.0584,28.9885,5.1759,7,
zf,O254,xcl_large_500k_p32x4_c010,10,5,23.2144,9.4422,13.7722,1.2142,7,
zf,O254,xcl_large_500k_p32x4_c010,10,10,16.1863,7.3516,8.8347,0.9083,7,
zf,O254,xcl_large_500k_p32x4_c010,10,20,11.1723,6.0684,5.104,1.8601,7,
zf,O254,xcl_large_500k_p32x4_c010,10,50,8.7546,5.1665,3.5881,1.9488,7,
zf,O254,xcl_large_500k_p32x4_c010,10,100,9.2388,4.9448,4.2941,1.6429,7,
zf,O254,xcl_micro_500k_p32x1_c005,4,0,12.2753,3.0444,9.2309,2.8726,7,
zf,O254,xcl_micro_500k_p32x1_c005,5,0,10.9964,3.0969,7.8996,1.9922,7,
zf,O254,xcl_micro_500k_p32x4_c010,3,0,10.5861,5.1537,5.4325,2.3512,7,
zf,O421,beats_iter3_plus_as2m,5,0,45.1521,36.1003,9.0518,1.9658,7,
zf,O421,beats_iter3_plus_as2m,7,0,43.366,33.2016,10.1644,2.1055,7,
zf,O421,beats_iter3_plus_as2m,8,0,42.5295,32.1717,10.3578,2.4089,7,
zf,O421,beats_iter3_plus_as2m_speed0p03125,10,0,5.2741,1.953,3.3211,1.4483,7,
zf,O421,beats_iter3_plus_as2m_speed0p03125,11,0,5.3143,1.9956,3.3187,1.5072,7,
zf,O421,beats_iter3_plus_as2m_speed0p0625,8,0,4.9177,2.7936,2.1241,0.9151,7,
zf,O421,beats_iter3_plus_as2m_speed0p0625,10,0,5.172,2.8064,2.3656,0.9318,7,
zf,O421,beats_iter3_plus_as2m_speed0p125,8,0,6.0871,4.0992,1.9878,1.3746,7,
zf,O421,beats_iter3_plus_as2m_speed0p125,9,0,6.0015,3.9952,2.0064,1.4592,7,
zf,O421,beats_iter3_plus_as2m_speed0p125,10,0,6.1918,4.1072,2.0846,1.4233,7,
zf,O421,beats_iter3_plus_as2m_speed0p25,8,0,10.3018,8.5284,1.7734,1.6786,7,
zf,O421,beats_iter3_plus_as2m_speed0p25,9,0,10.2021,8.4186,1.7836,1.6284,7,
zf,O421,beats_iter3_plus_as2m_speed0p5,8,0,20.9465,18.2102,2.7362,1.4884,7,
zf,O421,birdaves_biox_base,3,0,6.2255,4.2362,1.9893,1.4952,7,
zf,O421,birdaves_biox_base,3,1,50.1725,14.5471,35.6253,0.8231,7,
zf,O421,birdaves_biox_base,3,5,19.2448,8.0711,11.1736,0.9626,7,
zf,O421,birdaves_biox_base,3,10,11.4277,5.6057,5.8219,0.276,7,
zf,O421,birdaves_biox_base,3,20,8.6165,5.0176,3.5989,0.5248,7,
zf,O421,birdaves_biox_base,3,50,6.4883,4.3802,2.1081,1.3307,7,
zf,O421,birdaves_biox_base,3,100,6.3001,4.3018,1.9984,1.5436,7,
zf,O421,birdaves_biox_base,7,0,6.0783,4.2292,1.8491,1.3429,7,
zf,O421,birdaves_biox_base,7,1,49.3792,14.6018,34.7775,1.8001,7,
zf,O421,birdaves_biox_base,7,5,18.2962,8.2157,10.0805,1.3697,7,
zf,O421,birdaves_biox_base,7,10,11.403,5.9722,5.4308,0.7823,7,
zf,O421,birdaves_biox_base,7,20,8.8773,4.9393,3.938,0.5285,7,
zf,O421,birdaves_biox_base,7,50,6.4655,4.3929,2.0726,1.2574,7,
zf,O421,birdaves_biox_base,7,100,6.1726,4.2234,1.9492,1.272,7,
zf,O421,birdaves_biox_base_speed0p25,3,0,4.4442,1.9123,2.5319,1.0829,7,
zf,O421,birdaves_biox_base_speed0p25,3,1,37.5901,10.4835,27.1066,3.4976,7,
zf,O421,birdaves_biox_base_speed0p25,3,5,12.4606,3.5309,8.9297,1.0873,7,
zf,O421,birdaves_biox_base_speed0p25,3,10,7.1152,2.4432,4.672,1.6657,7,
zf,O421,birdaves_biox_base_speed0p25,3,20,5.5666,1.9874,3.5793,1.2171,7,
zf,O421,birdaves_biox_base_speed0p25,3,50,4.5153,1.8853,2.63,1.2718,7,
zf,O421,birdaves_biox_base_speed0p25,3,100,4.5225,1.8904,2.6321,1.2201,7,
zf,O421,birdaves_biox_base_speed0p25,4,0,4.4096,1.9589,2.4508,1.1606,7,
zf,O421,birdaves_biox_base_speed0p25,4,1,37.7878,11.0042,26.7836,3.1747,7,
zf,O421,birdaves_biox_base_speed0p25,4,5,12.0776,3.8019,8.2757,1.1024,7,
zf,O421,birdaves_biox_base_speed0p25,4,10,7.4332,2.4244,5.0088,1.3435,7,
zf,O421,birdaves_biox_base_speed0p25,4,20,5.9165,2.0078,3.9087,1.1302,7,
zf,O421,birdaves_biox_base_speed0p25,4,50,4.5738,1.9426,2.6312,1.355,7,
zf,O421,birdaves_biox_base_speed0p25,4,100,4.5281,1.9534,2.5748,1.2542,7,
zf,O421,birdaves_biox_base_speed0p5,3,0,4.8188,2.5139,2.3049,1.2359,7,
zf,O421,birdaves_biox_base_speed0p5,3,1,43.0624,12.033,31.0294,1.6797,7,
zf,O421,birdaves_biox_base_speed0p5,3,5,13.0385,5.1751,7.8634,2.3894,7,
zf,O421,birdaves_biox_base_speed0p5,3,10,7.8767,3.7141,4.1626,1.8337,7,
zf,O421,birdaves_biox_base_speed0p5,3,20,6.1927,2.7888,3.4039,1.0945,7,
zf,O421,birdaves_biox_base_speed0p5,3,50,4.8741,2.5726,2.3015,1.2082,7,
zf,O421,birdaves_biox_base_speed0p5,3,100,4.7638,2.56,2.2038,1.2855,7,
zf,O421,birdaves_biox_base_speed0p5,6,0,4.7767,2.4734,2.3033,1.2619,7,
zf,O421,birdaves_biox_base_speed0p5,6,1,43.8357,12.5655,31.2702,1.401,7,
zf,O421,birdaves_biox_base_speed0p5,6,5,14.6761,5.8914,8.7847,0.9887,7,
zf,O421,birdaves_biox_base_speed0p5,6,10,8.8699,4.3923,4.4776,1.1928,7,
zf,O421,birdaves_biox_base_speed0p5,6,20,6.5273,2.8075,3.7197,1.1828,7,
zf,O421,birdaves_biox_base_speed0p5,6,50,4.8783,2.5544,2.3239,1.3461,7,
zf,O421,birdaves_biox_base_speed0p5,6,100,4.8658,2.7552,2.1105,1.2998,7,
zf,O421,birdmae_base_speed0p03125,10,0,6.0906,1.735,4.3556,1.578,7,
zf,O421,birdmae_base_speed0p0625,9,0,5.6888,2.7838,2.905,1.1903,7,
zf,O421,birdmae_base_speed0p0625,10,0,5.7295,2.6691,3.0604,1.3842,7,
zf,O421,birdmae_base_speed0p125,9,0,6.6296,4.383,2.2466,1.5261,7,
zf,O421,birdmae_base_speed0p125,10,0,6.5498,4.3794,2.1703,1.5108,7,
zf,O421,birdmae_base_speed0p25,9,0,10.4566,8.4966,1.96,1.4661,7,
zf,O421,birdmae_base_speed0p25,10,0,10.4568,8.5067,1.9501,1.4336,7,
zf,O421,birdmae_base_speed0p5,9,0,21.0751,18.0152,3.0599,2.3051,7,
zf,O421,birdmae_base_speed0p5,10,0,21.2557,18.0385,3.2171,2.1046,7,
zf,O421,birdmae_base_speed1,8,0,42.8867,34.263,8.6237,2.0517,7,
zf,O421,birdmae_base_speed1,10,0,42.3885,33.6747,8.7138,2.0767,7,
zf,O421,hubert_base_ls960,0,0,6.8346,4.3062,2.5284,1.4984,7,
zf,O421,hubert_base_ls960,0,1,55.2061,15.2845,39.9216,1.3112,7,
zf,O421,hubert_base_ls960,0,5,21.5245,9.958,11.5665,0.4271,7,
zf,O421,hubert_base_ls960,0,10,14.0912,7.0783,7.0129,0.2555,7,
zf,O421,hubert_base_ls960,0,20,9.8804,5.6019,4.2785,1.5607,7,
zf,O421,hubert_base_ls960,0,50,7.6971,4.6099,3.0873,1.6606,7,
zf,O421,hubert_base_ls960,0,100,7.0005,4.4348,2.5657,1.6568,7,
zf,O421,hubert_base_ls960,3,0,6.7933,4.478,2.3152,1.4731,7,
zf,O421,hubert_base_ls960,3,1,53.9795,14.7724,39.2071,0.9289,7,
zf,O421,hubert_base_ls960,3,5,22.0996,9.3871,12.7125,2.55,7,
zf,O421,hubert_base_ls960,3,10,14.5075,7.1343,7.3733,1.0761,7,
zf,O421,hubert_base_ls960,3,20,10.1969,5.3675,4.8294,0.5864,7,
zf,O421,hubert_base_ls960,3,50,7.9422,4.7704,3.1717,1.0026,7,
zf,O421,hubert_base_ls960,3,100,6.9953,4.6127,2.3827,1.3712,7,
zf,O421,xcl_base_500k_p32x1_c005,5,0,4.4577,2.2647,2.1929,1.5635,7,
zf,O421,xcl_base_500k_p32x4_c010,3,0,6.6694,4.5527,2.1167,1.6844,7,
zf,O421,xcl_base_500k_p32x4_c010,4,0,6.7161,4.5552,2.1609,1.7076,7,
zf,O421,xcl_large_500k_p32x1_c005,11,0,4.1996,2.2247,1.9749,1.2132,7,
zf,O421,xcl_large_500k_p32x1_c005,11,1,49.9882,18.8465,31.1418,2.3125,7,
zf,O421,xcl_large_500k_p32x1_c005,11,5,13.3012,5.1195,8.1817,1.8252,7,
zf,O421,xcl_large_500k_p32x1_c005,11,10,7.2774,3.8096,3.4678,1.2628,7,
zf,O421,xcl_large_500k_p32x1_c005,11,20,4.7994,2.6902,2.1092,1.2083,7,
zf,O421,xcl_large_500k_p32x1_c005,11,50,4.2225,2.2426,1.9798,1.272,7,
zf,O421,xcl_large_500k_p32x1_c005,11,100,4.2163,2.3195,1.8968,1.1754,7,
zf,O421,xcl_large_500k_p32x4_c0025,9,0,6.5952,4.5871,2.0081,1.4219,7,
zf,O421,xcl_large_500k_p32x4_c010,10,0,6.6762,4.6688,2.0074,1.6861,7,
zf,O421,xcl_large_500k_p32x4_c010,10,1,53.2451,18.845,34.4001,1.4535,7,
zf,O421,xcl_large_500k_p32x4_c010,10,5,20.1824,7.4334,12.7491,2.4741,7,
zf,O421,xcl_large_500k_p32x4_c010,10,10,11.5982,6.7562,4.842,0.4586,7,
zf,O421,xcl_large_500k_p32x4_c010,10,20,8.8928,5.7872,3.1056,0.941,7,
zf,O421,xcl_large_500k_p32x4_c010,10,50,6.6415,4.7708,1.8708,1.5343,7,
zf,O421,xcl_large_500k_p32x4_c010,10,100,6.8355,5.0589,1.7766,1.8758,7,
zf,O421,xcl_micro_500k_p32x1_c005,4,0,4.6975,2.1985,2.4991,1.4041,7,
zf,O421,xcl_micro_500k_p32x1_c005,5,0,4.796,2.2098,2.5861,1.5064,7,
zf,O421,xcl_micro_500k_p32x4_c010,3,0,6.6965,4.518,2.1785,1.5056,7,
zf,O434,beats_iter3_plus_as2m,5,0,42.5814,26.8286,15.7528,5.0702,9,
zf,O434,beats_iter3_plus_as2m,7,0,42.0645,25.9392,16.1253,5.1035,9,
zf,O434,beats_iter3_plus_as2m,8,0,41.8819,25.4213,16.4606,4.93,9,
zf,O434,beats_iter3_plus_as2m_speed0p03125,10,0,11.1867,2.6199,8.5668,0.7682,9,
zf,O434,beats_iter3_plus_as2m_speed0p03125,11,0,11.3751,2.6735,8.7016,0.7529,9,
zf,O434,beats_iter3_plus_as2m_speed0p0625,8,0,9.6358,3.7278,5.908,1.5001,9,
zf,O434,beats_iter3_plus_as2m_speed0p0625,10,0,8.6272,3.6764,4.9507,1.1762,9,
zf,O434,beats_iter3_plus_as2m_speed0p125,8,0,8.1568,5.0651,3.0917,0.6303,9,
zf,O434,beats_iter3_plus_as2m_speed0p125,9,0,8.4811,5.0513,3.4298,0.6813,9,
zf,O434,beats_iter3_plus_as2m_speed0p125,10,0,9.36,4.8022,4.5578,0.744,9,
zf,O434,beats_iter3_plus_as2m_speed0p25,8,0,11.3172,9.0271,2.2901,0.3247,9,
zf,O434,beats_iter3_plus_as2m_speed0p25,9,0,11.6849,8.9662,2.7187,0.2292,9,
zf,O434,beats_iter3_plus_as2m_speed0p5,8,0,22.5317,17.9464,4.5853,1.5425,9,
zf,O434,birdaves_biox_base,3,0,9.9212,4.6246,5.2966,1.2953,9,
zf,O434,birdaves_biox_base,3,1,48.9222,10.9544,37.9679,2.8787,9,
zf,O434,birdaves_biox_base,3,5,19.6046,7.3718,12.2328,0.7005,9,
zf,O434,birdaves_biox_base,3,10,14.9938,6.1469,8.8469,1.3264,9,
zf,O434,birdaves_biox_base,3,20,12.3809,5.4785,6.9024,2.183,9,
zf,O434,birdaves_biox_base,3,50,10.1409,4.8617,5.2792,0.3897,9,
zf,O434,birdaves_biox_base,3,100,9.8933,4.9281,4.9652,1.1724,9,
zf,O434,birdaves_biox_base,7,0,9.6645,4.8216,4.8428,0.3863,9,
zf,O434,birdaves_biox_base,7,1,49.037,11.4866,37.5504,1.8159,9,
zf,O434,birdaves_biox_base,7,5,20.4312,7.6686,12.7626,0.6951,9,
zf,O434,birdaves_biox_base,7,10,15.0185,6.312,8.7065,0.5008,9,
zf,O434,birdaves_biox_base,7,20,12.2349,5.461,6.7739,0.2225,9,
zf,O434,birdaves_biox_base,7,50,10.6425,4.9205,5.7221,0.6354,9,
zf,O434,birdaves_biox_base,7,100,9.3731,4.8186,4.5545,0.2456,9,
zf,O434,birdaves_biox_base_speed0p25,3,0,10.1325,2.7208,7.4117,1.9244,9,
zf,O434,birdaves_biox_base_speed0p25,3,1,45.1144,9.8242,35.2902,3.2399,9,
zf,O434,birdaves_biox_base_speed0p25,3,5,18.2512,4.6935,13.5577,1.1034,9,
zf,O434,birdaves_biox_base_speed0p25,3,10,13.5182,3.4598,10.0584,2.6486,9,
zf,O434,birdaves_biox_base_speed0p25,3,20,11.8446,2.8036,9.041,1.9313,9,
zf,O434,birdaves_biox_base_speed0p25,3,50,10.738,2.6957,8.0423,2.4714,9,
zf,O434,birdaves_biox_base_speed0p25,3,100,10.378,2.6888,7.6891,2.1893,9,
zf,O434,birdaves_biox_base_speed0p25,4,0,9.7151,2.7554,6.9597,2.1494,9,
zf,O434,birdaves_biox_base_speed0p25,4,1,43.4116,9.7169,33.6947,2.8951,9,
zf,O434,birdaves_biox_base_speed0p25,4,5,17.4154,4.8795,12.5359,1.1295,9,
zf,O434,birdaves_biox_base_speed0p25,4,10,12.7332,3.838,8.8952,1.5227,9,
zf,O434,birdaves_biox_base_speed0p25,4,20,10.3724,2.8897,7.4827,1.3645,9,
zf,O434,birdaves_biox_base_speed0p25,4,50,9.412,2.7534,6.6586,1.6925,9,
zf,O434,birdaves_biox_base_speed0p25,4,100,9.3546,2.693,6.6616,1.8861,9,
zf,O434,birdaves_biox_base_speed0p5,3,0,9.0953,3.3175,5.7778,0.9994,9,
zf,O434,birdaves_biox_base_speed0p5,3,1,46.8956,10.285,36.6106,1.5198,9,
zf,O434,birdaves_biox_base_speed0p5,3,5,17.6731,5.6774,11.9957,0.2925,9,
zf,O434,birdaves_biox_base_speed0p5,3,10,12.9824,4.5838,8.3986,0.7089,9,
zf,O434,birdaves_biox_base_speed0p5,3,20,10.9783,3.8295,7.1488,0.776,9,
zf,O434,birdaves_biox_base_speed0p5,3,50,9.2457,3.3391,5.9066,0.9068,9,
zf,O434,birdaves_biox_base_speed0p5,3,100,8.8919,3.3808,5.5111,1.1937,9,
zf,O434,birdaves_biox_base_speed0p5,6,0,9.0426,3.4141,5.6286,1.477,9,
zf,O434,birdaves_biox_base_speed0p5,6,1,46.1198,10.7151,35.4048,2.0055,9,
zf,O434,birdaves_biox_base_speed0p5,6,5,19.3267,6.3661,12.9605,0.2328,9,
zf,O434,birdaves_biox_base_speed0p5,6,10,13.2991,4.9993,8.2997,1.0444,9,
zf,O434,birdaves_biox_base_speed0p5,6,20,10.131,3.9943,6.1368,0.8245,9,
zf,O434,birdaves_biox_base_speed0p5,6,50,8.9222,3.348,5.5742,1.6496,9,
zf,O434,birdaves_biox_base_speed0p5,6,100,8.9137,3.348,5.5657,1.537,9,
zf,O434,birdmae_base_speed0p03125,10,0,16.2209,2.535,13.6859,2.8948,9,
zf,O434,birdmae_base_speed0p0625,9,0,12.0003,3.7609,8.2394,2.3596,9,
zf,O434,birdmae_base_speed0p0625,10,0,11.9106,3.7563,8.1543,2.9641,9,
zf,O434,birdmae_base_speed0p125,9,0,12.5392,4.8497,7.6895,2.4308,9,
zf,O434,birdmae_base_speed0p125,10,0,12.8057,4.992,7.8137,2.5153,9,
zf,O434,birdmae_base_speed0p25,9,0,14.2894,9.412,4.8774,1.5315,9,
zf,O434,birdmae_base_speed0p25,10,0,14.2194,9.2392,4.9802,1.6092,9,
zf,O434,birdmae_base_speed0p5,9,0,22.8221,17.7573,5.0648,1.6576,9,
zf,O434,birdmae_base_speed0p5,10,0,22.7402,17.8009,4.9393,1.6604,9,
zf,O434,birdmae_base_speed1,8,0,39.4352,26.8018,12.6334,0.8605,9,
zf,O434,birdmae_base_speed1,10,0,39.6136,27.0824,12.5313,0.3936,9,
zf,O434,hubert_base_ls960,0,0,15.266,4.8336,10.4324,3.1453,9,
zf,O434,hubert_base_ls960,0,1,55.975,12.0317,43.9434,2.7762,9,
zf,O434,hubert_base_ls960,0,5,28.0266,8.1662,19.8604,3.058,9,
zf,O434,hubert_base_ls960,0,10,20.8835,6.3904,14.4931,3.2024,9,
zf,O434,hubert_base_ls960,0,20,18.7813,5.8344,12.947,2.5051,9,
zf,O434,hubert_base_ls960,0,50,15.7438,5.3007,10.4431,3.2989,9,
zf,O434,hubert_base_ls960,0,100,15.5362,4.8886,10.6476,2.9358,9,
zf,O434,hubert_base_ls960,3,0,16.4798,4.7762,11.7036,4.0638,9,
zf,O434,hubert_base_ls960,3,1,59.9635,12.581,47.3825,0.7373,9,
zf,O434,hubert_base_ls960,3,5,31.485,8.6424,22.8427,3.0784,9,
zf,O434,hubert_base_ls960,3,10,23.7954,6.5998,17.1956,3.2411,9,
zf,O434,hubert_base_ls960,3,20,20.1059,5.7442,14.3617,2.0628,9,
zf,O434,hubert_base_ls960,3,50,16.8085,5.3366,11.4719,4.2475,9,
zf,O434,hubert_base_ls960,3,100,16.6351,5.0425,11.5926,3.9415,9,
zf,O434,xcl_base_500k_p32x1_c005,5,0,12.1328,2.8404,9.2924,3.8863,9,
zf,O434,xcl_base_500k_p32x4_c010,3,0,10.6319,4.8408,5.7911,2.2637,9,
zf,O434,xcl_base_500k_p32x4_c010,4,0,10.8769,4.9772,5.8997,2.6041,9,
zf,O434,xcl_large_500k_p32x1_c005,11,0,9.4614,2.8074,6.654,1.5455,9,
zf,O434,xcl_large_500k_p32x1_c005,11,1,46.3175,11.6394,34.678,1.7468,9,
zf,O434,xcl_large_500k_p32x1_c005,11,5,18.3256,5.7537,12.5719,2.6238,9,
zf,O434,xcl_large_500k_p32x1_c005,11,10,12.9466,4.168,8.7787,3.3351,9,
zf,O434,xcl_large_500k_p32x1_c005,11,20,11.2305,3.2206,8.0098,2.5871,9,
zf,O434,xcl_large_500k_p32x1_c005,11,50,10.1177,2.9116,7.2061,2.2834,9,
zf,O434,xcl_large_500k_p32x1_c005,11,100,9.7719,2.8904,6.8815,1.6504,9,
zf,O434,xcl_large_500k_p32x4_c0025,9,0,11.9428,5.0497,6.8931,2.1586,9,
zf,O434,xcl_large_500k_p32x4_c010,10,0,12.7428,5.0597,7.6831,3.31,9,
zf,O434,xcl_large_500k_p32x4_c010,10,1,48.2188,12.2258,35.993,2.8234,9,
zf,O434,xcl_large_500k_p32x4_c010,10,5,19.4581,7.4202,12.0379,0.6619,9,
zf,O434,xcl_large_500k_p32x4_c010,10,10,15.4237,6.286,9.1377,2.4317,9,
zf,O434,xcl_large_500k_p32x4_c010,10,20,14.007,5.6481,8.3589,2.4666,9,
zf,O434,xcl_large_500k_p32x4_c010,10,50,13.0876,5.4096,7.678,3.1469,9,
zf,O434,xcl_large_500k_p32x4_c010,10,100,12.7864,5.2787,7.5077,3.2979,9,
zf,O434,xcl_micro_500k_p32x1_c005,4,0,15.4103,2.9336,12.4767,3.3163,9,
zf,O434,xcl_micro_500k_p32x1_c005,5,0,14.9749,2.936,12.0388,3.2886,9,
zf,O434,xcl_micro_500k_p32x4_c010,3,0,12.0902,5.0692,7.021,1.9655,9,
zf,O440,beats_iter3_plus_as2m,5,0,41.6768,25.1719,16.5049,2.4261,12,
zf,O440,beats_iter3_plus_as2m,7,0,40.3731,24.0798,16.2933,1.2641,12,
zf,O440,beats_iter3_plus_as2m,8,0,40.0771,23.2093,16.8678,1.8048,12,
zf,O440,beats_iter3_plus_as2m_speed0p03125,10,0,7.8844,2.26,5.6245,1.7135,12,
zf,O440,beats_iter3_plus_as2m_speed0p03125,11,0,8.0811,2.3128,5.7683,2.4401,12,
zf,O440,beats_iter3_plus_as2m_speed0p0625,8,0,6.77,2.9669,3.8031,2.0796,12,
zf,O440,beats_iter3_plus_as2m_speed0p0625,10,0,7.1065,2.8746,4.232,1.9111,12,
zf,O440,beats_iter3_plus_as2m_speed0p125,8,0,6.9088,3.8154,3.0933,1.6078,12,
zf,O440,beats_iter3_plus_as2m_speed0p125,9,0,7.0403,3.7008,3.3395,1.7133,12,
zf,O440,beats_iter3_plus_as2m_speed0p125,10,0,7.198,3.7444,3.4537,1.6514,12,
zf,O440,beats_iter3_plus_as2m_speed0p25,8,0,10.0895,7.6904,2.3991,1.2577,12,
zf,O440,beats_iter3_plus_as2m_speed0p25,9,0,10.2993,7.6863,2.6129,1.1175,12,
zf,O440,beats_iter3_plus_as2m_speed0p5,8,0,17.4907,14.3403,3.1505,1.6344,12,
zf,O440,birdaves_biox_base,3,0,6.1447,3.2838,2.8609,1.7123,12,
zf,O440,birdaves_biox_base,3,1,41.3999,7.9962,33.4038,2.4666,12,
zf,O440,birdaves_biox_base,3,5,13.0582,5.521,7.5372,3.0329,12,
zf,O440,birdaves_biox_base,3,10,9.0509,4.2096,4.8412,1.6714,12,
zf,O440,birdaves_biox_base,3,20,7.2316,3.9921,3.2395,1.8056,12,
zf,O440,birdaves_biox_base,3,50,6.4632,3.6201,2.8431,1.5319,12,
zf,O440,birdaves_biox_base,3,100,6.3774,3.4626,2.9148,1.6968,12,
zf,O440,birdaves_biox_base,7,0,6.3273,3.4048,2.9225,1.4921,12,
zf,O440,birdaves_biox_base,7,1,40.5418,7.8302,32.7115,1.7715,12,
zf,O440,birdaves_biox_base,7,5,13.1911,5.0169,8.1743,2.6708,12,
zf,O440,birdaves_biox_base,7,10,8.8755,4.2978,4.5778,1.2188,12,
zf,O440,birdaves_biox_base,7,20,7.2932,4.016,3.2771,1.792,12,
zf,O440,birdaves_biox_base,7,50,6.6158,3.696,2.9197,1.2651,12,
zf,O440,birdaves_biox_base,7,100,6.5457,3.5648,2.9809,1.4762,12,
zf,O440,birdaves_biox_base_speed0p25,3,0,7.0663,2.1025,4.9638,1.1614,12,
zf,O440,birdaves_biox_base_speed0p25,3,1,36.3816,6.4937,29.8879,4.4479,12,
zf,O440,birdaves_biox_base_speed0p25,3,5,14.428,2.9328,11.4951,1.4503,12,
zf,O440,birdaves_biox_base_speed0p25,3,10,9.9629,2.2623,7.7007,0.933,12,
zf,O440,birdaves_biox_base_speed0p25,3,20,8.0209,2.1556,5.8653,1.0299,12,
zf,O440,birdaves_biox_base_speed0p25,3,50,7.1543,2.0702,5.0841,1.0718,12,
zf,O440,birdaves_biox_base_speed0p25,3,100,7.0153,2.075,4.9403,1.1075,12,
zf,O440,birdaves_biox_base_speed0p25,4,0,6.5844,2.0656,4.5189,1.2073,12,
zf,O440,birdaves_biox_base_speed0p25,4,1,34.7056,6.2546,28.451,3.504,12,
zf,O440,birdaves_biox_base_speed0p25,4,5,12.9215,2.866,10.0555,1.6512,12,
zf,O440,birdaves_biox_base_speed0p25,4,10,9.519,2.3238,7.1952,1.0986,12,
zf,O440,birdaves_biox_base_speed0p25,4,20,7.5658,2.208,5.3578,1.1793,12,
zf,O440,birdaves_biox_base_speed0p25,4,50,6.6553,2.0527,4.6025,1.2663,12,
zf,O440,birdaves_biox_base_speed0p25,4,100,6.5789,2.0599,4.519,1.2619,12,
zf,O440,birdaves_biox_base_speed0p5,3,0,5.548,2.3104,3.2376,1.487,12,
zf,O440,birdaves_biox_base_speed0p5,3,1,34.4172,6.7811,27.636,4.0428,12,
zf,O440,birdaves_biox_base_speed0p5,3,5,12.8454,3.7571,9.0883,2.7157,12,
zf,O440,birdaves_biox_base_speed0p5,3,10,8.464,2.57,5.8941,1.8279,12,
zf,O440,birdaves_biox_base_speed0p5,3,20,6.5342,2.483,4.0512,1.5816,12,
zf,O440,birdaves_biox_base_speed0p5,3,50,5.7606,2.3614,3.3992,1.585,12,
zf,O440,birdaves_biox_base_speed0p5,3,100,5.6254,2.2737,3.3516,1.6492,12,
zf,O440,birdaves_biox_base_speed0p5,6,0,5.708,2.3771,3.3309,1.4566,12,
zf,O440,birdaves_biox_base_speed0p5,6,1,34.1451,7.4263,26.7188,2.845,12,
zf,O440,birdaves_biox_base_speed0p5,6,5,12.8273,4.0247,8.8025,3.0278,12,
zf,O440,birdaves_biox_base_speed0p5,6,10,8.4749,2.6563,5.8186,1.503,12,
zf,O440,birdaves_biox_base_speed0p5,6,20,6.5388,2.5466,3.9921,1.2513,12,
zf,O440,birdaves_biox_base_speed0p5,6,50,5.8741,2.3646,3.5095,1.448,12,
zf,O440,birdaves_biox_base_speed0p5,6,100,5.7281,2.3218,3.4062,1.4497,12,
zf,O440,birdmae_base_speed0p03125,10,0,10.4416,2.1857,8.2559,2.7685,12,
zf,O440,birdmae_base_speed0p0625,9,0,9.6628,2.9844,6.6784,2.3686,12,
zf,O440,birdmae_base_speed0p0625,10,0,9.4366,2.9561,6.4805,2.3678,12,
zf,O440,birdmae_base_speed0p125,9,0,7.7068,3.7661,3.9407,1.7956,12,
zf,O440,birdmae_base_speed0p125,10,0,7.9403,3.7542,4.186,1.9657,12,
zf,O440,birdmae_base_speed0p25,9,0,10.6576,7.6976,2.96,1.5398,12,
zf,O440,birdmae_base_speed0p25,10,0,10.6203,7.6254,2.9949,1.7094,12,
zf,O440,birdmae_base_speed0p5,9,0,17.2994,13.9448,3.3546,1.8546,12,
zf,O440,birdmae_base_speed0p5,10,0,17.314,14.0558,3.2582,1.8782,12,
zf,O440,birdmae_base_speed1,8,0,40.423,27.4917,12.9313,2.0964,12,
zf,O440,birdmae_base_speed1,10,0,40.0455,26.7891,13.2565,1.7894,12,
zf,O440,hubert_base_ls960,0,0,6.3,3.464,2.836,1.1888,12,
zf,O440,hubert_base_ls960,0,1,44.5442,8.5944,35.9498,1.3283,12,
zf,O440,hubert_base_ls960,0,5,17.3221,5.8315,11.4905,1.0888,12,
zf,O440,hubert_base_ls960,0,10,11.8703,4.7679,7.1024,1.8697,12,
zf,O440,hubert_base_ls960,0,20,8.0593,4.1114,3.9479,1.5238,12,
zf,O440,hubert_base_ls960,0,50,6.8242,3.7136,3.1106,1.5418,12,
zf,O440,hubert_base_ls960,0,100,6.4982,3.5531,2.9451,1.3685,12,
zf,O440,hubert_base_ls960,3,0,7.573,3.4832,4.0898,1.4991,12,
zf,O440,hubert_base_ls960,3,1,48.0024,8.9725,39.0298,2.5198,12,
zf,O440,hubert_base_ls960,3,5,20.2944,6.0564,14.2381,2.3217,12,
zf,O440,hubert_base_ls960,3,10,12.7445,4.5789,8.1657,1.4635,12,
zf,O440,hubert_base_ls960,3,20,8.6955,4.1868,4.5087,1.4383,12,
zf,O440,hubert_base_ls960,3,50,7.9126,3.6535,4.2592,1.6296,12,
zf,O440,hubert_base_ls960,3,100,7.6687,3.5407,4.128,1.387,12,
zf,O440,xcl_base_500k_p32x1_c005,5,0,4.7244,2.223,2.5014,1.6216,12,
zf,O440,xcl_base_500k_p32x4_c010,3,0,6.4171,3.7301,2.687,1.2167,12,
zf,O440,xcl_base_500k_p32x4_c010,4,0,6.402,3.7756,2.6264,1.3977,12,
zf,O440,xcl_large_500k_p32x1_c005,11,0,4.5868,2.2623,2.3245,1.4916,12,
zf,O440,xcl_large_500k_p32x1_c005,11,1,38.9644,9.0854,29.879,1.2094,12,
zf,O440,xcl_large_500k_p32x1_c005,11,5,10.2699,3.5691,6.7008,3.0025,12,
zf,O440,xcl_large_500k_p32x1_c005,11,10,6.9868,2.7977,4.1892,2.1744,12,
zf,O440,xcl_large_500k_p32x1_c005,11,20,4.8589,2.4687,2.3902,1.5288,12,
zf,O440,xcl_large_500k_p32x1_c005,11,50,4.6352,2.2681,2.3671,1.3817,12,
zf,O440,xcl_large_500k_p32x1_c005,11,100,4.6208,2.2538,2.367,1.4219,12,
zf,O440,xcl_large_500k_p32x4_c0025,9,0,6.4866,3.7763,2.7104,1.587,12,
zf,O440,xcl_large_500k_p32x4_c010,10,0,6.3496,3.7587,2.5909,1.6958,12,
zf,O440,xcl_large_500k_p32x4_c010,10,1,43.9061,8.8336,35.0725,0.8019,12,
zf,O440,xcl_large_500k_p32x4_c010,10,5,14.3344,5.2123,9.122,2.5884,12,
zf,O440,xcl_large_500k_p32x4_c010,10,10,9.1937,4.4089,4.7848,2.952,12,
zf,O440,xcl_large_500k_p32x4_c010,10,20,7.0552,3.975,3.0802,1.9363,12,
zf,O440,xcl_large_500k_p32x4_c010,10,50,6.2057,3.783,2.4227,1.5759,12,
zf,O440,xcl_large_500k_p32x4_c010,10,100,6.1813,3.835,2.3463,1.4679,12,
zf,O440,xcl_micro_500k_p32x1_c005,4,0,5.7112,2.248,3.4631,1.5277,12,
zf,O440,xcl_micro_500k_p32x1_c005,5,0,5.6667,2.1923,3.4744,1.5879,12,
zf,O440,xcl_micro_500k_p32x4_c010,3,0,6.7336,3.7835,2.95,1.4501,12,
zf,O512,beats_iter3_plus_as2m,5,0,42.2231,34.751,7.4721,0.6087,9,
zf,O512,beats_iter3_plus_as2m,7,0,39.6262,31.9008,7.7254,2.0882,9,
zf,O512,beats_iter3_plus_as2m,8,0,38.7438,29.4517,9.2921,1.8403,9,
zf,O512,beats_iter3_plus_as2m_speed0p03125,10,0,9.594,3.7067,5.8874,1.2328,9,
zf,O512,beats_iter3_plus_as2m_speed0p03125,11,0,9.4855,3.4222,6.0633,1.1037,9,
zf,O512,beats_iter3_plus_as2m_speed0p0625,8,0,9.1716,3.7436,5.428,1.5092,9,
zf,O512,beats_iter3_plus_as2m_speed0p0625,10,0,8.8999,3.5356,5.3643,1.3246,9,
zf,O512,beats_iter3_plus_as2m_speed0p125,8,0,7.7237,4.6089,3.1147,2.4502,9,
zf,O512,beats_iter3_plus_as2m_speed0p125,9,0,7.143,4.0242,3.1187,1.8335,9,
zf,O512,beats_iter3_plus_as2m_speed0p125,10,0,7.8339,4.1676,3.6664,1.9108,9,
zf,O512,beats_iter3_plus_as2m_speed0p25,8,0,8.9587,6.4585,2.5002,1.6863,9,
zf,O512,beats_iter3_plus_as2m_speed0p25,9,0,9.0966,6.8577,2.2389,1.8565,9,
zf,O512,beats_iter3_plus_as2m_speed0p5,8,0,17.6201,15.7115,1.9086,2.6571,9,
zf,O512,birdaves_biox_base,3,0,6.8139,4.2646,2.5493,2.3831,9,
zf,O512,birdaves_biox_base,3,1,43.6423,10.3654,33.2768,3.4299,9,
zf,O512,birdaves_biox_base,3,5,16.9623,5.4436,11.5186,0.6848,9,
zf,O512,birdaves_biox_base,3,10,11.6209,4.7098,6.911,1.3737,9,
zf,O512,birdaves_biox_base,3,20,8.7469,4.1481,4.5988,2.4938,9,
zf,O512,birdaves_biox_base,3,50,6.9455,3.9508,2.9948,2.2784,9,
zf,O512,birdaves_biox_base,3,100,6.8613,4.241,2.6203,2.485,9,
zf,O512,birdaves_biox_base,7,0,5.8966,3.7816,2.1149,1.6824,9,
zf,O512,birdaves_biox_base,7,1,39.5542,9.8225,29.7317,3.145,9,
zf,O512,birdaves_biox_base,7,5,16.2378,5.8559,10.3819,1.6029,9,
zf,O512,birdaves_biox_base,7,10,11.8489,5.1663,6.6827,1.7647,9,
zf,O512,birdaves_biox_base,7,20,8.8868,4.6003,4.2865,2.4634,9,
zf,O512,birdaves_biox_base,7,50,6.4204,3.6982,2.7222,1.7882,9,
zf,O512,birdaves_biox_base,7,100,6.1634,3.7685,2.395,1.7605,9,
zf,O512,birdaves_biox_base_speed0p25,3,0,8.0122,3.2076,4.8046,1.873,9,
zf,O512,birdaves_biox_base_speed0p25,3,1,43.9235,8.67,35.2535,4.5725,9,
zf,O512,birdaves_biox_base_speed0p25,3,5,18.8228,4.3533,14.4695,1.6265,9,
zf,O512,birdaves_biox_base_speed0p25,3,10,12.284,3.6186,8.6653,1.4303,9,
zf,O512,birdaves_biox_base_speed0p25,3,20,9.956,3.2292,6.7268,1.598,9,
zf,O512,birdaves_biox_base_speed0p25,3,50,8.3188,2.6862,5.6326,1.5669,9,
zf,O512,birdaves_biox_base_speed0p25,3,100,8.1449,2.8159,5.3291,1.645,9,
zf,O512,birdaves_biox_base_speed0p25,4,0,8.0011,3.0291,4.972,1.4749,9,
zf,O512,birdaves_biox_base_speed0p25,4,1,43.9669,8.4595,35.5074,5.0518,9,
zf,O512,birdaves_biox_base_speed0p25,4,5,18.5749,4.3521,14.2229,1.9285,9,
zf,O512,birdaves_biox_base_speed0p25,4,10,12.2919,3.4624,8.8295,1.3145,9,
zf,O512,birdaves_biox_base_speed0p25,4,20,10.4045,3.3316,7.0729,1.3486,9,
zf,O512,birdaves_biox_base_speed0p25,4,50,8.5834,3.0908,5.4927,1.5129,9,
zf,O512,birdaves_biox_base_speed0p25,4,100,8.2549,3.112,5.1429,1.4773,9,
zf,O512,birdaves_biox_base_speed0p5,3,0,7.2611,3.1947,4.0665,1.6897,9,
zf,O512,birdaves_biox_base_speed0p5,3,1,43.2776,9.4933,33.7843,3.7844,9,
zf,O512,birdaves_biox_base_speed0p5,3,5,16.9732,4.13,12.8433,0.85,9,
zf,O512,birdaves_biox_base_speed0p5,3,10,11.3263,3.329,7.9973,1.1467,9,
zf,O512,birdaves_biox_base_speed0p5,3,20,9.6765,3.4033,6.2732,1.6996,9,
zf,O512,birdaves_biox_base_speed0p5,3,50,7.7195,3.0408,4.6787,1.6407,9,
zf,O512,birdaves_biox_base_speed0p5,3,100,7.3971,3.0344,4.3627,1.7032,9,
zf,O512,birdaves_biox_base_speed0p5,6,0,7.5426,3.2894,4.2532,1.503,9,
zf,O512,birdaves_biox_base_speed0p5,6,1,44.0461,10.5562,33.4899,5.0616,9,
zf,O512,birdaves_biox_base_speed0p5,6,5,17.3009,4.6961,12.6047,0.3114,9,
zf,O512,birdaves_biox_base_speed0p5,6,10,11.6205,3.9737,7.6469,0.9063,9,
zf,O512,birdaves_biox_base_speed0p5,6,20,9.8584,3.9178,5.9406,1.61,9,
zf,O512,birdaves_biox_base_speed0p5,6,50,7.573,3.2506,4.3224,1.6975,9,
zf,O512,birdaves_biox_base_speed0p5,6,100,7.3687,3.3457,4.023,1.7702,9,
zf,O512,birdmae_base_speed0p03125,10,0,9.7745,3.2869,6.4876,2.0745,9,
zf,O512,birdmae_base_speed0p0625,9,0,10.3053,3.5943,6.711,2.3908,9,
zf,O512,birdmae_base_speed0p0625,10,0,9.8136,3.6297,6.184,2.5282,9,
zf,O512,birdmae_base_speed0p125,9,0,8.3109,3.709,4.6019,1.5768,9,
zf,O512,birdmae_base_speed0p125,10,0,8.4373,3.8698,4.5675,1.7839,9,
zf,O512,birdmae_base_speed0p25,9,0,9.3736,6.6177,2.7559,1.7149,9,
zf,O512,birdmae_base_speed0p25,10,0,9.2912,6.6661,2.6251,1.7633,9,
zf,O512,birdmae_base_speed0p5,9,0,16.4816,14.1159,2.3657,2.6912,9,
zf,O512,birdmae_base_speed0p5,10,0,16.4176,13.9917,2.4259,2.4287,9,
zf,O512,birdmae_base_speed1,8,0,38.2329,32.8447,5.3881,0.6626,9,
zf,O512,birdmae_base_speed1,10,0,37.0697,31.8344,5.2353,2.1008,9,
zf,O512,hubert_base_ls960,0,0,8.0342,4.3443,3.6899,1.3178,9,
zf,O512,hubert_base_ls960,0,1,47.3875,12.4042,34.9834,3.2299,9,
zf,O512,hubert_base_ls960,0,5,21.0558,6.6692,14.3867,2.0195,9,
zf,O512,hubert_base_ls960,0,10,14.1747,5.106,9.0687,2.2209,9,
zf,O512,hubert_base_ls960,0,20,10.6625,4.7652,5.8972,2.1944,9,
zf,O512,hubert_base_ls960,0,50,8.96,4.351,4.609,1.4931,9,
zf,O512,hubert_base_ls960,0,100,8.7318,4.3483,4.3835,1.6569,9,
zf,O512,hubert_base_ls960,3,0,8.6841,4.2176,4.4665,0.7874,9,
zf,O512,hubert_base_ls960,3,1,47.3591,12.0644,35.2947,4.1987,9,
zf,O512,hubert_base_ls960,3,5,21.6984,6.0977,15.6007,2.1966,9,
zf,O512,hubert_base_ls960,3,10,16.4128,5.1564,11.2563,2.2795,9,
zf,O512,hubert_base_ls960,3,20,11.8831,4.0491,7.834,1.5528,9,
zf,O512,hubert_base_ls960,3,50,9.2125,4.0247,5.1878,1.1899,9,
zf,O512,hubert_base_ls960,3,100,9.0026,4.4091,4.5935,1.777,9,
zf,O512,xcl_base_500k_p32x1_c005,5,0,6.0292,2.7591,3.2701,1.2228,9,
zf,O512,xcl_base_500k_p32x4_c010,3,0,7.4621,4.6492,2.8129,1.9083,9,
zf,O512,xcl_base_500k_p32x4_c010,4,0,7.5564,4.1178,3.4387,0.7998,9,
zf,O512,xcl_large_500k_p32x1_c005,11,0,6.4918,3.3473,3.1446,0.8025,9,
zf,O512,xcl_large_500k_p32x1_c005,11,1,45.3304,11.6109,33.7195,3.7964,9,
zf,O512,xcl_large_500k_p32x1_c005,11,5,12.5104,4.3335,8.177,1.8576,9,
zf,O512,xcl_large_500k_p32x1_c005,11,10,7.9911,3.412,4.5791,1.2918,9,
zf,O512,xcl_large_500k_p32x1_c005,11,20,7.2438,3.684,3.5599,1.4807,9,
zf,O512,xcl_large_500k_p32x1_c005,11,50,6.2112,3.1323,3.079,1.1413,9,
zf,O512,xcl_large_500k_p32x1_c005,11,100,6.4361,3.2788,3.1573,0.9124,9,
zf,O512,xcl_large_500k_p32x4_c0025,9,0,7.6945,4.192,3.5025,0.77,9,
zf,O512,xcl_large_500k_p32x4_c010,10,0,7.3431,4.8223,2.5208,2.0671,9,
zf,O512,xcl_large_500k_p32x4_c010,10,1,47.748,12.6794,35.0686,2.3188,9,
zf,O512,xcl_large_500k_p32x4_c010,10,5,17.6178,6.3409,11.277,2.5244,9,
zf,O512,xcl_large_500k_p32x4_c010,10,10,10.7032,4.7271,5.9761,1.5683,9,
zf,O512,xcl_large_500k_p32x4_c010,10,20,9.2494,5.1566,4.0928,2.5692,9,
zf,O512,xcl_large_500k_p32x4_c010,10,50,7.2268,4.2727,2.9541,1.9224,9,
zf,O512,xcl_large_500k_p32x4_c010,10,100,7.361,4.6352,2.7259,2.0448,9,
zf,O512,xcl_micro_500k_p32x1_c005,4,0,8.5526,3.6065,4.946,1.6704,9,
zf,O512,xcl_micro_500k_p32x1_c005,5,0,8.5862,3.3362,5.25,1.5908,9,
zf,O512,xcl_micro_500k_p32x4_c010,3,0,8.1542,3.9171,4.2371,1.7382,9,
zf,R402,beats_iter3_plus_as2m,5,0,50.17,28.0246,22.1454,0.8733,10,
zf,R402,beats_iter3_plus_as2m,7,0,43.6152,27.7234,15.8917,4.4385,10,
zf,R402,beats_iter3_plus_as2m,8,0,43.4408,27.4416,15.9992,4.6891,10,
zf,R402,beats_iter3_plus_as2m_speed0p03125,10,0,12.0516,2.2865,9.7651,4.4894,10,
zf,R402,beats_iter3_plus_as2m_speed0p03125,11,0,11.978,2.1964,9.7816,4.3811,10,
zf,R402,beats_iter3_plus_as2m_speed0p0625,8,0,6.7156,3.1719,3.5437,1.2397,10,
zf,R402,beats_iter3_plus_as2m_speed0p0625,10,0,7.2016,3.2007,4.0009,1.6301,10,
zf,R402,beats_iter3_plus_as2m_speed0p125,8,0,5.6053,4.3115,1.2938,0.9493,10,
zf,R402,beats_iter3_plus_as2m_speed0p125,9,0,6.5374,4.3828,2.1547,1.106,10,
zf,R402,beats_iter3_plus_as2m_speed0p125,10,0,6.7376,4.4393,2.2983,0.9989,10,
zf,R402,beats_iter3_plus_as2m_speed0p25,8,0,8.7541,7.6143,1.1398,1.0346,10,
zf,R402,beats_iter3_plus_as2m_speed0p25,9,0,8.9612,7.799,1.1622,0.9582,10,
zf,R402,beats_iter3_plus_as2m_speed0p5,8,0,19.7516,16.4185,3.3332,2.6257,10,
zf,R402,birdaves_biox_base,3,0,6.5506,4.1465,2.4041,0.6918,10,
zf,R402,birdaves_biox_base,3,1,35.8656,8.9678,26.8978,9.2052,10,
zf,R402,birdaves_biox_base,3,5,13.6536,6.8815,6.7721,2.1429,10,
zf,R402,birdaves_biox_base,3,10,9.391,5.5551,3.8359,0.222,10,
zf,R402,birdaves_biox_base,3,20,6.8523,5.0193,1.833,0.7428,10,
zf,R402,birdaves_biox_base,3,50,5.6455,3.9887,1.6568,1.0352,10,
zf,R402,birdaves_biox_base,3,100,6.6122,4.2167,2.3955,0.6698,10,
zf,R402,birdaves_biox_base,7,0,6.0093,4.3509,1.6584,0.6374,10,
zf,R402,birdaves_biox_base,7,1,39.8977,9.2076,30.6902,8.9161,10,
zf,R402,birdaves_biox_base,7,5,14.6892,6.5593,8.1299,3.3384,10,
zf,R402,birdaves_biox_base,7,10,9.3611,5.5559,3.8051,0.6857,10,
zf,R402,birdaves_biox_base,7,20,6.9505,4.4382,2.5123,0.9649,10,
zf,R402,birdaves_biox_base,7,50,6.2251,4.0923,2.1327,0.7032,10,
zf,R402,birdaves_biox_base,7,100,6.0734,4.36,1.7135,0.7546,10,
zf,R402,birdaves_biox_base_speed0p25,3,0,4.7896,2.1796,2.6101,1.0586,10,
zf,R402,birdaves_biox_base_speed0p25,3,1,29.1707,8.1594,21.0112,8.773,10,
zf,R402,birdaves_biox_base_speed0p25,3,5,10.9337,5.0185,5.9153,3.6878,10,
zf,R402,birdaves_biox_base_speed0p25,3,10,7.3288,3.6264,3.7024,1.5572,10,
zf,R402,birdaves_biox_base_speed0p25,3,20,5.4691,2.5181,2.951,1.1897,10,
zf,R402,birdaves_biox_base_speed0p25,3,50,5.096,2.3372,2.7588,1.1783,10,
zf,R402,birdaves_biox_base_speed0p25,3,100,4.8346,2.0926,2.742,1.091,10,
zf,R402,birdaves_biox_base_speed0p25,4,0,5.113,2.1309,2.9821,1.6265,10,
zf,R402,birdaves_biox_base_speed0p25,4,1,29.1796,8.1484,21.0312,9.7528,10,
zf,R402,birdaves_biox_base_speed0p25,4,5,10.9179,5.2386,5.6793,3.8808,10,
zf,R402,birdaves_biox_base_speed0p25,4,10,7.2564,3.6652,3.5912,1.6009,10,
zf,R402,birdaves_biox_base_speed0p25,4,20,5.5451,2.5233,3.0218,1.4113,10,
zf,R402,birdaves_biox_base_speed0p25,4,50,5.34,2.288,3.052,1.616,10,
zf,R402,birdaves_biox_base_speed0p25,4,100,5.2009,2.1367,3.0642,1.6764,10,
zf,R402,birdaves_biox_base_speed0p5,3,0,4.6525,2.7754,1.8772,0.6746,10,
zf,R402,birdaves_biox_base_speed0p5,3,1,30.3401,8.6502,21.6899,9.0844,10,
zf,R402,birdaves_biox_base_speed0p5,3,5,11.0107,6.0988,4.9119,3.2394,10,
zf,R402,birdaves_biox_base_speed0p5,3,10,7.477,4.4785,2.9985,1.5198,10,
zf,R402,birdaves_biox_base_speed0p5,3,20,5.4345,3.2897,2.1448,0.8628,10,
zf,R402,birdaves_biox_base_speed0p5,3,50,4.7056,2.966,1.7396,0.749,10,
zf,R402,birdaves_biox_base_speed0p5,3,100,4.756,2.8541,1.9019,0.7785,10,
zf,R402,birdaves_biox_base_speed0p5,6,0,5.1329,2.7007,2.4322,1.201,10,
zf,R402,birdaves_biox_base_speed0p5,6,1,35.4413,9.486,25.9553,10.9758,10,
zf,R402,birdaves_biox_base_speed0p5,6,5,12.8595,6.7923,6.0672,4.2546,10,
zf,R402,birdaves_biox_base_speed0p5,6,10,8.5931,4.7795,3.8136,1.408,10,
zf,R402,birdaves_biox_base_speed0p5,6,20,5.9512,3.3967,2.5544,1.3001,10,
zf,R402,birdaves_biox_base_speed0p5,6,50,5.4922,3.0056,2.4866,1.2962,10,
zf,R402,birdaves_biox_base_speed0p5,6,100,5.2877,2.838,2.4497,1.2971,10,
zf,R402,birdmae_base_speed0p03125,10,0,10.3738,2.1349,8.2389,1.4144,10,
zf,R402,birdmae_base_speed0p0625,9,0,10.0578,3.3475,6.7102,2.1209,10,
zf,R402,birdmae_base_speed0p0625,10,0,8.8037,3.437,5.3667,1.7055,10,
zf,R402,birdmae_base_speed0p125,9,0,8.4998,4.3393,4.1605,1.3651,10,
zf,R402,birdmae_base_speed0p125,10,0,8.647,4.4173,4.2297,1.3068,10,
zf,R402,birdmae_base_speed0p25,9,0,9.2669,7.8929,1.374,0.8618,10,
zf,R402,birdmae_base_speed0p25,10,0,9.404,8.2045,1.1996,0.4102,10,
zf,R402,birdmae_base_speed0p5,9,0,19.6472,16.5861,3.0611,1.902,10,
zf,R402,birdmae_base_speed0p5,10,0,19.8347,16.8106,3.0241,2.0305,10,
zf,R402,birdmae_base_speed1,8,0,46.2957,29.1299,17.1657,0.9548,10,
zf,R402,birdmae_base_speed1,10,0,44.0112,26.6538,17.3573,3.6102,10,
zf,R402,hubert_base_ls960,0,0,6.5537,4.1387,2.415,0.79,10,
zf,R402,hubert_base_ls960,0,1,44.7061,10.8999,33.8063,7.0147,10,
zf,R402,hubert_base_ls960,0,5,18.5929,7.3751,11.2179,1.9024,10,
zf,R402,hubert_base_ls960,0,10,11.2908,6.2622,5.0286,0.9941,10,
zf,R402,hubert_base_ls960,0,20,8.1891,5.1232,3.0659,0.6899,10,
zf,R402,hubert_base_ls960,0,50,6.9506,4.3869,2.5636,0.7081,10,
zf,R402,hubert_base_ls960,0,100,6.7759,4.2324,2.5435,0.7149,10,
zf,R402,hubert_base_ls960,3,0,7.5675,4.1684,3.3991,1.2811,10,
zf,R402,hubert_base_ls960,3,1,45.4967,12.0538,33.4429,8.7429,10,
zf,R402,hubert_base_ls960,3,5,18.7921,7.684,11.1081,1.9223,10,
zf,R402,hubert_base_ls960,3,10,12.5617,6.0071,6.5546,0.9605,10,
zf,R402,hubert_base_ls960,3,20,9.0478,4.7375,4.3104,0.3334,10,
zf,R402,hubert_base_ls960,3,50,7.7147,4.4552,3.2595,1.3179,10,
zf,R402,hubert_base_ls960,3,100,7.4755,3.9958,3.4797,1.2197,10,
zf,R402,xcl_base_500k_p32x1_c005,5,0,3.6708,2.2746,1.3962,1.2001,10,
zf,R402,xcl_base_500k_p32x4_c010,3,0,4.972,3.9916,0.9804,1.2246,10,
zf,R402,xcl_base_500k_p32x4_c010,4,0,4.901,3.9454,0.9557,1.2396,10,
zf,R402,xcl_large_500k_p32x1_c005,11,0,4.1069,2.2119,1.895,1.1852,10,
zf,R402,xcl_large_500k_p32x1_c005,11,1,37.4604,9.2529,28.2075,5.4419,10,
zf,R402,xcl_large_500k_p32x1_c005,11,5,12.2486,6.4408,5.8078,3.9564,10,
zf,R402,xcl_large_500k_p32x1_c005,11,10,6.2407,4.0399,2.2008,0.7425,10,
zf,R402,xcl_large_500k_p32x1_c005,11,20,4.0893,2.7892,1.3001,1.0501,10,
zf,R402,xcl_large_500k_p32x1_c005,11,50,3.9505,2.3981,1.5524,0.9206,10,
zf,R402,xcl_large_500k_p32x1_c005,11,100,3.9642,2.2362,1.728,1.0563,10,
zf,R402,xcl_large_500k_p32x4_c0025,9,0,4.8698,3.9049,0.9648,1.257,10,
zf,R402,xcl_large_500k_p32x4_c010,10,0,6.2999,3.9173,2.3826,0.5257,10,
zf,R402,xcl_large_500k_p32x4_c010,10,1,41.984,10.3353,31.6486,5.4306,10,
zf,R402,xcl_large_500k_p32x4_c010,10,5,16.0427,7.2072,8.8355,4.512,10,
zf,R402,xcl_large_500k_p32x4_c010,10,10,8.5592,5.5751,2.9841,1.3429,10,
zf,R402,xcl_large_500k_p32x4_c010,10,20,6.4885,4.725,1.7635,1.0467,10,
zf,R402,xcl_large_500k_p32x4_c010,10,50,5.7154,4.4727,1.2427,1.029,10,
zf,R402,xcl_large_500k_p32x4_c010,10,100,5.64,3.926,1.714,1.0085,10,
zf,R402,xcl_micro_500k_p32x1_c005,4,0,3.965,2.2429,1.7221,0.8597,10,
zf,R402,xcl_micro_500k_p32x1_c005,5,0,4.6764,2.3095,2.3669,1.3181,10,
zf,R402,xcl_micro_500k_p32x4_c010,3,0,5.0298,3.9208,1.109,1.2938,10,
zf,R425,beats_iter3_plus_as2m,5,0,42.0284,26.1244,15.904,1.5033,10,
zf,R425,beats_iter3_plus_as2m,7,0,40.4794,24.1251,16.3544,1.8352,10,
zf,R425,beats_iter3_plus_as2m,8,0,40.346,23.8586,16.4874,1.7434,10,
zf,R425,beats_iter3_plus_as2m_speed0p03125,10,0,7.8568,1.898,5.9588,0.293,10,
zf,R425,beats_iter3_plus_as2m_speed0p03125,11,0,8.4717,1.8849,6.5868,0.6273,10,
zf,R425,beats_iter3_plus_as2m_speed0p0625,8,0,6.6109,3.0871,3.5238,0.0411,10,
zf,R425,beats_iter3_plus_as2m_speed0p0625,10,0,6.9082,3.0508,3.8575,0.5517,10,
zf,R425,beats_iter3_plus_as2m_speed0p125,8,0,5.864,4.7737,1.0903,0.2683,10,
zf,R425,beats_iter3_plus_as2m_speed0p125,9,0,6.0458,4.8022,1.2436,0.3642,10,
zf,R425,beats_iter3_plus_as2m_speed0p125,10,0,6.073,4.9071,1.1659,0.3194,10,
zf,R425,beats_iter3_plus_as2m_speed0p25,8,0,10.6663,9.4769,1.1894,0.4196,10,
zf,R425,beats_iter3_plus_as2m_speed0p25,9,0,10.5493,9.6904,0.8589,0.2149,10,
zf,R425,beats_iter3_plus_as2m_speed0p5,8,0,19.2132,15.8069,3.4064,1.1012,10,
zf,R425,birdaves_biox_base,3,0,6.3663,4.1265,2.2398,1.307,10,
zf,R425,birdaves_biox_base,3,1,50.5702,10.4074,40.1628,2.624,10,
zf,R425,birdaves_biox_base,3,5,19.0119,6.4861,12.5258,2.2063,10,
zf,R425,birdaves_biox_base,3,10,13.356,5.4093,7.9467,1.2894,10,
zf,R425,birdaves_biox_base,3,20,7.8765,4.7844,3.0921,0.6158,10,
zf,R425,birdaves_biox_base,3,50,7.0695,4.5217,2.5477,1.1672,10,
zf,R425,birdaves_biox_base,3,100,6.7039,4.3644,2.3396,1.2858,10,
zf,R425,birdaves_biox_base,7,0,6.1055,4.0449,2.0605,1.3118,10,
zf,R425,birdaves_biox_base,7,1,50.0332,10.296,39.7372,1.8601,10,
zf,R425,birdaves_biox_base,7,5,19.3617,6.1257,13.236,0.1704,10,
zf,R425,birdaves_biox_base,7,10,13.0434,5.5628,7.4806,0.8753,10,
zf,R425,birdaves_biox_base,7,20,7.5605,4.7578,2.8027,0.5009,10,
zf,R425,birdaves_biox_base,7,50,6.8148,4.4926,2.3222,0.9763,10,
zf,R425,birdaves_biox_base,7,100,6.4582,4.3,2.1582,1.2467,10,
zf,R425,birdaves_biox_base_speed0p25,3,0,7.4939,1.9046,5.5893,1.6593,10,
zf,R425,birdaves_biox_base_speed0p25,3,1,45.006,8.8358,36.1702,4.2555,10,
zf,R425,birdaves_biox_base_speed0p25,3,5,19.9292,3.8149,16.1143,2.8009,10,
zf,R425,birdaves_biox_base_speed0p25,3,10,14.4344,2.8525,11.5819,1.3795,10,
zf,R425,birdaves_biox_base_speed0p25,3,20,9.4401,2.1092,7.3308,0.9062,10,
zf,R425,birdaves_biox_base_speed0p25,3,50,8.2009,1.8651,6.3358,1.4369,10,
zf,R425,birdaves_biox_base_speed0p25,3,100,7.5508,1.8014,5.7494,1.4783,10,
zf,R425,birdaves_biox_base_speed0p25,4,0,7.0249,1.8857,5.1392,1.4841,10,
zf,R425,birdaves_biox_base_speed0p25,4,1,44.9377,8.6292,36.3085,5.2505,10,
zf,R425,birdaves_biox_base_speed0p25,4,5,19.4661,3.9072,15.5589,3.5031,10,
zf,R425,birdaves_biox_base_speed0p25,4,10,14.1731,2.8762,11.2969,1.1481,10,
zf,R425,birdaves_biox_base_speed0p25,4,20,8.8217,2.1179,6.7038,0.5912,10,
zf,R425,birdaves_biox_base_speed0p25,4,50,7.449,1.8108,5.6382,1.2074,10,
zf,R425,birdaves_biox_base_speed0p25,4,100,7.0022,1.8019,5.2003,1.3583,10,
zf,R425,birdaves_biox_base_speed0p5,3,0,5.3073,2.4724,2.835,1.4932,10,
zf,R425,birdaves_biox_base_speed0p5,3,1,41.8344,8.4131,33.4213,3.3925,10,
zf,R425,birdaves_biox_base_speed0p5,3,5,16.6876,4.7982,11.8894,2.2141,10,
zf,R425,birdaves_biox_base_speed0p5,3,10,11.3286,3.6886,7.64,0.1062,10,
zf,R425,birdaves_biox_base_speed0p5,3,20,6.8217,3.2414,3.5802,1.0936,10,
zf,R425,birdaves_biox_base_speed0p5,3,50,5.7955,2.7228,3.0727,1.3626,10,
zf,R425,birdaves_biox_base_speed0p5,3,100,5.4634,2.496,2.9673,1.5759,10,
zf,R425,birdaves_biox_base_speed0p5,6,0,5.0182,2.5089,2.5094,1.4192,10,
zf,R425,birdaves_biox_base_speed0p5,6,1,43.524,9.7416,33.7824,2.8096,10,
zf,R425,birdaves_biox_base_speed0p5,6,5,16.5529,5.1311,11.4218,1.5544,10,
zf,R425,birdaves_biox_base_speed0p5,6,10,11.2657,3.9777,7.288,0.4082,10,
zf,R425,birdaves_biox_base_speed0p5,6,20,6.287,3.0676,3.2194,0.9849,10,
zf,R425,birdaves_biox_base_speed0p5,6,50,5.2323,2.6667,2.5657,1.3701,10,
zf,R425,birdaves_biox_base_speed0p5,6,100,5.0985,2.5429,2.5556,1.3791,10,
zf,R425,birdmae_base_speed0p03125,10,0,10.6109,1.6454,8.9655,0.462,10,
zf,R425,birdmae_base_speed0p0625,9,0,9.4077,2.8222,6.5855,0.5659,10,
zf,R425,birdmae_base_speed0p0625,10,0,9.4537,2.7999,6.6537,1.0106,10,
zf,R425,birdmae_base_speed0p125,9,0,7.2713,4.4659,2.8054,0.2072,10,
zf,R425,birdmae_base_speed0p125,10,0,7.5994,4.4941,3.1053,0.0957,10,
zf,R425,birdmae_base_speed0p25,9,0,11.0901,9.2605,1.8296,0.0914,10,
zf,R425,birdmae_base_speed0p25,10,0,11.4182,9.225,2.1932,0.343,10,
zf,R425,birdmae_base_speed0p5,9,0,17.3117,15.0883,2.2234,1.1645,10,
zf,R425,birdmae_base_speed0p5,10,0,17.5106,15.2292,2.2815,1.2033,10,
zf,R425,birdmae_base_speed1,8,0,38.6878,26.1706,12.5172,2.3201,10,
zf,R425,birdmae_base_speed1,10,0,38.3498,25.7647,12.585,2.3464,10,
zf,R425,hubert_base_ls960,0,0,7.0754,4.134,2.9414,1.0698,10,
zf,R425,hubert_base_ls960,0,1,55.953,11.7113,44.2417,1.2634,10,
zf,R425,hubert_base_ls960,0,5,25.1076,7.5007,17.6069,0.7458,10,
zf,R425,hubert_base_ls960,0,10,16.7757,6.4347,10.341,1.1429,10,
zf,R425,hubert_base_ls960,0,20,9.6031,5.2475,4.3556,0.4281,10,
zf,R425,hubert_base_ls960,0,50,7.7635,4.816,2.9475,1.1371,10,
zf,R425,hubert_base_ls960,0,100,7.3003,4.5076,2.7927,1.0418,10,
zf,R425,hubert_base_ls960,3,0,7.4047,4.1326,3.2721,1.175,10,
zf,R425,hubert_base_ls960,3,1,57.6327,11.0923,46.5404,1.9375,10,
zf,R425,hubert_base_ls960,3,5,29.3138,7.4202,21.8936,2.2755,10,
zf,R425,hubert_base_ls960,3,10,19.2367,6.3306,12.9062,0.6906,10,
zf,R425,hubert_base_ls960,3,20,11.4824,5.293,6.1895,0.7289,10,
zf,R425,hubert_base_ls960,3,50,8.4224,4.7073,3.7151,0.9737,10,
zf,R425,hubert_base_ls960,3,100,7.6975,4.4684,3.229,1.0579,10,
zf,R425,xcl_base_500k_p32x1_c005,5,0,3.521,1.9944,1.5266,0.7432,10,
zf,R425,xcl_base_500k_p32x4_c010,3,0,5.9817,4.6701,1.3116,0.3618,10,
zf,R425,xcl_base_500k_p32x4_c010,4,0,6.262,4.688,1.574,0.5935,10,
zf,R425,xcl_large_500k_p32x1_c005,11,0,3.6917,2.0561,1.6356,0.8064,10,
zf,R425,xcl_large_500k_p32x1_c005,11,1,48.9575,10.9145,38.043,3.9258,10,
zf,R425,xcl_large_500k_p32x1_c005,11,5,15.5059,5.0847,10.4211,0.9269,10,
zf,R425,xcl_large_500k_p32x1_c005,11,10,8.0563,2.9889,5.0674,0.5385,10,
zf,R425,xcl_large_500k_p32x1_c005,11,20,4.7586,2.4158,2.3428,0.5771,10,
zf,R425,xcl_large_500k_p32x1_c005,11,50,4.0075,2.1234,1.8841,0.668,10,
zf,R425,xcl_large_500k_p32x1_c005,11,100,3.7996,2.0957,1.7039,0.7413,10,
zf,R425,xcl_large_500k_p32x4_c0025,9,0,6.1336,4.6327,1.5009,0.6266,10,
zf,R425,xcl_large_500k_p32x4_c010,10,0,5.7179,4.5402,1.1777,0.4361,10,
zf,R425,xcl_large_500k_p32x4_c010,10,1,53.406,12.4168,40.9892,1.7744,10,
zf,R425,xcl_large_500k_p32x4_c010,10,5,20.7826,7.7395,13.0432,0.5778,10,
zf,R425,xcl_large_500k_p32x4_c010,10,10,11.6287,5.9249,5.7037,1.4915,10,
zf,R425,xcl_large_500k_p32x4_c010,10,20,6.6023,4.8494,1.7529,0.1838,10,
zf,R425,xcl_large_500k_p32x4_c010,10,50,6.4005,4.9539,1.4466,0.54,10,
zf,R425,xcl_large_500k_p32x4_c010,10,100,5.8417,4.6439,1.1978,0.5114,10,
zf,R425,xcl_micro_500k_p32x1_c005,4,0,4.6637,2.0151,2.6486,0.6209,10,
zf,R425,xcl_micro_500k_p32x1_c005,5,0,4.9574,2.0156,2.9418,0.941,10,
zf,R425,xcl_micro_500k_p32x4_c010,3,0,6.6642,4.7066,1.9577,0.6637,10,
zf,R469,beats_iter3_plus_as2m,5,0,41.3859,32.6669,8.719,0.6351,8,
zf,R469,beats_iter3_plus_as2m,7,0,40.9214,32.064,8.8574,0.1923,8,
zf,R469,beats_iter3_plus_as2m,8,0,40.8888,31.5191,9.3697,0.2912,8,
zf,R469,beats_iter3_plus_as2m_speed0p03125,10,0,6.733,2.2531,4.4798,0.445,8,
zf,R469,beats_iter3_plus_as2m_speed0p03125,11,0,6.4019,2.3209,4.081,0.9421,8,
zf,R469,beats_iter3_plus_as2m_speed0p0625,8,0,4.676,3.0848,1.5912,0.1684,8,
zf,R469,beats_iter3_plus_as2m_speed0p0625,10,0,5.4718,3.0975,2.3744,0.5937,8,
zf,R469,beats_iter3_plus_as2m_speed0p125,8,0,5.8209,4.5167,1.3042,0.5778,8,
zf,R469,beats_iter3_plus_as2m_speed0p125,9,0,6.0569,4.5118,1.5451,0.4019,8,
zf,R469,beats_iter3_plus_as2m_speed0p125,10,0,5.7833,4.481,1.3023,0.5392,8,
zf,R469,beats_iter3_plus_as2m_speed0p25,8,0,10.0001,9.2351,0.7649,1.6283,8,
zf,R469,beats_iter3_plus_as2m_speed0p25,9,0,10.1893,9.1292,1.0601,1.49,8,
zf,R469,beats_iter3_plus_as2m_speed0p5,8,0,21.2535,19.4687,1.7848,2.0732,8,
zf,R469,birdaves_biox_base,3,0,4.9504,4.003,0.9474,0.6801,8,
zf,R469,birdaves_biox_base,3,1,46.4385,12.813,33.6255,2.6555,8,
zf,R469,birdaves_biox_base,3,5,19.1666,8.2158,10.9509,1.6544,8,
zf,R469,birdaves_biox_base,3,10,11.2717,6.2387,5.0329,0.5134,8,
zf,R469,birdaves_biox_base,3,20,7.1949,4.9623,2.2326,1.0386,8,
zf,R469,birdaves_biox_base,3,50,5.7023,4.3426,1.3596,0.6815,8,
zf,R469,birdaves_biox_base,3,100,5.1913,4.0787,1.1125,0.7208,8,
zf,R469,birdaves_biox_base,7,0,5.3587,4.345,1.0137,0.5102,8,
zf,R469,birdaves_biox_base,7,1,47.8942,12.578,35.3162,3.528,8,
zf,R469,birdaves_biox_base,7,5,20.2414,8.4997,11.7417,0.7692,8,
zf,R469,birdaves_biox_base,7,10,10.8753,5.7928,5.0825,1.6818,8,
zf,R469,birdaves_biox_base,7,20,7.2472,5.3153,1.9319,0.7703,8,
zf,R469,birdaves_biox_base,7,50,5.5991,4.8226,0.7765,0.847,8,
zf,R469,birdaves_biox_base,7,100,5.2206,4.4838,0.7368,0.6489,8,
zf,R469,birdaves_biox_base_speed0p25,3,0,4.4325,2.1081,2.3244,0.4085,8,
zf,R469,birdaves_biox_base_speed0p25,3,1,41.9228,10.4949,31.4279,2.901,8,
zf,R469,birdaves_biox_base_speed0p25,3,5,13.8078,3.9769,9.8309,1.4994,8,
zf,R469,birdaves_biox_base_speed0p25,3,10,8.4607,3.1349,5.3257,0.2795,8,
zf,R469,birdaves_biox_base_speed0p25,3,20,5.3916,2.3671,3.0246,0.1438,8,
zf,R469,birdaves_biox_base_speed0p25,3,50,4.6919,2.0714,2.6204,0.1478,8,
zf,R469,birdaves_biox_base_speed0p25,3,100,4.4333,2.0959,2.3374,0.2799,8,
zf,R469,birdaves_biox_base_speed0p25,4,0,4.2746,2.1583,2.1163,0.5073,8,
zf,R469,birdaves_biox_base_speed0p25,4,1,41.8119,10.4431,31.3688,2.8358,8,
zf,R469,birdaves_biox_base_speed0p25,4,5,12.9859,3.7951,9.1908,1.0335,8,
zf,R469,birdaves_biox_base_speed0p25,4,10,7.956,3.195,4.761,0.2093,8,
zf,R469,birdaves_biox_base_speed0p25,4,20,5.4269,2.4683,2.9586,0.4171,8,
zf,R469,birdaves_biox_base_speed0p25,4,50,4.5192,2.133,2.3862,0.3069,8,
zf,R469,birdaves_biox_base_speed0p25,4,100,4.2372,2.117,2.1201,0.3396,8,
zf,R469,birdaves_biox_base_speed0p5,3,0,4.8025,2.6023,2.2001,0.5661,8,
zf,R469,birdaves_biox_base_speed0p5,3,1,41.3114,11.109,30.2024,1.8011,8,
zf,R469,birdaves_biox_base_speed0p5,3,5,13.0693,5.0533,8.0161,0.2877,8,
zf,R469,birdaves_biox_base_speed0p5,3,10,8.3748,3.787,4.5878,0.4282,8,
zf,R469,birdaves_biox_base_speed0p5,3,20,5.4735,3.0111,2.4624,0.4356,8,
zf,R469,birdaves_biox_base_speed0p5,3,50,4.6414,2.6444,1.997,0.3474,8,
zf,R469,birdaves_biox_base_speed0p5,3,100,4.671,2.5652,2.1058,0.5394,8,
zf,R469,birdaves_biox_base_speed0p5,6,0,3.853,2.7238,1.1293,0.4212,8,
zf,R469,birdaves_biox_base_speed0p5,6,1,39.9013,11.7397,28.1616,2.7695,8,
zf,R469,birdaves_biox_base_speed0p5,6,5,14.3907,6.0447,8.346,1.6388,8,
zf,R469,birdaves_biox_base_speed0p5,6,10,8.197,4.1869,4.0101,0.9863,8,
zf,R469,birdaves_biox_base_speed0p5,6,20,5.0005,3.1208,1.8797,0.562,8,
zf,R469,birdaves_biox_base_speed0p5,6,50,4.0397,2.795,1.2447,0.4194,8,
zf,R469,birdaves_biox_base_speed0p5,6,100,3.9497,2.7484,1.2013,0.4771,8,
zf,R469,birdmae_base_speed0p03125,10,0,7.741,2.1222,5.6188,0.5781,8,
zf,R469,birdmae_base_speed0p0625,9,0,6.8779,3.1675,3.7104,0.0139,8,
zf,R469,birdmae_base_speed0p0625,10,0,6.886,3.1133,3.7726,0.4087,8,
zf,R469,birdmae_base_speed0p125,9,0,6.5077,4.5787,1.9289,0.3865,8,
zf,R469,birdmae_base_speed0p125,10,0,6.4945,4.5736,1.9209,0.4532,8,
zf,R469,birdmae_base_speed0p25,9,0,9.7237,8.3823,1.3415,1.1346,8,
zf,R469,birdmae_base_speed0p25,10,0,9.7649,8.5172,1.2478,0.9176,8,
zf,R469,birdmae_base_speed0p5,9,0,20.7334,18.8855,1.8478,0.8043,8,
zf,R469,birdmae_base_speed0p5,10,0,20.5861,18.8003,1.7858,0.6737,8,
zf,R469,birdmae_base_speed1,8,0,36.7286,31.7849,4.9438,1.8938,8,
zf,R469,birdmae_base_speed1,10,0,36.1763,31.2631,4.9132,1.9059,8,
zf,R469,hubert_base_ls960,0,0,5.1797,4.277,0.9027,1.0305,8,
zf,R469,hubert_base_ls960,0,1,52.5236,13.2517,39.2719,3.8465,8,
zf,R469,hubert_base_ls960,0,5,20.3747,8.9859,11.3888,1.2474,8,
zf,R469,hubert_base_ls960,0,10,11.0816,6.2851,4.7965,0.8603,8,
zf,R469,hubert_base_ls960,0,20,7.6566,5.1496,2.5071,1.0019,8,
zf,R469,hubert_base_ls960,0,50,5.973,4.6907,1.2823,1.0862,8,
zf,R469,hubert_base_ls960,0,100,5.4885,4.4242,1.0643,0.9971,8,
zf,R469,hubert_base_ls960,3,0,5.5577,4.2569,1.3008,0.7608,8,
zf,R469,hubert_base_ls960,3,1,53.292,14.0706,39.2213,2.9509,8,
zf,R469,hubert_base_ls960,3,5,22.043,8.9087,13.1344,1.0281,8,
zf,R469,hubert_base_ls960,3,10,12.34,6.3107,6.0293,0.763,8,
zf,R469,hubert_base_ls960,3,20,8.358,5.3051,3.0529,1.4941,8,
zf,R469,hubert_base_ls960,3,50,6.4243,4.8257,1.5985,0.7043,8,
zf,R469,hubert_base_ls960,3,100,5.8088,4.41,1.3989,0.8131,8,
zf,R469,xcl_base_500k_p32x1_c005,5,0,3.6322,2.2844,1.3477,0.7966,8,
zf,R469,xcl_base_500k_p32x4_c010,3,0,5.345,4.2039,1.1411,0.659,8,
zf,R469,xcl_base_500k_p32x4_c010,4,0,5.3794,4.2713,1.1081,0.6114,8,
zf,R469,xcl_large_500k_p32x1_c005,11,0,3.2622,2.3421,0.92,0.5656,8,
zf,R469,xcl_large_500k_p32x1_c005,11,1,47.1443,16.4351,30.7092,1.2236,8,
zf,R469,xcl_large_500k_p32x1_c005,11,5,13.6101,5.9812,7.6289,2.6766,8,
zf,R469,xcl_large_500k_p32x1_c005,11,10,5.9881,3.892,2.0961,0.1991,8,
zf,R469,xcl_large_500k_p32x1_c005,11,20,3.9149,2.8832,1.0318,0.5639,8,
zf,R469,xcl_large_500k_p32x1_c005,11,50,3.3775,2.482,0.8955,0.5716,8,
zf,R469,xcl_large_500k_p32x1_c005,11,100,3.3502,2.4054,0.9448,0.6301,8,
zf,R469,xcl_large_500k_p32x4_c0025,9,0,5.3605,4.2474,1.1131,0.7677,8,
zf,R469,xcl_large_500k_p32x4_c010,10,0,5.5465,4.3728,1.1737,0.857,8,
zf,R469,xcl_large_500k_p32x4_c010,10,1,51.2617,16.3052,34.9565,1.0156,8,
zf,R469,xcl_large_500k_p32x4_c010,10,5,19.2852,8.452,10.8331,0.9185,8,
zf,R469,xcl_large_500k_p32x4_c010,10,10,10.1603,6.0312,4.1291,0.9351,8,
zf,R469,xcl_large_500k_p32x4_c010,10,20,6.9611,5.0159,1.9451,0.43,8,
zf,R469,xcl_large_500k_p32x4_c010,10,50,5.7436,4.3999,1.3437,0.3819,8,
zf,R469,xcl_large_500k_p32x4_c010,10,100,5.4279,4.1407,1.2871,0.3931,8,
zf,R469,xcl_micro_500k_p32x1_c005,4,0,4.8229,2.4053,2.4176,0.7222,8,
zf,R469,xcl_micro_500k_p32x1_c005,5,0,4.9247,2.3619,2.5627,0.5962,8,
zf,R469,xcl_micro_500k_p32x4_c010,3,0,5.4742,4.3715,1.1027,1.2621,8,
zf,S132,beats_iter3_plus_as2m,5,0,40.8684,39.477,1.3914,0.6872,5,
zf,S132,beats_iter3_plus_as2m,7,0,40.2501,38.6664,1.5837,0.8801,5,
zf,S132,beats_iter3_plus_as2m,8,0,40.2396,38.7027,1.5369,0.1125,5,
zf,S132,beats_iter3_plus_as2m_speed0p03125,10,0,4.9322,3.0234,1.9087,0.1814,5,
zf,S132,beats_iter3_plus_as2m_speed0p03125,11,0,4.9218,3.0235,1.8984,0.1444,5,
zf,S132,beats_iter3_plus_as2m_speed0p0625,8,0,5.5652,3.8601,1.7051,0.0758,5,
zf,S132,beats_iter3_plus_as2m_speed0p0625,10,0,5.571,3.7711,1.7999,0.3745,5,
zf,S132,beats_iter3_plus_as2m_speed0p125,8,0,6.1604,5.0732,1.0873,0.1427,5,
zf,S132,beats_iter3_plus_as2m_speed0p125,9,0,6.3998,5.142,1.2579,0.2679,5,
zf,S132,beats_iter3_plus_as2m_speed0p125,10,0,6.3155,5.0545,1.2609,0.0463,5,
zf,S132,beats_iter3_plus_as2m_speed0p25,8,0,9.7783,9.0918,0.6865,0.1138,5,
zf,S132,beats_iter3_plus_as2m_speed0p25,9,0,9.7987,9.2285,0.5703,0.2751,5,
zf,S132,beats_iter3_plus_as2m_speed0p5,8,0,17.1237,16.7627,0.3609,0.0898,5,
zf,S132,birdaves_biox_base,3,0,5.1997,4.6648,0.5349,0.2808,5,
zf,S132,birdaves_biox_base,3,1,61.0183,18.9339,42.0844,2.8976,5,
zf,S132,birdaves_biox_base,3,5,31.2253,12.8849,18.3403,4.1023,5,
zf,S132,birdaves_biox_base,3,10,18.4272,10.1903,8.2369,2.197,5,
zf,S132,birdaves_biox_base,3,20,9.9585,6.3837,3.5748,1.5612,5,
zf,S132,birdaves_biox_base,3,50,5.9206,4.9164,1.0042,0.2414,5,
zf,S132,birdaves_biox_base,3,100,5.2867,4.7626,0.5241,0.1523,5,
zf,S132,birdaves_biox_base,7,0,5.3873,4.7017,0.6856,0.0861,5,
zf,S132,birdaves_biox_base,7,1,61.7665,19.2725,42.4941,2.7987,5,
zf,S132,birdaves_biox_base,7,5,32.2527,13.1381,19.1146,3.2054,5,
zf,S132,birdaves_biox_base,7,10,18.6396,9.7784,8.8612,1.9802,5,
zf,S132,birdaves_biox_base,7,20,10.209,6.3286,3.8804,1.7668,5,
zf,S132,birdaves_biox_base,7,50,6.2965,4.9776,1.319,0.0844,5,
zf,S132,birdaves_biox_base,7,100,5.5903,4.7505,0.8397,0.0553,5,
zf,S132,birdaves_biox_base_speed0p25,3,0,5.3759,2.9601,2.4158,0.0582,5,
zf,S132,birdaves_biox_base_speed0p25,3,1,51.9938,17.6183,34.3756,3.9426,5,
zf,S132,birdaves_biox_base_speed0p25,3,5,22.0319,8.4612,13.5706,2.3972,5,
zf,S132,birdaves_biox_base_speed0p25,3,10,12.8523,5.7928,7.0595,2.0884,5,
zf,S132,birdaves_biox_base_speed0p25,3,20,7.7197,3.7663,3.9534,0.673,5,
zf,S132,birdaves_biox_base_speed0p25,3,50,6.1031,3.2373,2.8658,0.2673,5,
zf,S132,birdaves_biox_base_speed0p25,3,100,5.5364,3.0485,2.4879,0.2393,5,
zf,S132,birdaves_biox_base_speed0p25,4,0,5.3985,2.9542,2.4443,0.0933,5,
zf,S132,birdaves_biox_base_speed0p25,4,1,52.9781,18.2511,34.727,3.5836,5,
zf,S132,birdaves_biox_base_speed0p25,4,5,21.5967,8.963,12.6337,1.8188,5,
zf,S132,birdaves_biox_base_speed0p25,4,10,12.4993,5.7195,6.7797,1.678,5,
zf,S132,birdaves_biox_base_speed0p25,4,20,7.9649,4.0753,3.8896,1.0249,5,
zf,S132,birdaves_biox_base_speed0p25,4,50,6.0985,3.2656,2.8329,0.2719,5,
zf,S132,birdaves_biox_base_speed0p25,4,100,5.6646,3.0546,2.61,0.1332,5,
zf,S132,birdaves_biox_base_speed0p5,3,0,4.321,3.3575,0.9635,0.6214,5,
zf,S132,birdaves_biox_base_speed0p5,3,1,55.0606,18.66,36.4005,4.801,5,
zf,S132,birdaves_biox_base_speed0p5,3,5,27.1693,11.1425,16.0267,2.1759,5,
zf,S132,birdaves_biox_base_speed0p5,3,10,13.3018,7.3903,5.9115,1.3012,5,
zf,S132,birdaves_biox_base_speed0p5,3,20,7.6892,4.8422,2.847,1.8295,5,
zf,S132,birdaves_biox_base_speed0p5,3,50,5.233,3.8108,1.4222,0.2713,5,
zf,S132,birdaves_biox_base_speed0p5,3,100,4.4247,3.5007,0.924,0.4652,5,
zf,S132,birdaves_biox_base_speed0p5,6,0,4.3215,3.4123,0.9092,0.2142,5,
zf,S132,birdaves_biox_base_speed0p5,6,1,58.4473,18.7034,39.7439,2.9214,5,
zf,S132,birdaves_biox_base_speed0p5,6,5,27.6659,11.4244,16.2415,2.2142,5,
zf,S132,birdaves_biox_base_speed0p5,6,10,14.6461,8.1419,6.5042,1.4045,5,
zf,S132,birdaves_biox_base_speed0p5,6,20,8.087,4.9622,3.1247,1.3834,5,
zf,S132,birdaves_biox_base_speed0p5,6,50,5.1057,3.8492,1.2564,0.2171,5,
zf,S132,birdaves_biox_base_speed0p5,6,100,4.6086,3.584,1.0247,0.096,5,
zf,S132,birdmae_base_speed0p03125,10,0,5.5241,2.6304,2.8937,0.2603,5,
zf,S132,birdmae_base_speed0p0625,9,0,5.6107,3.528,2.0827,0.1657,5,
zf,S132,birdmae_base_speed0p0625,10,0,5.5489,3.4958,2.0532,0.2338,5,
zf,S132,birdmae_base_speed0p125,9,0,6.0506,4.9458,1.1049,0.219,5,
zf,S132,birdmae_base_speed0p125,10,0,5.9825,4.9539,1.0286,0.1963,5,
zf,S132,birdmae_base_speed0p25,9,0,9.6873,9.0761,0.6113,0.364,5,
zf,S132,birdmae_base_speed0p25,10,0,9.7278,9.1268,0.6009,0.1673,5,
zf,S132,birdmae_base_speed0p5,9,0,17.2168,16.554,0.6627,0.196,5,
zf,S132,birdmae_base_speed0p5,10,0,16.8854,16.525,0.3604,0.2967,5,
zf,S132,birdmae_base_speed1,8,0,39.6144,38.2582,1.3562,1.0702,5,
zf,S132,birdmae_base_speed1,10,0,39.4214,38.0503,1.3711,0.852,5,
zf,S132,hubert_base_ls960,0,0,6.0566,4.7494,1.3072,0.376,5,
zf,S132,hubert_base_ls960,0,1,63.3954,19.7605,43.6349,3.2765,5,
zf,S132,hubert_base_ls960,0,5,33.4199,13.8653,19.5546,2.8831,5,
zf,S132,hubert_base_ls960,0,10,20.4505,10.9107,9.5398,4.3009,5,
zf,S132,hubert_base_ls960,0,20,12.2515,6.9894,5.2621,3.5882,5,
zf,S132,hubert_base_ls960,0,50,7.1369,4.9851,2.1518,0.8617,5,
zf,S132,hubert_base_ls960,0,100,6.2035,4.9201,1.2834,0.1807,5,
zf,S132,hubert_base_ls960,3,0,6.0017,4.864,1.1377,0.2308,5,
zf,S132,hubert_base_ls960,3,1,64.4052,19.3588,45.0465,4.6136,5,
zf,S132,hubert_base_ls960,3,5,34.8588,14.143,20.7157,2.0903,5,
zf,S132,hubert_base_ls960,3,10,22.2478,11.2641,10.9837,2.8505,5,
zf,S132,hubert_base_ls960,3,20,13.0029,6.6257,6.3772,1.5632,5,
zf,S132,hubert_base_ls960,3,50,8.3216,5.2594,3.0623,0.0546,5,
zf,S132,hubert_base_ls960,3,100,6.6424,4.864,1.7784,0.1623,5,
zf,S132,xcl_base_500k_p32x1_c005,5,0,3.3389,3.0058,0.3331,0.3588,5,
zf,S132,xcl_base_500k_p32x4_c010,3,0,5.4783,5.1873,0.291,0.3341,5,
zf,S132,xcl_base_500k_p32x4_c010,4,0,5.6318,5.2194,0.4124,0.4068,5,
zf,S132,xcl_large_500k_p32x1_c005,11,0,3.329,3.039,0.29,0.2218,5,
zf,S132,xcl_large_500k_p32x1_c005,11,1,62.6048,18.6755,43.9292,4.6943,5,
zf,S132,xcl_large_500k_p32x1_c005,11,5,25.8862,9.1174,16.7688,2.9447,5,
zf,S132,xcl_large_500k_p32x1_c005,11,10,11.4664,5.8922,5.5742,2.2354,5,
zf,S132,xcl_large_500k_p32x1_c005,11,20,6.2463,3.8459,2.4004,0.827,5,
zf,S132,xcl_large_500k_p32x1_c005,11,50,3.8009,3.3387,0.4622,0.1449,5,
zf,S132,xcl_large_500k_p32x1_c005,11,100,3.3478,3.0775,0.2703,0.2659,5,
zf,S132,xcl_large_500k_p32x4_c0025,9,0,5.4584,5.2034,0.255,0.4356,5,
zf,S132,xcl_large_500k_p32x4_c010,10,0,5.238,4.9545,0.2836,0.5447,5,
zf,S132,xcl_large_500k_p32x4_c010,10,1,62.1774,19.789,42.3883,4.2267,5,
zf,S132,xcl_large_500k_p32x4_c010,10,5,32.2567,13.4124,18.8443,3.8205,5,
zf,S132,xcl_large_500k_p32x4_c010,10,10,18.5292,9.3084,9.2208,2.9738,5,
zf,S132,xcl_large_500k_p32x4_c010,10,20,10.5301,6.7237,3.8064,2.2905,5,
zf,S132,xcl_large_500k_p32x4_c010,10,50,5.9474,5.3518,0.5956,0.3652,5,
zf,S132,xcl_large_500k_p32x4_c010,10,100,5.4784,5.0924,0.3859,0.3689,5,
zf,S132,xcl_micro_500k_p32x1_c005,4,0,4.2,3.2298,0.9702,0.1058,5,
zf,S132,xcl_micro_500k_p32x1_c005,5,0,4.4441,3.2852,1.1588,0.0853,5,
zf,S132,xcl_micro_500k_p32x4_c010,3,0,5.8607,5.0098,0.851,0.3374,5,
zf,S389,beats_iter3_plus_as2m,5,0,31.5559,24.655,6.9008,0.1391,9,
zf,S389,beats_iter3_plus_as2m,7,0,30.9321,23.5374,7.3947,0.332,9,
zf,S389,beats_iter3_plus_as2m,8,0,30.7508,23.6864,7.0644,0.5968,9,
zf,S389,beats_iter3_plus_as2m_speed0p03125,10,0,8.4295,1.9099,6.5196,0.9205,9,
zf,S389,beats_iter3_plus_as2m_speed0p03125,11,0,8.3441,1.9726,6.3715,0.8671,9,
zf,S389,beats_iter3_plus_as2m_speed0p0625,8,0,6.1745,2.5859,3.5887,1.3034,9,
zf,S389,beats_iter3_plus_as2m_speed0p0625,10,0,6.8306,2.5895,4.2411,1.2729,9,
zf,S389,beats_iter3_plus_as2m_speed0p125,8,0,5.3659,3.6657,1.7003,0.3881,9,
zf,S389,beats_iter3_plus_as2m_speed0p125,9,0,5.4592,3.7346,1.7246,0.6567,9,
zf,S389,beats_iter3_plus_as2m_speed0p125,10,0,5.6087,3.7004,1.9083,0.7856,9,
zf,S389,beats_iter3_plus_as2m_speed0p25,8,0,8.1505,6.9808,1.1697,0.9857,9,
zf,S389,beats_iter3_plus_as2m_speed0p25,9,0,8.1744,6.9596,1.2149,0.941,9,
zf,S389,beats_iter3_plus_as2m_speed0p5,8,0,14.2792,12.8189,1.4603,1.0208,9,
zf,S389,birdaves_biox_base,3,0,4.5875,3.3034,1.2841,0.883,9,
zf,S389,birdaves_biox_base,3,1,41.8508,10.0601,31.7908,1.7686,9,
zf,S389,birdaves_biox_base,3,5,14.9945,6.3651,8.6294,1.3205,9,
zf,S389,birdaves_biox_base,3,10,8.7783,4.8977,3.8806,0.781,9,
zf,S389,birdaves_biox_base,3,20,6.0083,3.9423,2.066,0.8222,9,
zf,S389,birdaves_biox_base,3,50,4.7453,3.4825,1.2628,0.8296,9,
zf,S389,birdaves_biox_base,3,100,4.7121,3.372,1.3401,0.7866,9,
zf,S389,birdaves_biox_base,7,0,4.8269,3.1753,1.6515,0.6299,9,
zf,S389,birdaves_biox_base,7,1,43.2121,10.2941,32.918,1.6217,9,
zf,S389,birdaves_biox_base,7,5,15.2712,6.2372,9.0341,1.9451,9,
zf,S389,birdaves_biox_base,7,10,9.0616,4.6863,4.3753,0.692,9,
zf,S389,birdaves_biox_base,7,20,6.5386,3.8778,2.6608,0.9199,9,
zf,S389,birdaves_biox_base,7,50,5.0327,3.4164,1.6164,0.5493,9,
zf,S389,birdaves_biox_base,7,100,5.077,3.4122,1.6649,0.5729,9,
zf,S389,birdaves_biox_base_speed0p25,3,0,4.954,1.9072,3.0468,0.7214,9,
zf,S389,birdaves_biox_base_speed0p25,3,1,27.1393,8.0404,19.0989,1.1262,9,
zf,S389,birdaves_biox_base_speed0p25,3,5,10.8936,3.9375,6.9561,1.7289,9,
zf,S389,birdaves_biox_base_speed0p25,3,10,7.8193,2.482,5.3373,1.0035,9,
zf,S389,birdaves_biox_base_speed0p25,3,20,5.9746,2.0111,3.9635,0.8257,9,
zf,S389,birdaves_biox_base_speed0p25,3,50,5.0642,1.852,3.2122,0.7017,9,
zf,S389,birdaves_biox_base_speed0p25,3,100,4.9368,1.8355,3.1014,0.689,9,
zf,S389,birdaves_biox_base_speed0p25,4,0,4.8632,1.8844,2.9788,0.6524,9,
zf,S389,birdaves_biox_base_speed0p25,4,1,25.7847,7.8428,17.9419,0.9037,9,
zf,S389,birdaves_biox_base_speed0p25,4,5,10.6689,3.7539,6.9149,1.4341,9,
zf,S389,birdaves_biox_base_speed0p25,4,10,7.8062,2.4435,5.3627,0.9289,9,
zf,S389,birdaves_biox_base_speed0p25,4,20,5.7851,1.9589,3.8262,0.7772,9,
zf,S389,birdaves_biox_base_speed0p25,4,50,5.0783,1.8501,3.2281,0.5521,9,
zf,S389,birdaves_biox_base_speed0p25,4,100,4.8936,1.8437,3.0499,0.6134,9,
zf,S389,birdaves_biox_base_speed0p5,3,0,4.1227,2.3032,1.8195,0.7655,9,
zf,S389,birdaves_biox_base_speed0p5,3,1,31.8454,9.1605,22.685,0.867,9,
zf,S389,birdaves_biox_base_speed0p5,3,5,12.587,5.5921,6.9948,1.9705,9,
zf,S389,birdaves_biox_base_speed0p5,3,10,8.013,3.5947,4.4183,1.5723,9,
zf,S389,birdaves_biox_base_speed0p5,3,20,5.8252,2.6703,3.1548,1.1819,9,
zf,S389,birdaves_biox_base_speed0p5,3,50,4.4151,2.315,2.1001,0.7607,9,
zf,S389,birdaves_biox_base_speed0p5,3,100,4.1237,2.2421,1.8816,0.798,9,
zf,S389,birdaves_biox_base_speed0p5,6,0,3.9294,2.1032,1.8262,0.7667,9,
zf,S389,birdaves_biox_base_speed0p5,6,1,35.8346,10.1001,25.7345,2.5319,9,
zf,S389,birdaves_biox_base_speed0p5,6,5,13.9614,6.1747,7.7867,3.1562,9,
zf,S389,birdaves_biox_base_speed0p5,6,10,8.1599,3.9515,4.2084,1.8459,9,
zf,S389,birdaves_biox_base_speed0p5,6,20,5.8652,2.8757,2.9894,1.1628,9,
zf,S389,birdaves_biox_base_speed0p5,6,50,4.3695,2.2038,2.1656,0.6303,9,
zf,S389,birdaves_biox_base_speed0p5,6,100,4.0,2.1044,1.8956,0.6835,9,
zf,S389,birdmae_base_speed0p03125,10,0,9.139,1.7751,7.364,0.979,9,
zf,S389,birdmae_base_speed0p0625,9,0,8.1456,2.4205,5.725,0.4665,9,
zf,S389,birdmae_base_speed0p0625,10,0,8.0516,2.4242,5.6275,0.3002,9,
zf,S389,birdmae_base_speed0p125,9,0,6.4804,3.5313,2.9491,0.6955,9,
zf,S389,birdmae_base_speed0p125,10,0,6.3679,3.5372,2.8306,0.509,9,
zf,S389,birdmae_base_speed0p25,9,0,8.0043,6.4795,1.5247,0.8659,9,
zf,S389,birdmae_base_speed0p25,10,0,8.0881,6.5647,1.5234,0.9171,9,
zf,S389,birdmae_base_speed0p5,9,0,13.9976,12.8176,1.18,1.2053,9,
zf,S389,birdmae_base_speed0p5,10,0,13.9903,12.9332,1.0571,1.0975,9,
zf,S389,birdmae_base_speed1,8,0,27.7251,23.7263,3.9989,0.2592,9,
zf,S389,birdmae_base_speed1,10,0,27.1646,23.4156,3.749,0.4571,9,
zf,S389,hubert_base_ls960,0,0,4.8165,3.3276,1.4889,0.5794,9,
zf,S389,hubert_base_ls960,0,1,47.3564,10.5533,36.8031,2.5041,9,
zf,S389,hubert_base_ls960,0,5,18.8016,6.3348,12.4668,0.8081,9,
zf,S389,hubert_base_ls960,0,10,12.1985,4.6428,7.5557,1.2264,9,
zf,S389,hubert_base_ls960,0,20,7.7566,3.9624,3.7942,1.3935,9,
zf,S389,hubert_base_ls960,0,50,5.5411,3.6458,1.8952,0.7688,9,
zf,S389,hubert_base_ls960,0,100,5.2227,3.5446,1.6781,0.7114,9,
zf,S389,hubert_base_ls960,3,0,5.5816,3.1917,2.39,0.4229,9,
zf,S389,hubert_base_ls960,3,1,46.8827,11.5436,35.339,3.1704,9,
zf,S389,hubert_base_ls960,3,5,20.8093,6.6504,14.1589,0.6818,9,
zf,S389,hubert_base_ls960,3,10,13.6642,4.7164,8.9478,0.7668,9,
zf,S389,hubert_base_ls960,3,20,9.5863,4.1458,5.4405,1.5743,9,
zf,S389,hubert_base_ls960,3,50,6.7051,3.5233,3.1818,0.4975,9,
zf,S389,hubert_base_ls960,3,100,5.9051,3.3735,2.5316,0.3709,9,
zf,S389,xcl_base_500k_p32x1_c005,5,0,3.7445,1.9766,1.7679,0.866,9,
zf,S389,xcl_base_500k_p32x4_c010,3,0,4.6177,3.4865,1.1313,0.8104,9,
zf,S389,xcl_base_500k_p32x4_c010,4,0,4.8396,3.4916,1.348,1.0153,9,
zf,S389,xcl_large_500k_p32x1_c005,11,0,3.4892,1.9245,1.5647,0.9031,9,
zf,S389,xcl_large_500k_p32x1_c005,11,1,41.3715,10.2358,31.1358,2.9865,9,
zf,S389,xcl_large_500k_p32x1_c005,11,5,11.8385,4.649,7.1895,1.9036,9,
zf,S389,xcl_large_500k_p32x1_c005,11,10,6.0702,3.0386,3.0316,0.9382,9,
zf,S389,xcl_large_500k_p32x1_c005,11,20,3.8675,2.2008,1.6667,0.6339,9,
zf,S389,xcl_large_500k_p32x1_c005,11,50,3.4671,2.0464,1.4207,0.7743,9,
zf,S389,xcl_large_500k_p32x1_c005,11,100,3.4119,1.9191,1.4928,0.9398,9,
zf,S389,xcl_large_500k_p32x4_c0025,9,0,5.0563,3.4307,1.6256,0.9611,9,
zf,S389,xcl_large_500k_p32x4_c010,10,0,4.6612,3.2921,1.3691,1.0067,9,
zf,S389,xcl_large_500k_p32x4_c010,10,1,47.463,11.2307,36.2323,1.7956,9,
zf,S389,xcl_large_500k_p32x4_c010,10,5,17.44,6.8964,10.5436,1.5255,9,
zf,S389,xcl_large_500k_p32x4_c010,10,10,9.4514,4.7513,4.7001,1.2886,9,
zf,S389,xcl_large_500k_p32x4_c010,10,20,5.8532,4.0175,1.8357,0.4918,9,
zf,S389,xcl_large_500k_p32x4_c010,10,50,4.8907,3.6012,1.2895,0.8351,9,
zf,S389,xcl_large_500k_p32x4_c010,10,100,4.7528,3.4241,1.3286,0.8918,9,
zf,S389,xcl_micro_500k_p32x1_c005,4,0,4.6712,2.039,2.6322,0.6003,9,
zf,S389,xcl_micro_500k_p32x1_c005,5,0,4.9056,2.0525,2.8531,0.7631,9,
zf,S389,xcl_micro_500k_p32x4_c010,3,0,5.2709,3.5557,1.7152,0.8974,9,
zf,S421,beats_iter3_plus_as2m,5,0,34.246,25.2875,8.9585,4.4617,7,
zf,S421,beats_iter3_plus_as2m,7,0,33.7545,24.5687,9.1859,4.5298,7,
zf,S421,beats_iter3_plus_as2m,8,0,33.3038,24.1081,9.1957,5.193,7,
zf,S421,beats_iter3_plus_as2m_speed0p03125,10,0,16.0216,2.2193,13.8023,3.0327,7,
zf,S421,beats_iter3_plus_as2m_speed0p03125,11,0,15.316,2.2334,13.0826,3.6683,7,
zf,S421,beats_iter3_plus_as2m_speed0p0625,8,0,13.3828,3.0721,10.3106,4.1506,7,
zf,S421,beats_iter3_plus_as2m_speed0p0625,10,0,13.806,3.1059,10.7001,4.8242,7,
zf,S421,beats_iter3_plus_as2m_speed0p125,8,0,13.2472,4.3226,8.9246,4.5902,7,
zf,S421,beats_iter3_plus_as2m_speed0p125,9,0,12.2279,4.0482,8.1798,5.2662,7,
zf,S421,beats_iter3_plus_as2m_speed0p125,10,0,12.6789,4.8096,7.8693,5.5157,7,
zf,S421,beats_iter3_plus_as2m_speed0p25,8,0,17.3425,7.6669,9.6756,4.2706,7,
zf,S421,beats_iter3_plus_as2m_speed0p25,9,0,17.5549,7.6355,9.9193,4.4296,7,
zf,S421,beats_iter3_plus_as2m_speed0p5,8,0,24.3798,14.9646,9.4151,4.9862,7,
zf,S421,birdaves_biox_base,3,0,13.277,4.4441,8.8329,5.2854,7,
zf,S421,birdaves_biox_base,3,1,55.9803,12.6752,43.3051,3.2566,7,
zf,S421,birdaves_biox_base,3,5,35.4295,8.3676,27.0619,5.8443,7,
zf,S421,birdaves_biox_base,3,10,23.0262,6.3287,16.6975,6.4298,7,
zf,S421,birdaves_biox_base,3,20,16.9585,5.1037,11.8548,5.8136,7,
zf,S421,birdaves_biox_base,3,50,13.863,4.5042,9.3588,5.4272,7,
zf,S421,birdaves_biox_base,3,100,13.2716,4.1156,9.156,5.3476,7,
zf,S421,birdaves_biox_base,7,0,13.4727,3.9954,9.4774,4.5961,7,
zf,S421,birdaves_biox_base,7,1,56.2642,13.9473,42.3169,5.6346,7,
zf,S421,birdaves_biox_base,7,5,36.0026,8.9257,27.0769,5.116,7,
zf,S421,birdaves_biox_base,7,10,24.5306,6.6164,17.9142,4.6774,7,
zf,S421,birdaves_biox_base,7,20,18.0435,4.7059,13.3375,4.4777,7,
zf,S421,birdaves_biox_base,7,50,13.8466,4.379,9.4676,4.8139,7,
zf,S421,birdaves_biox_base,7,100,13.7101,4.0378,9.6723,4.7031,7,
zf,S421,birdaves_biox_base_speed0p25,3,0,14.8181,2.5073,12.3108,3.7018,7,
zf,S421,birdaves_biox_base_speed0p25,3,1,54.742,11.2559,43.4861,4.1809,7,
zf,S421,birdaves_biox_base_speed0p25,3,5,30.5983,4.459,26.1393,4.9369,7,
zf,S421,birdaves_biox_base_speed0p25,3,10,21.8828,3.0929,18.7899,4.6365,7,
zf,S421,birdaves_biox_base_speed0p25,3,20,17.4167,2.5114,14.9053,4.9739,7,
zf,S421,birdaves_biox_base_speed0p25,3,50,14.8714,2.403,12.4684,4.139,7,
zf,S421,birdaves_biox_base_speed0p25,3,100,14.7112,2.5204,12.1908,3.8304,7,
zf,S421,birdaves_biox_base_speed0p25,4,0,13.2402,2.5021,10.738,4.5376,7,
zf,S421,birdaves_biox_base_speed0p25,4,1,53.1011,11.5408,41.5603,6.3395,7,
zf,S421,birdaves_biox_base_speed0p25,4,5,28.9624,4.3003,24.6622,6.38,7,
zf,S421,birdaves_biox_base_speed0p25,4,10,20.3844,3.093,17.2914,5.6991,7,
zf,S421,birdaves_biox_base_speed0p25,4,20,16.3171,2.6497,13.6674,5.0238,7,
zf,S421,birdaves_biox_base_speed0p25,4,50,13.5264,2.4582,11.0682,4.6667,7,
zf,S421,birdaves_biox_base_speed0p25,4,100,13.0505,2.5308,10.5198,4.7339,7,
zf,S421,birdaves_biox_base_speed0p5,3,0,12.0522,2.5898,9.4624,5.4873,7,
zf,S421,birdaves_biox_base_speed0p5,3,1,52.498,12.7779,39.7201,4.1761,7,
zf,S421,birdaves_biox_base_speed0p5,3,5,30.7406,6.1995,24.5411,4.5522,7,
zf,S421,birdaves_biox_base_speed0p5,3,10,20.0338,3.8429,16.1909,5.2326,7,
zf,S421,birdaves_biox_base_speed0p5,3,20,15.607,2.7604,12.8467,5.2536,7,
zf,S421,birdaves_biox_base_speed0p5,3,50,12.5268,2.8044,9.7224,5.5208,7,
zf,S421,birdaves_biox_base_speed0p5,3,100,12.064,2.5824,9.4816,5.2926,7,
zf,S421,birdaves_biox_base_speed0p5,6,0,11.6131,2.783,8.83,5.5895,7,
zf,S421,birdaves_biox_base_speed0p5,6,1,52.3797,12.9118,39.4679,5.1782,7,
zf,S421,birdaves_biox_base_speed0p5,6,5,31.7553,6.8325,24.9228,5.3149,7,
zf,S421,birdaves_biox_base_speed0p5,6,10,21.4222,4.3417,17.0805,5.7403,7,
zf,S421,birdaves_biox_base_speed0p5,6,20,16.791,3.095,13.696,5.2577,7,
zf,S421,birdaves_biox_base_speed0p5,6,50,11.8711,2.7903,9.0808,5.8334,7,
zf,S421,birdaves_biox_base_speed0p5,6,100,11.6233,2.7496,8.8737,5.5315,7,
zf,S421,birdmae_base_speed0p03125,10,0,13.9042,2.4373,11.4669,3.9133,7,
zf,S421,birdmae_base_speed0p0625,9,0,17.6141,3.1123,14.5018,3.8936,7,
zf,S421,birdmae_base_speed0p0625,10,0,17.2229,3.0603,14.1626,3.0286,7,
zf,S421,birdmae_base_speed0p125,9,0,15.8182,4.3599,11.4583,4.6692,7,
zf,S421,birdmae_base_speed0p125,10,0,15.4184,4.2878,11.1306,4.3262,7,
zf,S421,birdmae_base_speed0p25,9,0,17.2654,7.7346,9.5308,4.3841,7,
zf,S421,birdmae_base_speed0p25,10,0,16.9688,7.6015,9.3673,4.3403,7,
zf,S421,birdmae_base_speed0p5,9,0,24.0943,15.7821,8.3121,4.4666,7,
zf,S421,birdmae_base_speed0p5,10,0,24.0138,15.7295,8.2843,4.4882,7,
zf,S421,birdmae_base_speed1,8,0,36.6597,23.5315,13.1282,4.4553,7,
zf,S421,birdmae_base_speed1,10,0,36.7461,23.6815,13.0647,4.4994,7,
zf,S421,hubert_base_ls960,0,0,14.9025,4.2559,10.6465,4.8468,7,
zf,S421,hubert_base_ls960,0,1,58.5367,20.4648,38.0719,2.4122,7,
zf,S421,hubert_base_ls960,0,5,38.7376,8.5154,30.2222,5.856,7,
zf,S421,hubert_base_ls960,0,10,28.5174,7.0434,21.4739,4.8682,7,
zf,S421,hubert_base_ls960,0,20,21.2184,5.0743,16.1441,5.4979,7,
zf,S421,hubert_base_ls960,0,50,15.976,4.4816,11.4944,4.6799,7,
zf,S421,hubert_base_ls960,0,100,14.9566,4.3442,10.6124,4.6528,7,
zf,S421,hubert_base_ls960,3,0,17.4041,4.8353,12.5688,3.417,7,
zf,S421,hubert_base_ls960,3,1,58.1197,17.6348,40.4849,2.8845,7,
zf,S421,hubert_base_ls960,3,5,41.1244,8.4931,32.6313,4.0543,7,
zf,S421,hubert_base_ls960,3,10,29.492,6.3933,23.0986,4.7302,7,
zf,S421,hubert_base_ls960,3,20,22.7544,5.1714,17.5831,5.1644,7,
zf,S421,hubert_base_ls960,3,50,18.7608,4.7105,14.0503,3.8411,7,
zf,S421,hubert_base_ls960,3,100,17.8674,5.0797,12.7877,3.3293,7,
zf,S421,xcl_base_500k_p32x1_c005,5,0,12.6271,2.2329,10.3942,4.1599,7,
zf,S421,xcl_base_500k_p32x4_c010,3,0,12.6454,4.0831,8.5623,4.5986,7,
zf,S421,xcl_base_500k_p32x4_c010,4,0,13.6413,4.335,9.3063,4.3149,7,
zf,S421,xcl_large_500k_p32x1_c005,11,0,11.7547,2.226,9.5287,4.1899,7,
zf,S421,xcl_large_500k_p32x1_c005,11,1,52.854,17.3482,35.5058,5.5808,7,
zf,S421,xcl_large_500k_p32x1_c005,11,5,30.0743,5.8855,24.1888,3.5846,7,
zf,S421,xcl_large_500k_p32x1_c005,11,10,19.0454,3.5635,15.482,5.1692,7,
zf,S421,xcl_large_500k_p32x1_c005,11,20,13.8829,3.0395,10.8434,4.2062,7,
zf,S421,xcl_large_500k_p32x1_c005,11,50,11.6247,2.2331,9.3916,4.2888,7,
zf,S421,xcl_large_500k_p32x1_c005,11,100,11.4717,2.2058,9.2659,4.2927,7,
zf,S421,xcl_large_500k_p32x4_c0025,9,0,14.7251,4.4472,10.278,3.3614,7,
zf,S421,xcl_large_500k_p32x4_c010,10,0,13.6032,4.364,9.2393,4.235,7,
zf,S421,xcl_large_500k_p32x4_c010,10,1,56.3463,18.6424,37.7038,4.6538,7,
zf,S421,xcl_large_500k_p32x4_c010,10,5,32.5765,9.0662,23.5103,5.9105,7,
zf,S421,xcl_large_500k_p32x4_c010,10,10,21.8104,6.651,15.1593,6.7666,7,
zf,S421,xcl_large_500k_p32x4_c010,10,20,15.9577,5.5345,10.4232,5.2879,7,
zf,S421,xcl_large_500k_p32x4_c010,10,50,13.232,4.4877,8.7443,4.8645,7,
zf,S421,xcl_large_500k_p32x4_c010,10,100,13.7742,4.6093,9.1649,4.089,7,
zf,S421,xcl_micro_500k_p32x1_c005,4,0,16.0496,2.2841,13.7655,4.277,7,
zf,S421,xcl_micro_500k_p32x1_c005,5,0,15.1108,2.2572,12.8536,3.6876,7,
zf,S421,xcl_micro_500k_p32x4_c010,3,0,12.8332,3.8782,8.955,4.9273,7,
zf,S525,beats_iter3_plus_as2m,5,0,43.552,31.9806,11.5714,2.3135,10,
zf,S525,beats_iter3_plus_as2m,7,0,43.6451,32.3663,11.2788,2.1906,10,
zf,S525,beats_iter3_plus_as2m,8,0,42.1193,30.5159,11.6034,1.4938,10,
zf,S525,beats_iter3_plus_as2m_speed0p03125,10,0,10.9872,2.2509,8.7364,1.219,10,
zf,S525,beats_iter3_plus_as2m_speed0p03125,11,0,11.4709,2.2049,9.266,1.2696,10,
zf,S525,beats_iter3_plus_as2m_speed0p0625,8,0,11.4695,3.1227,8.3468,1.2671,10,
zf,S525,beats_iter3_plus_as2m_speed0p0625,10,0,11.0907,3.129,7.9617,1.6022,10,
zf,S525,beats_iter3_plus_as2m_speed0p125,8,0,9.9342,4.2836,5.6506,1.776,10,
zf,S525,beats_iter3_plus_as2m_speed0p125,9,0,10.1061,4.2936,5.8125,1.8677,10,
zf,S525,beats_iter3_plus_as2m_speed0p125,10,0,10.4361,4.2035,6.2326,1.5827,10,
zf,S525,beats_iter3_plus_as2m_speed0p25,8,0,12.9212,8.6088,4.3124,1.7312,10,
zf,S525,beats_iter3_plus_as2m_speed0p25,9,0,13.0304,8.2885,4.7419,2.0522,10,
zf,S525,beats_iter3_plus_as2m_speed0p5,8,0,18.9729,13.9337,5.0392,1.8744,10,
zf,S525,birdaves_biox_base,3,0,7.0398,3.6583,3.3814,0.902,10,
zf,S525,birdaves_biox_base,3,1,48.8146,10.1433,38.6713,4.4604,10,
zf,S525,birdaves_biox_base,3,5,18.1982,6.4797,11.7185,2.8956,10,
zf,S525,birdaves_biox_base,3,10,12.5768,5.9959,6.5809,1.3884,10,
zf,S525,birdaves_biox_base,3,20,8.7919,4.6413,4.1506,1.2651,10,
zf,S525,birdaves_biox_base,3,50,7.5042,4.1209,3.3833,1.1447,10,
zf,S525,birdaves_biox_base,3,100,7.2617,3.9453,3.3164,0.992,10,
zf,S525,birdaves_biox_base,7,0,7.8824,3.873,4.0094,0.3764,10,
zf,S525,birdaves_biox_base,7,1,48.7174,10.7329,37.9845,6.8114,10,
zf,S525,birdaves_biox_base,7,5,18.829,6.9355,11.8935,1.7377,10,
zf,S525,birdaves_biox_base,7,10,12.6247,5.4876,7.1372,1.0748,10,
zf,S525,birdaves_biox_base,7,20,9.6232,4.724,4.8992,1.4782,10,
zf,S525,birdaves_biox_base,7,50,8.4945,3.8753,4.6192,0.4713,10,
zf,S525,birdaves_biox_base,7,100,8.1687,3.9188,4.2499,0.3817,10,
zf,S525,birdaves_biox_base_speed0p25,3,0,9.891,2.2061,7.6849,2.1927,10,
zf,S525,birdaves_biox_base_speed0p25,3,1,51.9012,7.9565,43.9447,6.2918,10,
zf,S525,birdaves_biox_base_speed0p25,3,5,19.8607,3.4122,16.4486,3.2551,10,
zf,S525,birdaves_biox_base_speed0p25,3,10,15.4311,3.0937,12.3374,2.4525,10,
zf,S525,birdaves_biox_base_speed0p25,3,20,11.7313,2.5359,9.1953,2.9832,10,
zf,S525,birdaves_biox_base_speed0p25,3,50,10.0262,2.1271,7.8991,2.2982,10,
zf,S525,birdaves_biox_base_speed0p25,3,100,9.9168,2.106,7.8108,2.2341,10,
zf,S525,birdaves_biox_base_speed0p25,4,0,9.6883,2.2368,7.4515,2.0375,10,
zf,S525,birdaves_biox_base_speed0p25,4,1,49.9688,7.6335,42.3352,4.9866,10,
zf,S525,birdaves_biox_base_speed0p25,4,5,20.0303,3.2636,16.7667,2.4954,10,
zf,S525,birdaves_biox_base_speed0p25,4,10,15.1049,2.8686,12.2364,1.9019,10,
zf,S525,birdaves_biox_base_speed0p25,4,20,11.4418,2.5428,8.899,2.1616,10,
zf,S525,birdaves_biox_base_speed0p25,4,50,9.9288,2.2343,7.6945,2.2177,10,
zf,S525,birdaves_biox_base_speed0p25,4,100,9.7145,2.2636,7.4509,2.0498,10,
zf,S525,birdaves_biox_base_speed0p5,3,0,8.2348,2.7567,5.4781,1.5781,10,
zf,S525,birdaves_biox_base_speed0p5,3,1,51.6366,9.3173,42.3193,2.65,10,
zf,S525,birdaves_biox_base_speed0p5,3,5,18.372,4.8285,13.5435,2.3677,10,
zf,S525,birdaves_biox_base_speed0p5,3,10,14.0592,3.833,10.2263,0.7025,10,
zf,S525,birdaves_biox_base_speed0p5,3,20,9.2878,3.2538,6.0339,1.7188,10,
zf,S525,birdaves_biox_base_speed0p5,3,50,8.3773,3.1391,5.2383,1.2507,10,
zf,S525,birdaves_biox_base_speed0p5,3,100,8.1932,2.8741,5.3191,1.3433,10,
zf,S525,birdaves_biox_base_speed0p5,6,0,7.5904,2.7923,4.798,1.3774,10,
zf,S525,birdaves_biox_base_speed0p5,6,1,52.3767,9.0695,43.3072,4.1736,10,
zf,S525,birdaves_biox_base_speed0p5,6,5,17.9113,5.6043,12.307,2.3717,10,
zf,S525,birdaves_biox_base_speed0p5,6,10,12.6248,4.5915,8.0333,2.0491,10,
zf,S525,birdaves_biox_base_speed0p5,6,20,9.0187,3.5392,5.4795,1.8246,10,
zf,S525,birdaves_biox_base_speed0p5,6,50,7.792,2.9814,4.8107,1.5426,10,
zf,S525,birdaves_biox_base_speed0p5,6,100,7.6698,2.8073,4.8624,1.3199,10,
zf,S525,birdmae_base_speed0p03125,10,0,15.1486,2.0471,13.1015,1.8646,10,
zf,S525,birdmae_base_speed0p0625,9,0,14.2539,2.949,11.3049,1.1909,10,
zf,S525,birdmae_base_speed0p0625,10,0,13.8033,2.9097,10.8935,1.6658,10,
zf,S525,birdmae_base_speed0p125,9,0,11.0612,4.1428,6.9184,1.9699,10,
zf,S525,birdmae_base_speed0p125,10,0,10.99,4.1878,6.8021,1.6918,10,
zf,S525,birdmae_base_speed0p25,9,0,12.7484,7.9903,4.7581,2.5514,10,
zf,S525,birdmae_base_speed0p25,10,0,12.7201,8.0599,4.6602,2.5146,10,
zf,S525,birdmae_base_speed0p5,9,0,18.2655,14.351,3.9146,1.7722,10,
zf,S525,birdmae_base_speed0p5,10,0,18.3303,14.3217,4.0085,1.892,10,
zf,S525,birdmae_base_speed1,8,0,44.0681,34.8106,9.2575,2.048,10,
zf,S525,birdmae_base_speed1,10,0,43.9194,33.8963,10.0231,2.2996,10,
zf,S525,hubert_base_ls960,0,0,10.6692,3.9295,6.7397,0.904,10,
zf,S525,hubert_base_ls960,0,1,58.8957,11.6057,47.29,3.0136,10,
zf,S525,hubert_base_ls960,0,5,26.4891,6.9179,19.5712,2.6456,10,
zf,S525,hubert_base_ls960,0,10,18.974,5.8337,13.1403,1.401,10,
zf,S525,hubert_base_ls960,0,20,13.7477,4.9317,8.816,1.0194,10,
zf,S525,hubert_base_ls960,0,50,11.4099,4.3347,7.0752,1.1147,10,
zf,S525,hubert_base_ls960,0,100,10.7796,4.1153,6.6643,0.8203,10,
zf,S525,hubert_base_ls960,3,0,10.4414,3.966,6.4754,1.0724,10,
zf,S525,hubert_base_ls960,3,1,61.6081,11.7155,49.8927,4.6461,10,
zf,S525,hubert_base_ls960,3,5,29.3048,7.1739,22.131,1.999,10,
zf,S525,hubert_base_ls960,3,10,19.4267,6.1359,13.2908,1.4736,10,
zf,S525,hubert_base_ls960,3,20,13.4594,4.7483,8.7112,1.4912,10,
zf,S525,hubert_base_ls960,3,50,11.5708,4.2266,7.3442,0.8891,10,
zf,S525,hubert_base_ls960,3,100,10.711,4.0854,6.6256,1.2087,10,
zf,S525,xcl_base_500k_p32x1_c005,5,0,6.1464,2.3486,3.7978,1.2058,10,
zf,S525,xcl_base_500k_p32x4_c010,3,0,8.3355,3.9904,4.3451,2.0314,10,
zf,S525,xcl_base_500k_p32x4_c010,4,0,8.5698,4.1502,4.4196,1.7868,10,
zf,S525,xcl_large_500k_p32x1_c005,11,0,5.278,2.3161,2.9619,1.6202,10,
zf,S525,xcl_large_500k_p32x1_c005,11,1,49.4966,10.0825,39.4142,4.9893,10,
zf,S525,xcl_large_500k_p32x1_c005,11,5,18.5739,5.2017,13.3722,0.7295,10,
zf,S525,xcl_large_500k_p32x1_c005,11,10,9.9549,4.0911,5.8638,0.897,10,
zf,S525,xcl_large_500k_p32x1_c005,11,20,6.4499,3.1591,3.2908,1.2754,10,
zf,S525,xcl_large_500k_p32x1_c005,11,50,5.2531,2.4403,2.8128,1.3388,10,
zf,S525,xcl_large_500k_p32x1_c005,11,100,5.2473,2.4589,2.7884,1.5081,10,
zf,S525,xcl_large_500k_p32x4_c0025,9,0,8.2081,4.0868,4.1214,1.3143,10,
zf,S525,xcl_large_500k_p32x4_c010,10,0,7.4481,3.9868,3.4613,1.9168,10,
zf,S525,xcl_large_500k_p32x4_c010,10,1,51.2597,11.7559,39.5038,4.0312,10,
zf,S525,xcl_large_500k_p32x4_c010,10,5,21.6959,6.3762,15.3198,1.187,10,
zf,S525,xcl_large_500k_p32x4_c010,10,10,12.6165,5.0273,7.5892,2.8084,10,
zf,S525,xcl_large_500k_p32x4_c010,10,20,8.6669,4.6556,4.0113,1.6655,10,
zf,S525,xcl_large_500k_p32x4_c010,10,50,7.3687,4.1893,3.1794,1.7762,10,
zf,S525,xcl_large_500k_p32x4_c010,10,100,7.4736,4.0619,3.4117,1.863,10,
zf,S525,xcl_micro_500k_p32x1_c005,4,0,10.2157,2.291,7.9247,1.3719,10,
zf,S525,xcl_micro_500k_p32x1_c005,5,0,10.3303,2.3031,8.0272,1.2187,10,
zf,S525,xcl_micro_500k_p32x4_c010,3,0,9.8607,4.0315,5.8291,1.6006,10,
zf,S528,beats_iter3_plus_as2m,5,0,54.6896,36.1655,18.5241,0.6575,9,
zf,S528,beats_iter3_plus_as2m,7,0,54.3672,36.0831,18.2841,0.4316,9,
zf,S528,beats_iter3_plus_as2m,8,0,52.8074,35.1929,17.6145,1.1773,9,
zf,S528,beats_iter3_plus_as2m_speed0p03125,10,0,10.7414,3.6207,7.1206,1.7873,9,
zf,S528,beats_iter3_plus_as2m_speed0p03125,11,0,10.4269,3.5558,6.8711,2.1231,9,
zf,S528,beats_iter3_plus_as2m_speed0p0625,8,0,9.3953,4.2448,5.1505,1.9328,9,
zf,S528,beats_iter3_plus_as2m_speed0p0625,10,0,9.1705,4.0646,5.1059,1.5516,9,
zf,S528,beats_iter3_plus_as2m_speed0p125,8,0,9.6786,4.8725,4.8061,1.2006,9,
zf,S528,beats_iter3_plus_as2m_speed0p125,9,0,9.5153,5.1985,4.3167,1.0527,9,
zf,S528,beats_iter3_plus_as2m_speed0p125,10,0,9.9768,5.0585,4.9183,1.1418,9,
zf,S528,beats_iter3_plus_as2m_speed0p25,8,0,14.174,8.0759,6.0981,2.0288,9,
zf,S528,beats_iter3_plus_as2m_speed0p25,9,0,14.0019,8.1173,5.8847,1.697,9,
zf,S528,beats_iter3_plus_as2m_speed0p5,8,0,23.2761,15.8085,7.4677,2.5606,9,
zf,S528,birdaves_biox_base,3,0,10.1348,4.5163,5.6184,2.7231,9,
zf,S528,birdaves_biox_base,3,1,48.2741,13.1441,35.13,3.765,9,
zf,S528,birdaves_biox_base,3,5,19.1037,8.6341,10.4696,1.6604,9,
zf,S528,birdaves_biox_base,3,10,15.469,7.3085,8.1605,1.237,9,
zf,S528,birdaves_biox_base,3,20,11.5929,5.7072,5.8857,1.9208,9,
zf,S528,birdaves_biox_base,3,50,9.4457,4.7386,4.7071,2.1546,9,
zf,S528,birdaves_biox_base,3,100,9.67,4.5359,5.1341,2.5283,9,
zf,S528,birdaves_biox_base,7,0,9.1416,4.6133,4.5283,2.1102,9,
zf,S528,birdaves_biox_base,7,1,48.6681,11.3387,37.3293,3.7722,9,
zf,S528,birdaves_biox_base,7,5,20.3501,8.7649,11.5852,1.8416,9,
zf,S528,birdaves_biox_base,7,10,16.6558,7.4168,9.239,0.7674,9,
zf,S528,birdaves_biox_base,7,20,12.2586,5.8955,6.3631,1.6679,9,
zf,S528,birdaves_biox_base,7,50,10.0985,4.9751,5.1235,1.9665,9,
zf,S528,birdaves_biox_base,7,100,9.7009,4.9457,4.7552,1.7999,9,
zf,S528,birdaves_biox_base_speed0p25,3,0,9.0878,3.0858,6.002,1.8606,9,
zf,S528,birdaves_biox_base_speed0p25,3,1,48.6217,10.6643,37.9574,3.7729,9,
zf,S528,birdaves_biox_base_speed0p25,3,5,18.2815,6.5565,11.725,1.6883,9,
zf,S528,birdaves_biox_base_speed0p25,3,10,14.0803,4.9932,9.0871,1.7081,9,
zf,S528,birdaves_biox_base_speed0p25,3,20,11.1618,3.7914,7.3704,1.7809,9,
zf,S528,birdaves_biox_base_speed0p25,3,50,9.5,3.1264,6.3736,1.8833,9,
zf,S528,birdaves_biox_base_speed0p25,3,100,9.3593,3.0644,6.2948,2.1019,9,
zf,S528,birdaves_biox_base_speed0p25,4,0,8.9346,3.0433,5.8913,1.3872,9,
zf,S528,birdaves_biox_base_speed0p25,4,1,46.8403,10.3631,36.4772,4.5731,9,
zf,S528,birdaves_biox_base_speed0p25,4,5,17.4588,6.6691,10.7897,1.6858,9,
zf,S528,birdaves_biox_base_speed0p25,4,10,13.4794,5.266,8.2135,1.3199,9,
zf,S528,birdaves_biox_base_speed0p25,4,20,10.4772,3.7492,6.728,1.1901,9,
zf,S528,birdaves_biox_base_speed0p25,4,50,8.9759,3.1921,5.7838,1.1452,9,
zf,S528,birdaves_biox_base_speed0p25,4,100,8.9417,3.0649,5.8768,1.312,9,
zf,S528,birdaves_biox_base_speed0p5,3,0,9.6057,3.4083,6.1975,2.2212,9,
zf,S528,birdaves_biox_base_speed0p5,3,1,46.5693,10.9216,35.6477,6.2296,9,
zf,S528,birdaves_biox_base_speed0p5,3,5,18.8188,7.6007,11.2181,1.8693,9,
zf,S528,birdaves_biox_base_speed0p5,3,10,14.7385,5.8934,8.845,1.93,9,
zf,S528,birdaves_biox_base_speed0p5,3,20,11.2928,4.4463,6.8465,1.8221,9,
zf,S528,birdaves_biox_base_speed0p5,3,50,9.7947,3.5287,6.266,1.8913,9,
zf,S528,birdaves_biox_base_speed0p5,3,100,9.8308,3.5363,6.2945,1.9805,9,
zf,S528,birdaves_biox_base_speed0p5,6,0,9.4871,3.6964,5.7908,2.2573,9,
zf,S528,birdaves_biox_base_speed0p5,6,1,48.4655,11.4099,37.0556,7.3562,9,
zf,S528,birdaves_biox_base_speed0p5,6,5,17.9549,7.7732,10.1817,2.0565,9,
zf,S528,birdaves_biox_base_speed0p5,6,10,14.2709,5.8602,8.4107,1.9413,9,
zf,S528,birdaves_biox_base_speed0p5,6,20,10.8425,4.1769,6.6656,2.0853,9,
zf,S528,birdaves_biox_base_speed0p5,6,50,9.1668,3.8173,5.3494,1.8859,9,
zf,S528,birdaves_biox_base_speed0p5,6,100,9.3713,3.9061,5.4653,2.2532,9,
zf,S528,birdmae_base_speed0p03125,10,0,13.5941,3.5527,10.0413,0.9876,9,
zf,S528,birdmae_base_speed0p0625,9,0,12.8705,4.0935,8.777,1.4959,9,
zf,S528,birdmae_base_speed0p0625,10,0,12.9026,4.1159,8.7867,1.84,9,
zf,S528,birdmae_base_speed0p125,9,0,10.2735,5.3028,4.9706,2.0681,9,
zf,S528,birdmae_base_speed0p125,10,0,9.7234,5.1532,4.5701,2.3381,9,
zf,S528,birdmae_base_speed0p25,9,0,14.3377,8.2518,6.0859,1.216,9,
zf,S528,birdmae_base_speed0p25,10,0,13.5863,7.9191,5.6672,1.622,9,
zf,S528,birdmae_base_speed0p5,9,0,21.0393,14.2029,6.8363,1.9367,9,
zf,S528,birdmae_base_speed0p5,10,0,21.0498,14.5655,6.4843,1.9037,9,
zf,S528,birdmae_base_speed1,8,0,49.5736,32.0529,17.5206,2.0133,9,
zf,S528,birdmae_base_speed1,10,0,49.1962,31.7187,17.4775,1.9506,9,
zf,S528,hubert_base_ls960,0,0,10.3604,5.2052,5.1551,2.8559,9,
zf,S528,hubert_base_ls960,0,1,56.1698,13.4744,42.6953,4.4999,9,
zf,S528,hubert_base_ls960,0,5,23.7884,9.4282,14.3603,1.8219,9,
zf,S528,hubert_base_ls960,0,10,17.3899,7.6331,9.7568,1.4317,9,
zf,S528,hubert_base_ls960,0,20,13.6599,5.9476,7.7123,2.2329,9,
zf,S528,hubert_base_ls960,0,50,10.7763,4.7514,6.0249,2.7744,9,
zf,S528,hubert_base_ls960,0,100,10.6498,4.9916,5.6583,2.8238,9,
zf,S528,hubert_base_ls960,3,0,10.085,5.0949,4.9901,1.4462,9,
zf,S528,hubert_base_ls960,3,1,56.2317,12.6477,43.5841,3.9588,9,
zf,S528,hubert_base_ls960,3,5,26.2638,8.642,17.6219,0.8851,9,
zf,S528,hubert_base_ls960,3,10,19.4532,7.4396,12.0136,1.9178,9,
zf,S528,hubert_base_ls960,3,20,14.3348,6.2084,8.1264,0.957,9,
zf,S528,hubert_base_ls960,3,50,10.9472,5.078,5.8692,1.3095,9,
zf,S528,hubert_base_ls960,3,100,10.0254,5.0585,4.9668,1.1759,9,
zf,S528,xcl_base_500k_p32x1_c005,5,0,8.6939,3.1749,5.519,2.3084,9,
zf,S528,xcl_base_500k_p32x4_c010,3,0,9.0531,4.8361,4.217,1.9888,9,
zf,S528,xcl_base_500k_p32x4_c010,4,0,9.3355,4.7297,4.6058,1.995,9,
zf,S528,xcl_large_500k_p32x1_c005,11,0,7.8817,3.6353,4.2464,2.289,9,
zf,S528,xcl_large_500k_p32x1_c005,11,1,50.8514,14.2068,36.6446,8.2925,9,
zf,S528,xcl_large_500k_p32x1_c005,11,5,17.1299,7.6411,9.4887,3.0142,9,
zf,S528,xcl_large_500k_p32x1_c005,11,10,11.3855,5.5106,5.875,2.1822,9,
zf,S528,xcl_large_500k_p32x1_c005,11,20,8.1933,4.0865,4.1068,2.4732,9,
zf,S528,xcl_large_500k_p32x1_c005,11,50,7.8646,3.7659,4.0987,2.4263,9,
zf,S528,xcl_large_500k_p32x1_c005,11,100,8.0045,3.783,4.2215,2.3633,9,
zf,S528,xcl_large_500k_p32x4_c0025,9,0,9.2033,4.8582,4.3451,1.9228,9,
zf,S528,xcl_large_500k_p32x4_c010,10,0,8.8722,5.1785,3.6937,2.069,9,
zf,S528,xcl_large_500k_p32x4_c010,10,1,55.2264,14.439,40.7873,6.4791,9,
zf,S528,xcl_large_500k_p32x4_c010,10,5,19.6611,9.412,10.2491,2.5996,9,
zf,S528,xcl_large_500k_p32x4_c010,10,10,13.8768,7.2761,6.6008,1.7936,9,
zf,S528,xcl_large_500k_p32x4_c010,10,20,10.6812,5.7778,4.9034,1.9356,9,
zf,S528,xcl_large_500k_p32x4_c010,10,50,9.021,5.1974,3.8236,2.2514,9,
zf,S528,xcl_large_500k_p32x4_c010,10,100,8.6261,5.1088,3.5173,2.2061,9,
zf,S528,xcl_micro_500k_p32x1_c005,4,0,9.8791,3.7954,6.0838,1.5217,9,
zf,S528,xcl_micro_500k_p32x1_c005,5,0,10.4336,3.6967,6.7369,1.4753,9,
zf,S528,xcl_micro_500k_p32x4_c010,3,0,10.2783,5.1822,5.0962,1.685,9,
zf,Y389,beats_iter3_plus_as2m,5,0,44.2419,24.4459,19.796,1.2632,9,
zf,Y389,beats_iter3_plus_as2m,7,0,44.5254,26.2195,18.3059,1.903,9,
zf,Y389,beats_iter3_plus_as2m,8,0,43.3656,25.5404,17.8252,1.9877,9,
zf,Y389,beats_iter3_plus_as2m_speed0p03125,10,0,27.7838,2.1622,25.6215,0.9319,9,
zf,Y389,beats_iter3_plus_as2m_speed0p03125,11,0,27.6812,2.1459,25.5352,0.5692,9,
zf,Y389,beats_iter3_plus_as2m_speed0p0625,8,0,27.4767,3.1535,24.3232,0.8854,9,
zf,Y389,beats_iter3_plus_as2m_speed0p0625,10,0,27.3307,3.1238,24.2069,1.2357,9,
zf,Y389,beats_iter3_plus_as2m_speed0p125,8,0,25.7371,3.7547,21.9824,3.2686,9,
zf,Y389,beats_iter3_plus_as2m_speed0p125,9,0,26.4848,3.945,22.5397,3.2415,9,
zf,Y389,beats_iter3_plus_as2m_speed0p125,10,0,25.7866,3.711,22.0756,2.8256,9,
zf,Y389,beats_iter3_plus_as2m_speed0p25,8,0,28.9131,6.7951,22.118,2.3095,9,
zf,Y389,beats_iter3_plus_as2m_speed0p25,9,0,28.0173,7.1461,20.8711,5.237,9,
zf,Y389,beats_iter3_plus_as2m_speed0p5,8,0,31.7072,11.4883,20.2189,2.8041,9,
zf,Y389,birdaves_biox_base,3,0,25.716,3.6631,22.0529,2.8218,9,
zf,Y389,birdaves_biox_base,3,1,61.0406,11.1676,49.8729,4.8542,9,
zf,Y389,birdaves_biox_base,3,5,38.8388,6.7065,32.1324,5.1806,9,
zf,Y389,birdaves_biox_base,3,10,32.5911,5.2888,27.3024,4.4438,9,
zf,Y389,birdaves_biox_base,3,20,28.2268,4.1518,24.075,3.9542,9,
zf,Y389,birdaves_biox_base,3,50,26.5794,3.9903,22.5891,3.1745,9,
zf,Y389,birdaves_biox_base,3,100,25.6969,3.7557,21.9412,2.7348,9,
zf,Y389,birdaves_biox_base,7,0,24.8605,3.801,21.0595,2.0286,9,
zf,Y389,birdaves_biox_base,7,1,58.6758,11.8119,46.8639,1.7019,9,
zf,Y389,birdaves_biox_base,7,5,39.2484,6.5935,32.6549,3.9809,9,
zf,Y389,birdaves_biox_base,7,10,32.7953,5.5223,27.273,4.1528,9,
zf,Y389,birdaves_biox_base,7,20,28.1313,4.4226,23.7087,3.5974,9,
zf,Y389,birdaves_biox_base,7,50,26.5286,4.176,22.3526,2.9424,9,
zf,Y389,birdaves_biox_base,7,100,25.9065,3.9566,21.9499,2.3515,9,
zf,Y389,birdaves_biox_base_speed0p25,3,0,26.5013,2.0944,24.4068,1.8349,9,
zf,Y389,birdaves_biox_base_speed0p25,3,1,58.5641,10.4553,48.1088,3.0637,9,
zf,Y389,birdaves_biox_base_speed0p25,3,5,38.273,5.0708,33.2023,4.579,9,
zf,Y389,birdaves_biox_base_speed0p25,3,10,32.3326,3.2822,29.0504,5.2041,9,
zf,Y389,birdaves_biox_base_speed0p25,3,20,29.2525,2.3373,26.9153,2.3899,9,
zf,Y389,birdaves_biox_base_speed0p25,3,50,26.7075,2.0496,24.6579,1.5154,9,
zf,Y389,birdaves_biox_base_speed0p25,3,100,26.747,2.0013,24.7457,1.475,9,
zf,Y389,birdaves_biox_base_speed0p25,4,0,25.5795,2.079,23.5005,1.7934,9,
zf,Y389,birdaves_biox_base_speed0p25,4,1,57.3972,9.4365,47.9607,2.7389,9,
zf,Y389,birdaves_biox_base_speed0p25,4,5,38.0684,5.3625,32.7058,4.4651,9,
zf,Y389,birdaves_biox_base_speed0p25,4,10,32.1256,3.7658,28.3598,5.3706,9,
zf,Y389,birdaves_biox_base_speed0p25,4,20,27.6133,2.3594,25.2539,3.0464,9,
zf,Y389,birdaves_biox_base_speed0p25,4,50,26.0599,2.026,24.0339,1.5789,9,
zf,Y389,birdaves_biox_base_speed0p25,4,100,25.9424,1.9857,23.9567,1.4294,9,
zf,Y389,birdaves_biox_base_speed0p5,3,0,23.8226,2.9141,20.9085,2.2676,9,
zf,Y389,birdaves_biox_base_speed0p5,3,1,58.2345,10.5129,47.7216,4.9569,9,
zf,Y389,birdaves_biox_base_speed0p5,3,5,35.5255,5.5998,29.9257,4.9159,9,
zf,Y389,birdaves_biox_base_speed0p5,3,10,30.4245,4.322,26.1025,3.9462,9,
zf,Y389,birdaves_biox_base_speed0p5,3,20,26.5079,2.8773,23.6306,2.9545,9,
zf,Y389,birdaves_biox_base_speed0p5,3,50,24.9333,2.5376,22.3957,2.325,9,
zf,Y389,birdaves_biox_base_speed0p5,3,100,24.5596,2.6559,21.9037,2.1884,9,
zf,Y389,birdaves_biox_base_speed0p5,6,0,24.9621,2.8018,22.1604,2.4711,9,
zf,Y389,birdaves_biox_base_speed0p5,6,1,59.4941,10.4895,49.0046,3.8738,9,
zf,Y389,birdaves_biox_base_speed0p5,6,5,36.9654,5.9183,31.0471,2.3333,9,
zf,Y389,birdaves_biox_base_speed0p5,6,10,31.599,4.6075,26.9915,2.4131,9,
zf,Y389,birdaves_biox_base_speed0p5,6,20,26.3283,2.9525,23.3759,2.8091,9,
zf,Y389,birdaves_biox_base_speed0p5,6,50,25.1972,2.6902,22.507,2.2907,9,
zf,Y389,birdaves_biox_base_speed0p5,6,100,24.6622,2.6115,22.0507,2.2051,9,
zf,Y389,birdmae_base_speed0p03125,10,0,29.8044,1.9693,27.8351,1.5164,9,
zf,Y389,birdmae_base_speed0p0625,9,0,27.7142,2.9305,24.7837,3.0537,9,
zf,Y389,birdmae_base_speed0p0625,10,0,28.0355,2.9151,25.1204,3.2688,9,
zf,Y389,birdmae_base_speed0p125,9,0,28.1342,4.0672,24.0669,2.274,9,
zf,Y389,birdmae_base_speed0p125,10,0,27.5469,4.2578,23.2891,2.5221,9,
zf,Y389,birdmae_base_speed0p25,9,0,27.6893,7.0221,20.6671,5.1903,9,
zf,Y389,birdmae_base_speed0p25,10,0,27.831,6.9412,20.8898,4.7345,9,
zf,Y389,birdmae_base_speed0p5,9,0,31.8679,11.4834,20.3845,2.6907,9,
zf,Y389,birdmae_base_speed0p5,10,0,32.3649,11.5772,20.7877,1.8586,9,
zf,Y389,birdmae_base_speed1,8,0,43.6078,24.0854,19.5224,1.7955,9,
zf,Y389,birdmae_base_speed1,10,0,43.3807,23.7851,19.5956,2.4805,9,
zf,Y389,hubert_base_ls960,0,0,27.6057,3.7175,23.8882,1.6816,9,
zf,Y389,hubert_base_ls960,0,1,65.1221,14.1072,51.0149,3.4112,9,
zf,Y389,hubert_base_ls960,0,5,42.621,7.7918,34.8292,1.7004,9,
zf,Y389,hubert_base_ls960,0,10,35.9203,6.3119,29.6084,2.3871,9,
zf,Y389,hubert_base_ls960,0,20,31.7727,4.8006,26.9721,2.3031,9,
zf,Y389,hubert_base_ls960,0,50,27.8619,4.3187,23.5433,2.3375,9,
zf,Y389,hubert_base_ls960,0,100,26.8916,3.9727,22.9189,1.4507,9,
zf,Y389,hubert_base_ls960,3,0,27.085,3.6576,23.4274,1.3172,9,
zf,Y389,hubert_base_ls960,3,1,67.2463,15.1744,52.0718,2.5525,9,
zf,Y389,hubert_base_ls960,3,5,46.2334,8.4617,37.7717,4.169,9,
zf,Y389,hubert_base_ls960,3,10,38.1711,6.6165,31.5546,3.5673,9,
zf,Y389,hubert_base_ls960,3,20,32.7949,4.9179,27.8771,3.2372,9,
zf,Y389,hubert_base_ls960,3,50,29.106,3.9936,25.1124,2.3974,9,
zf,Y389,hubert_base_ls960,3,100,28.0279,3.8194,24.2085,2.2152,9,
zf,Y389,xcl_base_500k_p32x1_c005,5,0,26.1656,2.2469,23.9186,1.5095,9,
zf,Y389,xcl_base_500k_p32x4_c010,3,0,27.3933,4.2329,23.1604,1.6356,9,
zf,Y389,xcl_base_500k_p32x4_c010,4,0,26.9381,3.8576,23.0805,1.7212,9,
zf,Y389,xcl_large_500k_p32x1_c005,11,0,26.3137,2.3196,23.9941,1.0056,9,
zf,Y389,xcl_large_500k_p32x1_c005,11,1,61.0601,14.2561,46.804,4.0535,9,
zf,Y389,xcl_large_500k_p32x1_c005,11,5,38.5083,5.0674,33.4409,4.5341,9,
zf,Y389,xcl_large_500k_p32x1_c005,11,10,31.4886,3.7846,27.7041,3.3825,9,
zf,Y389,xcl_large_500k_p32x1_c005,11,20,28.3663,2.6443,25.722,2.3573,9,
zf,Y389,xcl_large_500k_p32x1_c005,11,50,26.8223,2.3343,24.488,1.4426,9,
zf,Y389,xcl_large_500k_p32x1_c005,11,100,26.1681,2.1667,24.0014,1.3832,9,
zf,Y389,xcl_large_500k_p32x4_c0025,9,0,26.1615,3.976,22.1856,2.3723,9,
zf,Y389,xcl_large_500k_p32x4_c010,10,0,26.9138,4.3017,22.6122,1.7353,9,
zf,Y389,xcl_large_500k_p32x4_c010,10,1,63.0504,14.862,48.1885,3.6368,9,
zf,Y389,xcl_large_500k_p32x4_c010,10,5,41.3397,7.6699,33.6698,5.5993,9,
zf,Y389,xcl_large_500k_p32x4_c010,10,10,33.0706,5.785,27.2856,4.2662,9,
zf,Y389,xcl_large_500k_p32x4_c010,10,20,29.5787,4.5146,25.0642,3.5515,9,
zf,Y389,xcl_large_500k_p32x4_c010,10,50,27.9684,3.9538,24.0146,1.5255,9,
zf,Y389,xcl_large_500k_p32x4_c010,10,100,27.0982,3.7269,23.3713,1.595,9,
zf,Y389,xcl_micro_500k_p32x1_c005,4,0,27.1572,2.2158,24.9414,1.6936,9,
zf,Y389,xcl_micro_500k_p32x1_c005,5,0,27.9875,2.3271,25.6604,1.2317,9,
zf,Y389,xcl_micro_500k_p32x4_c010,3,0,28.36,3.9768,24.3832,1.3323,9,
zf,Y397,beats_iter3_plus_as2m,5,0,27.2171,22.2103,5.0068,1.591,7,
zf,Y397,beats_iter3_plus_as2m,7,0,25.9577,20.5775,5.3802,2.0679,7,
zf,Y397,beats_iter3_plus_as2m,8,0,26.4143,20.6041,5.8102,1.9618,7,
zf,Y397,beats_iter3_plus_as2m_speed0p03125,10,0,4.7335,2.8991,1.8345,1.196,7,
zf,Y397,beats_iter3_plus_as2m_speed0p03125,11,0,4.6545,2.9245,1.7301,1.1816,7,
zf,Y397,beats_iter3_plus_as2m_speed0p0625,8,0,4.1795,3.6168,0.5627,0.5099,7,
zf,Y397,beats_iter3_plus_as2m_speed0p0625,10,0,4.529,3.5845,0.9445,0.5411,7,
zf,Y397,beats_iter3_plus_as2m_speed0p125,8,0,4.7473,4.5258,0.2215,0.3869,7,
zf,Y397,beats_iter3_plus_as2m_speed0p125,9,0,4.7452,4.5083,0.2368,0.3833,7,
zf,Y397,beats_iter3_plus_as2m_speed0p125,10,0,4.8731,4.5868,0.2864,0.2983,7,
zf,Y397,beats_iter3_plus_as2m_speed0p25,8,0,8.1377,7.9727,0.165,0.4144,7,
zf,Y397,beats_iter3_plus_as2m_speed0p25,9,0,8.1436,7.9937,0.1499,0.3949,7,
zf,Y397,beats_iter3_plus_as2m_speed0p5,8,0,15.3597,15.1199,0.2398,0.8251,7,
zf,Y397,birdaves_biox_base,3,0,6.202,4.5186,1.6834,0.9567,7,
zf,Y397,birdaves_biox_base,3,1,44.8634,13.4371,31.4263,2.5824,7,
zf,Y397,birdaves_biox_base,3,5,17.134,10.8955,6.2385,0.4823,7,
zf,Y397,birdaves_biox_base,3,10,12.3604,7.5743,4.7861,0.509,7,
zf,Y397,birdaves_biox_base,3,20,8.0572,5.4756,2.5816,1.396,7,
zf,Y397,birdaves_biox_base,3,50,6.7761,4.967,1.809,1.1254,7,
zf,Y397,birdaves_biox_base,3,100,6.3905,4.6409,1.7496,0.8654,7,
zf,Y397,birdaves_biox_base,7,0,6.568,4.7115,1.8565,0.8021,7,
zf,Y397,birdaves_biox_base,7,1,47.8172,13.545,34.2722,5.3525,7,
zf,Y397,birdaves_biox_base,7,5,18.9448,11.0138,7.931,1.1422,7,
zf,Y397,birdaves_biox_base,7,10,12.4394,7.3412,5.0981,0.4668,7,
zf,Y397,birdaves_biox_base,7,20,8.3822,5.7982,2.584,1.0513,7,
zf,Y397,birdaves_biox_base,7,50,7.2034,5.1536,2.0498,1.0012,7,
zf,Y397,birdaves_biox_base,7,100,6.7749,4.8324,1.9424,0.7468,7,
zf,Y397,birdaves_biox_base_speed0p25,3,0,4.9279,2.7908,2.1372,0.514,7,
zf,Y397,birdaves_biox_base_speed0p25,3,1,41.3488,12.2278,29.121,2.2601,7,
zf,Y397,birdaves_biox_base_speed0p25,3,5,15.0141,7.0789,7.9352,0.5457,7,
zf,Y397,birdaves_biox_base_speed0p25,3,10,7.5456,3.5344,4.0112,0.4492,7,
zf,Y397,birdaves_biox_base_speed0p25,3,20,6.0136,3.1459,2.8677,0.4355,7,
zf,Y397,birdaves_biox_base_speed0p25,3,50,5.4227,2.9899,2.4328,0.4998,7,
zf,Y397,birdaves_biox_base_speed0p25,3,100,5.1312,2.8722,2.259,0.4919,7,
zf,Y397,birdaves_biox_base_speed0p25,4,0,5.1895,2.874,2.3155,0.6155,7,
zf,Y397,birdaves_biox_base_speed0p25,4,1,42.2362,12.2479,29.9883,2.1355,7,
zf,Y397,birdaves_biox_base_speed0p25,4,5,15.6806,7.2605,8.4201,0.765,7,
zf,Y397,birdaves_biox_base_speed0p25,4,10,8.3873,3.7971,4.5902,0.638,7,
zf,Y397,birdaves_biox_base_speed0p25,4,20,6.3364,3.1254,3.211,0.1663,7,
zf,Y397,birdaves_biox_base_speed0p25,4,50,5.644,2.9507,2.6934,0.381,7,
zf,Y397,birdaves_biox_base_speed0p25,4,100,5.2372,2.853,2.3841,0.4495,7,
zf,Y397,birdaves_biox_base_speed0p5,3,0,5.3672,3.15,2.2171,0.3459,7,
zf,Y397,birdaves_biox_base_speed0p5,3,1,41.7765,13.3749,28.4016,4.0363,7,
zf,Y397,birdaves_biox_base_speed0p5,3,5,16.8498,9.2045,7.6453,1.0024,7,
zf,Y397,birdaves_biox_base_speed0p5,3,10,9.3929,5.403,3.9899,1.3125,7,
zf,Y397,birdaves_biox_base_speed0p5,3,20,7.1295,4.0713,3.0582,0.3518,7,
zf,Y397,birdaves_biox_base_speed0p5,3,50,5.9507,3.5061,2.4446,0.1941,7,
zf,Y397,birdaves_biox_base_speed0p5,3,100,5.5489,3.2724,2.2765,0.3069,7,
zf,Y397,birdaves_biox_base_speed0p5,6,0,5.4091,3.2101,2.199,0.4564,7,
zf,Y397,birdaves_biox_base_speed0p5,6,1,46.0419,13.5736,32.4683,3.624,7,
zf,Y397,birdaves_biox_base_speed0p5,6,5,17.7053,9.8819,7.8234,0.562,7,
zf,Y397,birdaves_biox_base_speed0p5,6,10,10.7147,6.1281,4.5867,1.4379,7,
zf,Y397,birdaves_biox_base_speed0p5,6,20,7.4216,4.1066,3.3151,0.2348,7,
zf,Y397,birdaves_biox_base_speed0p5,6,50,6.1979,3.653,2.545,0.3551,7,
zf,Y397,birdaves_biox_base_speed0p5,6,100,5.7558,3.3957,2.3601,0.2647,7,
zf,Y397,birdmae_base_speed0p03125,10,0,5.1737,2.8106,2.3631,0.8002,7,
zf,Y397,birdmae_base_speed0p0625,9,0,4.6596,3.5337,1.1258,0.4239,7,
zf,Y397,birdmae_base_speed0p0625,10,0,4.7884,3.5763,1.2121,0.495,7,
zf,Y397,birdmae_base_speed0p125,9,0,5.2439,4.5053,0.7385,0.2258,7,
zf,Y397,birdmae_base_speed0p125,10,0,5.2268,4.5289,0.6979,0.3259,7,
zf,Y397,birdmae_base_speed0p25,9,0,8.6888,7.8413,0.8475,0.704,7,
zf,Y397,birdmae_base_speed0p25,10,0,8.5999,8.2021,0.3977,0.7499,7,
zf,Y397,birdmae_base_speed0p5,9,0,16.1974,15.8024,0.395,1.7348,7,
zf,Y397,birdmae_base_speed0p5,10,0,16.2429,15.8035,0.4394,1.6831,7,
zf,Y397,birdmae_base_speed1,8,0,26.8426,22.1452,4.6974,1.5178,7,
zf,Y397,birdmae_base_speed1,10,0,26.6216,21.9242,4.6974,1.2876,7,
zf,Y397,hubert_base_ls960,0,0,7.9944,4.6495,3.3449,0.9397,7,
zf,Y397,hubert_base_ls960,0,1,49.2976,13.6397,35.6579,2.6984,7,
zf,Y397,hubert_base_ls960,0,5,24.5234,12.0458,12.4776,0.8936,7,
zf,Y397,hubert_base_ls960,0,10,16.6194,8.8551,7.7642,1.097,7,
zf,Y397,hubert_base_ls960,0,20,10.99,6.0342,4.9558,0.3579,7,
zf,Y397,hubert_base_ls960,0,50,8.9506,5.1055,3.8451,0.6867,7,
zf,Y397,hubert_base_ls960,0,100,8.13,4.7388,3.3912,0.9797,7,
zf,Y397,hubert_base_ls960,3,0,8.4259,5.0596,3.3662,0.6851,7,
zf,Y397,hubert_base_ls960,3,1,49.0442,13.5115,35.5327,2.1139,7,
zf,Y397,hubert_base_ls960,3,5,24.2896,12.0925,12.1971,0.1872,7,
zf,Y397,hubert_base_ls960,3,10,18.5007,8.6473,9.8533,0.8791,7,
zf,Y397,hubert_base_ls960,3,20,12.1541,6.4076,5.7465,0.6864,7,
zf,Y397,hubert_base_ls960,3,50,10.087,5.5872,4.4997,0.6239,7,
zf,Y397,hubert_base_ls960,3,100,8.7845,5.1934,3.5911,0.784,7,
zf,Y397,xcl_base_500k_p32x1_c005,5,0,3.797,3.1763,0.6207,0.8328,7,
zf,Y397,xcl_base_500k_p32x4_c010,3,0,5.5742,4.6546,0.9196,0.8662,7,
zf,Y397,xcl_base_500k_p32x4_c010,4,0,5.5073,4.6771,0.8302,0.7148,7,
zf,Y397,xcl_large_500k_p32x1_c005,11,0,3.6892,3.0329,0.6563,0.7853,7,
zf,Y397,xcl_large_500k_p32x1_c005,11,1,42.7545,13.5251,29.2294,4.1476,7,
zf,Y397,xcl_large_500k_p32x1_c005,11,5,15.7997,9.5095,6.2903,2.4996,7,
zf,Y397,xcl_large_500k_p32x1_c005,11,10,7.6891,5.268,2.4211,1.363,7,
zf,Y397,xcl_large_500k_p32x1_c005,11,20,4.7581,3.7295,1.0285,1.2257,7,
zf,Y397,xcl_large_500k_p32x1_c005,11,50,4.0158,3.2774,0.7384,0.9394,7,
zf,Y397,xcl_large_500k_p32x1_c005,11,100,3.8651,3.1969,0.6682,0.817,7,
zf,Y397,xcl_large_500k_p32x4_c0025,9,0,5.5894,4.7895,0.7999,0.6515,7,
zf,Y397,xcl_large_500k_p32x4_c010,10,0,5.4102,4.6424,0.7678,0.8181,7,
zf,Y397,xcl_large_500k_p32x4_c010,10,1,47.9635,14.4978,33.4657,2.8858,7,
zf,Y397,xcl_large_500k_p32x4_c010,10,5,17.5661,10.5766,6.9896,3.1634,7,
zf,Y397,xcl_large_500k_p32x4_c010,10,10,10.4965,6.9432,3.5533,0.1177,7,
zf,Y397,xcl_large_500k_p32x4_c010,10,20,6.5751,5.2878,1.2873,0.53,7,
zf,Y397,xcl_large_500k_p32x4_c010,10,50,5.5907,4.7006,0.8901,0.9226,7,
zf,Y397,xcl_large_500k_p32x4_c010,10,100,5.461,4.6932,0.7678,0.9431,7,
zf,Y397,xcl_micro_500k_p32x1_c005,4,0,3.9798,3.0759,0.904,0.4391,7,
zf,Y397,xcl_micro_500k_p32x1_c005,5,0,3.9016,2.996,0.9056,0.4827,7,
zf,Y397,xcl_micro_500k_p32x4_c010,3,0,5.865,4.8797,0.9853,1.1113,7,
zf,Y425,beats_iter3_plus_as2m,5,0,48.8756,28.3707,20.5049,1.6786,10,
zf,Y425,beats_iter3_plus_as2m,7,0,48.9423,27.7771,21.1652,1.4995,10,
zf,Y425,beats_iter3_plus_as2m,8,0,48.3645,26.7447,21.6198,2.0124,10,
zf,Y425,beats_iter3_plus_as2m_speed0p03125,10,0,13.0569,2.6166,10.4402,1.5856,10,
zf,Y425,beats_iter3_plus_as2m_speed0p03125,11,0,13.1691,2.5525,10.6165,1.5641,10,
zf,Y425,beats_iter3_plus_as2m_speed0p0625,8,0,10.665,3.396,7.269,0.566,10,
zf,Y425,beats_iter3_plus_as2m_speed0p0625,10,0,10.3449,3.5308,6.8141,0.5489,10,
zf,Y425,beats_iter3_plus_as2m_speed0p125,8,0,9.4379,4.2131,5.2248,1.3349,10,
zf,Y425,beats_iter3_plus_as2m_speed0p125,9,0,10.3259,4.362,5.9639,1.8433,10,
zf,Y425,beats_iter3_plus_as2m_speed0p125,10,0,10.4587,4.5171,5.9416,1.4525,10,
zf,Y425,beats_iter3_plus_as2m_speed0p25,8,0,13.5141,9.555,3.9591,1.5348,10,
zf,Y425,beats_iter3_plus_as2m_speed0p25,9,0,13.4431,9.7436,3.6995,1.3883,10,
zf,Y425,beats_iter3_plus_as2m_speed0p5,8,0,23.229,15.7505,7.4786,1.3378,10,
zf,Y425,birdaves_biox_base,3,0,5.6767,3.9026,1.7741,0.5888,10,
zf,Y425,birdaves_biox_base,3,1,43.4156,10.6702,32.7454,1.3324,10,
zf,Y425,birdaves_biox_base,3,5,17.2467,6.7053,10.5414,1.2373,10,
zf,Y425,birdaves_biox_base,3,10,10.0734,5.1184,4.955,0.6266,10,
zf,Y425,birdaves_biox_base,3,20,7.3056,4.3771,2.9284,0.2203,10,
zf,Y425,birdaves_biox_base,3,50,6.2987,4.2129,2.0858,0.644,10,
zf,Y425,birdaves_biox_base,3,100,5.8192,4.1393,1.6799,0.9299,10,
zf,Y425,birdaves_biox_base,7,0,5.7661,3.8483,1.9178,0.624,10,
zf,Y425,birdaves_biox_base,7,1,44.101,10.9746,33.1264,2.1767,10,
zf,Y425,birdaves_biox_base,7,5,18.8195,7.7507,11.0688,0.8527,10,
zf,Y425,birdaves_biox_base,7,10,11.1713,5.6125,5.5588,0.0552,10,
zf,Y425,birdaves_biox_base,7,20,8.034,4.6281,3.4059,0.256,10,
zf,Y425,birdaves_biox_base,7,50,6.2095,4.1438,2.0657,0.6965,10,
zf,Y425,birdaves_biox_base,7,100,6.0441,4.092,1.9522,0.7428,10,
zf,Y425,birdaves_biox_base_speed0p25,3,0,8.9945,2.4618,6.5327,2.0696,10,
zf,Y425,birdaves_biox_base_speed0p25,3,1,39.9187,7.8301,32.0886,3.4884,10,
zf,Y425,birdaves_biox_base_speed0p25,3,5,17.1891,3.8374,13.3518,1.6409,10,
zf,Y425,birdaves_biox_base_speed0p25,3,10,11.559,2.7535,8.8054,1.2861,10,
zf,Y425,birdaves_biox_base_speed0p25,3,20,10.2157,2.6952,7.5205,1.8201,10,
zf,Y425,birdaves_biox_base_speed0p25,3,50,9.2297,2.4811,6.7487,2.1785,10,
zf,Y425,birdaves_biox_base_speed0p25,3,100,8.9761,2.4378,6.5383,1.9621,10,
zf,Y425,birdaves_biox_base_speed0p25,4,0,8.1265,2.4657,5.6608,1.4828,10,
zf,Y425,birdaves_biox_base_speed0p25,4,1,37.5933,7.4761,30.1172,3.9325,10,
zf,Y425,birdaves_biox_base_speed0p25,4,5,16.0434,3.5711,12.4723,1.2099,10,
zf,Y425,birdaves_biox_base_speed0p25,4,10,11.0619,2.6994,8.3625,0.6619,10,
zf,Y425,birdaves_biox_base_speed0p25,4,20,9.894,2.6601,7.2339,1.3544,10,
zf,Y425,birdaves_biox_base_speed0p25,4,50,8.6593,2.4777,6.1816,1.9284,10,
zf,Y425,birdaves_biox_base_speed0p25,4,100,8.3348,2.4514,5.8835,1.4681,10,
zf,Y425,birdaves_biox_base_speed0p5,3,0,6.5983,2.7968,3.8015,0.5815,10,
zf,Y425,birdaves_biox_base_speed0p5,3,1,40.056,8.9185,31.1375,0.9106,10,
zf,Y425,birdaves_biox_base_speed0p5,3,5,14.8185,4.5728,10.2457,1.7104,10,
zf,Y425,birdaves_biox_base_speed0p5,3,10,9.9708,3.7484,6.2224,0.9888,10,
zf,Y425,birdaves_biox_base_speed0p5,3,20,7.7793,3.2782,4.5011,1.0185,10,
zf,Y425,birdaves_biox_base_speed0p5,3,50,7.1256,2.9073,4.2183,0.7312,10,
zf,Y425,birdaves_biox_base_speed0p5,3,100,6.7427,2.7937,3.9491,0.4216,10,
zf,Y425,birdaves_biox_base_speed0p5,6,0,6.3316,2.883,3.4486,0.4114,10,
zf,Y425,birdaves_biox_base_speed0p5,6,1,41.6904,9.2907,32.3996,1.6596,10,
zf,Y425,birdaves_biox_base_speed0p5,6,5,15.9438,5.8693,10.0746,1.6771,10,
zf,Y425,birdaves_biox_base_speed0p5,6,10,9.6583,3.9295,5.7288,1.0072,10,
zf,Y425,birdaves_biox_base_speed0p5,6,20,7.7184,3.3653,4.3531,1.1732,10,
zf,Y425,birdaves_biox_base_speed0p5,6,50,6.7159,2.9511,3.7648,0.7791,10,
zf,Y425,birdaves_biox_base_speed0p5,6,100,6.4217,2.9293,3.4924,0.4232,10,
zf,Y425,birdmae_base_speed0p03125,10,0,15.751,2.4835,13.2676,0.428,10,
zf,Y425,birdmae_base_speed0p0625,9,0,12.4381,3.2839,9.1542,0.4525,10,
zf,Y425,birdmae_base_speed0p0625,10,0,12.6,3.1965,9.4035,0.5648,10,
zf,Y425,birdmae_base_speed0p125,9,0,11.5086,4.2264,7.2821,0.7688,10,
zf,Y425,birdmae_base_speed0p125,10,0,11.284,4.2948,6.9892,0.4527,10,
zf,Y425,birdmae_base_speed0p25,9,0,12.2509,8.3512,3.8997,1.001,10,
zf,Y425,birdmae_base_speed0p25,10,0,12.1956,8.3456,3.85,1.0913,10,
zf,Y425,birdmae_base_speed0p5,9,0,21.7651,16.1675,5.5976,1.5246,10,
zf,Y425,birdmae_base_speed0p5,10,0,21.8842,16.3254,5.5588,1.4733,10,
zf,Y425,birdmae_base_speed1,8,0,47.1217,30.2859,16.8358,1.6882,10,
zf,Y425,birdmae_base_speed1,10,0,46.9992,30.247,16.7522,1.5732,10,
zf,Y425,hubert_base_ls960,0,0,8.412,4.1483,4.2637,0.9284,10,
zf,Y425,hubert_base_ls960,0,1,53.0423,11.37,41.6723,2.368,10,
zf,Y425,hubert_base_ls960,0,5,24.2314,8.3056,15.9258,2.569,10,
zf,Y425,hubert_base_ls960,0,10,15.6583,6.2479,9.4104,1.8765,10,
zf,Y425,hubert_base_ls960,0,20,11.3353,5.0647,6.2706,1.713,10,
zf,Y425,hubert_base_ls960,0,50,8.9951,4.4628,4.5324,1.0248,10,
zf,Y425,hubert_base_ls960,0,100,8.624,4.448,4.176,1.0316,10,
zf,Y425,hubert_base_ls960,3,0,7.3593,4.1396,3.2197,0.9673,10,
zf,Y425,hubert_base_ls960,3,1,54.9796,11.1052,43.8744,3.2686,10,
zf,Y425,hubert_base_ls960,3,5,23.8455,8.0523,15.7933,0.7654,10,
zf,Y425,hubert_base_ls960,3,10,15.121,5.7311,9.3899,0.9787,10,
zf,Y425,hubert_base_ls960,3,20,10.1681,4.7382,5.4299,0.328,10,
zf,Y425,hubert_base_ls960,3,50,7.8333,4.3404,3.4929,1.2768,10,
zf,Y425,hubert_base_ls960,3,100,7.5566,4.179,3.3776,1.073,10,
zf,Y425,xcl_base_500k_p32x1_c005,5,0,6.1611,2.5656,3.5955,1.3182,10,
zf,Y425,xcl_base_500k_p32x4_c010,3,0,6.7578,4.2785,2.4794,1.0708,10,
zf,Y425,xcl_base_500k_p32x4_c010,4,0,6.6709,4.2463,2.4246,1.0543,10,
zf,Y425,xcl_large_500k_p32x1_c005,11,0,5.3759,2.5565,2.8194,1.0549,10,
zf,Y425,xcl_large_500k_p32x1_c005,11,1,46.618,10.7002,35.9178,1.8315,10,
zf,Y425,xcl_large_500k_p32x1_c005,11,5,15.1714,5.9991,9.1723,2.7379,10,
zf,Y425,xcl_large_500k_p32x1_c005,11,10,8.1905,3.2479,4.9426,0.3831,10,
zf,Y425,xcl_large_500k_p32x1_c005,11,20,6.2758,2.7748,3.501,0.5554,10,
zf,Y425,xcl_large_500k_p32x1_c005,11,50,5.5242,2.5887,2.9355,1.1477,10,
zf,Y425,xcl_large_500k_p32x1_c005,11,100,5.2903,2.512,2.7784,1.1114,10,
zf,Y425,xcl_large_500k_p32x4_c0025,9,0,6.4796,4.2696,2.21,1.2821,10,
zf,Y425,xcl_large_500k_p32x4_c010,10,0,7.4688,4.3039,3.1649,0.6851,10,
zf,Y425,xcl_large_500k_p32x4_c010,10,1,50.2042,14.1559,36.0484,1.4016,10,
zf,Y425,xcl_large_500k_p32x4_c010,10,5,20.321,7.4568,12.8642,2.5486,10,
zf,Y425,xcl_large_500k_p32x4_c010,10,10,11.9857,5.3719,6.6137,1.1466,10,
zf,Y425,xcl_large_500k_p32x4_c010,10,20,8.8666,4.839,4.0276,1.4005,10,
zf,Y425,xcl_large_500k_p32x4_c010,10,50,7.4622,4.3146,3.1476,1.0939,10,
zf,Y425,xcl_large_500k_p32x4_c010,10,100,7.7061,4.3477,3.3584,1.001,10,
zf,Y425,xcl_micro_500k_p32x1_c005,4,0,7.5268,2.6501,4.8768,0.9558,10,
zf,Y425,xcl_micro_500k_p32x1_c005,5,0,7.6185,2.6701,4.9484,0.9763,10,
zf,Y425,xcl_micro_500k_p32x4_c010,3,0,8.5234,4.536,3.9874,1.398,10,
zf,Y433,beats_iter3_plus_as2m,5,0,44.871,37.6155,7.2555,1.4819,7,
zf,Y433,beats_iter3_plus_as2m,7,0,44.6638,37.5905,7.0733,1.6888,7,
zf,Y433,beats_iter3_plus_as2m,8,0,43.8867,36.2109,7.6758,2.6774,7,
zf,Y433,beats_iter3_plus_as2m_speed0p03125,10,0,5.9588,1.8832,4.0757,1.7201,7,
zf,Y433,beats_iter3_plus_as2m_speed0p03125,11,0,5.7394,1.8982,3.8412,1.7438,7,
zf,Y433,beats_iter3_plus_as2m_speed0p0625,8,0,6.2532,2.8952,3.358,1.9812,7,
zf,Y433,beats_iter3_plus_as2m_speed0p0625,10,0,5.4645,2.7744,2.6901,2.0268,7,
zf,Y433,beats_iter3_plus_as2m_speed0p125,8,0,6.6863,4.5286,2.1576,2.3391,7,
zf,Y433,beats_iter3_plus_as2m_speed0p125,9,0,6.7027,4.6802,2.0225,2.166,7,
zf,Y433,beats_iter3_plus_as2m_speed0p125,10,0,6.7176,4.7533,1.9644,2.3448,7,
zf,Y433,beats_iter3_plus_as2m_speed0p25,8,0,9.5171,8.1888,1.3284,0.9251,7,
zf,Y433,beats_iter3_plus_as2m_speed0p25,9,0,9.5611,8.1643,1.3968,0.9457,7,
zf,Y433,beats_iter3_plus_as2m_speed0p5,8,0,18.1483,16.5906,1.5576,0.8304,7,
zf,Y433,birdaves_biox_base,3,0,7.0502,4.2387,2.8115,1.4937,7,
zf,Y433,birdaves_biox_base,3,1,53.6325,14.6539,38.9786,2.4506,7,
zf,Y433,birdaves_biox_base,3,5,24.4921,8.0964,16.3957,2.9528,7,
zf,Y433,birdaves_biox_base,3,10,15.2384,6.1893,9.0491,2.7528,7,
zf,Y433,birdaves_biox_base,3,20,9.0956,4.6678,4.4278,0.6919,7,
zf,Y433,birdaves_biox_base,3,50,7.2754,4.2825,2.9928,0.6911,7,
zf,Y433,birdaves_biox_base,3,100,7.2892,4.3536,2.9356,1.5317,7,
zf,Y433,birdaves_biox_base,7,0,5.8628,4.0053,1.8575,0.9332,7,
zf,Y433,birdaves_biox_base,7,1,52.5027,14.8796,37.6231,1.9739,7,
zf,Y433,birdaves_biox_base,7,5,23.1069,8.5396,14.5672,1.5248,7,
zf,Y433,birdaves_biox_base,7,10,14.1555,5.869,8.2865,1.5917,7,
zf,Y433,birdaves_biox_base,7,20,7.849,4.7601,3.0889,0.5276,7,
zf,Y433,birdaves_biox_base,7,50,6.2409,4.2306,2.0103,0.2758,7,
zf,Y433,birdaves_biox_base,7,100,6.0124,4.0429,1.9695,0.9359,7,
zf,Y433,birdaves_biox_base_speed0p25,3,0,9.8028,1.9013,7.9015,0.5297,7,
zf,Y433,birdaves_biox_base_speed0p25,3,1,49.2833,13.6119,35.6714,5.5474,7,
zf,Y433,birdaves_biox_base_speed0p25,3,5,22.0822,4.339,17.7432,2.1367,7,
zf,Y433,birdaves_biox_base_speed0p25,3,10,15.4399,2.769,12.6709,2.9473,7,
zf,Y433,birdaves_biox_base_speed0p25,3,20,11.1046,2.1158,8.9887,0.9738,7,
zf,Y433,birdaves_biox_base_speed0p25,3,50,9.8564,1.8883,7.9681,0.3721,7,
zf,Y433,birdaves_biox_base_speed0p25,3,100,9.9805,1.845,8.1355,0.4228,7,
zf,Y433,birdaves_biox_base_speed0p25,4,0,9.1433,1.9125,7.2308,0.2219,7,
zf,Y433,birdaves_biox_base_speed0p25,4,1,50.2508,13.6858,36.565,4.4664,7,
zf,Y433,birdaves_biox_base_speed0p25,4,5,20.4676,4.5349,15.9328,2.9681,7,
zf,Y433,birdaves_biox_base_speed0p25,4,10,14.7058,3.0128,11.693,3.0935,7,
zf,Y433,birdaves_biox_base_speed0p25,4,20,10.4907,2.1719,8.3188,1.5902,7,
zf,Y433,birdaves_biox_base_speed0p25,4,50,9.5141,1.9712,7.543,0.213,7,
zf,Y433,birdaves_biox_base_speed0p25,4,100,9.4007,1.881,7.5197,0.3398,7,
zf,Y433,birdaves_biox_base_speed0p5,3,0,9.2736,2.5893,6.6843,0.8336,7,
zf,Y433,birdaves_biox_base_speed0p5,3,1,51.4708,12.5524,38.9184,1.3027,7,
zf,Y433,birdaves_biox_base_speed0p5,3,5,24.5188,6.7633,17.7556,3.0067,7,
zf,Y433,birdaves_biox_base_speed0p5,3,10,16.596,4.2897,12.3063,3.5871,7,
zf,Y433,birdaves_biox_base_speed0p5,3,20,11.6202,3.4112,8.209,1.7651,7,
zf,Y433,birdaves_biox_base_speed0p5,3,50,10.0891,2.7506,7.3385,1.1663,7,
zf,Y433,birdaves_biox_base_speed0p5,3,100,9.5047,2.7022,6.8025,0.805,7,
zf,Y433,birdaves_biox_base_speed0p5,6,0,7.932,2.716,5.2159,0.5023,7,
zf,Y433,birdaves_biox_base_speed0p5,6,1,51.5094,12.6966,38.8128,2.764,7,
zf,Y433,birdaves_biox_base_speed0p5,6,5,24.6401,7.6264,17.0137,3.7864,7,
zf,Y433,birdaves_biox_base_speed0p5,6,10,15.8274,4.7358,11.0916,4.2874,7,
zf,Y433,birdaves_biox_base_speed0p5,6,20,9.9707,3.5224,6.4483,1.4615,7,
zf,Y433,birdaves_biox_base_speed0p5,6,50,8.4552,2.8406,5.6146,0.6513,7,
zf,Y433,birdaves_biox_base_speed0p5,6,100,7.9594,2.7136,5.2458,0.4465,7,
zf,Y433,birdmae_base_speed0p03125,10,0,12.6562,1.6813,10.9748,2.5962,7,
zf,Y433,birdmae_base_speed0p0625,9,0,7.9567,2.7264,5.2304,1.4488,7,
zf,Y433,birdmae_base_speed0p0625,10,0,8.3301,2.7093,5.6208,1.7128,7,
zf,Y433,birdmae_base_speed0p125,9,0,8.4356,4.5699,3.8658,1.9019,7,
zf,Y433,birdmae_base_speed0p125,10,0,8.0882,4.5122,3.576,2.1546,7,
zf,Y433,birdmae_base_speed0p25,9,0,9.7863,8.1253,1.661,1.1431,7,
zf,Y433,birdmae_base_speed0p25,10,0,9.7387,8.0333,1.7054,0.8002,7,
zf,Y433,birdmae_base_speed0p5,9,0,18.6297,16.7666,1.8631,1.1662,7,
zf,Y433,birdmae_base_speed0p5,10,0,18.9307,16.7778,2.1529,0.9338,7,
zf,Y433,birdmae_base_speed1,8,0,42.5342,36.642,5.8922,2.0964,7,
zf,Y433,birdmae_base_speed1,10,0,42.2089,36.9592,5.2496,2.1748,7,
zf,Y433,hubert_base_ls960,0,0,8.6054,4.197,4.4085,1.8325,7,
zf,Y433,hubert_base_ls960,0,1,55.5484,13.9185,41.6298,1.3199,7,
zf,Y433,hubert_base_ls960,0,5,26.0131,9.0372,16.9759,1.3273,7,
zf,Y433,hubert_base_ls960,0,10,18.2038,7.5482,10.6557,1.8021,7,
zf,Y433,hubert_base_ls960,0,20,12.0634,5.354,6.7094,0.9701,7,
zf,Y433,hubert_base_ls960,0,50,9.2275,4.5346,4.6929,1.1652,7,
zf,Y433,hubert_base_ls960,0,100,8.7481,4.2537,4.4944,1.8916,7,
zf,Y433,hubert_base_ls960,3,0,10.0297,4.3424,5.6873,1.3337,7,
zf,Y433,hubert_base_ls960,3,1,55.6592,13.8152,41.844,1.262,7,
zf,Y433,hubert_base_ls960,3,5,29.6054,9.241,20.3644,1.766,7,
zf,Y433,hubert_base_ls960,3,10,19.3318,6.8337,12.4981,1.7434,7,
zf,Y433,hubert_base_ls960,3,20,11.962,5.2815,6.6805,0.2663,7,
zf,Y433,hubert_base_ls960,3,50,9.8285,4.5187,5.3098,0.7074,7,
zf,Y433,hubert_base_ls960,3,100,9.5316,4.3491,5.1825,1.0161,7,
zf,Y433,xcl_base_500k_p32x1_c005,5,0,3.8666,1.9954,1.8712,0.3598,7,
zf,Y433,xcl_base_500k_p32x4_c010,3,0,6.3084,4.4492,1.8591,0.6706,7,
zf,Y433,xcl_base_500k_p32x4_c010,4,0,6.4091,4.5297,1.8794,0.8697,7,
zf,Y433,xcl_large_500k_p32x1_c005,11,0,3.9206,1.9771,1.9435,0.5332,7,
zf,Y433,xcl_large_500k_p32x1_c005,11,1,49.0372,14.4676,34.5696,7.7332,7,
zf,Y433,xcl_large_500k_p32x1_c005,11,5,19.7686,7.1042,12.6644,1.1485,7,
zf,Y433,xcl_large_500k_p32x1_c005,11,10,9.4641,3.2922,6.1719,1.5602,7,
zf,Y433,xcl_large_500k_p32x1_c005,11,20,5.1417,2.3938,2.7479,0.2608,7,
zf,Y433,xcl_large_500k_p32x1_c005,11,50,3.9699,2.0398,1.9301,0.6156,7,
zf,Y433,xcl_large_500k_p32x1_c005,11,100,3.9443,1.9601,1.9842,0.5963,7,
zf,Y433,xcl_large_500k_p32x4_c0025,9,0,5.8167,4.3571,1.4597,0.7343,7,
zf,Y433,xcl_large_500k_p32x4_c010,10,0,6.1317,4.5634,1.5683,0.3435,7,
zf,Y433,xcl_large_500k_p32x4_c010,10,1,55.6248,14.6408,40.984,1.0663,7,
zf,Y433,xcl_large_500k_p32x4_c010,10,5,27.7338,9.2698,18.4639,2.4905,7,
zf,Y433,xcl_large_500k_p32x4_c010,10,10,13.5648,6.1988,7.366,2.1897,7,
zf,Y433,xcl_large_500k_p32x4_c010,10,20,7.5493,4.9991,2.5502,0.9989,7,
zf,Y433,xcl_large_500k_p32x4_c010,10,50,6.2477,4.6011,1.6466,0.2022,7,
zf,Y433,xcl_large_500k_p32x4_c010,10,100,6.2812,4.5008,1.7804,0.6752,7,
zf,Y433,xcl_micro_500k_p32x1_c005,4,0,4.1227,1.9696,2.1531,1.1937,7,
zf,Y433,xcl_micro_500k_p32x1_c005,5,0,4.091,1.9332,2.1577,0.8994,7,
zf,Y433,xcl_micro_500k_p32x4_c010,3,0,7.5122,4.5369,2.9753,0.9668,7,
zf,Y440,beats_iter3_plus_as2m,5,0,43.1524,26.7843,16.3681,1.9067,11,
zf,Y440,beats_iter3_plus_as2m,7,0,42.7301,26.1875,16.5426,1.4747,11,
zf,Y440,beats_iter3_plus_as2m,8,0,42.1116,24.8324,17.2792,1.5689,11,
zf,Y440,beats_iter3_plus_as2m_speed0p03125,10,0,6.1725,2.2133,3.9592,0.2447,11,
zf,Y440,beats_iter3_plus_as2m_speed0p03125,11,0,6.6366,2.1319,4.5047,0.5015,11,
zf,Y440,beats_iter3_plus_as2m_speed0p0625,8,0,5.3563,3.1598,2.1965,0.4012,11,
zf,Y440,beats_iter3_plus_as2m_speed0p0625,10,0,5.598,3.1591,2.4389,0.3483,11,
zf,Y440,beats_iter3_plus_as2m_speed0p125,8,0,5.2201,4.0606,1.1595,0.5284,11,
zf,Y440,beats_iter3_plus_as2m_speed0p125,9,0,5.147,4.0403,1.1067,0.3998,11,
zf,Y440,beats_iter3_plus_as2m_speed0p125,10,0,5.273,4.0354,1.2376,0.3673,11,
zf,Y440,beats_iter3_plus_as2m_speed0p25,8,0,8.218,7.165,1.053,0.6184,11,
zf,Y440,beats_iter3_plus_as2m_speed0p25,9,0,8.318,7.2673,1.0507,0.4522,11,
zf,Y440,beats_iter3_plus_as2m_speed0p5,8,0,16.2006,13.1808,3.0198,0.7183,11,
zf,Y440,birdaves_biox_base,3,0,5.0007,3.7775,1.2233,0.5293,11,
zf,Y440,birdaves_biox_base,3,1,46.4465,9.6184,36.8282,2.0836,11,
zf,Y440,birdaves_biox_base,3,5,16.6053,6.5037,10.1016,1.0127,11,
zf,Y440,birdaves_biox_base,3,10,9.881,5.0281,4.8529,0.9311,11,
zf,Y440,birdaves_biox_base,3,20,6.714,4.3852,2.3288,0.5649,11,
zf,Y440,birdaves_biox_base,3,50,5.3569,3.9655,1.3915,0.4427,11,
zf,Y440,birdaves_biox_base,3,100,5.1812,3.9454,1.2358,0.4288,11,
zf,Y440,birdaves_biox_base,7,0,4.7952,3.7016,1.0936,0.4908,11,
zf,Y440,birdaves_biox_base,7,1,46.5228,10.2618,36.261,2.8902,11,
zf,Y440,birdaves_biox_base,7,5,15.0944,6.1021,8.9923,0.4566,11,
zf,Y440,birdaves_biox_base,7,10,10.1013,5.0541,5.0472,1.1201,11,
zf,Y440,birdaves_biox_base,7,20,6.3781,4.2072,2.171,0.8729,11,
zf,Y440,birdaves_biox_base,7,50,5.1641,3.9374,1.2267,0.6182,11,
zf,Y440,birdaves_biox_base,7,100,5.0024,3.8778,1.1246,0.5475,11,
zf,Y440,birdaves_biox_base_speed0p25,3,0,5.2603,1.964,3.2963,0.6561,11,
zf,Y440,birdaves_biox_base_speed0p25,3,1,40.5088,8.5277,31.9812,2.0523,11,
zf,Y440,birdaves_biox_base_speed0p25,3,5,14.3603,3.9614,10.3988,1.3988,11,
zf,Y440,birdaves_biox_base_speed0p25,3,10,9.3015,2.8047,6.4968,2.0916,11,
zf,Y440,birdaves_biox_base_speed0p25,3,20,7.1002,2.2414,4.8588,0.179,11,
zf,Y440,birdaves_biox_base_speed0p25,3,50,5.6682,2.0528,3.6155,0.6173,11,
zf,Y440,birdaves_biox_base_speed0p25,3,100,5.3595,1.9603,3.3992,0.7309,11,
zf,Y440,birdaves_biox_base_speed0p25,4,0,4.8276,1.9582,2.8694,0.3191,11,
zf,Y440,birdaves_biox_base_speed0p25,4,1,39.2215,8.2134,31.0081,2.6072,11,
zf,Y440,birdaves_biox_base_speed0p25,4,5,13.4885,4.1386,9.3499,1.6536,11,
zf,Y440,birdaves_biox_base_speed0p25,4,10,8.8378,2.7854,6.0524,1.7639,11,
zf,Y440,birdaves_biox_base_speed0p25,4,20,6.5281,2.2538,4.2744,0.0485,11,
zf,Y440,birdaves_biox_base_speed0p25,4,50,5.1453,2.0373,3.108,0.3257,11,
zf,Y440,birdaves_biox_base_speed0p25,4,100,4.8991,1.986,2.9131,0.3443,11,
zf,Y440,birdaves_biox_base_speed0p5,3,0,4.2698,2.4531,1.8167,0.1185,11,
zf,Y440,birdaves_biox_base_speed0p5,3,1,39.3197,9.0765,30.2432,1.4319,11,
zf,Y440,birdaves_biox_base_speed0p5,3,5,12.304,4.452,7.852,0.9419,11,
zf,Y440,birdaves_biox_base_speed0p5,3,10,8.4164,3.5174,4.8991,2.0479,11,
zf,Y440,birdaves_biox_base_speed0p5,3,20,5.5771,2.8757,2.7013,0.4362,11,
zf,Y440,birdaves_biox_base_speed0p5,3,50,4.527,2.5393,1.9877,0.208,11,
zf,Y440,birdaves_biox_base_speed0p5,3,100,4.3098,2.4736,1.8362,0.1357,11,
zf,Y440,birdaves_biox_base_speed0p5,6,0,4.1769,2.4455,1.7314,0.2984,11,
zf,Y440,birdaves_biox_base_speed0p5,6,1,41.4856,9.4989,31.9867,3.5316,11,
zf,Y440,birdaves_biox_base_speed0p5,6,5,13.8757,5.1148,8.7609,0.5784,11,
zf,Y440,birdaves_biox_base_speed0p5,6,10,8.5067,3.6905,4.8162,1.9246,11,
zf,Y440,birdaves_biox_base_speed0p5,6,20,5.8837,2.942,2.9418,0.4925,11,
zf,Y440,birdaves_biox_base_speed0p5,6,50,4.4899,2.6298,1.86,0.3713,11,
zf,Y440,birdaves_biox_base_speed0p5,6,100,4.2891,2.4892,1.7999,0.2665,11,
zf,Y440,birdmae_base_speed0p03125,10,0,8.7043,2.0167,6.6876,0.5504,11,
zf,Y440,birdmae_base_speed0p0625,9,0,7.1423,2.9513,4.191,0.3805,11,
zf,Y440,birdmae_base_speed0p0625,10,0,7.1732,2.9116,4.2616,0.5372,11,
zf,Y440,birdmae_base_speed0p125,9,0,5.6497,4.0118,1.6379,0.5648,11,
zf,Y440,birdmae_base_speed0p125,10,0,5.8134,4.0382,1.7751,0.3546,11,
zf,Y440,birdmae_base_speed0p25,9,0,9.0403,7.407,1.6333,0.4559,11,
zf,Y440,birdmae_base_speed0p25,10,0,8.9966,7.4814,1.5151,0.5062,11,
zf,Y440,birdmae_base_speed0p5,9,0,16.9179,14.0776,2.8403,1.2029,11,
zf,Y440,birdmae_base_speed0p5,10,0,17.1263,14.0839,3.0424,1.2712,11,
zf,Y440,birdmae_base_speed1,8,0,41.5333,28.857,12.6763,2.6364,11,
zf,Y440,birdmae_base_speed1,10,0,41.2906,28.2766,13.014,2.6494,11,
zf,Y440,hubert_base_ls960,0,0,5.8202,3.8775,1.9427,0.817,11,
zf,Y440,hubert_base_ls960,0,1,49.5245,10.5474,38.9771,2.2886,11,
zf,Y440,hubert_base_ls960,0,5,19.9568,6.9912,12.9655,0.9813,11,
zf,Y440,hubert_base_ls960,0,10,12.0279,5.2785,6.7494,1.2111,11,
zf,Y440,hubert_base_ls960,0,20,7.8385,4.3202,3.5182,0.7282,11,
zf,Y440,hubert_base_ls960,0,50,6.1464,3.9865,2.1599,0.8398,11,
zf,Y440,hubert_base_ls960,0,100,5.8895,3.9865,1.903,0.8861,11,
zf,Y440,hubert_base_ls960,3,0,6.2206,3.7668,2.4538,0.8449,11,
zf,Y440,hubert_base_ls960,3,1,51.3459,10.5268,40.8191,2.5388,11,
zf,Y440,hubert_base_ls960,3,5,21.2318,6.4952,14.7366,0.9719,11,
zf,Y440,hubert_base_ls960,3,10,12.6799,5.1993,7.4806,0.8363,11,
zf,Y440,hubert_base_ls960,3,20,8.3493,4.4705,3.8788,0.179,11,
zf,Y440,hubert_base_ls960,3,50,6.8897,4.1692,2.7205,1.0688,11,
zf,Y440,hubert_base_ls960,3,100,6.3861,3.9619,2.4242,0.8664,11,
zf,Y440,xcl_base_500k_p32x1_c005,5,0,3.2563,2.2396,1.0167,0.5168,11,
zf,Y440,xcl_base_500k_p32x4_c010,3,0,5.2481,3.9244,1.3237,0.6967,11,
zf,Y440,xcl_base_500k_p32x4_c010,4,0,5.2566,3.9484,1.3081,0.6843,11,
zf,Y440,xcl_large_500k_p32x1_c005,11,0,2.9037,2.1301,0.7736,0.4803,11,
zf,Y440,xcl_large_500k_p32x1_c005,11,1,44.9745,9.5207,35.4538,2.4013,11,
zf,Y440,xcl_large_500k_p32x1_c005,11,5,11.1744,3.8922,7.2822,1.2121,11,
zf,Y440,xcl_large_500k_p32x1_c005,11,10,5.706,2.9754,2.7306,1.09,11,
zf,Y440,xcl_large_500k_p32x1_c005,11,20,3.7578,2.456,1.3018,0.5832,11,
zf,Y440,xcl_large_500k_p32x1_c005,11,50,3.1064,2.2286,0.8778,0.5621,11,
zf,Y440,xcl_large_500k_p32x1_c005,11,100,2.9821,2.1688,0.8133,0.5184,11,
zf,Y440,xcl_large_500k_p32x4_c0025,9,0,5.0343,3.8334,1.2009,0.6717,11,
zf,Y440,xcl_large_500k_p32x4_c010,10,0,4.743,3.8295,0.9135,0.3941,11,
zf,Y440,xcl_large_500k_p32x4_c010,10,1,46.8498,11.0625,35.7873,3.4291,11,
zf,Y440,xcl_large_500k_p32x4_c010,10,5,15.5914,6.3472,9.2441,0.9673,11,
zf,Y440,xcl_large_500k_p32x4_c010,10,10,9.5479,5.1164,4.4315,1.6507,11,
zf,Y440,xcl_large_500k_p32x4_c010,10,20,5.8204,4.1694,1.651,0.7151,11,
zf,Y440,xcl_large_500k_p32x4_c010,10,50,4.9242,3.7694,1.1549,0.5451,11,
zf,Y440,xcl_large_500k_p32x4_c010,10,100,4.7349,3.7513,0.9836,0.403,11,
zf,Y440,xcl_micro_500k_p32x1_c005,4,0,4.83,2.3473,2.4827,0.8514,11,
zf,Y440,xcl_micro_500k_p32x1_c005,5,0,4.9418,2.4001,2.5417,0.82,11,
zf,Y440,xcl_micro_500k_p32x4_c010,3,0,5.794,3.9817,1.8124,0.3568,11,
zf,Y453,beats_iter3_plus_as2m,5,0,48.3485,22.8238,25.5247,2.1749,10,
zf,Y453,beats_iter3_plus_as2m,7,0,47.1784,21.8346,25.3438,2.0328,10,
zf,Y453,beats_iter3_plus_as2m,8,0,45.7277,21.3773,24.3503,1.0455,10,
zf,Y453,beats_iter3_plus_as2m_speed0p03125,10,0,22.0862,2.649,19.4373,1.6582,10,
zf,Y453,beats_iter3_plus_as2m_speed0p03125,11,0,22.0592,2.414,19.6452,1.8322,10,
zf,Y453,beats_iter3_plus_as2m_speed0p0625,8,0,21.983,3.2774,18.7057,1.1738,10,
zf,Y453,beats_iter3_plus_as2m_speed0p0625,10,0,21.5609,3.2703,18.2906,1.2478,10,
zf,Y453,beats_iter3_plus_as2m_speed0p125,8,0,19.4317,4.0065,15.4252,1.5252,10,
zf,Y453,beats_iter3_plus_as2m_speed0p125,9,0,19.5118,4.0349,15.4769,1.8892,10,
zf,Y453,beats_iter3_plus_as2m_speed0p125,10,0,20.2883,4.6329,15.6555,1.5577,10,
zf,Y453,beats_iter3_plus_as2m_speed0p25,8,0,22.1095,6.9041,15.2054,1.3642,10,
zf,Y453,beats_iter3_plus_as2m_speed0p25,9,0,21.4948,7.0255,14.4693,0.5967,10,
zf,Y453,beats_iter3_plus_as2m_speed0p5,8,0,30.0473,14.0751,15.9722,1.3202,10,
zf,Y453,birdaves_biox_base,3,0,20.4564,3.865,16.5914,1.7008,10,
zf,Y453,birdaves_biox_base,3,1,57.0701,9.4038,47.6663,2.7723,10,
zf,Y453,birdaves_biox_base,3,5,35.5074,5.9948,29.5125,2.2253,10,
zf,Y453,birdaves_biox_base,3,10,30.8286,5.0987,25.7299,2.1469,10,
zf,Y453,birdaves_biox_base,3,20,25.3564,4.5353,20.8211,1.2421,10,
zf,Y453,birdaves_biox_base,3,50,21.1848,4.1332,17.0515,1.1632,10,
zf,Y453,birdaves_biox_base,3,100,20.2332,3.9608,16.2724,1.4825,10,
zf,Y453,birdaves_biox_base,7,0,21.581,3.9537,17.6273,1.7669,10,
zf,Y453,birdaves_biox_base,7,1,57.2693,8.9765,48.2928,2.6356,10,
zf,Y453,birdaves_biox_base,7,5,35.1727,6.2706,28.9021,0.9873,10,
zf,Y453,birdaves_biox_base,7,10,31.3568,4.7793,26.5775,2.8234,10,
zf,Y453,birdaves_biox_base,7,20,24.1105,4.6529,19.4576,1.5546,10,
zf,Y453,birdaves_biox_base,7,50,22.5104,4.6993,17.8111,1.2136,10,
zf,Y453,birdaves_biox_base,7,100,21.7562,4.5496,17.2066,2.2226,10,
zf,Y453,birdaves_biox_base_speed0p25,3,0,24.2959,2.4885,21.8074,1.6485,10,
zf,Y453,birdaves_biox_base_speed0p25,3,1,53.7661,6.6477,47.1185,1.0464,10,
zf,Y453,birdaves_biox_base_speed0p25,3,5,33.4495,3.4998,29.9496,1.8387,10,
zf,Y453,birdaves_biox_base_speed0p25,3,10,30.7372,2.7236,28.0136,1.7149,10,
zf,Y453,birdaves_biox_base_speed0p25,3,20,26.9276,2.6832,24.2444,0.7452,10,
zf,Y453,birdaves_biox_base_speed0p25,3,50,25.1811,2.413,22.7681,1.8182,10,
zf,Y453,birdaves_biox_base_speed0p25,3,100,24.5782,2.461,22.1173,1.6933,10,
zf,Y453,birdaves_biox_base_speed0p25,4,0,22.464,2.3202,20.1438,1.1831,10,
zf,Y453,birdaves_biox_base_speed0p25,4,1,54.8474,6.8737,47.9737,2.4677,10,
zf,Y453,birdaves_biox_base_speed0p25,4,5,32.5988,3.6113,28.9875,1.2361,10,
zf,Y453,birdaves_biox_base_speed0p25,4,10,29.0404,2.7182,26.3223,1.6858,10,
zf,Y453,birdaves_biox_base_speed0p25,4,20,25.3718,2.6177,22.7541,0.3453,10,
zf,Y453,birdaves_biox_base_speed0p25,4,50,22.908,2.4564,20.4517,1.2817,10,
zf,Y453,birdaves_biox_base_speed0p25,4,100,22.6053,2.4434,20.162,1.3477,10,
zf,Y453,birdaves_biox_base_speed0p5,3,0,20.4735,2.9037,17.5698,1.4264,10,
zf,Y453,birdaves_biox_base_speed0p5,3,1,55.1076,8.208,46.8996,1.401,10,
zf,Y453,birdaves_biox_base_speed0p5,3,5,33.5796,4.3777,29.2019,2.2278,10,
zf,Y453,birdaves_biox_base_speed0p5,3,10,28.6381,3.6725,24.9655,0.5457,10,
zf,Y453,birdaves_biox_base_speed0p5,3,20,24.0558,2.9877,21.0681,1.2711,10,
zf,Y453,birdaves_biox_base_speed0p5,3,50,21.1617,2.8246,18.3371,1.051,10,
zf,Y453,birdaves_biox_base_speed0p5,3,100,20.7776,3.0208,17.7568,1.46,10,
zf,Y453,birdaves_biox_base_speed0p5,6,0,19.1031,2.8548,16.2483,1.4906,10,
zf,Y453,birdaves_biox_base_speed0p5,6,1,54.1206,8.1343,45.9864,2.252,10,
zf,Y453,birdaves_biox_base_speed0p5,6,5,31.6615,4.5865,27.075,2.1799,10,
zf,Y453,birdaves_biox_base_speed0p5,6,10,27.088,3.5673,23.5207,1.6506,10,
zf,Y453,birdaves_biox_base_speed0p5,6,20,22.4203,3.3186,19.1016,1.2325,10,
zf,Y453,birdaves_biox_base_speed0p5,6,50,19.8761,3.0057,16.8705,1.0229,10,
zf,Y453,birdaves_biox_base_speed0p5,6,100,19.2051,2.9827,16.2223,1.413,10,
zf,Y453,birdmae_base_speed0p03125,10,0,24.4065,2.4188,21.9877,0.1313,10,
zf,Y453,birdmae_base_speed0p0625,9,0,24.2029,3.3865,20.8164,0.3145,10,
zf,Y453,birdmae_base_speed0p0625,10,0,24.1709,3.4555,20.7153,0.5484,10,
zf,Y453,birdmae_base_speed0p125,9,0,23.1484,4.2763,18.8721,1.1144,10,
zf,Y453,birdmae_base_speed0p125,10,0,23.4616,4.2333,19.2284,1.5401,10,
zf,Y453,birdmae_base_speed0p25,9,0,24.8541,6.2777,18.5763,1.36,10,
zf,Y453,birdmae_base_speed0p25,10,0,24.3552,6.5669,17.7882,0.2751,10,
zf,Y453,birdmae_base_speed0p5,9,0,28.7477,12.2828,16.4649,0.4055,10,
zf,Y453,birdmae_base_speed0p5,10,0,29.0432,12.3514,16.6917,0.518,10,
zf,Y453,birdmae_base_speed1,8,0,44.9914,20.2017,24.7896,1.6461,10,
zf,Y453,birdmae_base_speed1,10,0,45.3513,19.4101,25.9412,1.6194,10,
zf,Y453,hubert_base_ls960,0,0,24.3796,4.1148,20.2648,2.0329,10,
zf,Y453,hubert_base_ls960,0,1,65.5173,10.2818,55.2355,1.6894,10,
zf,Y453,hubert_base_ls960,0,5,43.5338,7.9491,35.5847,2.2506,10,
zf,Y453,hubert_base_ls960,0,10,36.7981,6.4521,30.3461,1.3784,10,
zf,Y453,hubert_base_ls960,0,20,30.0469,4.8805,25.1664,1.7214,10,
zf,Y453,hubert_base_ls960,0,50,25.7525,4.6088,21.1436,2.1839,10,
zf,Y453,hubert_base_ls960,0,100,24.955,4.2121,20.7429,2.0949,10,
zf,Y453,hubert_base_ls960,3,0,26.1144,4.1069,22.0075,1.9717,10,
zf,Y453,hubert_base_ls960,3,1,64.9539,10.5547,54.3991,1.8685,10,
zf,Y453,hubert_base_ls960,3,5,45.4865,7.3159,38.1707,2.6698,10,
zf,Y453,hubert_base_ls960,3,10,38.9892,5.8667,33.1225,3.08,10,
zf,Y453,hubert_base_ls960,3,20,32.067,5.2473,26.8197,1.3455,10,
zf,Y453,hubert_base_ls960,3,50,28.4359,4.6984,23.7374,1.6652,10,
zf,Y453,hubert_base_ls960,3,100,27.0963,4.5178,22.5785,1.9309,10,
zf,Y453,xcl_base_500k_p32x1_c005,5,0,20.5811,2.7291,17.852,1.9608,10,
zf,Y453,xcl_base_500k_p32x4_c010,3,0,20.8569,3.9578,16.8991,1.4586,10,
zf,Y453,xcl_base_500k_p32x4_c010,4,0,21.1987,4.0113,17.1874,1.5987,10,
zf,Y453,xcl_large_500k_p32x1_c005,11,0,20.8904,2.4604,18.43,2.6188,10,
zf,Y453,xcl_large_500k_p32x1_c005,11,1,58.8035,9.4025,49.401,2.3069,10,
zf,Y453,xcl_large_500k_p32x1_c005,11,5,32.5046,4.4904,28.0142,0.4173,10,
zf,Y453,xcl_large_500k_p32x1_c005,11,10,27.2235,3.4978,23.7257,1.1126,10,
zf,Y453,xcl_large_500k_p32x1_c005,11,20,23.1137,3.0299,20.0838,1.2324,10,
zf,Y453,xcl_large_500k_p32x1_c005,11,50,20.8905,2.5759,18.3146,1.7283,10,
zf,Y453,xcl_large_500k_p32x1_c005,11,100,20.3245,2.5039,17.8206,1.861,10,
zf,Y453,xcl_large_500k_p32x4_c0025,9,0,20.9382,3.9391,16.9991,1.7041,10,
zf,Y453,xcl_large_500k_p32x4_c010,10,0,20.4492,3.7653,16.6838,0.9793,10,
zf,Y453,xcl_large_500k_p32x4_c010,10,1,56.0539,11.6083,44.4456,2.3686,10,
zf,Y453,xcl_large_500k_p32x4_c010,10,5,34.4541,6.0568,28.3973,0.4887,10,
zf,Y453,xcl_large_500k_p32x4_c010,10,10,28.9381,5.1388,23.7993,1.6453,10,
zf,Y453,xcl_large_500k_p32x4_c010,10,20,23.8109,4.2582,19.5527,0.9979,10,
zf,Y453,xcl_large_500k_p32x4_c010,10,50,21.4527,3.8376,17.6151,0.7188,10,
zf,Y453,xcl_large_500k_p32x4_c010,10,100,20.6408,3.7307,16.9102,0.9955,10,
zf,Y453,xcl_micro_500k_p32x1_c005,4,0,22.7793,2.5922,20.1871,0.9651,10,
zf,Y453,xcl_micro_500k_p32x1_c005,5,0,23.6071,2.6689,20.9382,1.4864,10,
zf,Y453,xcl_micro_500k_p32x4_c010,3,0,25.0626,3.9303,21.1322,1.0533,10,
